<?xml version="1.0" encoding="UTF-8"?><root>
    <!--Сценарий "Routing of decision at step"-->
    <entity createKeyParam="SCRIPTID" createMethod="" getKeyParam="SCRIPTID" getMethod="checkScriptGetByIdOrSysname" id="1" isIntService="true" name="DMS_SCRIPT" service="dmsws">
        <attribute create="true" name="SCRIPTSYSNAME" search="true" valueType="java.lang.String">decisionCheckCardINT</attribute>
        <attribute create="true" name="SCRIPTNAME" valueType="java.lang.String">Routing by the Decision (for Credit Card)</attribute>
        <attribute create="true" name="DESCRIPTION" valueType="java.lang.String"/>
    </entity>
    <!--Банковские продукты-->
    <!--Связь сценариев и продуктов-->
    <!--Состояния-->
    <entity createKeyParam="STATEID" getKeyParam="STATEID"  createMethod="" getMethod="smStateGetListByParams" id="100" isExtService="true" name="FRNT_SMSTATE" service="frontws2">
        <attribute create="true" name="SYSNAME" search="true" valueType="java.lang.String">LOSDocsCheck</attribute>
        <attribute create="true" name="NAME" search="true" valueType="java.lang.String">Document Check</attribute>
        <attribute create="true" name="TYPEID" search="true" valueType="java.lang.Long">1107</attribute>
    </entity>
	
	<entity createKeyParam="STATEID" getKeyParam="STATEID"  createMethod="" getMethod="smStateGetListByParams" id="150" isExtService="true" name="FRNT_SMSTATE" service="frontws2">
        <attribute create="true" name="SYSNAME" search="true" valueType="java.lang.String">LOSDocsCheckF1</attribute>
        <attribute create="true" name="NAME" search="true" valueType="java.lang.String">Document Check</attribute>
        <attribute create="true" name="TYPEID" search="true" valueType="java.lang.Long">1107</attribute>
    </entity>
    
	<entity createKeyParam="STATEID" getKeyParam="STATEID"  createMethod="" getMethod="smStateGetListByParams" id="113" isExtService="true" name="FRNT_SMSTATE" service="frontws2">
        <attribute create="true" name="SYSNAME" search="true" valueType="java.lang.String">LOSDocsCheckAfter</attribute>
        <attribute create="true" name="NAME" search="true" valueType="java.lang.String">New State after Document Check</attribute>
        <attribute create="true" name="TYPEID" search="true" valueType="java.lang.Long">1107</attribute>
    </entity>
	
    <entity createKeyParam="STATEID" getKeyParam="STATEID"  createMethod="" getMethod="smStateGetListByParams" id="115" isExtService="true" name="FRNT_SMSTATE" service="frontws2">
        <attribute create="true" name="SYSNAME" search="true" valueType="java.lang.String">LOSReviewUnderwriter</attribute>
        <attribute create="true" name="NAME" search="true" valueType="java.lang.String">Review by Underwriter</attribute>
        <attribute create="true" name="TYPEID" search="true" valueType="java.lang.Long">1107</attribute>
    </entity>
	
    <entity createKeyParam="STATEID" getKeyParam="STATEID"  createMethod="" getMethod="smStateGetListByParams" id="116" isExtService="true" name="FRNT_SMSTATE" service="frontws2">
        <attribute create="true" name="SYSNAME" search="true" valueType="java.lang.String">LOSRoutingHO</attribute>
        <attribute create="true" name="NAME" search="true" valueType="java.lang.String">Routing in the Head office</attribute>
        <attribute create="true" name="TYPEID" search="true" valueType="java.lang.Long">1107</attribute>
    </entity>
	
	<entity createKeyParam="STATEID" getKeyParam="STATEID"  createMethod="" getMethod="smStateGetListByParams" id="501" isExtService="true" name="FRNT_SMSTATE" service="frontws2">
        <attribute create="true" name="SYSNAME" search="true" valueType="java.lang.String">LOSReviewApproverHO</attribute>
        <attribute create="true" name="NAME" search="true" valueType="java.lang.String">Review by Approver</attribute>
        <attribute create="true" name="TYPEID" search="true" valueType="java.lang.Long">1107</attribute>
    </entity>
	
	<!--Переходы-->
    <entity createKeyParam="TRANSITIONID"  createMethod="" getKeyParam="TRANSITIONID" getMethod="smTransitionGetListByParams" id="200" isExtService="true" name="FRNT_SMTRANS" service="frontws2">
        <attribute create="true" entityID="100" name="FROMSTATEID" search="true" valueType="java.lang.Long"/>
        <attribute create="true" entityID="115" name="TOSTATEID" search="true" valueType="java.lang.Long"/>
        <attribute create="true" name="SYSNAME" search="true" valueType="java.lang.String">LOSSendToRreviewUnderwriter</attribute>
        <attribute create="true" name="TYPEID" search="true" valueType="java.lang.String">1107</attribute>
    </entity>
	<entity createKeyParam="TRANSITIONID"  createMethod="" getKeyParam="TRANSITIONID" getMethod="smTransitionGetListByParams" id="201" isExtService="true" name="FRNT_SMTRANS" service="frontws2">
        <attribute create="true" entityID="100" name="FROMSTATEID" search="true" valueType="java.lang.Long"/>
        <attribute create="true" entityID="113" name="TOSTATEID" search="true" valueType="java.lang.Long"/>
        <attribute create="true" name="SYSNAME" search="true" valueType="java.lang.String">LOSReturnToDocsSupplement</attribute>
        <attribute create="true" name="TYPEID" search="true" valueType="java.lang.String">1107</attribute>
    </entity>	
	
	<entity createKeyParam="TRANSITIONID"  createMethod="" getKeyParam="TRANSITIONID" getMethod="smTransitionGetListByParams" id="205" isExtService="true" name="FRNT_SMTRANS" service="frontws2">
        <attribute create="true" entityID="150" name="FROMSTATEID" search="true" valueType="java.lang.Long"/>
        <attribute create="true" entityID="113" name="TOSTATEID" search="true" valueType="java.lang.Long"/>
        <attribute create="true" name="SYSNAME" search="true" valueType="java.lang.String">LOSReturnToDocsSupplement</attribute>
        <attribute create="true" name="TYPEID" search="true" valueType="java.lang.String">1107</attribute>
    </entity>
	<entity createKeyParam="TRANSITIONID"  createMethod="" getKeyParam="TRANSITIONID" getMethod="smTransitionGetListByParams" id="206" isExtService="true" name="FRNT_SMTRANS" service="frontws2">
        <attribute create="true" entityID="150" name="FROMSTATEID" search="true" valueType="java.lang.Long"/>
        <attribute create="true" entityID="501" name="TOSTATEID" search="true" valueType="java.lang.Long"/>
        <attribute create="true" name="SYSNAME" search="true" valueType="java.lang.String">LOSSendToApprover</attribute>
        <attribute create="true" name="TYPEID" search="true" valueType="java.lang.String">1107</attribute>
    </entity>


	
    <!--Связь сценариев и состояний-->
    <entity createKeyParam="LINKID" createMethod="scriptStateLinkCreate" getKeyParam="LINKID" getMethod="scriptStateLinkGetListByParams" id="3" isIntService="true" name="DMS_SCRPTSTATELINK" service="dmsws">
        <attribute create="true" entityID="1" name="SCRIPTID" search="true" valueType="java.lang.Long"/>
        <attribute create="true" entityID="100" name="STATEID" search="true" valueType="java.lang.Long"/>
        <attribute create="true" name="OBJECTTYPEID" search="true" valueType="java.lang.Long">1107</attribute>
    </entity>
	<entity createKeyParam="LINKID" createMethod="scriptStateLinkCreate" getKeyParam="LINKID" getMethod="scriptStateLinkGetListByParams" id="4" isIntService="true" name="DMS_SCRPTSTATELINK" service="dmsws">
        <attribute create="true" entityID="1" name="SCRIPTID" search="true" valueType="java.lang.Long"/>
        <attribute create="true" entityID="150" name="STATEID" search="true" valueType="java.lang.Long"/>
        <attribute create="true" name="OBJECTTYPEID" search="true" valueType="java.lang.Long">1107</attribute>
    </entity>

		
    <!--Типы проверок-->
    <entity name="DMS_CHECKTYPE" id="17" createMethod="checkTypeCreate" getMethod="checkTypeGetByIdOrSysname" createKeyParam="CHECKTYPEID" getKeyParam="CHECKTYPEID" service="dmsws" isIntService="true">
		<attribute name="TYPESYSNAME" valueType="java.lang.String" create="true" search="true">decisionResult</attribute>
		<attribute name="TYPENAME" valueType="java.lang.String" create="true">Decision Result</attribute>
		<attribute name="DESCRIPTION" valueType="java.lang.String" create="true">Decision Result</attribute>
	</entity>
	<entity name="DMS_CHECKTYPE" id="18" createMethod="checkTypeCreate" getMethod="checkTypeGetByIdOrSysname" createKeyParam="CHECKTYPEID" getKeyParam="CHECKTYPEID" service="dmsws" isIntService="true">
		<attribute name="TYPESYSNAME" valueType="java.lang.String" create="true" search="true">subjDemands</attribute>
		<attribute name="TYPENAME" valueType="java.lang.String" create="true">Demands to Subject</attribute>
		<attribute name="DESCRIPTION" valueType="java.lang.String" create="true">Demands to Subject</attribute>
	</entity>
    <!--Проверки-->
    <entity createKeyParam="CHECKID" createMethod="checkCreate" getKeyParam="CHECKID" getMethod="checkGetByIdOrSysname" id="117" isIntService="true" name="DMS_CHECK" service="dmsws">
        <attribute create="true" entityID="18" name="CHECKTYPEID" search="true" valueType="java.lang.Long"/>
        <attribute create="true" name="OBJECTTYPEID" valueType="java.lang.Long">50000</attribute>
        <attribute create="true" name="CHECKNAME" valueType="java.lang.String">The result of the current stage</attribute>
        <attribute create="true" name="CHECKSYSNAME" search="true" valueType="java.lang.String">currentStageResultAutoINT</attribute>
        <attribute create="true" name="RULELINK" valueType="java.lang.String">dmsCurrentStageResult</attribute>
        <attribute create="true" name="RULETYPE" valueType="java.lang.Integer">2</attribute>
        <attribute create="true" name="EXPIRATIONTERM" valueType="java.lang.Integer">0</attribute>
        <attribute create="true" name="MULTIFLAG" valueType="java.lang.Integer">0</attribute>
    </entity>
	
    <!--Связанные проверки-->
    <entity createKeyParam="LINKID" createMethod="checkScrLinkCreate" getKeyParam="LINKID" getMethod="checkScrLinkGetListByParams" id="2" isIntService="true" name="DMS_CHECKSCRLINK" service="dmsws">
        <attribute create="true" entityID="1" name="SCRIPTID" search="true" valueType="java.lang.Long"/>
        <attribute create="true" entityID="117" name="CHECKID" search="true" valueType="java.lang.Long"/>
        <attribute create="true" name="CHECKORDER" search="true" valueType="java.lang.Integer">1</attribute>
		<attribute create="true" name="CHECKSCRSTATUS" search="true" valueType="java.lang.Integer">1</attribute>
    </entity>
   
  	<!--Изменение маршрутизации для этапа LOSDocsCheck -->
    <entity createKeyParam="POINTID" createMethod="" getKeyParam="POINTID" getMethod="routingPointGetListByParams" id="20" isIntService="true" name="DMS_ROUTINGPOINT" service="dmsws"> 
        <attribute create="true" entityID="1" name="SCRIPTID" search="true" valueType="java.lang.Long"/>
        <attribute create="true" entityID="117" name="CHECKID" search="true" valueType="java.lang.Long"/>
        <attribute create="true" entityID="100" name="STATEID" search="true" valueType="java.lang.Long"/>
        <attribute create="true" name="POINTSYSNAME" search="true" valueType="java.lang.String">creditCardroutingDocumentCheck</attribute>
        <attribute create="true" name="POINTNAME" valueType="java.lang.String">Document Check Routing</attribute>
        <attribute create="true" name="OBJECTTYPEID" valueType="java.lang.Long">1107</attribute>
        <attribute create="true" name="DESCRIPTION" valueType="java.lang.String"/>
    </entity>
			<!--Маршруты  обновляем существующий-->			
			<entity createKeyParam="ROUTINGID" createMethod="" updateMethod="routingModify" getKeyParam="ROUTINGID" getMethod="routingGetListByParams" id="61" isIntService="true" name="DMS_ROUTING" service="dmsws">
				<attribute create="true" entityID="20" name="POINTID" search="true" valueType="java.lang.Long"/>
				<attribute create="false" name="RULELINK" search="true" valueType="java.lang.String">sendToUnderwriterDecisionEqualCheckINT</attribute>
				<attribute create="true" name="RULELINK" search="false"  valueType="java.lang.String">continueDecisionEqualCheckINT</attribute>
				<attribute create="true" name="RULEPRIORITY" search="false" valueType="java.lang.Integer">2</attribute>
			</entity>
				
			<!--Маршрутизация объектов-->
			<entity createKeyParam="ROUTINGOBJECTID" createMethod="routingObjectCreate" getKeyParam="ROUTINGOBJECTID" getMethod="routingObjectGetListByParams" id="300" isIntService="true" name="DMS_ROUTINGOBJECT" service="dmsws">
				<attribute create="true" entityID="61" name="ROUTINGID" search="true" valueType="java.lang.Long"/>
				<attribute create="true" entityID="200" name="TRANSITIONID" search="true" valueType="java.lang.Long"/>
				<attribute create="true" name="OBJECTTYPEID" search="true" valueType="java.lang.Integer">1107</attribute>
				<attribute create="true" name="MAINOBJECTFLAG" search="true" valueType="java.lang.Integer">1</attribute>
			</entity>
			
	<!--Изменение маршрутизации для этапа LOSDocsCheck_F1 -->
    <entity createKeyParam="POINTID" createMethod="routingPointCreate" getKeyParam="POINTID" getMethod="routingPointGetListByParams" id="22" isIntService="true" name="DMS_ROUTINGPOINT" service="dmsws"> 
        <attribute create="true" entityID="1" name="SCRIPTID" search="true" valueType="java.lang.Long"/>
        <attribute create="true" entityID="117" name="CHECKID" search="true" valueType="java.lang.Long"/>
        <attribute create="true" entityID="150" name="STATEID" search="true" valueType="java.lang.Long"/>
        <attribute create="true" name="POINTSYSNAME" search="true" valueType="java.lang.String">routingDocumentCheck_F1</attribute>
        <attribute create="true" name="POINTNAME" valueType="java.lang.String">Document Check Routing (F1)</attribute>
        <attribute create="true" name="OBJECTTYPEID" valueType="java.lang.Long">1107</attribute>
        <attribute create="true" name="DESCRIPTION" valueType="java.lang.String"/>
    </entity>
			<!--Маршруты -->			
			<entity createKeyParam="ROUTINGID" createMethod="routingCreate" getKeyParam="ROUTINGID" getMethod="routingGetListByParams" id="65" isIntService="true" name="DMS_ROUTING" service="dmsws">
				<attribute create="true" entityID="22" name="POINTID" search="true" valueType="java.lang.Long"/>
				<attribute create="true" name="RULELINK" search="true"  valueType="java.lang.String">returnToSupplementDecisionEqualCheckINT</attribute>
				<attribute create="true" name="RULEPRIORITY" search="false"  valueType="java.lang.Integer">1</attribute>
			</entity>
			<entity createKeyParam="ROUTINGID" createMethod="routingCreate" getKeyParam="ROUTINGID" getMethod="routingGetListByParams" id="66" isIntService="true" name="DMS_ROUTING" service="dmsws">
				<attribute create="true" entityID="22" name="POINTID" search="true" valueType="java.lang.Long"/>
				<attribute create="true" name="RULELINK" search="true"  valueType="java.lang.String">continueDecisionEqualCheckINT</attribute>
				<attribute create="true" name="RULEPRIORITY" search="false"  valueType="java.lang.Integer">2</attribute>
			</entity>
				
			<!--Маршрутизация объектов-->
			<entity createKeyParam="ROUTINGOBJECTID" createMethod="routingObjectCreate" getKeyParam="ROUTINGOBJECTID" getMethod="routingObjectGetListByParams" id="300" isIntService="true" name="DMS_ROUTINGOBJECT" service="dmsws">
				<attribute create="true" entityID="65" name="ROUTINGID" search="true" valueType="java.lang.Long"/>
				<attribute create="true" entityID="205" name="TRANSITIONID" search="true" valueType="java.lang.Long"/>
				<attribute create="true" name="OBJECTTYPEID" search="true" valueType="java.lang.Integer">1107</attribute>
				<attribute create="true" name="MAINOBJECTFLAG" search="true" valueType="java.lang.Integer">1</attribute>
			</entity>
			
			<entity createKeyParam="ROUTINGOBJECTID" createMethod="routingObjectCreate" getKeyParam="ROUTINGOBJECTID" getMethod="routingObjectGetListByParams" id="300" isIntService="true" name="DMS_ROUTINGOBJECT" service="dmsws">
				<attribute create="true" entityID="66" name="ROUTINGID" search="true" valueType="java.lang.Long"/>
				<attribute create="true" entityID="206" name="TRANSITIONID" search="true" valueType="java.lang.Long"/>
				<attribute create="true" name="OBJECTTYPEID" search="true" valueType="java.lang.Integer">1107</attribute>
				<attribute create="true" name="MAINOBJECTFLAG" search="true" valueType="java.lang.Integer">1</attribute>
			</entity>
				
</root>