<?xml version="1.0" encoding="UTF-8"?>
<root>

	<changeSet id="FTDSLOSRole" name="FTDSLOSRole"
			   author="engrigoreva" class="ru.diasoft.init.api.executors.DmsInit"
			   command="startInstallation"
			   fileName="updates/5.01.02/FTDSLOSRole.xml"
			   comment="[5.01.02] FTDS Admin Role" service="dmsws"/>
	<changeSet id="FTDSProcessingStage" name="FTDSProcessingStage"
			   author="engrigoreva" class="ru.diasoft.init.api.executors.DmsInit"
			   command="startInstallation"
			   fileName="updates/5.01.02/Processes/FTDSLOSProcessingStage.xml"
			   comment="[5.01.02] FTDS Processing Stage" service="dmsws"/>
	<changeSet id="FTDSLOSProcessingStageCard" name="FTDSLOSProcessingStageCard"
			   author="engrigoreva" class="ru.diasoft.init.api.executors.DmsInit"
			   command="startInstallation"
			   fileName="updates/5.01.02/Processes/FTDSLOSProcessingStageCard.xml"
			   comment="[5.01.02] FTDS Processing Stage" service="dmsws"/>			   
	<changeSet id="FTDSLOSProcessType" name="FTDSLOSProcessType"
			   author="engrigoreva" class="ru.diasoft.init.api.executors.DmsInit"
			   command="startInstallation"
			   fileName="updates/5.01.02/Processes/FTDSLOSProcessType.xml"
			   comment="[5.01.02] FTDS Process Type" service="dmsws"/>
	<changeSet id="FTDSLOSProcessType2" name="FTDSLOSProcessType2"
			   author="engrigoreva" class="ru.diasoft.init.api.executors.DmsInit"
			   command="startInstallation"
			   fileName="updates/5.01.02/Processes/FTDSLOSProcessType2.xml"
			   comment="[5.01.02] FTDS Process Type" service="dmsws"/>
	<changeSet id="FTDSLOSdmsCheckScriptExecuteINT" name="FTDSLOSdmsCheckScriptExecuteINT"
			   author="dnikolaev" class="ru.diasoft.init.api.executors.DmsInit"
			   command="startInstallation"
			   fileName="updates/5.01.02/Processes/FTDSLOSdmsCheckScriptExecuteINT.xml"
			   comment="[5.01.02] FTDS dmsCheckScriptExecuteINT" service="dmsws"/>			   
	<changeSet id="FTDSDecisionRef" name="FTDSDecisionRef"
			   author="engrigoreva" class="ru.diasoft.init.api.executors.DmsInit"
			   command="startInstallation"
			   fileName="updates/5.01.02/References/FTDSLOSDecisionRef.xml"
			   comment="[5.01.02] FTDS Decision reference " service="dmsws"/>
	<changeSet id="FTDSReference" name="FTDSReference"
			   author="engrigoreva" class="ru.diasoft.init.api.executors.DmsInit"
			   command="startInstallation"
			   fileName="updates/5.01.02/References/FTDSLOSReference.xml"
			   comment="[5.01.02] FTDS Reference" service="dmsws"/>
	<changeSet id="FTDSObjTypeInstall" name="FTDSObjTypeInstall"
			   author="engrigoreva" class="ru.diasoft.init.api.executors.DmsInit"
			   command="startInstallation"
			   fileName="updates/5.01.02/References/FTDSLOSObjTypeInstall.xml"
			   comment="[5.01.02] FTDS Object type " service="dmsws"/>
	<changeSet id="FTDSLOSdmsCheckRuleExecuteINT" name="FTDSLOSdmsCheckRuleExecuteINT"
			   author="dnikolaev" class="ru.diasoft.init.api.executors.DmsInit"
			   command="startInstallation"
			   fileName="updates/5.01.02/Processes/FTDSLOSdmsCheckRuleExecuteINT.xml"
			   comment="[5.01.02] FTDS dmsCheckRuleExecuteINT" service="dmsws"/>			   
	<changeSet id="FTDSLOSProcessType_fixINT" name="FTDSLOSProcessType_fixINT"
			   author="srazzhivin" class="ru.diasoft.init.api.executors.DmsInit"
			   command="startInstallation"
			   fileName="updates/5.01.02/Processes/FTDSLOSProcessType_fixINT.xml"
			   comment="[5.01.02] FTDS Process Type fix for INT process" service="dmsws"/>
			   
	<!--Rules and Checks-->
	<changeSet id="FTDSRulesChecks" name="FTDSRulesChecks"
			   author="engrigoreva" class="ru.diasoft.init.api.executors.DmsInit"
			   command="startInstallation"
			   fileName="updates/5.01.02/Rules/FTDSLOSRulesChecks.xml"
			   comment="[5.01.02] FTDS Rules for Checks" service="dmsws"/>
		<changeSet id="FTDSChecks" name="FTDSChecks"
			   author="engrigoreva" class="ru.diasoft.init.api.executors.DmsInit"
			   command="startInstallation"
			   fileName="updates/5.01.02/Rules/FTDSLOSChecks.xml"
			   comment="[5.01.02] FTDS Checks" service="dmsws"/>
		<changeSet id="FTDSRulesRoute" name="FTDSRulesRoute"
			   author="engrigoreva" class="ru.diasoft.init.api.executors.DmsInit"
			   command="startInstallation"
			   fileName="updates/5.01.02/Rules/FTDSLOSRulesRoute.xml"
			   comment="[5.01.02] FTDS Routing Rules" service="dmsws"/>
		<changeSet id="FTDSRulesCheckDecisions" name="FTDSRulesCheckDecisions"
			   author="engrigoreva" class="ru.diasoft.init.api.executors.DmsInit"
			   command="startInstallation"
			   fileName="updates/5.01.02/Rules/FTDSLOSRulesCheckDecisions.xml"
			   comment="[5.01.02] FTDS Rules for check decisions" service="dmsws"/>	
		<changeSet id="FTDSLOSRulesRouteContinue" name="FTDSLOSRulesRouteContinue"
			   author="dnikolaev" class="ru.diasoft.init.api.executors.DmsInit"
			   command="startInstallation"
			   fileName="updates/5.01.02/Rules/FTDSLOSRulesRouteContinue.xml"
			   comment="[5.01.02] FTDS Rule Continue" service="dmsws"/>
		<changeSet id="FTDSLOSCheckContinue" name="FTDSLOSCheckContinue"
			   author="dnikolaev" class="ru.diasoft.init.api.executors.DmsInit"
			   command="startInstallation"
			   fileName="updates/5.01.02/Rules/FTDSLOSCheckContinue.xml"
			   comment="[5.01.02] FTDS Check Continue" service="dmsws"/>
		<changeSet id="FTDSLOSCheckSendToReconsideration" name="FTDSLOSCheckSendToReconsideration"
			   author="dnikolaev" class="ru.diasoft.init.api.executors.DmsInit"
			   command="startInstallation"
			   fileName="updates/5.01.02/Rules/FTDSLOSCheckSendToReconsideration.xml"
			   comment="[5.01.02] FTDS Check with process sendToReconsideration" service="dmsws"/>		   
	
		<!--Scripts-->
		<changeSet id="FTDSScriptRoutingFromStep" name="FTDSScriptRoutingFromStep"
			   author="engrigoreva" class="ru.diasoft.init.api.executors.DmsInit"
			   command="startInstallation"
			   fileName="updates/5.01.02/Scripts/FTDSLOSScriptRoutingFromStep.xml"
			   comment="[5.01.02] FTDS Routing from the state" service="dmsws"/>
		<changeSet id="FTDSScriptAutoCheckCard" name="FTDSScriptAutoCheckCard"
			   author="engrigoreva" class="ru.diasoft.init.api.executors.DmsInit"
			   command="startInstallation"
			   fileName="updates/5.01.02/Scripts/FTDSLOSScriptAutoCheckCard.xml"
			   comment="[5.01.02] FTDS AutoCheck for Credit Card" service="dmsws"/>
		<changeSet id="FTDSScriptRoutingHOBranch" name="FTDSScriptRoutingHOBranch"
			   author="engrigoreva" class="ru.diasoft.init.api.executors.DmsInit"
			   command="startInstallation"
			   fileName="updates/5.01.02/Scripts/FTDSLOSScriptRoutingHOBranch.xml"
			   comment="[5.01.02] FTDS Script Routing to HO / Branch" service="dmsws"/>
		<changeSet id="FTDSLOSScriptRoutingHOBranchCard" name="FTDSLOSScriptRoutingHOBranchCard"
			   author="engrigoreva" class="ru.diasoft.init.api.executors.DmsInit"
			   command="startInstallation"
			   fileName="updates/5.01.02/Scripts/FTDSLOSScriptRoutingHOBranchCard.xml"
			   comment="[5.01.02] FTDS Script Routing to HO / Branch" service="dmsws"/>			   
		<changeSet id="FTDSScriptRoutingAutoEmailNotification" name="FTDSScriptRoutingAutoEmailNotification"
			   author="engrigoreva" class="ru.diasoft.init.api.executors.DmsInit"
			   command="startInstallation"
			   fileName="updates/5.01.02/Scripts/FTDSLOSScriptRoutingAutoEmailNotification.xml"
			   comment="[5.01.02] FTDS Script Routing according to AutoNotification Result" service="dmsws"/>
		<changeSet id="FTDSLOSScriptRoutingFromStepCard" name="FTDSLOSScriptRoutingFromStepCard"
			   author="engrigoreva" class="ru.diasoft.init.api.executors.DmsInit"
			   command="startInstallation"
			   fileName="updates/5.01.02/Scripts/FTDSLOSScriptRoutingFromStepCard.xml"
			   comment="[5.01.02] FTDS Script Routing from the step for Credit Card" service="dmsws"/>
		<!--ненужен, так как верный сценарий льется фиксом?????
		changeSet id="FTDSScriptRoutingEscalation" name="FTDSScriptRoutingEscalation"
			   author="engrigoreva" class="ru.diasoft.init.api.executors.DmsInit"
			   command="startInstallation"
			   fileName="updates/5.01.02/Scripts/FTDSLOSScriptRoutingEscalation.xml"
			   comment="[5.01.02] FTDS Script Routing after Escalation" service="dmsws"/>	   
		<ненужен, так как верный сценарий льется фиксом?????changeSet id="FTDSLOSScriptTechnicalRoutingINT" name="FTDSLOSScriptTechnicalRoutingINT"
			   author="dnikolaev" class="ru.diasoft.init.api.executors.DmsInit"
			   command="startInstallation"
			   fileName="updates/5.01.02/Scripts/FTDSLOSScriptTechnicalRoutingINT.xml"
			   comment="[5.01.02] FTDS Script Routing from Technical Routing stage to Routing state" service="dmsws"/>
		<changeSet id="FTDSScriptRoutingEscalation_fix" name="FTDSScriptRoutingEscalation_fix"
			   author="syakushev" class="ru.diasoft.init.api.executors.DmsInit"
			   command="startInstallation"
			   fileName="updates/5.01.02/Scripts/FTDSLOSScriptRoutingEscalation_fix.xml"
			   comment="[5.01.02] FTDS Script Routing after Escalation" service="dmsws"/-->
	
	<!--Wizards-->
		<changeSet id="FTDSWizardAutoCheckVerification" name="FTDSWizardAutoCheckVerification"
				   author="engrigoreva" class="ru.diasoft.init.api.executors.DmsInit"
				   command="startInstallation"
				   fileName="updates/5.01.02/Wizard/FTDSLOSWizardAutoCheckVerification.xml"
				   comment="[5.01.02] FTDS Automatic Check Verification" service="dmsws"/>
		<changeSet id="FTDSWizardDataInputControl" name="FTDSWizardDataInputControl"
				   author="engrigoreva" class="ru.diasoft.init.api.executors.DmsInit"
				   command="startInstallation"
				   fileName="updates/5.01.02/Wizard/FTDSLOSWizardDataInputControl.xml"
				   comment="[5.01.02] FTDS Data Input Control" service="dmsws"/>
		<changeSet id="FTDSWizardDocumentCheck_HF1" name="FTDSWizardDocumentCheck"
				   author="engrigoreva" class="ru.diasoft.init.api.executors.DmsInit"
				   command="startInstallation"
				   fileName="updates/5.01.02/Wizard/FTDSLOSWizardDocumentCheck.xml"
				   comment="[5.01.02] FTDS Wizard for Document Check Step" service="dmsws"/>
		<changeSet id="FTDSWizardMakeRecomendations" name="FTDSWizardMakeRecomendations"
				   author="engrigoreva" class="ru.diasoft.init.api.executors.DmsInit"
				   command="startInstallation"
				   fileName="updates/5.01.02/Wizard/FTDSLOSWizardMakeRecomendations.xml"
				   comment="[5.01.02] FTDS Wizard for Make Recommendations " service="dmsws"/>
		<changeSet id="FTDSWizardControlRecomendations" name="FTDSWizardControlRecomendations"
				   author="engrigoreva" class="ru.diasoft.init.api.executors.DmsInit"
				   command="startInstallation"
				   fileName="updates/5.01.02/Wizard/FTDSLOSWizardControlRecomendations.xml"
				   comment="[5.01.02] FTDS Wizard for Control Recommendations " service="dmsws"/>
		<changeSet id="FTDSWizardMeetingMinutesPrep" name="FTDSWizardMeetingMinutesPrep"
				   author="engrigoreva" class="ru.diasoft.init.api.executors.DmsInit"
				   command="startInstallation"
				   fileName="updates/5.01.02/Wizard/FTDSLOSWizardMeetingMinutesPrep.xml"
				   comment="[5.01.02] FTDS Wizard for Meetting Minutes Preparation " service="dmsws"/>		   
		<changeSet id="FTDSWizardMakeDecision.xml" name="FTDSWizardMakeDecision.xml"
				   author="engrigoreva" class="ru.diasoft.init.api.executors.DmsInit"
				   command="startInstallation"
				   fileName="updates/5.01.02/Wizard/FTDSLOSWizardMakeDecision.xml"
				   comment="[5.01.02] FTDS Wizard for Make Decision State " service="dmsws"/>
		<changeSet id="FTDSWizardFiledCheck2" name="FTDSWizardFiledCheck2"
				   author="engrigoreva" class="ru.diasoft.init.api.executors.DmsInit"
				   command="startInstallation"
				   fileName="updates/5.01.02/Wizard/FTDSLOSWizardFiledCheck.xml"
				   comment="[5.01.02] FTDS Script Field Check / Branch" service="dmsws"/>						   
		<changeSet id="FTDSLOSWizardFiledCheck_fix" name="FTDSLOSWizardFiledCheck_fix"
				   author="dnikolaev" class="ru.diasoft.init.api.executors.DmsInit"
				   command="startInstallation"
				   fileName="updates/5.01.02/Wizard/FTDSLOSWizardFiledCheck_fix.xml"
				   comment="[5.01.02] FTDS Script Field Check fix" service="dmsws"/>
		<!--Decision Stage-->
		<changeSet id="FTDSDecisionStage" name="FTDSDecisionRef"
				   author="engrigoreva" class="ru.diasoft.init.api.executors.DmsInit"
				   command="startInstallation"
				   fileName="updates/5.01.02/DecisionStages/FTDSLOSDecisionStage.xml"
				   comment="[5.01.02] FTDS Decision Stage Reference " service="dmsws"/>
		<!--удалить???? ошибка пофикшена гдето- в другом местеchangeSet
		changeSet id="FTDSLOSDecisionStage_fixHOMD" name="FTDSLOSDecisionStage_fixHOMD"
				   author="engrigoreva" class="ru.diasoft.init.api.executors.DmsInit"
				   command="startInstallation"
				   fileName="updates/5.01.02/DecisionStages/FTDSLOSDecisionStage_fixHOMD.xml"
				   comment="[5.01.02] FTDS Decision Stage Reference FIX " service="dmsws"/-->
		<changeSet id="FTDSScriptAutoCheckAuto" name="FTDSScriptAutoCheckAuto"
			   author="engrigoreva" class="ru.diasoft.init.api.executors.DmsInit"
			   command="startInstallation"
			   fileName="updates/5.01.02/Scripts/FTDSScriptAutoCheckAuto.xml"
			   comment="[5.01.02] FTDS Script for autoloan for autocheck" service="dmsws"/>			   
		<changeSet id="FTDSLOSWizardAutoApprovalResultNotificationINT"  name="FTDSLOSWizardAutoApprovalResultNotificationINT"
			   author="syakushev" class="ru.diasoft.init.api.executors.DmsInit"
			   command="startInstallation"
			   fileName="updates/5.01.02/Wizard/FTDSLOSWizardAutoApprovalResultNotificationINT.xml"
			   comment="[5.01.02] FTDS Approval Result Notification" service="dmsws"/>				   
		<changeSet id="FTDSScriptAutoCheckAuto_fix" name="FTDSScriptAutoCheckAuto_fix"
			   author="engrigoreva" class="ru.diasoft.init.api.executors.DmsInit"
			   command="startInstallation"
			   fileName="updates/5.01.02/Scripts/FTDSScriptAutoCheckAuto_fix.xml"
			   comment="[5.01.02] FTDS Script for autoloan for autocheck fix" service="dmsws"/>
		<changeSet id="FTFLOINTRecommend_fix_5.01.02" name="FTFLOINTRecommend_fix"
			   author="aagabekyan" class="ru.diasoft.init.api.executors.DmsInit"
			   command="startInstallation"
			   fileName="updates/5.01.02/Wizard/FTFLOINTRecommend_fix.xml"
			   comment="[5.01.02] FTFLOINT Replace make recommendation and add make recommendations by underwriter" service="frontws2"/>
		<changeSet id="FTFLOINTStagesStep_5.01.02" name="FTFLOINTStagesStep"
			   author="aagabekyan" class="ru.diasoft.init.api.executors.DmsInit"
			   command="startInstallation"
			   fileName="updates/5.01.02/Wizard/FTFLOINTStagesStep.xml"
			   comment="[5.01.02] FTFLOINT  Make Recommendations by Underwriter from decisionControlUnderwriterRecommendations add STAGESYSNAMESTEP and solutionStep" service="frontws2"/>
		<!--удалить - исправлено в первой проливке 
		changeSet id="FTDSLOSWizardDocumentCheck_fixConditions" name="FTDSLOSWizardDocumentCheck_fixConditions"
			   author="srazzhivin" class="ru.diasoft.init.api.executors.DmsInit"
			   command="startInstallation"
			   fileName="updates/5.01.02/Wizard/FTDSLOSWizardDocumentCheck_fixConditions.xml"
			   comment="[5.01.02] FTDSLOS Wizard for Document Check (conditions)" service="dmsws"/>
		<changeSet id="FTDSLOSWizardDocumentCheck_fixConditions3" name="FTDSLOSWizardDocumentCheck_fixConditions"
			   author="syakushev" class="ru.diasoft.init.api.executors.DmsInit"
			   command="startInstallation"
			   fileName="updates/5.01.02/Wizard/FTDSLOSWizardDocumentCheck_fixConditions2.xml"
			   comment="[5.01.02] FTDSLOS Wizard for Document Check (conditions)" service="dmsws"/>
		<changeSet id="FTDSLOSWizardDocumentCheck_fixConditions2" name="FTDSLOSWizardDocumentCheck_fixConditions"
			   author="syakushev" class="ru.diasoft.init.api.executors.DmsInit"
			   command="startInstallation"
			   fileName="updates/5.01.02/Wizard/FTDSLOSWizardDocumentCheck_fixConditions2.xml"
			   comment="[5.01.02] FTDSLOS Wizard for Document Check (conditions)" service="dmsws"/-->
		<changeSet id="FTDSLOSDecisionStage_fixRecommend" name="FTDSLOSDecisionStage_fixRecommend"
			   author="srazzhivin" class="ru.diasoft.init.api.executors.DmsInit"
			   command="startInstallation"
			   fileName="updates/5.01.02/DecisionStages/FTDSLOSDecisionStage_fixRecommend.xml"
			   comment="[5.01.02] FTDS Decision Stage fix Recommendation" service="dmsws"/> 			   
		<!--поправлено в другом фиксе???
			   id="FTDSLOSRecommend_fix2" name="FTDSLOSRecommend_fix2"
			   author="srazzhivin" class="ru.diasoft.init.api.executors.DmsInit"
			   command="startInstallation"
			   fileName="updates/5.01.02/Wizard/FTDSLOSRecommend_fix2.xml"
			   comment="[5.01.02] FTDS Wizard fix Recommendation" service="frontws2"/--> 			   
		<changeSet id="FTDSLOSScriptRouting_fixTransitions" name="FTDSLOSScriptRouting_fixTransitions"
			   author="srazzhivin" class="ru.diasoft.init.api.executors.DmsInit"
			   command="startInstallation"
			   fileName="updates/5.01.02/Scripts/FTDSLOSScriptRouting_fixTransitions.xml"
			   comment="[5.01.02] FTDS Script Routing fix transitions for decisionCheckINT and decisionCheckCardINT" service="dmsws"/> 
		<!--поправлено в другом фиксе??? 
		changeSet id="FTDSLOSConditionInformation_fix_5.01.02" name="FTDSLOSConditionInformation_fix"
			   author="dnikolaev" class="ru.diasoft.init.api.executors.DmsInit"
			   command="startInstallation"
			   fileName="updates/5.01.02/Wizard/FTDSLOSConditionInformation_fix.xml"
			   comment="[5.01.02] FTDSLOS Wizard form Condition Information renaming" service="dmsws"/--> 
		<changeSet id="FTDSLOSsendToReconsideration" name="sendToReconsideration"
  		       author="dnikolaev" class="ru.diasoft.init.api.executors.DmsInit"
      		   command="startInstallation"
  	    	   fileName="updates/5.01.02/Processes/FTDSLOSsendToReconsideration.xml"
  		       comment="[5.01.02] FTDS sendToReconsideration" service="dmsws"/>
		<changeSet id="FTDSLOSWizardAutoCheckVerification_fixUser" name="FTDSLOSWizardAutoCheckVerification_fixUser"
			   author="engrigoreva" class="ru.diasoft.init.api.executors.DmsInit"
			   command="startInstallation"
			   fileName="updates/5.01.02/Wizard/FTDSLOSWizardAutoCheckVerification_fixUser.xml"
			   comment="[5.01.02] FTDS Wizard Automatic Check Verification - fix" service="dmsws"/>
		<changeSet id="FTDSLOSReferenceTaskLoadRatio_5.01.02" name="FTDSLOSReferenceTaskLoadRatio"
			   author="dnikolaev" class="ru.diasoft.init.api.executors.DmsInit"
			   command="startInstallation"
			   fileName="updates/5.01.02/References/FTDSLOSReferenceTaskLoadRatio.xml"
			   comment="[5.01.02] FTDSLOS Reference taskLoadRatioLOS " service="dmsws"/>
		<changeSet id="FTDSLOSProcessType3_5.01.02" name="sendToReconsideration"
			   author="dnikolaev" class="ru.diasoft.init.api.executors.DmsInit"
			   command="startInstallation"
			   fileName="updates/5.01.02/Processes/FTDSLOSProcessType3.xml"
			   comment="[5.01.02] FTDSLOS getUserIDForCurrentTaskAutoAssign" service="dmsws"/>
		<changeSet id="FTDSLOSScriptRoutingAutoEmailNotification_CARD" name="FTDSLOSScriptRoutingAutoEmailNotification_CARD"
			   author="engrigoreva" class="ru.diasoft.init.api.executors.DmsInit"
			   command="startInstallation"
			   fileName="updates/5.01.02/Scripts/FTDSLOSScriptRoutingAutoEmailNotification_CARD.xml"
			   comment="[5.01.02] FTDS Script for autoloan for autonotification for card" service="dmsws"/>				   		   
		<changeSet id="FTDSLOSDecisionStage_fixLinkTypeAndState" name="FTDSLOSDecisionStage_fixLinkTypeAndState"
			   author="srazzhivin" class="ru.diasoft.init.api.executors.DmsInit"
			   command="startInstallation"
			   fileName="updates/5.01.02/DecisionStages/FTDSLOSDecisionStage_fixLinkTypeAndState.xml"
			   comment="[5.01.02] FTDS Decision Stages fix type and state of object settings" service="dmsws"/>	
		<changeSet id="FTDSLOSWizardDocumentCheck_fix" name="FTDSLOSWizardDocumentCheck_fix"
			   author="engrigoreva" class="ru.diasoft.init.api.executors.DmsInit"
			   command="startInstallation"
			   fileName="updates/5.01.02/Wizard/FTDSLOSWizardDocumentCheck_fix.xml"
			   comment="[5.01.02] FTDS Wizard Document Check - fix" service="dmsws"/>
		<changeSet id="FTDSLOSReferenceAppFlags_5.01.02" name="FTDSLOSReferenceAppFlags"
			   author="dnikolaev" class="ru.diasoft.init.api.executors.DmsInit"
			   command="startInstallation"
			   fileName="updates/5.01.02/References/FTDSLOSReferenceAppFlags.xml"
			   comment="[5.01.02] FTDSLOS Reference AppFlags" service="dmsws"/>
		<changeSet id="FTDSWizardFieldCheck2_5.01.02" name="FTDSWizardFieldCheck2"
			   author="dnikolaev" class="ru.diasoft.init.api.executors.DmsInit"
			   command="startInstallation"
			   fileName="updates/5.01.02/Wizard/FTDSLOSWizardFieldCheck2.xml"
			   comment="[5.01.02] FTDS Script Field Check new forms" service="dmsws"/>			   
		<changeSet id="FTDSLOSWizardDataInputControl_fixParameters" name="FTDSLOSWizardDataInputControl_fixParameters"
			   author="srazzhivin" class="ru.diasoft.init.api.executors.DmsInit"
			   command="startInstallation"
			   fileName="updates/5.01.02/Wizard/FTDSLOSWizardDataInputControl_fixParameters.xml"
			   comment="[5.01.02] FTDS Wizard fix parameters for Data Input Control" service="dmsws"/>
		<changeSet id="FTDSLOSWizardFieldCheck2_fix_5.01.02" name="FTDSLOSWizardFieldCheck2_fix"
			   author="dnikolaev" class="ru.diasoft.init.api.executors.DmsInit"
			   command="startInstallation"
			   fileName="updates/5.01.02/Wizard/FTDSLOSWizardFieldCheck2_fix.xml"
			   comment="[5.01.02] FTDS Script Field Check fix About-forms" service="dmsws"/>
		<changeSet id="FTDSLOSWizardMakeRecomendations_fix_5.01.02" name="FTDSLOSWizardMakeRecomendations_fix"
			   author="dnikolaev" class="ru.diasoft.init.api.executors.DmsInit"
			   command="startInstallation"
			   fileName="updates/5.01.02/Wizard/FTDSLOSWizardMakeRecomendations_fix.xml"
			   comment="[5.01.02] FTDS Script adding param to Wizard of MakeRecomendations form" service="dmsws"/>
		<changeSet id="FTDSLOSWizardDocumentCheck_fixConditions_4" name="FTDSLOSWizardDocumentCheck_fixConditions"
			   author="srazzhivin" class="ru.diasoft.init.api.executors.DmsInit"
			   command="startInstallation"
			   fileName="updates/5.01.02/Wizard/FTDSLOSWizardDocumentCheck_fixConditions4.xml"
			   comment="[5.01.02] FTDSLOS Wizard for Document Check (conditions)" service="dmsws"/>		
		<changeSet id="FTDSLOSRules_fix" name="FTDSLOSRules_fix"
			   author="srazzhivin" class="ru.diasoft.init.api.executors.DmsInit"
			   command="startInstallation"
			   fileName="updates/5.01.02/Rules/FTDSLOSRules_fix.xml"
			   comment="[5.01.02] FTDS Rules fix" service="dmsws"/>			   
		<changeSet id="FTDSLOSRulesRouteMCC" name="FTDSLOSRulesRouteMCC"
			   author="engrigoreva" class="ru.diasoft.init.api.executors.DmsInit"
			   command="startInstallation"
			   fileName="updates/5.01.02/Rules/FTDSLOSRulesRouteMCC.xml"
			   comment="[5.01.02] FTDS Routing Script after MMC (rules)" service="dmsws"/>
		<changeSet id="FTDSLOSProcessStage_fix" name="FTDSLOSProcessStage_fix"
			   author="srazzhivin" class="ru.diasoft.init.api.executors.DmsInit"
			   command="startInstallation"
			   fileName="updates/5.01.02/Processes/FTDSLOSProcessStage_fix.xml"
			   comment="[5.01.02] Processes fix" service="dmsws"/>			   
		<changeSet id="FTDSLOSScriptRoutingMCC_5.01.02" name="FTDSLOSScriptRoutingMCC"
				 author="engrigoreva" class="ru.diasoft.init.api.executors.DmsInit"
				 command="startInstallation"
				 fileName="updates/5.01.02/Scripts/FTDSLOSScriptRoutingMCC.xml"
				 comment="[5.01.02] FTDS Routing Script after MMC" service="dmsws"/>
		<!-- удалить исправлено в основной проливке
			changeSet id="FTDSLOSScriptRoutingFromStep_fixMCC5.01.02" name="FTDSLOSScriptRoutingFromStep_fixMCC"
				 author="engrigoreva" class="ru.diasoft.init.api.executors.DmsInit"
				 command="startInstallation"
				 fileName="updates/5.01.02/Scripts/FTDSLOSScriptRoutingFromStep_fixMCC.xml"
				 comment="[5.01.02] FTDS Routing Script after MMC " service="dmsws"/-->
		<changeSet id="FTDSLOSRules_sendToApprover" name="FTDSLOSRules_sendToApprover"
				 author="engrigoreva" class="ru.diasoft.init.api.executors.DmsInit"
				 command="startInstallation"
				 fileName="updates/5.01.02/Rules/FTDSLOSRules_sendToApprover.xml"
				 comment="[5.01.02] FTDS add rule for sendToAppver decision routing" service="dmsws"/>
		<changeSet id="FTDSLOSDecisionRef_addSentToApprover" name="FTDSLOSDecisionRef_addSentToApprover"
				 author="engrigoreva" class="ru.diasoft.init.api.executors.DmsInit"
				 command="startInstallation"
				 fileName="updates/5.01.02/References/FTDSLOSDecisionRef_addSentToApprover.xml"
				 comment="[5.01.02] FTDS add send to Approver decision ref" service="dmsws"/>
		<changeSet id="FTDSLOSDecisionStage_fixEscalationApproval" name="FTDSLOSDecisionStage_fixEscalationApproval"
				 author="engrigoreva" class="ru.diasoft.init.api.executors.DmsInit"
				 command="startInstallation"
				 fileName="updates/5.01.02/DecisionStages/FTDSLOSDecisionStage_fixEscalationApproval.xml"
				 comment="[5.01.02] FTDS decision state Doc Check after Approval" service="dmsws"/>
		<changeSet id="FTDSLOSEscalationRouting_fix" name="FTDSLOSRulesRouteMCC"
				 author="engrigoreva" class="ru.diasoft.init.api.executors.DmsInit"
				 command="startInstallation"
				 fileName="updates/5.01.02/Scripts/FTDSLOSScriptTechnicalRoutingINT_fix2.xml"
				 comment="[5.01.02] FTDS Routing Script on techincal routing step" service="dmsws"/>
		<changeSet id="FTDSLOSScriptRoutingFromStep_AddEscalation" name="FTDSLOSScriptRoutingFromStep_AddEscalation"
				 author="engrigoreva" class="ru.diasoft.init.api.executors.DmsInit"
				 command="startInstallation"
				 fileName="updates/5.01.02/Scripts/FTDSLOSScriptRoutingFromStep_AddEscalation.xml"
				 comment="[5.01.02] FTDS Routing Script from Escalation Approval step (auto)" service="dmsws"/>
		<changeSet id="FTDSLOSScriptRoutingFromStepCARD_AddEscalation" name="FTDSLOSScriptRoutingFromStepCARD_AddEscalation"
				 author="engrigoreva" class="ru.diasoft.init.api.executors.DmsInit"
				 command="startInstallation"
				 fileName="updates/5.01.02/Scripts/FTDSLOSScriptRoutingFromStepCARD_AddEscalation.xml"
				 comment="[5.01.02] FTDS Routing Script from Escalation Approval step (card)" service="dmsws"/>
		<changeSet id="FTDSLOSScriptRoutingFromStep_addDocCheckAfterEsc" name="FTDSLOSScriptRoutingFromStep_addDocCheckAfterEsc"
				 author="engrigoreva" class="ru.diasoft.init.api.executors.DmsInit"
				 command="startInstallation"
				 fileName="updates/5.01.02/Scripts/FTDSLOSScriptRoutingFromStep_addDocCheckAfterEsc.xml"
				 comment="[5.01.02] FTDS add DocCheckAfterEscalation routing into routing by decision state script" service="dmsws"/>
		<changeSet id="FTDSLOSScriptRoutingFromStepCARD_addDocCheckAfterEsc" name="FTDSLOSScriptRoutingFromStepCARD_addDocCheckAfterEsc"
				 author="engrigoreva" class="ru.diasoft.init.api.executors.DmsInit"
				 command="startInstallation"
				 fileName="updates/5.01.02/Scripts/FTDSLOSScriptRoutingFromStepCARD_addDocCheckAfterEsc.xml"
				 comment="[5.01.02] FTDS add DocCheckAfterEscalation routing into routing by decision state script" service="dmsws"/>
		<changeSet id="FTDSLOSProcessingStageAutoloanAndCard_fixFieldCheckView" name="FTDSLOSProcessingStageAutoloanAndCard_fixFieldCheckView.xml"
				 author="dnikolaev" class="ru.diasoft.init.api.executors.DmsInit"
				 command="startInstallation"
				 fileName="updates/5.01.02/Processes/FTDSLOSProcessingStageAutoloanAndCard_fixFieldCheckView.xml"
				 comment="[5.01.02] FTFLOINT Processing Stages fix for Field Check View (autoloan, card)" service="dmsws"/>
		<changeSet id="FTDSLOSRulesRoute_fixRR" name="FTDSLOSRulesRoute_fix"
				 author="srazzhivin" class="ru.diasoft.init.api.executors.DmsInit"
				 command="startInstallation"
				 fileName="updates/5.01.02/Rules/FTDSLOSRulesRoute_fix.xml"
				 comment="[5.01.02] FTDS Routing Rules" service="dmsws"/>
		<changeSet id="FTDSLOSWizardMakeDecision_fix" name="FTDSLOSWizardMakeDecision_fix"
				 author="srazzhivin" class="ru.diasoft.init.api.executors.DmsInit"
				 command="startInstallation"
				 fileName="updates/5.01.02/Wizard/FTDSLOSWizardMakeDecision_fix.xml"
				 comment="[5.01.02] FTDS Wizard Make Decision" service="dmsws"/>
		<changeSet id="FTDSObjTypeInstall_6.01.01" name="FTDSObjTypeInstall"
			   author="engrigoreva" class="ru.diasoft.init.api.executors.DmsInit"
			   command="startInstallation"
			   fileName="updates/6.01.01/FTDSLOSObjTypeInstall.xml"
			   comment="[6.01.01] FTDS Object type " service="dmsws"/>
		<changeSet id="FTDSLOSDecisionRef_uncecuredLoanAppINT" name="FTDSLOSDecisionRef_uncecuredLoanAppINT"
				 author="erymin" class="ru.diasoft.init.api.executors.DmsInit"
				 command="startInstallation"
				 fileName="updates/6.01.01/References/FTDSLOSDecisionRef_uncecuredLoanAppINT.xml"
				 comment="[6.01.01] FTDS Wizard Make Decision" service="dmsws"/>
		<changeSet id="FTDSLOSRules_unsecuredLoanAppINT" name="FTDSLOSRules_unsecuredLoanAppINT"
				 author="erymin" class="ru.diasoft.init.api.executors.DmsInit"
				 command="startInstallation"
				 fileName="updates/6.01.01/Rules/FTDSLOSRules_unsecuredLoanAppINT.xml"
				 comment="[5.01.02] FTDS add rule for documentCheck decision routing" service="dmsws"/>
		<changeSet id="FTDSLOSDecisionStageAppSupp_6.01.01" name="FTDSLOSDecisionStageAppSupp"
			   author="engrigoreva" class="ru.diasoft.init.api.executors.DmsInit"
			   command="startInstallation"
			   fileName="updates/6.01.01/DecisionStages/FTDSLOSDecisionStageAppSupp.xml"
			   comment="[6.01.01] FTDS Decision Stage Reference " service="dmsws"/>
		<changeSet id="FTDSLOSDecisionStage_manualPolicyChecks" name="FTDSLOSDecisionStage_manualPolicyChecks"
				 author="avoskresenskiy" class="ru.diasoft.init.api.executors.DmsInit"
				 command="startInstallation"
				 fileName="updates/6.01.01/DecisionStages/FTDSLOSDecisionStage_manualPolicyChecks.xml"
				 comment="[6.01.01] FTDS Wizard Make Decision" service="dmsws"/>
		<changeSet id="FTDSLOSReference_ManualPolicyCheckTypes" name="FTDSLOSReference_ManualPolicyCheckTypes"
				 author="avoskresenskiy" class="ru.diasoft.init.api.executors.DmsInit"
				 command="startInstallation"
				 fileName="updates/6.01.01/References/FTDSLOSReference_ManualPolicyCheckTypes.xml"
				 comment="[6.01.01] FTDS Wizard Make Decision" service="dmsws"/>
		<changeSet id="FTDSLOSWizardManualPolicyChecksUnsecuredLoan" name="FTDSLOSWizardManualPolicyChecksUnsecuredLoan"
				 author="avoskresenskiy" class="ru.diasoft.init.api.executors.DmsInit"
				 command="startInstallation"
				 fileName="updates/6.01.01/Wizard/FTDSLOSWizardManualPolicyChecksUnsecuredLoan.xml"
				 comment="[6.01.01] FTDS Wizard Make Decision" service="dmsws"/>
		<changeSet id="FTDSLOSProcessType_dmsCheckExistingActiveApplications" name="FTDSLOSProcessType_dmsCheckExistingActiveApplications"
				 author="avoskresenskiy" class="ru.diasoft.init.api.executors.DmsInit"
				 command="startInstallation"
				 fileName="updates/6.01.01/Processes/FTDSLOSProcessType_dmsCheckExistingActiveApplications.xml"
				 comment="[6.01.01] FTDS Wizard Make Decision" service="dmsws"/>
		<changeSet id="FTDSLOSReference_checkExistingActiveApplications" name="FTDSLOSReference_checkExistingActiveApplications"
				 author="avoskresenskiy" class="ru.diasoft.init.api.executors.DmsInit"
				 command="startInstallation"
				 fileName="updates/6.01.01/References/FTDSLOSReference_checkExistingActiveApplications.xml"
				 comment="[6.01.01] FTDS References for Active Applications" service="dmsws"/>
		<changeSet id="FTDSLOSProcessType_dmsCheckRejectedApplications6months" name="FTDSLOSProcessType_dmsCheckRejectedApplications6months"
				 author="avoskresenskiy" class="ru.diasoft.init.api.executors.DmsInit"
				 command="startInstallation"
				 fileName="updates/6.01.01/Processes/FTDSLOSProcessType_dmsCheckRejectedApplications6months.xml"
				 comment="[6.01.01] FTDS Wizard Make Decision" service="dmsws"/>
		<changeSet id="FTDSLOSDecisionStage_phoneVerification" name="FTDSLOSDecisionStage_phoneVerification"
				 author="avoskresenskiy" class="ru.diasoft.init.api.executors.DmsInit"
				 command="startInstallation"
				 fileName="updates/6.01.01/DecisionStages/FTDSLOSDecisionStage_phoneVerification.xml"
				 comment="[6.01.01] FTDS Wizard Make Decision" service="dmsws"/>
		<changeSet id="FTDSLOSWizardPhoneVerificationUnsecuredLoan" name="FTDSLOSWizardPhoneVerificationUnsecuredLoan"
				 author="avoskresenskiy" class="ru.diasoft.init.api.executors.DmsInit"
				 command="startInstallation"
				 fileName="updates/6.01.01/Wizard/FTDSLOSWizardPhoneVerificationUnsecuredLoan.xml"
				 comment="[6.01.01] FTDS Wizard Make Decision" service="dmsws"/>		
		<changeSet id="FTDSLOSDecisionStage_documentCheck" name="FTDSLOSDecisionStage_documentCheck"
				 author="erymin" class="ru.diasoft.init.api.executors.DmsInit"
				 command="startInstallation"
				 fileName="updates/6.01.01/DecisionStages/FTDSLOSDecisionStage_documentCheck.xml"
				 comment="[6.01.01] FTDS Wizard Make Decision" service="dmsws"/>
		<changeSet id="FTDSLOSWizardDocumentCheckUnsecuredLoan" name="FTDSLOSWizardDocumentCheckUnsecuredLoan"
				 author="erymin" class="ru.diasoft.init.api.executors.DmsInit"
				 command="startInstallation"
				 fileName="updates/6.01.01/Wizard/FTDSLOSWizardDocumentCheckUnsecuredLoan.xml"
				 comment="[6.01.01] FTDS Wizard Make Decision" service="dmsws"/>
		<changeSet id="FTDSLOSProcessType_processMVCCreateOrModifyPerson" name="FTDSLOSProcessType_processMVCCreateOrModifyPerson"
				 author="avoskresenskiy" class="ru.diasoft.init.api.executors.DmsInit"
				 command="startInstallation"
				 fileName="updates/6.01.01/Processes/FTDSLOSProcessType_processMVCCreateOrModifyPerson.xml"
				 comment="[6.01.01] FTDS Process of create or update of customer" service="dmsws"/>
		<changeSet id="FTDSLOSDecisionStage_fieldVerificationUnsecuredLoan" name="FTDSLOSDecisionStage_fieldVerificationUnsecuredLoan"
				 author="avoskresenskiy" class="ru.diasoft.init.api.executors.DmsInit"
				 command="startInstallation"
				 fileName="updates/6.01.01/DecisionStages/FTDSLOSDecisionStage_fieldVerificationUnsecuredLoan.xml"
				 comment="[6.01.01] FTDS Decision Stages for field verification" service="dmsws"/>
		<changeSet id="FTDSLOSReference_fieldVisitTypesUnsecuredLoan" name="FTDSLOSReference_fieldVisitTypesUnsecuredLoan"
				 author="avoskresenskiy" class="ru.diasoft.init.api.executors.DmsInit"
				 command="startInstallation"
				 fileName="updates/6.01.01/References/FTDSLOSReference_fieldVisitTypesUnsecuredLoan.xml"
				 comment="[6.01.01] FTDS Reference of field visit types" service="dmsws"/>
		<changeSet id="FTDSLOSWizardFieldVerificationUnsecuredLoan" name="FTDSLOSWizardFieldVerificationUnsecuredLoan"
				 author="avoskresenskiy" class="ru.diasoft.init.api.executors.DmsInit"
				 command="startInstallation"
				 fileName="updates/6.01.01/Wizard/FTDSLOSWizardFieldVerificationUnsecuredLoan.xml"
				 comment="[6.01.01] FTDS Wizard Make Decision for field verification" service="dmsws"/>
		<changeSet id="FTDSLOSDecisionStage_finalApproval" name="FTDSLOSDecisionStage_finalApproval"
				 author="erymin" class="ru.diasoft.init.api.executors.DmsInit"
				 command="startInstallation"
				 fileName="updates/6.01.01/DecisionStages/FTDSLOSDecisionStage_finalApproval.xml"
				 comment="[6.01.01] FTDS Wizard Make Decision" service="dmsws"/>
		<changeSet id="FTDSLOSWizardFinalApprovalUnsecuredLoan" name="FTDSLOSWizardFinalApprovalUnsecuredLoan"
				 author="erymin" class="ru.diasoft.init.api.executors.DmsInit"
				 command="startInstallation"
				 fileName="updates/6.01.01/Wizard/FTDSLOSWizardFinalApprovalUnsecuredLoan.xml"
				 comment="[6.01.01] FTDS Wizard Make Decision" service="dmsws"/>
		<changeSet id="FTDSScriptAutoCheckUnsecuredLoan" name="FTDSScriptAutoCheckUnsecuredLoan"
				 author="avoskresenskiy" class="ru.diasoft.init.api.executors.DmsInit"
				 command="startInstallation"
				 fileName="updates/6.01.01/Scripts/FTDSScriptAutoCheckUnsecuredLoan.xml"
				 comment="[6.01.01] FTDS add script of checks for autochecks" service="dmsws"/>
		<changeSet id="FTDSLOSDecisionStage_rejectionActivity" name="FTDSLOSDecisionStage_rejectionActivity"
				 author="avoskresenskiy" class="ru.diasoft.init.api.executors.DmsInit"
				 command="startInstallation"
				 fileName="updates/6.01.01/DecisionStages/FTDSLOSDecisionStage_rejectionActivity.xml"
				 comment="[6.01.01] FTDS Decision Stage for Rejection Activity" service="dmsws"/>
		<changeSet id="FTDSLOSWizardRejectionActivityUnsecuredLoan" name="FTDSLOSWizardRejectionActivityUnsecuredLoan"
				 author="avoskresenskiy" class="ru.diasoft.init.api.executors.DmsInit"
				 command="startInstallation"
				 fileName="updates/6.01.01/Wizard/FTDSLOSWizardRejectionActivityUnsecuredLoan.xml"
				 comment="[6.01.01] FTDS Wizard Make Decision" service="dmsws"/>
		<changeSet id="FTDSLOSProcessType_dmsAutoNotificationCustomerINT" name="FTDSLOSProcessType_dmsAutoNotificationCustomerINT"
				 author="avoskresenskiy" class="ru.diasoft.init.api.executors.DmsInit"
				 command="startInstallation"
				 fileName="updates/6.01.01/Processes/FTDSLOSProcessType_dmsAutoNotificationCustomerINT.xml"
				 comment="[6.01.01] FTDS Process of customer automatic notification" service="dmsws"/>
		<changeSet id="FTDSScriptAutoCustomerNotificationUnsecuredLoan" name="FTDSScriptAutoCustomerNotificationUnsecuredLoan"
				 author="avoskresenskiy" class="ru.diasoft.init.api.executors.DmsInit"
				 command="startInstallation"
				 fileName="updates/6.01.01/Scripts/FTDSScriptAutoCustomerNotificationUnsecuredLoan.xml"
				 comment="[6.01.01] FTDS add script of checks for autonotification" service="dmsws"/>
		<changeSet id="FTDSLOSRulesCheckClientID" name="FTDSLOSRulesCheckClientID"
				 author="avoskresenskiy" class="ru.diasoft.init.api.executors.DmsInit"
				 command="startInstallation"
				 fileName="updates/6.01.01/Rules/FTDSLOSRulesCheckClientID.xml"
				 comment="[6.01.01] FTDS add rule for checking of client existance" service="dmsws"/>
		<changeSet id="FTDSScriptCreateUpdateCustomer" name="FTDSScriptCreateUpdateCustomer"
				 author="avoskresenskiy" class="ru.diasoft.init.api.executors.DmsInit"
				 command="startInstallation"
				 fileName="updates/6.01.01/Scripts/FTDSScriptCreateUpdateCustomer.xml"
				 comment="[6.01.01] FTDS add script of checks for create or update customer" service="dmsws"/>
		<changeSet id="FTDSLOSDecisionStage_contractProcessing" name="FTDSLOSDecisionStage_contractProcessing"
				 author="avoskresenskiy" class="ru.diasoft.init.api.executors.DmsInit"
				 command="startInstallation"
				 fileName="updates/6.01.01/DecisionStages/FTDSLOSDecisionStage_contractProcessing.xml"
				 comment="[6.01.01] FTDS Decision Stage for Contract Processing" service="dmsws"/>
		<changeSet id="FTDSLOSWizardContractProcessingUnsecuredLoan" name="FTDSLOSWizardContractProcessingUnsecuredLoan"
				 author="avoskresenskiy" class="ru.diasoft.init.api.executors.DmsInit"
				 command="startInstallation"
				 fileName="updates/6.01.01/Wizard/FTDSLOSWizardContractProcessingUnsecuredLoan.xml"
				 comment="[6.01.01] FTDS Wizard Make Decision" service="dmsws"/>
		<changeSet id="FTDSScriptDecisionCheckUnsecuredLoan" name="FTDSScriptDecisionCheckUnsecuredLoan"
				 author="avoskresenskiy" class="ru.diasoft.init.api.executors.DmsInit"
				 command="startInstallation"
				 fileName="updates/6.01.01/Scripts/FTDSScriptDecisionCheckUnsecuredLoan.xml"
				 comment="[6.01.01] FTDS add script of decision checks" service="dmsws"/>
		<changeSet id="FTDSLOSRouteRules_unsecuredLoanAppINT" name="FTDSLOSRouteRules_unsecuredLoanAppINT"
				 author="avoskresenskiy" class="ru.diasoft.init.api.executors.DmsInit"
				 command="startInstallation"
				 fileName="updates/6.01.01/Rules/FTDSLOSRouteRules_unsecuredLoanAppINT.xml"
				 comment="[6.01.01] FTDS add rule for routing" service="dmsws"/>
		<changeSet id="FTDSLOSWizardDisbursementUnsecuredLoan" name="FTDSLOSWizardDisbursementUnsecuredLoan"
				 author="erymin" class="ru.diasoft.init.api.executors.DmsInit"
				 command="startInstallation"
				 fileName="updates/6.01.01/Wizard/FTDSLOSWizardDisbursementUnsecuredLoan.xml"
				 comment="[6.01.01] FTDS Wizard Make Decision" service="dmsws"/>
		<changeSet id="FTDSLOSDecisionStage_disbursement" name="FTDSLOSDecisionStage_disbursement"
				 author="erymin" class="ru.diasoft.init.api.executors.DmsInit"
				 command="startInstallation"
				 fileName="updates/6.01.01/DecisionStages/FTDSLOSDecisionStage_disbursement.xml"
				 comment="[6.01.01] FTDS Wizard Make Decision" service="dmsws"/>
		<changeSet id="FTDSLOSWizardChecksProtocol" name="FTDSLOSWizardChecksProtocol"
				 author="avoskresenskiy" class="ru.diasoft.init.api.executors.DmsInit"
				 command="startInstallation"
				 fileName="updates/6.01.01/Wizard/FTDSLOSWizardChecksProtocol.xml"
				 comment="[6.01.01] FTDS Wizard Checks Protocol" service="dmsws"/>
		<changeSet id="FTDSLOSProcessType_dmsExecuteCheckByProtocolIdINT" name="FTDSLOSProcessType_dmsExecuteCheckByProtocolIdINT"
				 author="azverev" class="ru.diasoft.init.api.executors.DmsInit"
				 command="startInstallation"
				 fileName="updates/6.01.01/Processes/FTDSLOSProcessType_dmsExecuteCheckByProtocolIdINT.xml"
				 comment="[6.01.01] FTDS Process of execute check by protocol" service="dmsws"/>
		<changeSet id="FTDSLOSWizardFieldCheckResults_fix" name="FTDSLOSWizardFieldCheckResults_fix"
				 author="avoskresenskiy" class="ru.diasoft.init.api.executors.DmsInit"
				 command="startInstallation"
				 fileName="updates/6.01.02/Wizard/FTDSLOSWizardFieldCheckResults_fix.xml"
				 comment="[6.01.02] FTDS Wizard Field Check Results" service="dmsws"/>
		<changeSet id="FTDSLOSReference_EncounteredPersonTypes" name="FTDSLOSReference_EncounteredPersonTypes"
				 author="avoskresenskiy" class="ru.diasoft.init.api.executors.DmsInit"
				 command="startInstallation"
				 fileName="updates/6.01.02/References/FTDSLOSReference_EncounteredPersonTypes.xml"
				 comment="[6.01.02] FTDS Reference of encountered person types" service="dmsws"/>
		<changeSet id="FTDSLOSReference_fieldVisitTypesUnsecuredLoan_fix" name="FTDSLOSReference_fieldVisitTypesUnsecuredLoan_fix"
				 author="avoskresenskiy" class="ru.diasoft.init.api.executors.DmsInit"
				 command="startInstallation"
				 fileName="updates/6.01.02/References/FTDSLOSReference_fieldVisitTypesUnsecuredLoan_fix.xml"
				 comment="[6.01.02] FTDS Reference fixing field visit types" service="dmsws"/>
		<changeSet id="FTDSLOSWizardDocumentCheckUnsecuredLoan_fix" name="FTDSLOSWizardDocumentCheckUnsecuredLoan_fix"
				 author="avoskresenskiy" class="ru.diasoft.init.api.executors.DmsInit"
				 command="startInstallation"
				 fileName="updates/6.01.02/Wizard/FTDSLOSWizardDocumentCheckUnsecuredLoan_fix.xml"
				 comment="[6.01.02] FTDS Wizard fixing document check" service="dmsws"/>
		<changeSet id="FTDSScriptDecisionAutoDisbursementUnsecuredLoan" name="FTDSScriptDecisionAutoDisbursementUnsecuredLoan"
				 author="avoskresenskiy" class="ru.diasoft.init.api.executors.DmsInit"
				 command="startInstallation"
				 fileName="updates/6.01.02/Scripts/FTDSScriptDecisionAutoDisbursementUnsecuredLoan.xml"
				 comment="[6.01.02] FTDS add script of automatic disbursement" service="dmsws"/>
		<changeSet id="FTDSLOSWizardDisbursementUnsecuredLoan_fix" name="FTDSLOSWizardDisbursementUnsecuredLoan_fix"
				 author="avoskresenskiy" class="ru.diasoft.init.api.executors.DmsInit"
				 command="startInstallation"
				 fileName="updates/6.01.02/Wizard/FTDSLOSWizardDisbursementUnsecuredLoan_fix.xml"
				 comment="[6.01.02] FTDS Wizard fixing disbursement stage" service="dmsws"/>
			

		<!--6.03.01-->
		<!--общие проливки-->
		<changeSet id="FTDSObjTypeInstall_6.03.01" name="FTDSObjTypeInstall_6.03.01"
			   author="engrigoreva" class="ru.diasoft.init.api.executors.DmsInit"
			   command="startInstallation"
			   fileName="updates/6.03.01/References/FTDSLOSObjTypeInstall.xml"
			   comment="[6.03.01] FTDS Object type (add mortgage) " service="dmsws"/>
		
		<changeSet id="FTDSDecisionRef_6.03.01" name="FTDSDecisionRef_6.03.01"
			   author="engrigoreva" class="ru.diasoft.init.api.executors.DmsInit"
			   command="startInstallation"
			   fileName="updates/6.03.01/References/FTDSLOSDecisionRef.xml"
			   comment="[6.03.01] FTDS Decision reference " service="dmsws"/>
		
		<!--ипотека-->
		<changeSet id="FTDSScriptAutoCheckMortgage" name="FTDSScriptAutoCheckMortgage"
				 author="engrigoreva" class="ru.diasoft.init.api.executors.DmsInit"
				 command="startInstallation"
				 fileName="updates/6.03.01/Script/FTDSScriptAutoCheckMortgage.xml"
				 comment="[6.01.03] FTDS Automatic Check for mortgage" service="dmsws"/>
		<changeSet id="FTDSLOS_newStage_update" name="FTDSLOS_newStage_update"
				 author="engrigoreva" class="ru.diasoft.init.api.executors.DmsInit"
				 command="startInstallation"
				 fileName="updates/6.03.01/Script/FTDSLOS_newStage_update.xml"		 
				 comment="[6.03.01] FTDS script add Mortgage" service="dmsws"/>			 
		<changeSet id="FTDSLOSDecisionStage_updateApprovalResultNotif_addMortgage_6.03.01-v3" name="FTDSLOSDecisionStage_updateApprovalResultNotif_addMortgage_6.03.01-v3"
			   author="engrigoreva" class="ru.diasoft.init.api.executors.DmsInit"
			   command="startInstallation"
			   fileName="updates/6.03.01/DecisionStages/FTDSLOSDecisionStage_updateApprovalResultNotif_addMortgage.xml"
			   comment="[6.03.01] FTDS Decision Stages add mortgage to Approval Result Notififcation " service="dmsws"/>		 	 
		<changeSet id="FTDSLOSDecisionStage_updateApproverMD_addMortgage_6.03.01-v3" name="FTDSLOSDecisionStage_updateApproverMD_addMortgage_6.03.01-v3"
			   author="engrigoreva" class="ru.diasoft.init.api.executors.DmsInit"
			   command="startInstallation"
			   fileName="updates/6.03.01/DecisionStages/FTDSLOSDecisionStage_updateApproverMD_addMortgage.xml"
			   comment="[6.03.01] FTDS Decision Stages add mortgage to Approver Make Decision " service="dmsws"/>		 
		<changeSet id="FTDSLOSDecisionStage_updateEscalation_addMortgage_6.03.01-v3" name="FTDSLOSDecisionStage_updateEscalation_addMortgage_6.03.01-v3"
			   author="engrigoreva" class="ru.diasoft.init.api.executors.DmsInit"
			   command="startInstallation"
			   fileName="updates/6.03.01/DecisionStages/FTDSLOSDecisionStage_updateEscalation_addMortgage.xml"
			   comment="[6.03.01] FTDS Decision Stages add mortgage to Escalation Approval " service="dmsws"/>		 
		<changeSet id="FTDSLOSDecisionStage_updateMMControl_addMortgage_6.03.01-v3" name="FTDSLOSDecisionStage_updateMMControl_addMortgage_6.03.01-v3"
			   author="engrigoreva" class="ru.diasoft.init.api.executors.DmsInit"
			   command="startInstallation"
			   fileName="updates/6.03.01/DecisionStages/FTDSLOSDecisionStage_updateMMControl_addMortgage.xml"
			   comment="[6.03.01] FTDS Decision Stages add mortgage to MM Control " service="dmsws"/>		 
		<changeSet id="FTDSLOSDecisionStage_updateMMPreparation_addMortgage_6.03.01-v3" name="FTDSLOSDecisionStage_updateMMPreparation_addMortgage_6.03.01-v3"
			   author="engrigoreva" class="ru.diasoft.init.api.executors.DmsInit"
			   command="startInstallation"
			   fileName="updates/6.03.01/DecisionStages/FTDSLOSDecisionStage_updateMMPreparation_addMortgage.xml"
			   comment="[6.03.01] FTDS Decision Stages add mortgage to MM Preparation " service="dmsws"/>		 
		<changeSet id="FTDSApprovalResultNotification_addMortgage_6.03.01" name="FTDSApprovalResultNotification_addMortgage"
			   author="engrigoreva" class="ru.diasoft.init.api.executors.DmsInit"
			   command="startInstallation"
			   fileName="updates/6.03.01/Script/FTDSApprovalResultNotification_addMortgage.xml"
			   comment="[6.03.01] auto email notification check for mortgage" service="dmsws"/>
				 
			
			
		<!--data input control-->
		<changeSet id="FTDSLOSDecisionStage_updateDataInputControl_addMortgage_6.03.01-v3" name="FTDSLOSDecisionStage_updateDataInputControl_addMortgage_6.03.01-v3"
			   author="engrigoreva" class="ru.diasoft.init.api.executors.DmsInit"
			   command="startInstallation"
			   fileName="updates/6.03.01/DecisionStages/FTDSLOSDecisionStage_updateDataInputControl_addMortgage.xml"
			   comment="[6.03.01] FTDS Decision Stages add mortgage to Data Input Control " service="dmsws"/>	
		<changeSet id="FTDSLOSWizardDataInputControl_addMortgage_6.03.01" name="FTDSLOSWizardDataInputControl_addMortgage_6.03.01"
				 author="azverev" class="ru.diasoft.init.api.executors.DmsInit"
				 command="startInstallation"
				 fileName="updates/6.03.01/Wizard/FTDSLOSWizardDataInputControl_addMortgage.xml"
				 comment="[6.01.03] FTDS Data Input Control (add product mortgage form)" service="dmsws"/>
		<!--decision stages-->
		<changeSet id="FTDSLOSDecisionStage_updateMDBranchManager_addMortgage6.03.01-v3" name="FTDSLOSDecisionStage_updateMDBranchManager_addMortgage_6.03.01-v3"
			   author="engrigoreva" class="ru.diasoft.init.api.executors.DmsInit"
			   command="startInstallation"
			   fileName="updates/6.03.01/DecisionStages/FTDSLOSDecisionStage_updateMDBranchManager_addMortgage.xml"
			   comment="[6.03.01] FTDS Decision Stages add mortgage to Branch Manager" service="dmsws"/>
		<changeSet id="FTDSLOSDecisionStage_updateMakeRecomend_addMortgage6.03.01" name="FTDSLOSDecisionStage_updateMakeRecomend_addMortgage"
			   author="engrigoreva" class="ru.diasoft.init.api.executors.DmsInit"
			   command="startInstallation"
			   fileName="updates/6.03.01/DecisionStages/FTDSLOSDecisionStage_updateMakeRecomend_addMortgage.xml"
			   comment="[6.03.01] FTDS Decision Stages add mortgage to Make Recommendation" service="dmsws"/>
			   
		<changeSet id="FTDSLOSScriptRoutingFromStepMortgage_6.03.01" name="FTDSLOSScriptRoutingFromStepMortgage"
			   author="engrigoreva" class="ru.diasoft.init.api.executors.DmsInit"
			   command="startInstallation"
			   fileName="updates/6.03.01/Script/FTDSLOSScriptRoutingFromStepMortgage.xml"
			   comment="[6.03.01] routing for mortgage" service="dmsws"/>
		
		
		<!--F0-->	
		<changeSet id="FTDSLOSDecisionStage_updateAutoChecksVerification_6.03.01-v3" name="FTDSLOSDecisionStage_updateAutoChecksVerification_6.03.01-v3"
			   author="engrigoreva" class="ru.diasoft.init.api.executors.DmsInit"
			   command="startInstallation"
			   fileName="updates/6.03.01/DecisionStages/FTDSLOSDecisionStage_updateAutoChecksVerification.xml"
			   comment="[6.03.01] FTDS Decision Stages (Automatic Checks Verification) " service="dmsws"/>	   
		
		<changeSet id="FTDSWizardAutoCheckVerification_addFormParam_v2" name="FTDSWizardAutoCheckVerification_addFormParam_v2"
				 author="azverev" class="ru.diasoft.init.api.executors.DmsInit"
				 command="startInstallation"
				 fileName="updates/6.03.01/Wizard/FTDSLOSWizardAutoCheckVerification_addFormParam.xml"
				 comment="[6.01.03] FTDS Automatic Check Verification Add Form Params" service="dmsws"/>
		
		<changeSet id="FTDSroutingHOBranchCard_update_6.03.01" name="FTDSroutingHOBranchCard_update_6.03.01"
			   author="engrigoreva" class="ru.diasoft.init.api.executors.DmsInit"
			   command="startInstallation"
			   fileName="updates/6.03.01/Script/FTDSroutingHOBranchCard_update.xml"
			   comment="[6.03.01] FTDS Update routing from LOSRouting State for Credit Card" service="dmsws"/>
		<changeSet id="FTDSLOSWizardMakeDecision_upd2" name="FTDSLOSWizardMakeDecision_upd2"
	                   author="azverev" class="ru.diasoft.init.api.executors.DmsInit"
			   command="startInstallation"
			   fileName="updates/6.01.03/Wizard/FTDSLOSWizardMakeDecision_upd2.xml"
			   comment="[6.01.03] FTDS Update Make Decision Wizard" service="dmsws"/>				 
		<changeSet id="FTDSroutingHOBranchAuto_update_6.03.01" name="FTDSroutingHOBranchAuto_update_6.03.01"
			   author="engrigoreva" class="ru.diasoft.init.api.executors.DmsInit"
			   command="startInstallation"
			   fileName="updates/6.03.01/Script/FTDSroutingHOBranchAuto_update.xml"
			   comment="[6.03.01] FTDS Update routing from LOSRouting State for AutoLoan" service="dmsws"/>	
		<changeSet id="FTDSroutingHOBranchMortgage_6.03.01" name="FTDSroutingHOBranchMortgage_6.03.01"
			   author="engrigoreva" class="ru.diasoft.init.api.executors.DmsInit"
			   command="startInstallation"
			   fileName="updates/6.03.01/Script/FTDSroutingHOBranchMortgage.xml"
			   comment="[6.03.01] FTDS Update routing from LOSRouting State for Mortgage" service="dmsws"/>			   
		<changeSet id="FTDSrouteToHOINT_modifyNode_6.03.01-v1" name="FTDSrouteToHOINT_modifyNode_6.03.01-v1"
			   author="engrigoreva" class="ru.diasoft.init.api.executors.DmsInit"
			   command="startInstallation"
			   fileName="updates/6.03.01/Rules/FTDSrouteToHOINT_modifyNode.xml"
			   comment="[6.03.01] FTDS Update Routing Rule" service="dmsws"/>	
			   
		<!--F2/N-->
		
		<changeSet id="FTDSLOSScriptRoutingFromStep_DocsChecks_Card_6.03.01" name="FTDSLOSScriptRoutingFromStep_DocsChecks_Card_6.03.01"
			   author="engrigoreva" class="ru.diasoft.init.api.executors.DmsInit"
			   command="startInstallation"
			   fileName="updates/6.03.01/Script/FTDSLOSScriptRoutingFromStep_DocsChecks_Card.xml"
			   comment="[6.03.01] FTDS Update routing from LOSDocChecks and add routing from LOSDOCSCheck_F1 for Credit Card" service="dmsws"/>	
		<changeSet id="FTDSLOSScriptRoutingFromStep_DocsChecks_Auto_6.03.01" name="FTDSLOSScriptRoutingFromStep_DocsChecks_Auto_6.03.01"
			   author="engrigoreva" class="ru.diasoft.init.api.executors.DmsInit"
			   command="startInstallation"
			   fileName="updates/6.03.01/Script/FTDSLOSScriptRoutingFromStep_DocsChecks_Auto.xml"
			   comment="[6.03.01] FTDS Update routing from LOSDocChecks and add routing from LOSDOCSCheck_F1 for Autoloan" service="dmsws"/>
			
		<changeSet id="FTDSLOSWizardDocumentCheck_update" name="FTDSLOSWizardDocumentCheck_update"
				 author="azverev" class="ru.diasoft.init.api.executors.DmsInit"
				 command="startInstallation"
				 fileName="updates/6.03.01/Wizard/FTDSLOSWizardDocumentCheck_update.xml"
				 comment="[6.01.03] FTDS Document Check modify (remove underwriter)" service="dmsws"/>
			  
		<changeSet id="FTDSLOSWizardMakeRecomendations_update_6.03.01" name="FTDSLOSWizardMakeRecomendations_update_6.03.01"
				 author="azverev" class="ru.diasoft.init.api.executors.DmsInit"
				 command="startInstallation"
				 fileName="updates/6.03.01/Wizard/FTDSLOSWizardMakeRecomendations_update.xml"
				 comment="[6.01.03] FTDS Make Recommendations update" service="dmsws"/>
			   
				 
		<!--F1-->
		<changeSet id="FTDSruleSendToHOApprover_F1_6.03.01" name="FTDSruleSendToHOApprover_F1_6.03.01"
			   author="engrigoreva" class="ru.diasoft.init.api.executors.DmsInit"
			   command="startInstallation"
			   fileName="updates/6.03.01/Rules/FTDSruleSendToHOApprover_F1.xml"
			   comment="[6.03.01] FTDS Add rulle ruleSendToHOApprover_F1" service="dmsws"/>	

		<!--F2-->
		<changeSet id="FTDSrulesForRoutingF2N_6.03.01" name="FTDSrulesForRoutingF2N_6.03.01"
			   author="engrigoreva" class="ru.diasoft.init.api.executors.DmsInit"
			   command="startInstallation"
			   fileName="updates/6.03.01/Rules/FTDSrulesForRoutingF2N.xml"
			   comment="[6.03.01] FTDS Add rulle FTDSrulesForRoutingF2N" service="dmsws"/>			 
		<changeSet id="FTDSLOS_routingF2N_6.03.01" name="FTDSLOS_routingF2N_6.03.01"
			   author="engrigoreva" class="ru.diasoft.init.api.executors.DmsInit"
			   command="startInstallation"
			   fileName="updates/6.03.01/Script/FTDSLOS_routingF2N.xml"
			   comment="[6.03.01] FTDS Add script FTDSLOS_routingF2N" service="dmsws"/>	

		<!-- N flow -->
		<changeSet id="FTDSLOSDecisionStage_12stepControl_6.03.01" name="FTDSLOSDecisionStage_12stepControl_6.03.01"
			   author="engrigoreva" class="ru.diasoft.init.api.executors.DmsInit"
			   command="startInstallation"
			   fileName="updates/6.03.01/DecisionStages/FTDSLOSDecisionStage_12stepControl.xml"
			   comment="[6.03.01] FTDS Decision Stages (step of controls)" service="dmsws"/>
		<changeSet id="FTDSLOS_routingN_6.03.01" name="FTDSLOS_routingN_6.03.01"
			   author="engrigoreva" class="ru.diasoft.init.api.executors.DmsInit"
			   command="startInstallation"
			   fileName="updates/6.03.01/Script/FTDSLOS_routingN.xml"
			   comment="[6.03.01] FTDS Add script FTDSLOS_routingN" service="dmsws"/>
		<changeSet id="FTDSLOSWizard2StepControl_6.03.01" name="FTDSLOSWizard2StepControl_6.03.01"
				 author="azverev" class="ru.diasoft.init.api.executors.DmsInit"
				 command="startInstallation"
				 fileName="updates/6.03.01/Wizard/FTDSLOSWizard2StepControl.xml"
				 comment="[6.01.03] FTDS controls wizard update" service="dmsws"/>
		<changeSet id="FTDSLOSScriptRoutingFromStep_F2N_Auto_6.03.01" name="FTDSLOSScriptRoutingFromStep_F2N_Auto_6.03.01"
			   author="engrigoreva" class="ru.diasoft.init.api.executors.DmsInit"
			   command="startInstallation"
			   fileName="updates/6.03.01/Script/FTDSLOSScriptRoutingFromStep_F2N_Auto.xml"
			   comment="[6.03.01] FTDS Add script FTDSLOSScriptRoutingFromStep_F2N_Auto" service="dmsws"/>	
		<changeSet id="FTDSLOSScriptRoutingFromStep_F2N_Card_6.03.01" name="FTDSLOSScriptRoutingFromStep_F2N_Card_6.03.01"
			   author="engrigoreva" class="ru.diasoft.init.api.executors.DmsInit"
			   command="startInstallation"
			   fileName="updates/6.03.01/Script/FTDSLOSScriptRoutingFromStep_F2N_Card.xml"	
				comment="[6.03.01] FTDS Add script FTDSLOSScriptRoutingFromStep_F2N_Card" service="dmsws"/>				   
				 
		<!-- FIX-->		
		<changeSet id="FTDSLOSWizardAutoCheckVerification_addMortgage" name="FTDSLOSWizardAutoCheckVerification_addMortgage"
				 author="azverev" class="ru.diasoft.init.api.executors.DmsInit"
				 command="startInstallation"
				 fileName="updates/6.03.01/Wizard/FTDSLOSWizardAutoCheckVerification_addMortgage.xml"
				 comment="[6.03.01] FTDS Automatic Check Verification add mortgage check list" service="dmsws"/>
				 
		<changeSet id="FTDSLOSDecisionStage_modifyDocumentChecks_6.03.01" name="FTDSLOSDecisionStage_modifyDocumentChecks_6.03.01"
			   author="engrigoreva" class="ru.diasoft.init.api.executors.DmsInit"
			   command="startInstallation"
			   fileName="updates/6.03.01/DecisionStages/FTDSLOSDecisionStage_modifyDocumentChecks.xml"
			   comment="[6.03.01] FTDS Decision Stages (step of document check)" service="dmsws"/>		 
				 
		<changeSet id="FTDSLOSWizardDocumentCheck_update_user_6.03.01" name="FTDSLOSWizardDocumentCheck_update_user_6.03.01"
			   author="engrigoreva" class="ru.diasoft.init.api.executors.DmsInit"
			   command="startInstallation"
			   fileName="updates/6.03.01/Wizard/FTDSLOSWizardDocumentCheck_update_user.xml"
			   comment="[6.03.01] FTDS Add users for document check wizard (remove escalation case)" service="dmsws"/>	

		<changeSet id="FTDSLOSWizardMakeRecomendations_update_user_6.03.01" name="FTDSLOSWizardMakeRecomendations_update_user_6.03.01"
			   author="engrigoreva" class="ru.diasoft.init.api.executors.DmsInit"
			   command="startInstallation"
			   fileName="updates/6.03.01/Wizard/FTDSLOSWizardMakeRecomendations_update_user.xml"
			   comment="[6.03.01] FTDS Add users for make recommendation wizard " service="dmsws"/>				   	

		<!--changeSet id="FTDSLOSWizardMakeDecision_fix_6.03.01" name="FTDSLOSWizardMakeDecision_fix_6.03.01"
			   author="engrigoreva" class="ru.diasoft.init.api.executors.DmsInit"
			   command="startInstallation"
			   fileName="updates/6.03.01/Wizard/FTDSLOSWizardMakeDecision_fix.xml"
			   comment="[6.03.01] FTDS FIX make decision wizards" service="dmsws"/-->	
			   
		<changeSet id="FTDSruleRoutingAfterDocumentSupplement_6.03.01" name="FTDSruleRoutingAfterDocumentSupplement_6.03.01"
			   author="engrigoreva" class="ru.diasoft.init.api.executors.DmsInit"
			   command="startInstallation"
			   fileName="updates/6.03.01/Rules/FTDSruleRoutingAfterDocumentSupplement.xml"
			   comment="[6.03.01] FTDS add rules for check" service="dmsws"/>
		<changeSet id="FTDSruleRoutingAfterDocumentSupplement_checkDecision_6.03.01" name="FTDSruleRoutingAfterDocumentSupplement_checkDecision_6.03.01"
			   author="engrigoreva" class="ru.diasoft.init.api.executors.DmsInit"
			   command="startInstallation"
			   fileName="updates/6.03.01/Rules/FTDSruleRoutingAfterDocumentSupplement_checkDecision.xml"
			   comment="[6.03.01] FTDS rules for document supplement check decision" service="dmsws"/>
			   
		<changeSet id="FTDSLOS_routingAfterDocumentSupplement_6.03.01" name="FTDSLOS_routingAfterDocumentSupplement_6.03.01"
			   author="engrigoreva" class="ru.diasoft.init.api.executors.DmsInit"
			   command="startInstallation"
			   fileName="updates/6.03.01/Script/FTDSLOS_routingAfterDocumentSupplement.xml"	
				comment="[6.03.01] FTDS Add script FTDSLOS_routingAfterDocumentSupplement" service="dmsws"/>			   

		<changeSet id="FTDSLOSScriptRoutingFromStepMortgage_fix12control_6.03.01" name="FTDSLOSScriptRoutingFromStepMortgage_fix12control_6.03.01"
			   author="engrigoreva" class="ru.diasoft.init.api.executors.DmsInit"
			   command="startInstallation"
			   fileName="updates/6.03.01/Script/FTDSLOSScriptRoutingFromStepMortgage_fix12control.xml"	
				comment="[6.03.01] FTDS update 12 step control routing point name for mortgage" service="dmsws"/>				

		<changeSet id="FTDSLOSWizard2StepControl_fix_6.03.01" name="FTDSLOSWizard2StepControl_fix_6.03.01"
			   author="engrigoreva" class="ru.diasoft.init.api.executors.DmsInit"
			   command="startInstallation"
			   fileName="updates/6.03.01/Wizard/FTDSLOSWizard2StepControl_fix.xml"	
				comment="[6.03.01] FTDS update wizard params" service="dmsws"/>					

		<changeSet id="FTDSLOS_routingF2N_fix_6.03.01" name="FTDSLOS_routingF2N_fix_6.03.01"
			   author="engrigoreva" class="ru.diasoft.init.api.executors.DmsInit"
			   command="startInstallation"
			   fileName="updates/6.03.01/Script/FTDSLOS_routingF2N_fix.xml"	
				comment="[6.03.01] FTDS update script" service="dmsws"/>		

		<!--HF1 -->
		<changeSet id="FTDSLOSScriptRoutingFromStepMortgage_makeDecisionHO_6.03.01" name="FTDSLOSScriptRoutingFromStepMortgage_makeDecisionHO"
			   author="engrigoreva" class="ru.diasoft.init.api.executors.DmsInit"
			   command="startInstallation"
			   fileName="updates/6.03.01/Script/FTDSLOSScriptRoutingFromStepMortgage_makeDecisionHO.xml"	
				comment="[6.03.01] FTDS update script decisionCheckINT_mortgage  ADD the rotuting for MAKE DECISION HO" service="dmsws"/>				
		
		<!--FTDSProcDmsScoringINT.xml-->
		<changeSet id="FTDSProcDmsScoringINT" name="FTDSProcDmsScoringINT"
			    author="anikulina" class="ru.diasoft.init.api.executors.DmsInit" 
				command="startInstallation"
				fileName="updates/6.05.01/FTDSProcDmsScoringINT.xml"
				comment="FTDS Process DmsScoringINT" service="dmsws"/>		
				
		<changeSet id="FTDSLOSWizardMakeDecision_fix2" name="FTDSLOSWizardMakeDecision_fix2"
			    author="anikulina" class="ru.diasoft.init.api.executors.DmsInit" 
				command="startInstallation"
				fileName="updates/6.06.01/FTDSLOSWizardMakeDecision_fix2.xml"
				comment="FTDSLOS Wizard Make Decision_fix2" service="dmsws"/>	

		<changeSet id="FTDS_modifiedAttributes-v1" name="FTDS data"
			author="anikulina" class="ru.diasoft.init.api.executors.DmsInit" 
			command="startInstallation"
			fileName="updates/6.05.01/FTDS_modifiedAttributes.xml"
			comment="FTDS_modifiedAttributes" service="frontws2"/>	

		<changeSet id="FTDSLOSExeptionBranches-v1" name="FTDSLOSExeptionBranches"
			    author="anikulina" class="ru.diasoft.init.api.executors.DmsInit" 
				command="startInstallation"
				fileName="updates/6.06.01/FTDSLOSExeptionBranches.xml"
				comment="FTDSLOS Exeption Branches" service="dmsws"/>	

		<changeSet id="FTDSLOSWizardAutoCheckVerification_fixDepartment-v1" name="FTDSLOSWizardAutoCheckVerification_fixDepartment"
			    author="anikulina" class="ru.diasoft.init.api.executors.DmsInit" 
				command="startInstallation"
				fileName="updates/6.06.01/FTDSLOSWizardAutoCheckVerification_fixDepartment.xml"
				comment="FTDSLOS Wizard Auto Check Verification fix Department" service="dmsws"/>					
	 
	 	<changeSet id="FTDSRouteToHOINT_fix-v2" name="FTDSRouteToHOINT_fix-v2"
			    author="anikulina" class="ru.diasoft.init.api.executors.DmsInit" 
				command="startInstallation"
				fileName="updates/6.06.01/FTDSRouteToHOINT_fix.xml"
				comment="FTDSLOS Wizard Auto Check Verification fix Department" service="dmsws"/>	
		
		<changeSet id="FTDSLOSReviewApproverHOCard-v1" name="FTDSLOSReviewApproverHOCard"
			    author="anikulina" class="ru.diasoft.init.api.executors.DmsInit" 
				command="startInstallation"
				fileName="updates/6.06.01/FTDSLOSReviewApproverHOCard.xml"
				comment="FTDSLOS Wizard Auto Check Verification fix Department" service="frontws2"/>	
		
		<changeSet id="FTDSLOSReviewApproverHOAutoLoan-v1" name="FTDSLOSReviewApproverHOAutoLoan"
			    author="anikulina" class="ru.diasoft.init.api.executors.DmsInit" 
				command="startInstallation"
				fileName="updates/6.06.01/FTDSLOSReviewApproverHOAutoLoan.xml"
				comment="FTDSLOS Wizard Auto Check Verification fix Department" service="frontws2"/>	
		
		<changeSet id="FTDSLOSReviewApproverHOMortgage-v1" name="FTDSLOSReviewApproverHOMortgage"
			    author="anikulina" class="ru.diasoft.init.api.executors.DmsInit" 
				command="startInstallation"
				fileName="updates/6.06.01/FTDSLOSReviewApproverHOMortgage.xml"
				comment="FTDSLOS Wizard Auto Check Verification fix Department" service="frontws2"/>

	 	<changeSet id="FTDSLOSruleSendToHOApprover_F0-v2" name="FTDSLOSruleSendToHOApprover_F0"
			    author="anikulina" class="ru.diasoft.init.api.executors.DmsInit" 
				command="startInstallation"
				fileName="updates/6.06.01/FTDSLOSruleSendToHOApprover_F0.xml"
				comment="FTDSLOS Wizard Auto Check Verification fix Department" service="dmsws"/>

		<changeSet id="FTDS_modifiedAttributes_fix-v1" name="FTDS_modifiedAttributes_fix"
			    author="anikulina" class="ru.diasoft.init.api.executors.DmsInit" 
				command="startInstallation"
				fileName="updates/6.06.01/FTDS_modifiedAttributes_fix.xml"
				comment="FTDS Modified Attributes add controlMethod" service="dmsws"/>

				
			<!--6.08.01-->
			<!-- Update wizards -->
		<!--changeSet id="FTDSLOSWizardDataInputControl_addConsumer-v1" name="FTDSLOSWizardDataInputControl_addConsumer"
			    author="anikulina" class="ru.diasoft.init.api.executors.DmsInit" 
				command="startInstallation"
				fileName="updates/6.08.01/Wizard/FTDSLOSWizardDataInputControl_addConsumer.xml"
				comment="FTDS decision Check Consumer INT" service="frontws2"/>
				
		<changeSet id="FTDSLOSWizarddecisionMakingRecommendationINT_addConsumer-v1" name="FTDSLOSWizarddecisionMakingRecommendationINT_addConsumer"
			    author="anikulina" class="ru.diasoft.init.api.executors.DmsInit" 
				command="startInstallation"
				fileName="updates/6.08.01/Wizard/FTDSLOSWizarddecisionMakingRecommendationINT_addConsumer.xml"
				comment="FTDS LOS Wizard decisionMakingRecommendationINT_addConsumer" service="frontws2"/>
				
		<changeSet id="FTDSLOSWizardDecisionApproverHeadOfficeINT_addConsumer-v3" name="FTDSLOSWizardDecisionApproverHeadOfficeINT_addConsumer"
			    author="anikulina" class="ru.diasoft.init.api.executors.DmsInit" 
				command="startInstallation"
				fileName="updates/6.08.01/Wizard/FTDSLOSWizardDecisionApproverHeadOfficeINT_addConsumer.xml"
				comment="FTDS LOS Wizard decisionMakingRecommendationINT_addConsumer" service="frontws2"/>
		
		<changeSet id="FTDSLOSWizardDecisionControlUnderwriterRecommendations_addConsumer-v1" name="FTDSLOSWizardDecisionControlUnderwriterRecommendations_addConsumer"
			    author="anikulina" class="ru.diasoft.init.api.executors.DmsInit" 
				command="startInstallation"
				fileName="updates/6.08.01/Wizard/FTDSLOSWizardDecisionControlUnderwriterRecommendations_addConsumer.xml"
				comment="FTDS LOS Wizard decisionMakingRecommendationINT_addConsumer" service="frontws2"/>

		<changeSet id="FTDSLOSWizardDecisionBranchManagerINT_addConsumer-v1" name="FTDSLOSWizardDecisionBranchManagerINT_addConsumer"
			    author="anikulina" class="ru.diasoft.init.api.executors.DmsInit" 
				command="startInstallation"
				fileName="updates/6.08.01/Wizard/FTDSLOSWizardDecisionBranchManagerINT_addConsumer.xml"
				comment="FTDS LOS Wizard FTDSLOSWizardDecisionBranchManagerINT_addConsumer" service="frontws2"/>				
		
		<changeSet id="FTDSLOSWizardDecisionCreditCommitteeINT_addConsumer-v1" name="FTDSLOSWizardDecisionCreditCommitteeINT_addConsumer"
			    author="anikulina" class="ru.diasoft.init.api.executors.DmsInit" 
				command="startInstallation"
				fileName="updates/6.08.01/Wizard/FTDSLOSWizardDecisionCreditCommitteeINT_addConsumer.xml"
				comment="FTDS LOS Wizard decisionMakingRecommendationINT_addConsumer" service="frontws2"/-->		
				
		<!-- Object -->
		<changeSet id="FTDSLOSObjTypeInstall_6_08_01-v1" name="FTDSLOSObjTypeInstall_6_08_01"
			    author="engrigoreva" class="ru.diasoft.init.api.executors.DmsInit" 
				command="startInstallation"
				fileName="updates/6.08.01/FTDSLOSObjTypeInstall_6_08_01.xml"
				comment="FTDS LOS add consumerL" service="dmsws"/>		

		<!-- Decision States -->	
			<changeSet id="FTDSLOSDecisionStage_updateAutoChecksVerification-v1" name="FTDSLOSDecisionStage_updateAutoChecksVerification"
					author="engrigoreva" class="ru.diasoft.init.api.executors.DmsInit" 
					command="startInstallation"
					fileName="updates/6.08.01/DecisionStages/FTDSLOSDecisionStage_updateAutoChecksVerification.xml"
					comment="FTDS LOS update AutoChecksVerification decision stages" service="dmsws"/>	
					
			<changeSet id="FTDSLOSDecisionStage_updateApproverMD_addConsumer-v1" name="FTDSLOSDecisionStage_updateApproverMD_addConsumer"
					author="engrigoreva" class="ru.diasoft.init.api.executors.DmsInit" 
					command="startInstallation"
					fileName="updates/6.08.01/DecisionStages/FTDSLOSDecisionStage_updateApproverMD_addConsumer.xml"
					comment="FTDS LOS update Make Decision HO decision stages" service="dmsws"/>	
									
			<changeSet id="FTDSLOSDecisionStage_updateDataInputControl_addConsumer-v1" name="FTDSLOSDecisionStage_updateDataInputControl_addConsumer"
					author="engrigoreva" class="ru.diasoft.init.api.executors.DmsInit" 
					command="startInstallation"
					fileName="updates/6.08.01/DecisionStages/FTDSLOSDecisionStage_updateDataInputControl_addConsumer.xml"
					comment="FTDS LOS update Data Input Control decision stages" service="dmsws"/>
					
			<changeSet id="FTDSLOSDecisionStage_updateMDBranchManager_addConsumer-v1" name="FTDSLOSDecisionStage_updateMDBranchManager_addConsumer"
					author="engrigoreva" class="ru.diasoft.init.api.executors.DmsInit" 
					command="startInstallation"
					fileName="updates/6.08.01/DecisionStages/FTDSLOSDecisionStage_updateMDBranchManager_addConsumer.xml"
					comment="FTDS LOS update Make Decision BM decision stages" service="dmsws"/>
									
			<changeSet id="FTDSLOSDecisionStage_updateEscalation_addConsumer-v1" name="FTDSLOSDecisionStage_updateEscalation_addConsumer"
					author="engrigoreva" class="ru.diasoft.init.api.executors.DmsInit" 
					command="startInstallation"
					fileName="updates/6.08.01/DecisionStages/FTDSLOSDecisionStage_updateEscalation_addConsumer.xml"
					comment="FTDS LOS update Escalation decision stages" service="dmsws"/>
									
			<changeSet id="FTDSLOSDecisionStage_updateMakeRecomend_addConsumer-v1" name="FTDSLOSDecisionStage_updateMakeRecomend_addConsumer"
					author="engrigoreva" class="ru.diasoft.init.api.executors.DmsInit" 
					command="startInstallation"
					fileName="updates/6.08.01/DecisionStages/FTDSLOSDecisionStage_updateMakeRecomend_addConsumer.xml"
					comment="FTDS LOS update Make Recommendations decision stages" service="dmsws"/>
					
			<changeSet id="FTDSLOSDecisionStage_updateMMControl_addConsumer-v1" name="FTDSLOSDecisionStage_updateMMControl_addConsumer"
					author="engrigoreva" class="ru.diasoft.init.api.executors.DmsInit" 
					command="startInstallation"
					fileName="updates/6.08.01/DecisionStages/FTDSLOSDecisionStage_updateMMControl_addConsumer.xml"
					comment="FTDS LOS update Meteeng Menutes Control decision stages" service="dmsws"/>
					
			<changeSet id="FTDSLOSDecisionStage_updateMMPreparation_addConsumer-v1" name="FTDSLOSDecisionStage_updateMMPreparation_addConsumer"
					author="engrigoreva" class="ru.diasoft.init.api.executors.DmsInit" 
					command="startInstallation"
					fileName="updates/6.08.01/DecisionStages/FTDSLOSDecisionStage_updateMMPreparation_addConsumer.xml"
					comment="FTDS LOS update Meteeng Menutes Preparation decision stages" service="dmsws"/>
									
			<changeSet id="FTDSLOSDecisionStage_12stepControl_addConsumer-v1" name="FTDSLOSDecisionStage_12stepControl_addConsumer"
					author="engrigoreva" class="ru.diasoft.init.api.executors.DmsInit" 
					command="startInstallation"
					fileName="updates/6.08.01/DecisionStages/FTDSLOSDecisionStage_12stepControl_addConsumer.xml"
					comment="FTDS LOS update 1 2 control decision stages" service="dmsws"/>
						
			<changeSet id="FTDSLOSDecisionStage_updateApprovalResultNotif_addConsumer-v1" name="FTDSLOSDecisionStage_updateApprovalResultNotif_addConsumer"
					author="engrigoreva" class="ru.diasoft.init.api.executors.DmsInit" 
					command="startInstallation"
					fileName="updates/6.08.01/DecisionStages/FTDSLOSDecisionStage_updateApprovalResultNotif_addConsumer.xml"
					comment="FTDS LOS update Approve Result Notification decision stages" service="dmsws"/>
			
		
		<!-- Scripts -->
		<changeSet id="FTDSScriptAutoCheckConsumer-v1" name="FTDSScriptAutoCheckConsumer"
			    author="engrigoreva" class="ru.diasoft.init.api.executors.DmsInit" 
				command="startInstallation"
				fileName="updates/6.08.01/Script/FTDSScriptAutoCheckConsumer.xml"
				comment="FTDS LOS add automatic check script for consumer loan" service="dmsws"/>	
				
		<changeSet id="FTDSScriptRoutingDecisionStage-v1" name="FTDSScriptRoutingDecisionStage"
			    author="engrigoreva" class="ru.diasoft.init.api.executors.DmsInit" 
				command="startInstallation"
				fileName="updates/6.08.01/Script/FTDSScriptRoutingDecisionStage.xml"
				comment="FTDS LOS add routing decision stage script for consumer loan" service="dmsws"/>	
				
		<changeSet id="FTDSScriptTechnicalRoutingEscINT_update-v1" name="FTDSScriptTechnicalRoutingEscINT_update"
			    author="engrigoreva" class="ru.diasoft.init.api.executors.DmsInit" 
				command="startInstallation"
				fileName="updates/6.08.01/Script/FTDSScriptTechnicalRoutingEscINT_update.xml"
				comment="FTDS LOS add technical routing script for consumer loan" service="dmsws"/>
				
		<changeSet id="FTDSScriptroutingN_update-v1" name="FTDSScriptroutingN_update"
			    author="engrigoreva" class="ru.diasoft.init.api.executors.DmsInit" 
				command="startInstallation"
				fileName="updates/6.08.01/Script/FTDSScriptroutingN_update.xml"
				comment="FTDS LOS add routing N script for consumer loan" service="dmsws"/>				
						
		<changeSet id="FTDSroutingF2_N_update-v1" name="FTDSroutingF2_N_update"
			    author="engrigoreva" class="ru.diasoft.init.api.executors.DmsInit" 
				command="startInstallation"
				fileName="updates/6.08.01/Script/FTDSroutingF2_N_update.xml"
				comment="FTDS LOS add routing F2 or N script for consumer loan" service="dmsws"/>

		<changeSet id="FTDSScriptReturnFromControl_update-v1" name="FTDSScriptReturnFromControl_update"
			    author="engrigoreva" class="ru.diasoft.init.api.executors.DmsInit" 
				command="startInstallation"
				fileName="updates/6.08.01/Script/FTDSScriptReturnFromControl_update.xml"
				comment="FTDS LOS add return from control  script for consumer loan" service="dmsws"/>
				
		<changeSet id="FTDSScriptRoutingHOBranchConsumer_update-v1" name="FTDSScriptRoutingHOBranchConsumer_update"
			    author="engrigoreva" class="ru.diasoft.init.api.executors.DmsInit" 
				command="startInstallation"
				fileName="updates/6.08.01/Script/FTDSScriptRoutingHOBranchConsumer_update.xml"
				comment="FTDS LOS add routing HO or Branch script for consumer loan" service="dmsws"/>
		
		<changeSet id="FTDS_ScriptRoutingUpdate_removeReviewByBranchManger_cons-v1" name="FTDS_ScriptRoutingUpdate_removeReviewByBranchManger_cons"
			    author="engrigoreva" class="ru.diasoft.init.api.executors.DmsInit" 
				command="startInstallation"
				fileName="updates/6.08.01/Script/FTDS_ScriptRoutingUpdate_removeReviewByBranchManger_cons.xml"
				comment="[6.09.01-HF] FTDS LOS Update routing for review by branch manager (cons)" service="dmsws"/>
				
		<changeSet id="FTDS_ScriptRoutingUpdate_removeReviewByBranchManger_mort-v1" name="FTDS_ScriptRoutingUpdate_removeReviewByBranchManger_mort"
			    author="engrigoreva" class="ru.diasoft.init.api.executors.DmsInit" 
				command="startInstallation"
				fileName="updates/6.08.01/Script/FTDS_ScriptRoutingUpdate_removeReviewByBranchManger_mort.xml"
				comment="[6.09.01-HF] FTDS LOS Update routing for review by branch manager (mort)" service="dmsws"/>
				
		<changeSet id="FTDS_ScriptRoutingUpdate_removeReviewByBranchManger_auto-v1" name="FTDS_ScriptRoutingUpdate_removeReviewByBranchManger_auto"
			    author="engrigoreva" class="ru.diasoft.init.api.executors.DmsInit" 
				command="startInstallation"
				fileName="updates/6.08.01/Script/FTDS_ScriptRoutingUpdate_removeReviewByBranchManger_auto.xml"
				comment="[6.09.01-HF] FTDS LOS Update routing for review by branch manager (auto)" service="dmsws"/>
				
		<changeSet id="FTDS_ScriptRoutingUpdate_removeReviewByBranchManger_card-v1" name="FTDS_ScriptRoutingUpdate_removeReviewByBranchManger_card"
			    author="engrigoreva" class="ru.diasoft.init.api.executors.DmsInit" 
				command="startInstallation"
				fileName="updates/6.08.01/Script/FTDS_ScriptRoutingUpdate_removeReviewByBranchManger_card.xml"
				comment="[6.09.01-HF] FTDS LOS Update routing for review by branch manager (card)" service="dmsws"/>
				
		<changeSet id="FTDSLOSReferenceControlMethod_UPD-v1" name="FTDSLOSReferenceControlMethod_UPD"
			    author="anikulina" class="ru.diasoft.init.api.executors.DmsInit" 
				command="startInstallation"
				fileName="updates/6.09.01/References/FTDSLOSReferenceControlMethod_UPD.xml"
				comment="FTFLOINT Reference ControlMethod" service="frontws2"/>
						
		
		<changeSet id="ruleRouteF2N_upd-v1" name="ruleRouteF2N_upd"
			    author="anikulina" class="ru.diasoft.init.api.executors.DmsInit" 
				command="startInstallation"
				fileName="updates/6.09.01/Rules/ruleRouteF2N_upd.xml"
				comment="ruleRouteF2N Update" service="frontws2"/>
				
		<changeSet id="FTDSLOSDecisionRef_UPD-v1" name="FTDSLOSDecisionRef_UPD"
			    author="anikulina" class="ru.diasoft.init.api.executors.DmsInit" 
				command="startInstallation"
				fileName="updates/6.09.01/References/FTDSLOSDecisionRef_UPD.xml"
				comment="FTDSLOSDecisionRef Update" service="frontws2"/>
				
		<changeSet id="FTDSLOSDecisionStage_AutoChecksVerification_upd_F3_v1" name="FTDSLOSDecisionStage_AutoChecksVerification_upd_F3_v1"
			    author="anikulina" class="ru.diasoft.init.api.executors.DmsInit" 
				command="startInstallation"
				fileName="updates/6.09.01/DecisionStages/FTDSLOSDecisionStage_updateAutoChecksVerification.xml"
				comment="FTDSLOSDecisionRef Update: add f3 flow" service="dmsws"/>
				
		<changeSet id="routeToHOINT_upd-v2" name="routeToHOINT_upd"
			    author="anikulina" class="ru.diasoft.init.api.executors.DmsInit" 
				command="startInstallation"
				fileName="updates/6.09.01/Rules/routeToHOINT_upd.xml"
				comment="Rules routeToHOINT Update" service="dmsws"/>		
				
		<changeSet id="FTDSLOSWizardDocumentCheck_update_f3-v1" name="FTDSLOSWizardDocumentCheck_update_f3"
			    author="anikulina" class="ru.diasoft.init.api.executors.DmsInit" 
				command="startInstallation"
				fileName="updates/6.09.01/Wizard/FTDSLOSWizardDocumentCheck_update_f3.xml"
				comment="WizardDocumentCheck Update" service="dmsws"/>
				
		<changeSet id="routingHOBranch_UPDHOApprover_F0-v1" name="routingHOBranch_UPDHOApprover_F0"
			    author="anikulina" class="ru.diasoft.init.api.executors.DmsInit" 
				command="startInstallation"
				fileName="updates/6.09.01/Script/routingHOBranch_UPDHOApprover_F0.xml"
				comment="[6.09.01-HF] FTDS LOS Update routing HO Branch Auto" service="dmsws"/>
				
		<changeSet id="routingHOBranchCard_UPDHOApprover_F0-v1" name="routingHOBranchCard_UPDHOApprover_F0"
			    author="anikulina" class="ru.diasoft.init.api.executors.DmsInit" 
				command="startInstallation"
				fileName="updates/6.09.01/Script/routingHOBranchCard_UPDHOApprover_F0.xml"
				comment="[6.09.01-HF] FTDS LOS Update routing HO Branch Card" service="dmsws"/>
				
		<changeSet id="routingHOBranchConsumer_UPDHOApprover_F0-v1" name="routingHOBranchConsumer_UPDHOApprover_F0"
			    author="anikulina" class="ru.diasoft.init.api.executors.DmsInit" 
				command="startInstallation"
				fileName="updates/6.09.01/Script/routingHOBranchConsumer_UPDHOApprover_F0.xml"
				comment="[6.09.01-HF] FTDS LOS Update routing HO Branch Consumer" service="dmsws"/>
				
		<changeSet id="routingHOBranchMortgage_UPDHOApprover_F0-v1" name="routingHOBranchMortgage_UPDHOApprover_F0"
			    author="anikulina" class="ru.diasoft.init.api.executors.DmsInit" 
				command="startInstallation"
				fileName="updates/6.09.01/Script/routingHOBranchMortgage_UPDHOApprover_F0.xml"
				comment="[6.09.01-HF] FTDS LOS Update routing HO Branch Mortgage" service="dmsws"/>
		
		<changeSet id="FTDSInstall_rulesForRoutingBranchManager-v1" name="FTDS data"
				author="omvasileva" class="ru.diasoft.init.api.executors.DmsInit" 
				command="startInstallation"
				fileName="updates/6.09.01/Rules/rulesForRoutingBranchManager.xml"
				comment="FTDSInstall_rulesForRoutingBranchManager" service="frontws2"/>	

		<changeSet id="FTDSInstall_routingBranchManagerAuto-v1" name="FTDS data"
				author="omvasileva" class="ru.diasoft.init.api.executors.DmsInit" 
				command="startInstallation"
				fileName="updates/6.09.01/Script/routingBranchManagerAuto.xml"
				comment="FTDSInstall_routingBranchManagerAuto" service="frontws2"/>	

		<changeSet id="FTDSInstall_routingBranchManagerConsumer-v1" name="FTDS data"
				author="omvasileva" class="ru.diasoft.init.api.executors.DmsInit" 
				command="startInstallation"
				fileName="updates/6.09.01/Script/routingBranchManagerConsumer.xml"
				comment="FTDSInstall_routingBranchManagerConsumer" service="frontws2"/>	

		<changeSet id="FTDSInstall_routingBranchManagerMortgage-v1" name="FTDS data"
				author="omvasileva" class="ru.diasoft.init.api.executors.DmsInit" 
				command="startInstallation"
				fileName="updates/6.09.01/Script/routingBranchManagerMortgage.xml"
				comment="FTDSInstall_routingBranchManagerMortgage" service="frontws2"/>	
			
		<changeSet id="routingDataInputControlMortgage-v1" name="routingDataInputControlMortgage"
			    author="anikulina" class="ru.diasoft.init.api.executors.DmsInit" 
				command="startInstallation"
				fileName="updates/6.09.01/Script/routingDataInputControlMortgage.xml"
				comment="[6.09.01-HF] FTDS LOS Update routing DataInputControl Mortgage" service="dmsws"/>
		
		<changeSet id="routingDataInputControlCons-v1" name="routingDataInputControlCons"
			    author="anikulina" class="ru.diasoft.init.api.executors.DmsInit" 
				command="startInstallation"
				fileName="updates/6.09.01/Script/routingDataInputControlCons.xml"
				comment="[6.09.01-HF] FTDS LOS Update routing DataInputControl conumer" service="dmsws"/>
			
		<changeSet id="routingDataInputControlAuto-v1" name="routingDataInputControlAuto"
			    author="anikulina" class="ru.diasoft.init.api.executors.DmsInit" 
				command="startInstallation"
				fileName="updates/6.09.01/Script/routingDataInputControlAuto.xml"
				comment="[6.09.01-HF] FTDS LOS Update routing DataInputControl auto" service="dmsws"/>
				
			
				
</root>			   