<?xml version="1.0" encoding="UTF-8"?>
<root> 
<!-- General info of the firmware file.:
 Objects DMS_RULEGROUP - 1
 Objects DMS_OPERATION - 0
 Objects DMS_DATASET - 1
 Objects DMS_DATASETPARAM - 0
 Objects DMS_RULE - 1
 Objects DMS_RULENODE - 1
 Objects DMS_LOGSCHEME - 0
 Objects DMS_RULENODELOG - 0
 -->
	<!-- Rule groups --> 
	<entity name="DMS_RULEGROUP" id="3398271968343106000" createMethod="ruleGroupCreate" getMethod="ruleGroupGetListByParams" createKeyParam="RULEGROUPID" getKeyParam="RULEGROUPID" service="dmsws">
		<attribute name="SYSNAME" valueType="java.lang.String" create="true" search="true">routeRulesINT</attribute>
		<attribute name="NAME" valueType="java.lang.String" create="true">Route Rules</attribute>
		<attribute name="DESCRIPTION" valueType="java.lang.String" create="true">Route Rules</attribute>
	</entity>

	<!-- Operations --> 
	<!-- Datasets --> 
	<entity name="DMS_DATASET" id="5517965709642582000" createMethod="ruleDatasetCreate" getMethod="ruleDatasetGetListByParams" createKeyParam="DATASETID" getKeyParam="DATASETID" service="dmsws">
		<attribute name="SYSNAME" valueType="java.lang.String" create="true" search="true">routingINT</attribute>
		<attribute name="FULLNAME" valueType="java.lang.String" create="true">Dataset for Routing</attribute>
	</entity>

	<!-- Parameters --> 
	<!-- Rules --> 
	<entity name="DMS_RULE" id="4053829194638050000" createMethod="ruleCreate" getMethod="ruleGetListByParams" createKeyParam="RULEID" updateMethod="ruleNodesDeleteByRuleID" getKeyParam="RULEID" service="dmsws">
		<attribute name="SYSNAME" valueType="java.lang.String" create="true" search="true">ruleRoutingAfterDocumentSupplement</attribute>
		<attribute name="NAME" valueType="java.lang.String" create="true">Routing after documnt supplement</attribute>
		<attribute name="DESCRIPTION" valueType="java.lang.String" create="true">Define Document Check state after document supplement</attribute>
		<attribute name="RULEGROUPID" valueType="java.lang.Long" create="true" search="true" entityID="3398271968343106000"/>
		<attribute name="DATASETID" valueType="java.lang.Long" create="true" search="true" entityID="5517965709642582000"/>
	</entity>

	<!-- Nodes of rules --> 
	<entity name="DMS_RULENODE" id="416182047693622460" createMethod="ruleNodeCreate" getMethod="ruleNodeGetListByParams" createKeyParam="RULENODEID" getKeyParam="RULENODEID" service="dmsws">
		<attribute name="PARENTRULENODEID" valueType="java.lang.Long" create="true" search="true">0</attribute>
		<attribute name="RULEID" valueType="java.lang.Long" create="true" search="true" entityID="4053829194638050000"/>
		<attribute name="NODETYPE" valueType="java.lang.String" create="true">3</attribute>
		<attribute name="VALUEID" valueType="java.lang.Long" create="true" search="true">null</attribute>
		<attribute name="NODEVALUE" valueType="java.util.Map" create="true"><![CDATA[<?xml version="1.0" encoding="UTF-8"?><content version="1.0"><param name="VALUE" value="1" valueClass="java.lang.Integer"/><param name="VALUETYPE" value="java.lang.Integer" valueClass="java.lang.String"/></content>]]></attribute>
		<attribute name="DEFAULTVALUE" valueType="java.lang.String" create="true"></attribute>
		<attribute name="ISUSEDEFAULT" valueType="java.lang.Integer" create="true">0</attribute>
		<attribute name="ORDERNO" valueType="java.lang.Integer" create="true" search="true">5036</attribute>
		<attribute name="MARK" valueType="java.lang.Integer" create="true" search="true">0</attribute>
		<attribute name="SYSNAME" valueType="java.lang.String" create="true"></attribute>
		<attribute name="NAME" valueType="java.lang.String" create="true"></attribute>
	</entity>

	<!-- Event report schemes --> 
	<!-- Messages --> 
</root> 
