<?xml version="1.0" encoding="UTF-8"?>
<root> 
<!-- General info of the firmware file.:
 Objects DMS_RULEGROUP - 1
 Objects DMS_OPERATION - 1
 Objects DMS_DATASET - 2
 Objects DMS_DATASETPARAM - 4
 Objects DMS_RULE - 7
 Objects DMS_RULENODE - 17
 Objects DMS_LOGSCHEME - 0
 Objects DMS_RULENODELOG - 0
 -->
	<!-- Rule groups --> 
	<entity name="DMS_RULEGROUP" id="3398271968343106000" createMethod="ruleGroupCreate" getMethod="ruleGroupGetListByParams" createKeyParam="RULEGROUPID" getKeyParam="RULEGROUPID" service="dmsws">
		<attribute name="SYSNAME" valueType="java.lang.String" create="true" search="true">routeRulesINT</attribute>
		<attribute name="NAME" valueType="java.lang.String" create="true">Route Rules</attribute>
		<attribute name="DESCRIPTION" valueType="java.lang.String" create="true">Route Rules</attribute>
	</entity>

	<!-- Operations --> 
	<entity name="DMS_OPERATION" id="1072086398887376600" createMethod="ruleOperationCreate" getMethod="ruleOperationGetListByParams" createKeyParam="OPERATIONID" getKeyParam="OPERATIONID" service="dmsws">
		<attribute name="SYSNAME" valueType="java.lang.String" create="true" search="true">EQUAL</attribute>
		<attribute name="GROUPSYSNAME" valueType="java.lang.String" create="true" search="true">CHK</attribute>
	</entity>

	<!-- Datasets --> 
	<entity name="DMS_DATASET" id="7036135038798909000" createMethod="ruleDatasetCreate" getMethod="ruleDatasetGetListByParams" createKeyParam="DATASETID" getKeyParam="DATASETID" service="dmsws">
		<attribute name="SYSNAME" valueType="java.lang.String" create="true" search="true">checkStageResultsINT</attribute>
		<attribute name="FULLNAME" valueType="java.lang.String" create="true">Check Stage Result</attribute>
	</entity>

	<entity name="DMS_DATASET" id="5517965709642582000" createMethod="ruleDatasetCreate" getMethod="ruleDatasetGetListByParams" createKeyParam="DATASETID" getKeyParam="DATASETID" service="dmsws">
		<attribute name="SYSNAME" valueType="java.lang.String" create="true" search="true">routingINT</attribute>
		<attribute name="FULLNAME" valueType="java.lang.String" create="true">Dataset for Routing</attribute>
	</entity>

	<!-- Parameters --> 
	<entity name="DMS_DATASETPARAM" id="3643322391230894000" createMethod="ruleDatasetParamCreate" getMethod="ruleDatasetParamGetListByParams" createKeyParam="DATASETPARAMID" getKeyParam="DATASETPARAMID" service="dmsws">
		<attribute name="DATASETID" valueType="java.lang.Long" create="true" search="true" entityID="7036135038798909000"/>
		<attribute name="PARAMTYPE" valueType="java.lang.String" create="true" search="true">0</attribute>
		<attribute name="SYSNAME" valueType="java.lang.String" create="true" search="true">checkResult</attribute>
		<attribute name="NAME" valueType="java.lang.String" create="true"></attribute>
		<attribute name="FULLNAME" valueType="java.lang.String" create="true">Check Result</attribute>
		<attribute name="PARAMVALUETYPE" valueType="java.lang.String" create="true" search="true">java.lang.String</attribute>
		<attribute name="ISREQUIRED" valueType="java.lang.String" create="true">0</attribute>
	</entity>

	<entity name="DMS_DATASETPARAM" id="8418280050513489000" createMethod="ruleDatasetParamCreate" getMethod="ruleDatasetParamGetListByParams" createKeyParam="DATASETPARAMID" getKeyParam="DATASETPARAMID" service="dmsws">
		<attribute name="DATASETID" valueType="java.lang.Long" create="true" search="true" entityID="5517965709642582000"/>
		<attribute name="PARAMTYPE" valueType="java.lang.String" create="true" search="true">0</attribute>
		<attribute name="SYSNAME" valueType="java.lang.String" create="true" search="true">controlMethodSysName</attribute>
		<attribute name="NAME" valueType="java.lang.String" create="true"></attribute>
		<attribute name="FULLNAME" valueType="java.lang.String" create="true">Method Of Control</attribute>
		<attribute name="PARAMVALUETYPE" valueType="java.lang.String" create="true" search="true">java.lang.String</attribute>
		<attribute name="ISREQUIRED" valueType="java.lang.String" create="true">0</attribute>
	</entity>

	<entity name="DMS_DATASETPARAM" id="973447842378574200" createMethod="ruleDatasetParamCreate" getMethod="ruleDatasetParamGetListByParams" createKeyParam="DATASETPARAMID" getKeyParam="DATASETPARAMID" service="dmsws">
		<attribute name="DATASETID" valueType="java.lang.Long" create="true" search="true" entityID="5517965709642582000"/>
		<attribute name="PARAMTYPE" valueType="java.lang.String" create="true" search="true">0</attribute>
		<attribute name="SYSNAME" valueType="java.lang.String" create="true" search="true">approverLevelUnderwriter</attribute>
		<attribute name="NAME" valueType="java.lang.String" create="true"></attribute>
		<attribute name="FULLNAME" valueType="java.lang.String" create="true">The approver level chosen by Underwriter</attribute>
		<attribute name="PARAMVALUETYPE" valueType="java.lang.String" create="true" search="true">java.lang.String</attribute>
		<attribute name="ISREQUIRED" valueType="java.lang.String" create="true">0</attribute>
	</entity>

	<entity name="DMS_DATASETPARAM" id="1101779614173557600" createMethod="ruleDatasetParamCreate" getMethod="ruleDatasetParamGetListByParams" createKeyParam="DATASETPARAMID" getKeyParam="DATASETPARAMID" service="dmsws">
		<attribute name="DATASETID" valueType="java.lang.Long" create="true" search="true" entityID="5517965709642582000"/>
		<attribute name="PARAMTYPE" valueType="java.lang.String" create="true" search="true">0</attribute>
		<attribute name="SYSNAME" valueType="java.lang.String" create="true" search="true">LOSAutoCheckVerification</attribute>
		<attribute name="NAME" valueType="java.lang.String" create="true"></attribute>
		<attribute name="FULLNAME" valueType="java.lang.String" create="true">Decision from AutoCheck Verification State</attribute>
		<attribute name="PARAMVALUETYPE" valueType="java.lang.String" create="true" search="true">java.lang.String</attribute>
		<attribute name="ISREQUIRED" valueType="java.lang.String" create="true">0</attribute>
	</entity>

	<!-- Rules --> 
	<entity name="DMS_RULE" id="7527809546709159000" createMethod="ruleCreate" getMethod="ruleGetListByParams" createKeyParam="RULEID" getKeyParam="RULEID" service="dmsws">
		<attribute name="SYSNAME" valueType="java.lang.String" create="true" search="true">ruleSendToHOApprover_F1</attribute>
		<attribute name="NAME" valueType="java.lang.String" create="true">Check route for F1 flow</attribute>
		<attribute name="DESCRIPTION" valueType="java.lang.String" create="true"></attribute>
		<attribute name="RULEGROUPID" valueType="java.lang.Long" create="true" search="true" entityID="3398271968343106000"/>
		<attribute name="DATASETID" valueType="java.lang.Long" create="true" search="true" entityID="7036135038798909000"/>
	</entity>

	<entity name="DMS_RULE" id="4043567568599834000" createMethod="ruleCreate" getMethod="ruleGetListByParams" createKeyParam="RULEID" getKeyParam="RULEID" service="dmsws">
		<attribute name="SYSNAME" valueType="java.lang.String" create="true" search="true">ruleSendToLOS1stepcontrol</attribute>
		<attribute name="NAME" valueType="java.lang.String" create="true">Rule send to 1 step of control</attribute>
		<attribute name="DESCRIPTION" valueType="java.lang.String" create="true"></attribute>
		<attribute name="RULEGROUPID" valueType="java.lang.Long" create="true" search="true" entityID="3398271968343106000"/>
		<attribute name="DATASETID" valueType="java.lang.Long" create="true" search="true" entityID="7036135038798909000"/>
	</entity>

	<entity name="DMS_RULE" id="4927563074648393000" createMethod="ruleCreate" getMethod="ruleGetListByParams" createKeyParam="RULEID" getKeyParam="RULEID" service="dmsws">
		<attribute name="SYSNAME" valueType="java.lang.String" create="true" search="true">ruleSendToLOS2stepcontrol</attribute>
		<attribute name="NAME" valueType="java.lang.String" create="true">Rule send to 2 step of control</attribute>
		<attribute name="DESCRIPTION" valueType="java.lang.String" create="true"></attribute>
		<attribute name="RULEGROUPID" valueType="java.lang.Long" create="true" search="true" entityID="3398271968343106000"/>
		<attribute name="DATASETID" valueType="java.lang.Long" create="true" search="true" entityID="7036135038798909000"/>
	</entity>

	<entity name="DMS_RULE" id="717209252690138800" createMethod="ruleCreate" getMethod="ruleGetListByParams" createKeyParam="RULEID" getKeyParam="RULEID" service="dmsws">
		<attribute name="SYSNAME" valueType="java.lang.String" create="true" search="true">ruleSendToLOSCCommitteePreparation</attribute>
		<attribute name="NAME" valueType="java.lang.String" create="true">rule Send To LOSCCommitteePreparation</attribute>
		<attribute name="DESCRIPTION" valueType="java.lang.String" create="true"></attribute>
		<attribute name="RULEGROUPID" valueType="java.lang.Long" create="true" search="true" entityID="3398271968343106000"/>
		<attribute name="DATASETID" valueType="java.lang.Long" create="true" search="true" entityID="7036135038798909000"/>
	</entity>

	<entity name="DMS_RULE" id="7779716418852417000" createMethod="ruleCreate" getMethod="ruleGetListByParams" createKeyParam="RULEID" getKeyParam="RULEID" service="dmsws">
		<attribute name="SYSNAME" valueType="java.lang.String" create="true" search="true">ruleSendToLOSReviewApproverHO</attribute>
		<attribute name="NAME" valueType="java.lang.String" create="true">rule Send LOSReviewApproverHO</attribute>
		<attribute name="DESCRIPTION" valueType="java.lang.String" create="true"></attribute>
		<attribute name="RULEGROUPID" valueType="java.lang.Long" create="true" search="true" entityID="3398271968343106000"/>
		<attribute name="DATASETID" valueType="java.lang.Long" create="true" search="true" entityID="7036135038798909000"/>
	</entity>

	<entity name="DMS_RULE" id="7148805614129002000" createMethod="ruleCreate" getMethod="ruleGetListByParams" createKeyParam="RULEID" getKeyParam="RULEID" service="dmsws">
		<attribute name="SYSNAME" valueType="java.lang.String" create="true" search="true">ruleRouteF2N</attribute>
		<attribute name="NAME" valueType="java.lang.String" create="true">Routing on F2 or N flow</attribute>
		<attribute name="DESCRIPTION" valueType="java.lang.String" create="true"></attribute>
		<attribute name="RULEGROUPID" valueType="java.lang.Long" create="true" search="true" entityID="3398271968343106000"/>
		<attribute name="DATASETID" valueType="java.lang.Long" create="true" search="true" entityID="5517965709642582000"/>
	</entity>

	<entity name="DMS_RULE" id="1271634429983415800" createMethod="ruleCreate" getMethod="ruleGetListByParams" createKeyParam="RULEID" getKeyParam="RULEID" service="dmsws">
		<attribute name="SYSNAME" valueType="java.lang.String" create="true" search="true">ruleRouteN</attribute>
		<attribute name="NAME" valueType="java.lang.String" create="true">Routing on N</attribute>
		<attribute name="DESCRIPTION" valueType="java.lang.String" create="true"></attribute>
		<attribute name="RULEGROUPID" valueType="java.lang.Long" create="true" search="true" entityID="3398271968343106000"/>
		<attribute name="DATASETID" valueType="java.lang.Long" create="true" search="true" entityID="5517965709642582000"/>
	</entity>

	<!-- Nodes of rules --> 
	<entity name="DMS_RULENODE" id="7943387063411805000" createMethod="ruleNodeCreate" getMethod="ruleNodeGetListByParams" createKeyParam="RULENODEID" getKeyParam="RULENODEID" service="dmsws">
		<attribute name="PARENTRULENODEID" valueType="java.lang.Long" create="true" search="true">0</attribute>
		<attribute name="RULEID" valueType="java.lang.Long" create="true" search="true" entityID="7527809546709159000"/>
		<attribute name="NODETYPE" valueType="java.lang.String" create="true">0</attribute>
		<attribute name="VALUEID" valueType="java.lang.Long" create="true" search="true" entityID="1072086398887376600"/>
		<attribute name="NODEVALUE" valueType="java.util.Map" create="true"><![CDATA[<?xml version="1.0" encoding="UTF-8"?><content version="1.0"/>]]></attribute>
		<attribute name="DEFAULTVALUE" valueType="java.lang.String" create="true"></attribute>
		<attribute name="ISUSEDEFAULT" valueType="java.lang.Integer" create="true">0</attribute>
		<attribute name="ORDERNO" valueType="java.lang.Integer" create="true" search="true">5029</attribute>
		<attribute name="MARK" valueType="java.lang.Integer" create="true" search="true">0</attribute>
		<attribute name="SYSNAME" valueType="java.lang.String" create="true"></attribute>
		<attribute name="NAME" valueType="java.lang.String" create="true"></attribute>
	</entity>

	<entity name="DMS_RULENODE" id="2818438221172144000" createMethod="ruleNodeCreate" getMethod="ruleNodeGetListByParams" createKeyParam="RULENODEID" getKeyParam="RULENODEID" service="dmsws">
		<attribute name="PARENTRULENODEID" valueType="java.lang.Long" create="true" search="true">0</attribute>
		<attribute name="RULEID" valueType="java.lang.Long" create="true" search="true" entityID="4043567568599834000"/>
		<attribute name="NODETYPE" valueType="java.lang.String" create="true">0</attribute>
		<attribute name="VALUEID" valueType="java.lang.Long" create="true" search="true" entityID="1072086398887376600"/>
		<attribute name="NODEVALUE" valueType="java.util.Map" create="true">null</attribute>
		<attribute name="DEFAULTVALUE" valueType="java.lang.String" create="true"></attribute>
		<attribute name="ISUSEDEFAULT" valueType="java.lang.Integer" create="true">0</attribute>
		<attribute name="ORDERNO" valueType="java.lang.Integer" create="true" search="true">5043</attribute>
		<attribute name="MARK" valueType="java.lang.Integer" create="true" search="true"></attribute>
		<attribute name="SYSNAME" valueType="java.lang.String" create="true"></attribute>
		<attribute name="NAME" valueType="java.lang.String" create="true"></attribute>
	</entity>

	<entity name="DMS_RULENODE" id="4151751979961198600" createMethod="ruleNodeCreate" getMethod="ruleNodeGetListByParams" createKeyParam="RULENODEID" getKeyParam="RULENODEID" service="dmsws">
		<attribute name="PARENTRULENODEID" valueType="java.lang.Long" create="true" search="true">0</attribute>
		<attribute name="RULEID" valueType="java.lang.Long" create="true" search="true" entityID="4927563074648393000"/>
		<attribute name="NODETYPE" valueType="java.lang.String" create="true">0</attribute>
		<attribute name="VALUEID" valueType="java.lang.Long" create="true" search="true" entityID="1072086398887376600"/>
		<attribute name="NODEVALUE" valueType="java.util.Map" create="true">null</attribute>
		<attribute name="DEFAULTVALUE" valueType="java.lang.String" create="true"></attribute>
		<attribute name="ISUSEDEFAULT" valueType="java.lang.Integer" create="true">0</attribute>
		<attribute name="ORDERNO" valueType="java.lang.Integer" create="true" search="true">5043</attribute>
		<attribute name="MARK" valueType="java.lang.Integer" create="true" search="true"></attribute>
		<attribute name="SYSNAME" valueType="java.lang.String" create="true"></attribute>
		<attribute name="NAME" valueType="java.lang.String" create="true"></attribute>
	</entity>

	<entity name="DMS_RULENODE" id="4328504790582607000" createMethod="ruleNodeCreate" getMethod="ruleNodeGetListByParams" createKeyParam="RULENODEID" getKeyParam="RULENODEID" service="dmsws">
		<attribute name="PARENTRULENODEID" valueType="java.lang.Long" create="true" search="true">0</attribute>
		<attribute name="RULEID" valueType="java.lang.Long" create="true" search="true" entityID="717209252690138800"/>
		<attribute name="NODETYPE" valueType="java.lang.String" create="true">0</attribute>
		<attribute name="VALUEID" valueType="java.lang.Long" create="true" search="true" entityID="1072086398887376600"/>
		<attribute name="NODEVALUE" valueType="java.util.Map" create="true">null</attribute>
		<attribute name="DEFAULTVALUE" valueType="java.lang.String" create="true"></attribute>
		<attribute name="ISUSEDEFAULT" valueType="java.lang.Integer" create="true">0</attribute>
		<attribute name="ORDERNO" valueType="java.lang.Integer" create="true" search="true">5044</attribute>
		<attribute name="MARK" valueType="java.lang.Integer" create="true" search="true"></attribute>
		<attribute name="SYSNAME" valueType="java.lang.String" create="true"></attribute>
		<attribute name="NAME" valueType="java.lang.String" create="true"></attribute>
	</entity>

	<entity name="DMS_RULENODE" id="2707826301273675000" createMethod="ruleNodeCreate" getMethod="ruleNodeGetListByParams" createKeyParam="RULENODEID" getKeyParam="RULENODEID" service="dmsws">
		<attribute name="PARENTRULENODEID" valueType="java.lang.Long" create="true" search="true">0</attribute>
		<attribute name="RULEID" valueType="java.lang.Long" create="true" search="true" entityID="7779716418852417000"/>
		<attribute name="NODETYPE" valueType="java.lang.String" create="true">0</attribute>
		<attribute name="VALUEID" valueType="java.lang.Long" create="true" search="true" entityID="1072086398887376600"/>
		<attribute name="NODEVALUE" valueType="java.util.Map" create="true">null</attribute>
		<attribute name="DEFAULTVALUE" valueType="java.lang.String" create="true"></attribute>
		<attribute name="ISUSEDEFAULT" valueType="java.lang.Integer" create="true">0</attribute>
		<attribute name="ORDERNO" valueType="java.lang.Integer" create="true" search="true">5044</attribute>
		<attribute name="MARK" valueType="java.lang.Integer" create="true" search="true"></attribute>
		<attribute name="SYSNAME" valueType="java.lang.String" create="true"></attribute>
		<attribute name="NAME" valueType="java.lang.String" create="true"></attribute>
	</entity>

	<entity name="DMS_RULENODE" id="2618243067076676600" createMethod="ruleNodeCreate" getMethod="ruleNodeGetListByParams" createKeyParam="RULENODEID" getKeyParam="RULENODEID" service="dmsws">
		<attribute name="PARENTRULENODEID" valueType="java.lang.Long" create="true" search="true">0</attribute>
		<attribute name="RULEID" valueType="java.lang.Long" create="true" search="true" entityID="7148805614129002000"/>
		<attribute name="NODETYPE" valueType="java.lang.String" create="true">6</attribute>
		<attribute name="VALUEID" valueType="java.lang.Long" create="true" search="true">null</attribute>
		<attribute name="NODEVALUE" valueType="java.util.Map" create="true" replaceID="973447842378574200,1101779614173557600,8418280050513489000"><![CDATA[<?xml version="1.0" encoding="windows-1251"?><content version="1.0"><param name="CELLS" valueClass="java.util.ArrayList"><param name="" valueClass="ru.diasoft.utils.DefaultedHashMap"><param name="VALUE" value="LOSCCommitteePreparation" valueClass="java.lang.String"/><param name="CONDITIONS" valueClass="java.util.ArrayList"><param name="" valueClass="ru.diasoft.utils.DefaultedHashMap"><param name="DEFAULTVALUE" value="nocontrol" valueClass="java.lang.String"/><param name="DATASETPARAMID" value="$entityID8418280050513489000$" valueClass="java.lang.String"/><param name="PARAMID" value="1" valueClass="java.lang.Integer"/><param name="PARAMSYSNAME" value="controlMethodSysName" valueClass="java.lang.String"/><param name="ID" value="1" valueClass="java.lang.Integer"/><param name="CONDITION" value="[ nocontrol , nocontrol ]" valueClass="java.lang.String"/><param name="TOPVALUE" value="nocontrol" valueClass="java.lang.String"/><param name="LOWVALUE" value="nocontrol" valueClass="java.lang.String"/><param name="INTERVALTYPE" value="3" valueClass="java.lang.String"/></param><param name="" valueClass="ru.diasoft.utils.DefaultedHashMap"><param name="DEFAULTVALUE" value="f2_flow" valueClass="java.lang.String"/><param name="DATASETPARAMID" value="$entityID1101779614173557600$" valueClass="java.lang.String"/><param name="PARAMID" value="2" valueClass="java.lang.Integer"/><param name="PARAMSYSNAME" value="LOSAutoCheckVerification" valueClass="java.lang.String"/><param name="ID" value="1" valueClass="java.lang.Integer"/><param name="CONDITION" value="[ f2_flow , f2_flow ]" valueClass="java.lang.String"/><param name="TOPVALUE" value="f2_flow" valueClass="java.lang.String"/><param name="LOWVALUE" value="f2_flow" valueClass="java.lang.String"/><param name="INTERVALTYPE" value="3" valueClass="java.lang.String"/></param><param name="" valueClass="ru.diasoft.utils.DefaultedHashMap"><param name="DEFAULTVALUE" value="Approval Level (A)" valueClass="java.lang.String"/><param name="DATASETPARAMID" value="$entityID973447842378574200$" valueClass="java.lang.String"/><param name="PARAMID" value="3" valueClass="java.lang.Integer"/><param name="PARAMSYSNAME" value="approverLevelUnderwriter" valueClass="java.lang.String"/><param name="ID" value="4" valueClass="java.lang.Integer"/><param name="CONDITION" value="[ Credit Committee , Credit Committee ]" valueClass="java.lang.String"/><param name="TOPVALUE" value="Credit Committee" valueClass="java.lang.String"/><param name="LOWVALUE" value="Credit Committee" valueClass="java.lang.String"/><param name="INTERVALTYPE" value="3" valueClass="java.lang.String"/></param></param><param name="ID" value="0" valueClass="java.lang.Integer"/></param><param name="" valueClass="ru.diasoft.utils.DefaultedHashMap"><param name="VALUE" value="LOSReviewApproverHO" valueClass="java.lang.String"/><param name="CONDITIONS" valueClass="java.util.ArrayList"><param name="" valueClass="ru.diasoft.utils.DefaultedHashMap"><param name="DEFAULTVALUE" value="nocontrol" valueClass="java.lang.String"/><param name="DATASETPARAMID" value="$entityID8418280050513489000$" valueClass="java.lang.String"/><param name="PARAMID" value="1" valueClass="java.lang.Integer"/><param name="PARAMSYSNAME" value="controlMethodSysName" valueClass="java.lang.String"/><param name="ID" value="1" valueClass="java.lang.Integer"/><param name="CONDITION" value="[ nocontrol , nocontrol ]" valueClass="java.lang.String"/><param name="TOPVALUE" value="nocontrol" valueClass="java.lang.String"/><param name="LOWVALUE" value="nocontrol" valueClass="java.lang.String"/><param name="INTERVALTYPE" value="3" valueClass="java.lang.String"/></param><param name="" valueClass="ru.diasoft.utils.DefaultedHashMap"><param name="DEFAULTVALUE" value="f2_flow" valueClass="java.lang.String"/><param name="DATASETPARAMID" value="$entityID1101779614173557600$" valueClass="java.lang.String"/><param name="PARAMID" value="2" valueClass="java.lang.Integer"/><param name="PARAMSYSNAME" value="LOSAutoCheckVerification" valueClass="java.lang.String"/><param name="ID" value="1" valueClass="java.lang.Integer"/><param name="CONDITION" value="[ f2_flow , f2_flow ]" valueClass="java.lang.String"/><param name="TOPVALUE" value="f2_flow" valueClass="java.lang.String"/><param name="LOWVALUE" value="f2_flow" valueClass="java.lang.String"/><param name="INTERVALTYPE" value="3" valueClass="java.lang.String"/></param><param name="" valueClass="ru.diasoft.utils.DefaultedHashMap"><param name="DEFAULTVALUE" value="Approval Level (A)" valueClass="java.lang.String"/><param name="DATASETPARAMID" value="$entityID973447842378574200$" valueClass="java.lang.String"/><param name="PARAMID" value="3" valueClass="java.lang.Integer"/><param name="PARAMSYSNAME" value="approverLevelUnderwriter" valueClass="java.lang.String"/><param name="ID" value="1" valueClass="java.lang.Integer"/><param name="CONDITION" value="[ Approval Level (A) , Approval Level (A) ]" valueClass="java.lang.String"/><param name="TOPVALUE" value="Approval Level (A)" valueClass="java.lang.String"/><param name="LOWVALUE" value="Approval Level (A)" valueClass="java.lang.String"/><param name="INTERVALTYPE" value="3" valueClass="java.lang.String"/></param></param><param name="ID" value="1" valueClass="java.lang.Integer"/></param><param name="" valueClass="ru.diasoft.utils.DefaultedHashMap"><param name="VALUE" value="LOSReviewApproverHO" valueClass="java.lang.String"/><param name="CONDITIONS" valueClass="java.util.ArrayList"><param name="" valueClass="ru.diasoft.utils.DefaultedHashMap"><param name="DEFAULTVALUE" value="nocontrol" valueClass="java.lang.String"/><param name="DATASETPARAMID" value="$entityID8418280050513489000$" valueClass="java.lang.String"/><param name="PARAMID" value="1" valueClass="java.lang.Integer"/><param name="PARAMSYSNAME" value="controlMethodSysName" valueClass="java.lang.String"/><param name="ID" value="1" valueClass="java.lang.Integer"/><param name="CONDITION" value="[ nocontrol , nocontrol ]" valueClass="java.lang.String"/><param name="TOPVALUE" value="nocontrol" valueClass="java.lang.String"/><param name="LOWVALUE" value="nocontrol" valueClass="java.lang.String"/><param name="INTERVALTYPE" value="3" valueClass="java.lang.String"/></param><param name="" valueClass="ru.diasoft.utils.DefaultedHashMap"><param name="DEFAULTVALUE" value="f2_flow" valueClass="java.lang.String"/><param name="DATASETPARAMID" value="$entityID1101779614173557600$" valueClass="java.lang.String"/><param name="PARAMID" value="2" valueClass="java.lang.Integer"/><param name="PARAMSYSNAME" value="LOSAutoCheckVerification" valueClass="java.lang.String"/><param name="ID" value="1" valueClass="java.lang.Integer"/><param name="CONDITION" value="[ f2_flow , f2_flow ]" valueClass="java.lang.String"/><param name="TOPVALUE" value="f2_flow" valueClass="java.lang.String"/><param name="LOWVALUE" value="f2_flow" valueClass="java.lang.String"/><param name="INTERVALTYPE" value="3" valueClass="java.lang.String"/></param><param name="" valueClass="ru.diasoft.utils.DefaultedHashMap"><param name="DEFAULTVALUE" value="Approval Level (A)" valueClass="java.lang.String"/><param name="DATASETPARAMID" value="$entityID973447842378574200$" valueClass="java.lang.String"/><param name="PARAMID" value="3" valueClass="java.lang.Integer"/><param name="PARAMSYSNAME" value="approverLevelUnderwriter" valueClass="java.lang.String"/><param name="ID" value="2" valueClass="java.lang.Integer"/><param name="CONDITION" value="[ Approval Level (B) , Approval Level (B) ]" valueClass="java.lang.String"/><param name="TOPVALUE" value="Approval Level (B)" valueClass="java.lang.String"/><param name="LOWVALUE" value="Approval Level (B)" valueClass="java.lang.String"/><param name="INTERVALTYPE" value="3" valueClass="java.lang.String"/></param></param><param name="ID" value="2" valueClass="java.lang.Integer"/></param><param name="" valueClass="ru.diasoft.utils.DefaultedHashMap"><param name="VALUE" value="LOSReviewApproverHO" valueClass="java.lang.String"/><param name="CONDITIONS" valueClass="java.util.ArrayList"><param name="" valueClass="ru.diasoft.utils.DefaultedHashMap"><param name="DEFAULTVALUE" value="nocontrol" valueClass="java.lang.String"/><param name="DATASETPARAMID" value="$entityID8418280050513489000$" valueClass="java.lang.String"/><param name="PARAMID" value="1" valueClass="java.lang.Integer"/><param name="PARAMSYSNAME" value="controlMethodSysName" valueClass="java.lang.String"/><param name="ID" value="1" valueClass="java.lang.Integer"/><param name="CONDITION" value="[ nocontrol , nocontrol ]" valueClass="java.lang.String"/><param name="TOPVALUE" value="nocontrol" valueClass="java.lang.String"/><param name="LOWVALUE" value="nocontrol" valueClass="java.lang.String"/><param name="INTERVALTYPE" value="3" valueClass="java.lang.String"/></param><param name="" valueClass="ru.diasoft.utils.DefaultedHashMap"><param name="DEFAULTVALUE" value="f2_flow" valueClass="java.lang.String"/><param name="DATASETPARAMID" value="$entityID1101779614173557600$" valueClass="java.lang.String"/><param name="PARAMID" value="2" valueClass="java.lang.Integer"/><param name="PARAMSYSNAME" value="LOSAutoCheckVerification" valueClass="java.lang.String"/><param name="ID" value="1" valueClass="java.lang.Integer"/><param name="CONDITION" value="[ f2_flow , f2_flow ]" valueClass="java.lang.String"/><param name="TOPVALUE" value="f2_flow" valueClass="java.lang.String"/><param name="LOWVALUE" value="f2_flow" valueClass="java.lang.String"/><param name="INTERVALTYPE" value="3" valueClass="java.lang.String"/></param><param name="" valueClass="ru.diasoft.utils.DefaultedHashMap"><param name="DEFAULTVALUE" value="Approval Level (A)" valueClass="java.lang.String"/><param name="DATASETPARAMID" value="$entityID973447842378574200$" valueClass="java.lang.String"/><param name="PARAMID" value="3" valueClass="java.lang.Integer"/><param name="PARAMSYSNAME" value="approverLevelUnderwriter" valueClass="java.lang.String"/><param name="ID" value="3" valueClass="java.lang.Integer"/><param name="CONDITION" value="[ Approval Level (C) , Approval Level (C) ]" valueClass="java.lang.String"/><param name="TOPVALUE" value="Approval Level (C)" valueClass="java.lang.String"/><param name="LOWVALUE" value="Approval Level (C)" valueClass="java.lang.String"/><param name="INTERVALTYPE" value="3" valueClass="java.lang.String"/></param></param><param name="ID" value="3" valueClass="java.lang.Integer"/></param><param name="" valueClass="ru.diasoft.utils.DefaultedHashMap"><param name="VALUE" value="LOS1stepcontrol" valueClass="java.lang.String"/><param name="CONDITIONS" valueClass="java.util.ArrayList"><param name="" valueClass="ru.diasoft.utils.DefaultedHashMap"><param name="DEFAULTVALUE" value="nocontrol" valueClass="java.lang.String"/><param name="DATASETPARAMID" value="$entityID8418280050513489000$" valueClass="java.lang.String"/><param name="PARAMID" value="1" valueClass="java.lang.Integer"/><param name="PARAMSYSNAME" value="controlMethodSysName" valueClass="java.lang.String"/><param name="ID" value="2" valueClass="java.lang.Integer"/><param name="CONDITION" value="[ oneStepControl , oneStepControl ]" valueClass="java.lang.String"/><param name="TOPVALUE" value="oneStepControl" valueClass="java.lang.String"/><param name="LOWVALUE" value="oneStepControl" valueClass="java.lang.String"/><param name="INTERVALTYPE" value="3" valueClass="java.lang.String"/></param><param name="" valueClass="ru.diasoft.utils.DefaultedHashMap"><param name="DEFAULTVALUE" value="f2_flow" valueClass="java.lang.String"/><param name="DATASETPARAMID" value="$entityID1101779614173557600$" valueClass="java.lang.String"/><param name="PARAMID" value="2" valueClass="java.lang.Integer"/><param name="PARAMSYSNAME" value="LOSAutoCheckVerification" valueClass="java.lang.String"/><param name="ID" value="2" valueClass="java.lang.Integer"/><param name="CONDITION" value="[ n_flow , n_flow ]" valueClass="java.lang.String"/><param name="TOPVALUE" value="n_flow" valueClass="java.lang.String"/><param name="LOWVALUE" value="n_flow" valueClass="java.lang.String"/><param name="INTERVALTYPE" value="3" valueClass="java.lang.String"/></param><param name="" valueClass="ru.diasoft.utils.DefaultedHashMap"><param name="DEFAULTVALUE" value="Approval Level (A)" valueClass="java.lang.String"/><param name="DATASETPARAMID" value="$entityID973447842378574200$" valueClass="java.lang.String"/><param name="PARAMID" value="3" valueClass="java.lang.Integer"/><param name="PARAMSYSNAME" value="approverLevelUnderwriter" valueClass="java.lang.String"/><param name="ID" value="1" valueClass="java.lang.Integer"/><param name="CONDITION" value="[ Approval Level (A) , Approval Level (A) ]" valueClass="java.lang.String"/><param name="TOPVALUE" value="Approval Level (A)" valueClass="java.lang.String"/><param name="LOWVALUE" value="Approval Level (A)" valueClass="java.lang.String"/><param name="INTERVALTYPE" value="3" valueClass="java.lang.String"/></param></param><param name="ID" value="4" valueClass="java.lang.Integer"/></param><param name="" valueClass="ru.diasoft.utils.DefaultedHashMap"><param name="VALUE" value="LOS1stepcontrol" valueClass="java.lang.String"/><param name="CONDITIONS" valueClass="java.util.ArrayList"><param name="" valueClass="ru.diasoft.utils.DefaultedHashMap"><param name="DEFAULTVALUE" value="nocontrol" valueClass="java.lang.String"/><param name="DATASETPARAMID" value="$entityID8418280050513489000$" valueClass="java.lang.String"/><param name="PARAMID" value="1" valueClass="java.lang.Integer"/><param name="PARAMSYSNAME" value="controlMethodSysName" valueClass="java.lang.String"/><param name="CONDITION" value="[ oneStepControl , oneStepControl ]" valueClass="java.lang.String"/><param name="ID" value="2" valueClass="java.lang.Integer"/><param name="TOPVALUE" value="oneStepControl" valueClass="java.lang.String"/><param name="LOWVALUE" value="oneStepControl" valueClass="java.lang.String"/><param name="INTERVALTYPE" value="3" valueClass="java.lang.String"/></param><param name="" valueClass="ru.diasoft.utils.DefaultedHashMap"><param name="DEFAULTVALUE" value="f2_flow" valueClass="java.lang.String"/><param name="DATASETPARAMID" value="$entityID1101779614173557600$" valueClass="java.lang.String"/><param name="PARAMID" value="2" valueClass="java.lang.Integer"/><param name="PARAMSYSNAME" value="LOSAutoCheckVerification" valueClass="java.lang.String"/><param name="ID" value="2" valueClass="java.lang.Integer"/><param name="CONDITION" value="[ n_flow , n_flow ]" valueClass="java.lang.String"/><param name="TOPVALUE" value="n_flow" valueClass="java.lang.String"/><param name="LOWVALUE" value="n_flow" valueClass="java.lang.String"/><param name="INTERVALTYPE" value="3" valueClass="java.lang.String"/></param><param name="" valueClass="ru.diasoft.utils.DefaultedHashMap"><param name="DEFAULTVALUE" value="Approval Level (A)" valueClass="java.lang.String"/><param name="DATASETPARAMID" value="$entityID973447842378574200$" valueClass="java.lang.String"/><param name="PARAMID" value="3" valueClass="java.lang.Integer"/><param name="PARAMSYSNAME" value="approverLevelUnderwriter" valueClass="java.lang.String"/><param name="ID" value="2" valueClass="java.lang.Integer"/><param name="CONDITION" value="[ Approval Level (B) , Approval Level (B) ]" valueClass="java.lang.String"/><param name="TOPVALUE" value="Approval Level (B)" valueClass="java.lang.String"/><param name="LOWVALUE" value="Approval Level (B)" valueClass="java.lang.String"/><param name="INTERVALTYPE" value="3" valueClass="java.lang.String"/></param></param><param name="ID" value="5" valueClass="java.lang.Integer"/></param><param name="" valueClass="ru.diasoft.utils.DefaultedHashMap"><param name="VALUE" value="LOS1stepcontrol" valueClass="java.lang.String"/><param name="CONDITIONS" valueClass="java.util.ArrayList"><param name="" valueClass="ru.diasoft.utils.DefaultedHashMap"><param name="DEFAULTVALUE" value="nocontrol" valueClass="java.lang.String"/><param name="DATASETPARAMID" value="$entityID8418280050513489000$" valueClass="java.lang.String"/><param name="PARAMID" value="1" valueClass="java.lang.Integer"/><param name="PARAMSYSNAME" value="controlMethodSysName" valueClass="java.lang.String"/><param name="ID" value="2" valueClass="java.lang.Integer"/><param name="CONDITION" value="[ oneStepControl , oneStepControl ]" valueClass="java.lang.String"/><param name="TOPVALUE" value="oneStepControl" valueClass="java.lang.String"/><param name="LOWVALUE" value="oneStepControl" valueClass="java.lang.String"/><param name="INTERVALTYPE" value="3" valueClass="java.lang.String"/></param><param name="" valueClass="ru.diasoft.utils.DefaultedHashMap"><param name="DEFAULTVALUE" value="f2_flow" valueClass="java.lang.String"/><param name="DATASETPARAMID" value="$entityID1101779614173557600$" valueClass="java.lang.String"/><param name="PARAMID" value="2" valueClass="java.lang.Integer"/><param name="PARAMSYSNAME" value="LOSAutoCheckVerification" valueClass="java.lang.String"/><param name="ID" value="2" valueClass="java.lang.Integer"/><param name="CONDITION" value="[ n_flow , n_flow ]" valueClass="java.lang.String"/><param name="TOPVALUE" value="n_flow" valueClass="java.lang.String"/><param name="LOWVALUE" value="n_flow" valueClass="java.lang.String"/><param name="INTERVALTYPE" value="3" valueClass="java.lang.String"/></param><param name="" valueClass="ru.diasoft.utils.DefaultedHashMap"><param name="DEFAULTVALUE" value="Approval Level (A)" valueClass="java.lang.String"/><param name="DATASETPARAMID" value="$entityID973447842378574200$" valueClass="java.lang.String"/><param name="PARAMID" value="3" valueClass="java.lang.Integer"/><param name="PARAMSYSNAME" value="approverLevelUnderwriter" valueClass="java.lang.String"/><param name="ID" value="3" valueClass="java.lang.Integer"/><param name="CONDITION" value="[ Approval Level (C) , Approval Level (C) ]" valueClass="java.lang.String"/><param name="TOPVALUE" value="Approval Level (C)" valueClass="java.lang.String"/><param name="LOWVALUE" value="Approval Level (C)" valueClass="java.lang.String"/><param name="INTERVALTYPE" value="3" valueClass="java.lang.String"/></param></param><param name="ID" value="6" valueClass="java.lang.Integer"/></param><param name="" valueClass="ru.diasoft.utils.DefaultedHashMap"><param name="VALUE" value="LOS1stepcontrol" valueClass="java.lang.String"/><param name="CONDITIONS" valueClass="java.util.ArrayList"><param name="" valueClass="ru.diasoft.utils.DefaultedHashMap"><param name="DEFAULTVALUE" value="nocontrol" valueClass="java.lang.String"/><param name="DATASETPARAMID" value="$entityID8418280050513489000$" valueClass="java.lang.String"/><param name="PARAMID" value="1" valueClass="java.lang.Integer"/><param name="PARAMSYSNAME" value="controlMethodSysName" valueClass="java.lang.String"/><param name="ID" value="2" valueClass="java.lang.Integer"/><param name="CONDITION" value="[ oneStepControl , oneStepControl ]" valueClass="java.lang.String"/><param name="TOPVALUE" value="oneStepControl" valueClass="java.lang.String"/><param name="LOWVALUE" value="oneStepControl" valueClass="java.lang.String"/><param name="INTERVALTYPE" value="3" valueClass="java.lang.String"/></param><param name="" valueClass="ru.diasoft.utils.DefaultedHashMap"><param name="DEFAULTVALUE" value="f2_flow" valueClass="java.lang.String"/><param name="DATASETPARAMID" value="$entityID1101779614173557600$" valueClass="java.lang.String"/><param name="PARAMID" value="2" valueClass="java.lang.Integer"/><param name="PARAMSYSNAME" value="LOSAutoCheckVerification" valueClass="java.lang.String"/><param name="ID" value="2" valueClass="java.lang.Integer"/><param name="CONDITION" value="[ n_flow , n_flow ]" valueClass="java.lang.String"/><param name="TOPVALUE" value="n_flow" valueClass="java.lang.String"/><param name="LOWVALUE" value="n_flow" valueClass="java.lang.String"/><param name="INTERVALTYPE" value="3" valueClass="java.lang.String"/></param><param name="" valueClass="ru.diasoft.utils.DefaultedHashMap"><param name="DEFAULTVALUE" value="Approval Level (A)" valueClass="java.lang.String"/><param name="DATASETPARAMID" value="$entityID973447842378574200$" valueClass="java.lang.String"/><param name="PARAMID" value="3" valueClass="java.lang.Integer"/><param name="PARAMSYSNAME" value="approverLevelUnderwriter" valueClass="java.lang.String"/><param name="ID" value="4" valueClass="java.lang.Integer"/><param name="CONDITION" value="[ Credit Committee , Credit Committee ]" valueClass="java.lang.String"/><param name="TOPVALUE" value="Credit Committee" valueClass="java.lang.String"/><param name="LOWVALUE" value="Credit Committee" valueClass="java.lang.String"/><param name="INTERVALTYPE" value="3" valueClass="java.lang.String"/></param></param><param name="ID" value="7" valueClass="java.lang.Integer"/></param><param name="" valueClass="ru.diasoft.utils.DefaultedHashMap"><param name="VALUE" value="LOS2stepcontrol" valueClass="java.lang.String"/><param name="CONDITIONS" valueClass="java.util.ArrayList"><param name="" valueClass="ru.diasoft.utils.DefaultedHashMap"><param name="DEFAULTVALUE" value="nocontrol" valueClass="java.lang.String"/><param name="DATASETPARAMID" value="$entityID8418280050513489000$" valueClass="java.lang.String"/><param name="PARAMID" value="1" valueClass="java.lang.Integer"/><param name="PARAMSYSNAME" value="controlMethodSysName" valueClass="java.lang.String"/><param name="ID" value="3" valueClass="java.lang.Integer"/><param name="CONDITION" value="[ twoStepControl , twoStepControl ]" valueClass="java.lang.String"/><param name="TOPVALUE" value="twoStepControl" valueClass="java.lang.String"/><param name="LOWVALUE" value="twoStepControl" valueClass="java.lang.String"/><param name="INTERVALTYPE" value="3" valueClass="java.lang.String"/></param><param name="" valueClass="ru.diasoft.utils.DefaultedHashMap"><param name="DEFAULTVALUE" value="f2_flow" valueClass="java.lang.String"/><param name="DATASETPARAMID" value="$entityID1101779614173557600$" valueClass="java.lang.String"/><param name="PARAMID" value="2" valueClass="java.lang.Integer"/><param name="PARAMSYSNAME" value="LOSAutoCheckVerification" valueClass="java.lang.String"/><param name="ID" value="2" valueClass="java.lang.Integer"/><param name="CONDITION" value="[ n_flow , n_flow ]" valueClass="java.lang.String"/><param name="TOPVALUE" value="n_flow" valueClass="java.lang.String"/><param name="LOWVALUE" value="n_flow" valueClass="java.lang.String"/><param name="INTERVALTYPE" value="3" valueClass="java.lang.String"/></param><param name="" valueClass="ru.diasoft.utils.DefaultedHashMap"><param name="DEFAULTVALUE" value="Approval Level (A)" valueClass="java.lang.String"/><param name="DATASETPARAMID" value="$entityID973447842378574200$" valueClass="java.lang.String"/><param name="PARAMID" value="3" valueClass="java.lang.Integer"/><param name="PARAMSYSNAME" value="approverLevelUnderwriter" valueClass="java.lang.String"/><param name="ID" value="1" valueClass="java.lang.Integer"/><param name="CONDITION" value="[ Approval Level (A) , Approval Level (A) ]" valueClass="java.lang.String"/><param name="TOPVALUE" value="Approval Level (A)" valueClass="java.lang.String"/><param name="LOWVALUE" value="Approval Level (A)" valueClass="java.lang.String"/><param name="INTERVALTYPE" value="3" valueClass="java.lang.String"/></param></param><param name="ID" value="8" valueClass="java.lang.Integer"/></param><param name="" valueClass="ru.diasoft.utils.DefaultedHashMap"><param name="VALUE" value="LOS2stepcontrol" valueClass="java.lang.String"/><param name="CONDITIONS" valueClass="java.util.ArrayList"><param name="" valueClass="ru.diasoft.utils.DefaultedHashMap"><param name="DEFAULTVALUE" value="Approval Level (A)" valueClass="java.lang.String"/><param name="DATASETPARAMID" value="$entityID973447842378574200$" valueClass="java.lang.String"/><param name="PARAMID" value="3" valueClass="java.lang.Integer"/><param name="PARAMSYSNAME" value="approverLevelUnderwriter" valueClass="java.lang.String"/><param name="ID" value="2" valueClass="java.lang.Integer"/><param name="CONDITION" value="[ Approval Level (B) , Approval Level (B) ]" valueClass="java.lang.String"/><param name="TOPVALUE" value="Approval Level (B)" valueClass="java.lang.String"/><param name="LOWVALUE" value="Approval Level (B)" valueClass="java.lang.String"/><param name="INTERVALTYPE" value="3" valueClass="java.lang.String"/></param><param name="" valueClass="ru.diasoft.utils.DefaultedHashMap"><param name="DEFAULTVALUE" value="nocontrol" valueClass="java.lang.String"/><param name="DATASETPARAMID" value="$entityID8418280050513489000$" valueClass="java.lang.String"/><param name="PARAMID" value="1" valueClass="java.lang.Integer"/><param name="PARAMSYSNAME" value="controlMethodSysName" valueClass="java.lang.String"/><param name="ID" value="3" valueClass="java.lang.Integer"/><param name="CONDITION" value="[ twoStepControl , twoStepControl ]" valueClass="java.lang.String"/><param name="TOPVALUE" value="twoStepControl" valueClass="java.lang.String"/><param name="LOWVALUE" value="twoStepControl" valueClass="java.lang.String"/><param name="INTERVALTYPE" value="3" valueClass="java.lang.String"/></param><param name="" valueClass="ru.diasoft.utils.DefaultedHashMap"><param name="DEFAULTVALUE" value="f2_flow" valueClass="java.lang.String"/><param name="DATASETPARAMID" value="$entityID1101779614173557600$" valueClass="java.lang.String"/><param name="PARAMID" value="2" valueClass="java.lang.Integer"/><param name="PARAMSYSNAME" value="LOSAutoCheckVerification" valueClass="java.lang.String"/><param name="ID" value="2" valueClass="java.lang.Integer"/><param name="CONDITION" value="[ n_flow , n_flow ]" valueClass="java.lang.String"/><param name="TOPVALUE" value="n_flow" valueClass="java.lang.String"/><param name="LOWVALUE" value="n_flow" valueClass="java.lang.String"/><param name="INTERVALTYPE" value="3" valueClass="java.lang.String"/></param></param><param name="ID" value="9" valueClass="java.lang.Integer"/></param><param name="" valueClass="ru.diasoft.utils.DefaultedHashMap"><param name="VALUE" value="LOS2stepcontrol" valueClass="java.lang.String"/><param name="CONDITIONS" valueClass="java.util.ArrayList"><param name="" valueClass="ru.diasoft.utils.DefaultedHashMap"><param name="DEFAULTVALUE" value="nocontrol" valueClass="java.lang.String"/><param name="DATASETPARAMID" value="$entityID8418280050513489000$" valueClass="java.lang.String"/><param name="PARAMID" value="1" valueClass="java.lang.Integer"/><param name="PARAMSYSNAME" value="controlMethodSysName" valueClass="java.lang.String"/><param name="ID" value="3" valueClass="java.lang.Integer"/><param name="CONDITION" value="[ twoStepControl , twoStepControl ]" valueClass="java.lang.String"/><param name="TOPVALUE" value="twoStepControl" valueClass="java.lang.String"/><param name="LOWVALUE" value="twoStepControl" valueClass="java.lang.String"/><param name="INTERVALTYPE" value="3" valueClass="java.lang.String"/></param><param name="" valueClass="ru.diasoft.utils.DefaultedHashMap"><param name="DEFAULTVALUE" value="f2_flow" valueClass="java.lang.String"/><param name="DATASETPARAMID" value="$entityID1101779614173557600$" valueClass="java.lang.String"/><param name="PARAMID" value="2" valueClass="java.lang.Integer"/><param name="PARAMSYSNAME" value="LOSAutoCheckVerification" valueClass="java.lang.String"/><param name="ID" value="2" valueClass="java.lang.Integer"/><param name="CONDITION" value="[ n_flow , n_flow ]" valueClass="java.lang.String"/><param name="TOPVALUE" value="n_flow" valueClass="java.lang.String"/><param name="LOWVALUE" value="n_flow" valueClass="java.lang.String"/><param name="INTERVALTYPE" value="3" valueClass="java.lang.String"/></param><param name="" valueClass="ru.diasoft.utils.DefaultedHashMap"><param name="DEFAULTVALUE" value="Approval Level (A)" valueClass="java.lang.String"/><param name="DATASETPARAMID" value="$entityID973447842378574200$" valueClass="java.lang.String"/><param name="PARAMID" value="3" valueClass="java.lang.Integer"/><param name="PARAMSYSNAME" value="approverLevelUnderwriter" valueClass="java.lang.String"/><param name="ID" value="3" valueClass="java.lang.Integer"/><param name="CONDITION" value="[ Approval Level (C) , Approval Level (C) ]" valueClass="java.lang.String"/><param name="TOPVALUE" value="Approval Level (C)" valueClass="java.lang.String"/><param name="LOWVALUE" value="Approval Level (C)" valueClass="java.lang.String"/><param name="INTERVALTYPE" value="3" valueClass="java.lang.String"/></param></param><param name="ID" value="10" valueClass="java.lang.Integer"/></param><param name="" valueClass="ru.diasoft.utils.DefaultedHashMap"><param name="VALUE" value="LOS2stepcontrol" valueClass="java.lang.String"/><param name="CONDITIONS" valueClass="java.util.ArrayList"><param name="" valueClass="ru.diasoft.utils.DefaultedHashMap"><param name="DEFAULTVALUE" value="Approval Level (A)" valueClass="java.lang.String"/><param name="DATASETPARAMID" value="$entityID973447842378574200$" valueClass="java.lang.String"/><param name="PARAMID" value="3" valueClass="java.lang.Integer"/><param name="PARAMSYSNAME" value="approverLevelUnderwriter" valueClass="java.lang.String"/><param name="ID" value="4" valueClass="java.lang.Integer"/><param name="CONDITION" value="[ Credit Committee , Credit Committee ]" valueClass="java.lang.String"/><param name="TOPVALUE" value="Credit Committee" valueClass="java.lang.String"/><param name="LOWVALUE" value="Credit Committee" valueClass="java.lang.String"/><param name="INTERVALTYPE" value="3" valueClass="java.lang.String"/></param><param name="" valueClass="ru.diasoft.utils.DefaultedHashMap"><param name="DEFAULTVALUE" value="nocontrol" valueClass="java.lang.String"/><param name="DATASETPARAMID" value="$entityID8418280050513489000$" valueClass="java.lang.String"/><param name="PARAMID" value="1" valueClass="java.lang.Integer"/><param name="PARAMSYSNAME" value="controlMethodSysName" valueClass="java.lang.String"/><param name="ID" value="3" valueClass="java.lang.Integer"/><param name="CONDITION" value="[ twoStepControl , twoStepControl ]" valueClass="java.lang.String"/><param name="TOPVALUE" value="twoStepControl" valueClass="java.lang.String"/><param name="LOWVALUE" value="twoStepControl" valueClass="java.lang.String"/><param name="INTERVALTYPE" value="3" valueClass="java.lang.String"/></param><param name="" valueClass="ru.diasoft.utils.DefaultedHashMap"><param name="DEFAULTVALUE" value="f2_flow" valueClass="java.lang.String"/><param name="DATASETPARAMID" value="$entityID1101779614173557600$" valueClass="java.lang.String"/><param name="PARAMID" value="2" valueClass="java.lang.Integer"/><param name="PARAMSYSNAME" value="LOSAutoCheckVerification" valueClass="java.lang.String"/><param name="ID" value="2" valueClass="java.lang.Integer"/><param name="CONDITION" value="[ n_flow , n_flow ]" valueClass="java.lang.String"/><param name="TOPVALUE" value="n_flow" valueClass="java.lang.String"/><param name="LOWVALUE" value="n_flow" valueClass="java.lang.String"/><param name="INTERVALTYPE" value="3" valueClass="java.lang.String"/></param></param><param name="ID" value="11" valueClass="java.lang.Integer"/></param></param><param name="PARAMETERS" valueClass="java.util.ArrayList"><param name="" valueClass="ru.diasoft.utils.DefaultedHashMap"><param name="DATASETPARAMID" value="$entityID8418280050513489000$" valueClass="java.lang.String"/><param name="DEFAULTVALUE" value="nocontrol" valueClass="java.lang.String"/><param name="CONDITIONS" valueClass="java.util.ArrayList"><param name="" valueClass="ru.diasoft.utils.DefaultedHashMap"><param name="DEFAULTVALUE" value="nocontrol" valueClass="java.lang.String"/><param name="DATASETPARAMID" value="$entityID8418280050513489000$" valueClass="java.lang.String"/><param name="PARAMID" value="1" valueClass="java.lang.Integer"/><param name="CONDITION" value="" valueClass="java.lang.String"/><param name="ID" value="1" valueClass="java.lang.Integer"/><param name="PARAMSYSNAME" value="controlMethodSysName" valueClass="java.lang.String"/><param name="TOPVALUE" value="nocontrol" valueClass="java.lang.String"/><param name="LOWVALUE" value="nocontrol" valueClass="java.lang.String"/><param name="INTERVALTYPE" value="3" valueClass="java.lang.String"/></param><param name="" valueClass="ru.diasoft.utils.DefaultedHashMap"><param name="DEFAULTVALUE" value="nocontrol" valueClass="java.lang.String"/><param name="DATASETPARAMID" value="$entityID8418280050513489000$" valueClass="java.lang.String"/><param name="PARAMID" value="1" valueClass="java.lang.Integer"/><param name="CONDITION" value="" valueClass="java.lang.String"/><param name="ID" value="2" valueClass="java.lang.Integer"/><param name="PARAMSYSNAME" value="controlMethodSysName" valueClass="java.lang.String"/><param name="TOPVALUE" value="oneStepControl" valueClass="java.lang.String"/><param name="LOWVALUE" value="oneStepControl" valueClass="java.lang.String"/><param name="INTERVALTYPE" value="3" valueClass="java.lang.String"/></param><param name="" valueClass="ru.diasoft.utils.DefaultedHashMap"><param name="DEFAULTVALUE" value="nocontrol" valueClass="java.lang.String"/><param name="DATASETPARAMID" value="$entityID8418280050513489000$" valueClass="java.lang.String"/><param name="PARAMID" value="1" valueClass="java.lang.Integer"/><param name="CONDITION" value="" valueClass="java.lang.String"/><param name="ID" value="3" valueClass="java.lang.Integer"/><param name="PARAMSYSNAME" value="controlMethodSysName" valueClass="java.lang.String"/><param name="TOPVALUE" value="twoStepControl" valueClass="java.lang.String"/><param name="LOWVALUE" value="twoStepControl" valueClass="java.lang.String"/><param name="INTERVALTYPE" value="3" valueClass="java.lang.String"/></param></param><param name="ID" value="1" valueClass="java.lang.Integer"/><param name="PARAMSYSNAME" value="controlMethodSysName" valueClass="java.lang.String"/></param><param name="" valueClass="ru.diasoft.utils.DefaultedHashMap"><param name="DATASETPARAMID" value="$entityID1101779614173557600$" valueClass="java.lang.String"/><param name="DEFAULTVALUE" value="f2_flow" valueClass="java.lang.String"/><param name="CONDITIONS" valueClass="java.util.ArrayList"><param name="" valueClass="ru.diasoft.utils.DefaultedHashMap"><param name="DEFAULTVALUE" value="f2_flow" valueClass="java.lang.String"/><param name="DATASETPARAMID" value="$entityID1101779614173557600$" valueClass="java.lang.String"/><param name="PARAMID" value="2" valueClass="java.lang.Integer"/><param name="CONDITION" value="" valueClass="java.lang.String"/><param name="ID" value="1" valueClass="java.lang.Integer"/><param name="PARAMSYSNAME" value="LOSAutoCheckVerification" valueClass="java.lang.String"/><param name="TOPVALUE" value="f2_flow" valueClass="java.lang.String"/><param name="LOWVALUE" value="f2_flow" valueClass="java.lang.String"/><param name="INTERVALTYPE" value="3" valueClass="java.lang.String"/></param><param name="" valueClass="ru.diasoft.utils.DefaultedHashMap"><param name="DEFAULTVALUE" value="f2_flow" valueClass="java.lang.String"/><param name="DATASETPARAMID" value="$entityID1101779614173557600$" valueClass="java.lang.String"/><param name="PARAMID" value="2" valueClass="java.lang.Integer"/><param name="CONDITION" value="" valueClass="java.lang.String"/><param name="ID" value="2" valueClass="java.lang.Integer"/><param name="PARAMSYSNAME" value="LOSAutoCheckVerification" valueClass="java.lang.String"/><param name="TOPVALUE" value="n_flow" valueClass="java.lang.String"/><param name="LOWVALUE" value="n_flow" valueClass="java.lang.String"/><param name="INTERVALTYPE" value="3" valueClass="java.lang.String"/></param></param><param name="ID" value="2" valueClass="java.lang.Integer"/><param name="PARAMSYSNAME" value="LOSAutoCheckVerification" valueClass="java.lang.String"/></param><param name="" valueClass="ru.diasoft.utils.DefaultedHashMap"><param name="DATASETPARAMID" value="$entityID973447842378574200$" valueClass="java.lang.String"/><param name="DEFAULTVALUE" value="Approval Level (A)" valueClass="java.lang.String"/><param name="CONDITIONS" valueClass="java.util.ArrayList"><param name="" valueClass="ru.diasoft.utils.DefaultedHashMap"><param name="DEFAULTVALUE" value="Approval Level (A)" valueClass="java.lang.String"/><param name="DATASETPARAMID" value="$entityID973447842378574200$" valueClass="java.lang.String"/><param name="PARAMID" value="3" valueClass="java.lang.Integer"/><param name="CONDITION" value="" valueClass="java.lang.String"/><param name="ID" value="1" valueClass="java.lang.Integer"/><param name="PARAMSYSNAME" value="approverLevelUnderwriter" valueClass="java.lang.String"/><param name="TOPVALUE" value="Approval Level (A)" valueClass="java.lang.String"/><param name="LOWVALUE" value="Approval Level (A)" valueClass="java.lang.String"/><param name="INTERVALTYPE" value="3" valueClass="java.lang.String"/></param><param name="" valueClass="ru.diasoft.utils.DefaultedHashMap"><param name="DEFAULTVALUE" value="Approval Level (A)" valueClass="java.lang.String"/><param name="DATASETPARAMID" value="$entityID973447842378574200$" valueClass="java.lang.String"/><param name="PARAMID" value="3" valueClass="java.lang.Integer"/><param name="CONDITION" value="" valueClass="java.lang.String"/><param name="ID" value="2" valueClass="java.lang.Integer"/><param name="PARAMSYSNAME" value="approverLevelUnderwriter" valueClass="java.lang.String"/><param name="TOPVALUE" value="Approval Level (B)" valueClass="java.lang.String"/><param name="LOWVALUE" value="Approval Level (B)" valueClass="java.lang.String"/><param name="INTERVALTYPE" value="3" valueClass="java.lang.String"/></param><param name="" valueClass="ru.diasoft.utils.DefaultedHashMap"><param name="DEFAULTVALUE" value="Approval Level (A)" valueClass="java.lang.String"/><param name="DATASETPARAMID" value="$entityID973447842378574200$" valueClass="java.lang.String"/><param name="PARAMID" value="3" valueClass="java.lang.Integer"/><param name="CONDITION" value="" valueClass="java.lang.String"/><param name="ID" value="3" valueClass="java.lang.Integer"/><param name="PARAMSYSNAME" value="approverLevelUnderwriter" valueClass="java.lang.String"/><param name="TOPVALUE" value="Approval Level (C)" valueClass="java.lang.String"/><param name="LOWVALUE" value="Approval Level (C)" valueClass="java.lang.String"/><param name="INTERVALTYPE" value="3" valueClass="java.lang.String"/></param><param name="" valueClass="ru.diasoft.utils.DefaultedHashMap"><param name="DEFAULTVALUE" value="Approval Level (A)" valueClass="java.lang.String"/><param name="DATASETPARAMID" value="$entityID973447842378574200$" valueClass="java.lang.String"/><param name="PARAMID" value="3" valueClass="java.lang.Integer"/><param name="CONDITION" value="" valueClass="java.lang.String"/><param name="ID" value="4" valueClass="java.lang.Integer"/><param name="PARAMSYSNAME" value="approverLevelUnderwriter" valueClass="java.lang.String"/><param name="TOPVALUE" value="Credit Committee" valueClass="java.lang.String"/><param name="LOWVALUE" value="Credit Committee" valueClass="java.lang.String"/><param name="INTERVALTYPE" value="3" valueClass="java.lang.String"/></param></param><param name="ID" value="3" valueClass="java.lang.Integer"/><param name="PARAMSYSNAME" value="approverLevelUnderwriter" valueClass="java.lang.String"/></param></param><param name="VALUETYPE" value="java.lang.String" valueClass="java.lang.String"/></content>]]></attribute>
		<attribute name="DEFAULTVALUE" valueType="java.lang.String" create="true">LOSReviewApproverHO</attribute>
		<attribute name="ISUSEDEFAULT" valueType="java.lang.Integer" create="true">0</attribute>
		<attribute name="ORDERNO" valueType="java.lang.Integer" create="true" search="true">5042</attribute>
		<attribute name="MARK" valueType="java.lang.Integer" create="true" search="true">0</attribute>
		<attribute name="SYSNAME" valueType="java.lang.String" create="true"></attribute>
		<attribute name="NAME" valueType="java.lang.String" create="true"></attribute>
	</entity>

	<entity name="DMS_RULENODE" id="303123858759487300" createMethod="ruleNodeCreate" getMethod="ruleNodeGetListByParams" createKeyParam="RULENODEID" getKeyParam="RULENODEID" service="dmsws">
		<attribute name="PARENTRULENODEID" valueType="java.lang.Long" create="true" search="true">0</attribute>
		<attribute name="RULEID" valueType="java.lang.Long" create="true" search="true" entityID="1271634429983415800"/>
		<attribute name="NODETYPE" valueType="java.lang.String" create="true">6</attribute>
		<attribute name="VALUEID" valueType="java.lang.Long" create="true" search="true">null</attribute>
		<attribute name="NODEVALUE" valueType="java.util.Map" create="true" replaceID="973447842378574200"><![CDATA[<?xml version="1.0" encoding="windows-1251"?><content version="1.0"><param name="CELLS" valueClass="java.util.ArrayList"><param name="" valueClass="ru.diasoft.utils.DefaultedHashMap"><param name="VALUE" value="LOSCCommitteePreparation" valueClass="java.lang.String"/><param name="CONDITIONS" valueClass="java.util.ArrayList"><param name="" valueClass="ru.diasoft.utils.DefaultedHashMap"><param name="DEFAULTVALUE" value="" valueClass="java.lang.String"/><param name="DATASETPARAMID" value="$entityID973447842378574200$" valueClass="java.lang.String"/><param name="PARAMID" value="1" valueClass="java.lang.Integer"/><param name="PARAMSYSNAME" value="approverLevelUnderwriter" valueClass="java.lang.String"/><param name="ID" value="4" valueClass="java.lang.Integer"/><param name="CONDITION" value="[ Credit Committee , Credit Committee ]" valueClass="java.lang.String"/><param name="TOPVALUE" value="Credit Committee" valueClass="java.lang.String"/><param name="LOWVALUE" value="Credit Committee" valueClass="java.lang.String"/><param name="INTERVALTYPE" value="3" valueClass="java.lang.String"/></param></param><param name="ID" value="0" valueClass="java.lang.Integer"/></param><param name="" valueClass="ru.diasoft.utils.DefaultedHashMap"><param name="VALUE" value="LOSReviewApproverHO" valueClass="java.lang.String"/><param name="CONDITIONS" valueClass="java.util.ArrayList"><param name="" valueClass="ru.diasoft.utils.DefaultedHashMap"><param name="DEFAULTVALUE" value="" valueClass="java.lang.String"/><param name="DATASETPARAMID" value="$entityID973447842378574200$" valueClass="java.lang.String"/><param name="PARAMID" value="1" valueClass="java.lang.Integer"/><param name="PARAMSYSNAME" value="approverLevelUnderwriter" valueClass="java.lang.String"/><param name="ID" value="1" valueClass="java.lang.Integer"/><param name="CONDITION" value="[ Approval Level (A) , Approval Level (A) ]" valueClass="java.lang.String"/><param name="TOPVALUE" value="Approval Level (A)" valueClass="java.lang.String"/><param name="LOWVALUE" value="Approval Level (A)" valueClass="java.lang.String"/><param name="INTERVALTYPE" value="3" valueClass="java.lang.String"/></param></param><param name="ID" value="1" valueClass="java.lang.Integer"/></param><param name="" valueClass="ru.diasoft.utils.DefaultedHashMap"><param name="VALUE" value="LOSReviewApproverHO" valueClass="java.lang.String"/><param name="CONDITIONS" valueClass="java.util.ArrayList"><param name="" valueClass="ru.diasoft.utils.DefaultedHashMap"><param name="DEFAULTVALUE" value="" valueClass="java.lang.String"/><param name="DATASETPARAMID" value="$entityID973447842378574200$" valueClass="java.lang.String"/><param name="PARAMID" value="1" valueClass="java.lang.Integer"/><param name="PARAMSYSNAME" value="approverLevelUnderwriter" valueClass="java.lang.String"/><param name="ID" value="2" valueClass="java.lang.Integer"/><param name="CONDITION" value="[ Approval Level (B) , Approval Level (B) ]" valueClass="java.lang.String"/><param name="TOPVALUE" value="Approval Level (B)" valueClass="java.lang.String"/><param name="LOWVALUE" value="Approval Level (B)" valueClass="java.lang.String"/><param name="INTERVALTYPE" value="3" valueClass="java.lang.String"/></param></param><param name="ID" value="2" valueClass="java.lang.Integer"/></param><param name="" valueClass="ru.diasoft.utils.DefaultedHashMap"><param name="VALUE" value="LOSReviewApproverHO" valueClass="java.lang.String"/><param name="CONDITIONS" valueClass="java.util.ArrayList"><param name="" valueClass="ru.diasoft.utils.DefaultedHashMap"><param name="DEFAULTVALUE" value="" valueClass="java.lang.String"/><param name="DATASETPARAMID" value="$entityID973447842378574200$" valueClass="java.lang.String"/><param name="PARAMID" value="1" valueClass="java.lang.Integer"/><param name="PARAMSYSNAME" value="approverLevelUnderwriter" valueClass="java.lang.String"/><param name="ID" value="3" valueClass="java.lang.Integer"/><param name="CONDITION" value="[ Approval Level (C) , Approval Level (C) ]" valueClass="java.lang.String"/><param name="TOPVALUE" value="Approval Level (C)" valueClass="java.lang.String"/><param name="LOWVALUE" value="Approval Level (C)" valueClass="java.lang.String"/><param name="INTERVALTYPE" value="3" valueClass="java.lang.String"/></param></param><param name="ID" value="3" valueClass="java.lang.Integer"/></param></param><param name="PARAMETERS" valueClass="java.util.ArrayList"><param name="" valueClass="ru.diasoft.utils.DefaultedHashMap"><param name="DATASETPARAMID" value="$entityID973447842378574200$" valueClass="java.lang.String"/><param name="DEFAULTVALUE" value="" valueClass="java.lang.String"/><param name="CONDITIONS" valueClass="java.util.ArrayList"><param name="" valueClass="ru.diasoft.utils.DefaultedHashMap"><param name="DEFAULTVALUE" value="" valueClass="java.lang.String"/><param name="DATASETPARAMID" value="$entityID973447842378574200$" valueClass="java.lang.String"/><param name="PARAMID" value="1" valueClass="java.lang.Integer"/><param name="CONDITION" value="" valueClass="java.lang.String"/><param name="ID" value="1" valueClass="java.lang.Integer"/><param name="PARAMSYSNAME" value="approverLevelUnderwriter" valueClass="java.lang.String"/><param name="TOPVALUE" value="Approval Level (A)" valueClass="java.lang.String"/><param name="LOWVALUE" value="Approval Level (A)" valueClass="java.lang.String"/><param name="INTERVALTYPE" value="3" valueClass="java.lang.String"/></param><param name="" valueClass="ru.diasoft.utils.DefaultedHashMap"><param name="DEFAULTVALUE" value="" valueClass="java.lang.String"/><param name="DATASETPARAMID" value="$entityID973447842378574200$" valueClass="java.lang.String"/><param name="PARAMID" value="1" valueClass="java.lang.Integer"/><param name="CONDITION" value="" valueClass="java.lang.String"/><param name="ID" value="2" valueClass="java.lang.Integer"/><param name="PARAMSYSNAME" value="approverLevelUnderwriter" valueClass="java.lang.String"/><param name="TOPVALUE" value="Approval Level (B)" valueClass="java.lang.String"/><param name="LOWVALUE" value="Approval Level (B)" valueClass="java.lang.String"/><param name="INTERVALTYPE" value="3" valueClass="java.lang.String"/></param><param name="" valueClass="ru.diasoft.utils.DefaultedHashMap"><param name="DEFAULTVALUE" value="" valueClass="java.lang.String"/><param name="DATASETPARAMID" value="$entityID973447842378574200$" valueClass="java.lang.String"/><param name="PARAMID" value="1" valueClass="java.lang.Integer"/><param name="CONDITION" value="" valueClass="java.lang.String"/><param name="ID" value="3" valueClass="java.lang.Integer"/><param name="PARAMSYSNAME" value="approverLevelUnderwriter" valueClass="java.lang.String"/><param name="TOPVALUE" value="Approval Level (C)" valueClass="java.lang.String"/><param name="LOWVALUE" value="Approval Level (C)" valueClass="java.lang.String"/><param name="INTERVALTYPE" value="3" valueClass="java.lang.String"/></param><param name="" valueClass="ru.diasoft.utils.DefaultedHashMap"><param name="DEFAULTVALUE" value="" valueClass="java.lang.String"/><param name="DATASETPARAMID" value="$entityID973447842378574200$" valueClass="java.lang.String"/><param name="PARAMID" value="1" valueClass="java.lang.Integer"/><param name="CONDITION" value="" valueClass="java.lang.String"/><param name="ID" value="4" valueClass="java.lang.Integer"/><param name="PARAMSYSNAME" value="approverLevelUnderwriter" valueClass="java.lang.String"/><param name="TOPVALUE" value="Credit Committee" valueClass="java.lang.String"/><param name="LOWVALUE" value="Credit Committee" valueClass="java.lang.String"/><param name="INTERVALTYPE" value="3" valueClass="java.lang.String"/></param></param><param name="ID" value="1" valueClass="java.lang.Integer"/><param name="PARAMSYSNAME" value="approverLevelUnderwriter" valueClass="java.lang.String"/></param></param><param name="VALUETYPE" value="java.lang.String" valueClass="java.lang.String"/></content>]]></attribute>
		<attribute name="DEFAULTVALUE" valueType="java.lang.String" create="true">LOSReviewApproverHO</attribute>
		<attribute name="ISUSEDEFAULT" valueType="java.lang.Integer" create="true">0</attribute>
		<attribute name="ORDERNO" valueType="java.lang.Integer" create="true" search="true">5045</attribute>
		<attribute name="MARK" valueType="java.lang.Integer" create="true" search="true"></attribute>
		<attribute name="SYSNAME" valueType="java.lang.String" create="true"></attribute>
		<attribute name="NAME" valueType="java.lang.String" create="true"></attribute>
	</entity>

	<entity name="DMS_RULENODE" id="4836564796999485000" createMethod="ruleNodeCreate" getMethod="ruleNodeGetListByParams" createKeyParam="RULENODEID" getKeyParam="RULENODEID" service="dmsws">
		<attribute name="PARENTRULENODEID" valueType="java.lang.Long" create="true" search="true" entityID="7943387063411805000"/>
		<attribute name="RULEID" valueType="java.lang.Long" create="true" search="true" entityID="7527809546709159000"/>
		<attribute name="NODETYPE" valueType="java.lang.String" create="true">1</attribute>
		<attribute name="VALUEID" valueType="java.lang.Long" create="true" search="true" entityID="3643322391230894000"/>
		<attribute name="NODEVALUE" valueType="java.util.Map" create="true"><![CDATA[{}]]></attribute>
		<attribute name="DEFAULTVALUE" valueType="java.lang.String" create="true"></attribute>
		<attribute name="ISUSEDEFAULT" valueType="java.lang.Integer" create="true">0</attribute>
		<attribute name="ORDERNO" valueType="java.lang.Integer" create="true" search="true">1</attribute>
		<attribute name="MARK" valueType="java.lang.Integer" create="true" search="true">0</attribute>
		<attribute name="SYSNAME" valueType="java.lang.String" create="true"></attribute>
		<attribute name="NAME" valueType="java.lang.String" create="true"></attribute>
	</entity>

	<entity name="DMS_RULENODE" id="2528687371637809000" createMethod="ruleNodeCreate" getMethod="ruleNodeGetListByParams" createKeyParam="RULENODEID" getKeyParam="RULENODEID" service="dmsws">
		<attribute name="PARENTRULENODEID" valueType="java.lang.Long" create="true" search="true" entityID="7943387063411805000"/>
		<attribute name="RULEID" valueType="java.lang.Long" create="true" search="true" entityID="7527809546709159000"/>
		<attribute name="NODETYPE" valueType="java.lang.String" create="true">3</attribute>
		<attribute name="VALUEID" valueType="java.lang.Long" create="true" search="true">null</attribute>
		<attribute name="NODEVALUE" valueType="java.util.Map" create="true"><![CDATA[<?xml version="1.0" encoding="UTF-8"?><content version="1.0"><param name="VALUE" value="LOSSendToHOApproval_F1" valueClass="java.lang.String"/><param name="VALUETYPE" value="java.lang.String" valueClass="java.lang.String"/></content>]]></attribute>
		<attribute name="DEFAULTVALUE" valueType="java.lang.String" create="true"></attribute>
		<attribute name="ISUSEDEFAULT" valueType="java.lang.Integer" create="true">0</attribute>
		<attribute name="ORDERNO" valueType="java.lang.Integer" create="true" search="true">2</attribute>
		<attribute name="MARK" valueType="java.lang.Integer" create="true" search="true">0</attribute>
		<attribute name="SYSNAME" valueType="java.lang.String" create="true"></attribute>
		<attribute name="NAME" valueType="java.lang.String" create="true"></attribute>
	</entity>

	<entity name="DMS_RULENODE" id="136615930903421010" createMethod="ruleNodeCreate" getMethod="ruleNodeGetListByParams" createKeyParam="RULENODEID" getKeyParam="RULENODEID" service="dmsws">
		<attribute name="PARENTRULENODEID" valueType="java.lang.Long" create="true" search="true" entityID="2818438221172144000"/>
		<attribute name="RULEID" valueType="java.lang.Long" create="true" search="true" entityID="4043567568599834000"/>
		<attribute name="NODETYPE" valueType="java.lang.String" create="true">3</attribute>
		<attribute name="VALUEID" valueType="java.lang.Long" create="true" search="true">null</attribute>
		<attribute name="NODEVALUE" valueType="java.util.Map" create="true"><![CDATA[<?xml version="1.0" encoding="UTF-8"?><content version="1.0"><param name="VALUE" value="LOS1stepcontrol" valueClass="java.lang.String"/><param name="VALUETYPE" value="java.lang.String" valueClass="java.lang.String"/></content>]]></attribute>
		<attribute name="DEFAULTVALUE" valueType="java.lang.String" create="true"></attribute>
		<attribute name="ISUSEDEFAULT" valueType="java.lang.Integer" create="true">0</attribute>
		<attribute name="ORDERNO" valueType="java.lang.Integer" create="true" search="true">2</attribute>
		<attribute name="MARK" valueType="java.lang.Integer" create="true" search="true">0</attribute>
		<attribute name="SYSNAME" valueType="java.lang.String" create="true"></attribute>
		<attribute name="NAME" valueType="java.lang.String" create="true"></attribute>
	</entity>

	<entity name="DMS_RULENODE" id="2748842698576801000" createMethod="ruleNodeCreate" getMethod="ruleNodeGetListByParams" createKeyParam="RULENODEID" getKeyParam="RULENODEID" service="dmsws">
		<attribute name="PARENTRULENODEID" valueType="java.lang.Long" create="true" search="true" entityID="2818438221172144000"/>
		<attribute name="RULEID" valueType="java.lang.Long" create="true" search="true" entityID="4043567568599834000"/>
		<attribute name="NODETYPE" valueType="java.lang.String" create="true">1</attribute>
		<attribute name="VALUEID" valueType="java.lang.Long" create="true" search="true" entityID="3643322391230894000"/>
		<attribute name="NODEVALUE" valueType="java.util.Map" create="true">null</attribute>
		<attribute name="DEFAULTVALUE" valueType="java.lang.String" create="true"></attribute>
		<attribute name="ISUSEDEFAULT" valueType="java.lang.Integer" create="true">0</attribute>
		<attribute name="ORDERNO" valueType="java.lang.Integer" create="true" search="true">3</attribute>
		<attribute name="MARK" valueType="java.lang.Integer" create="true" search="true"></attribute>
		<attribute name="SYSNAME" valueType="java.lang.String" create="true"></attribute>
		<attribute name="NAME" valueType="java.lang.String" create="true"></attribute>
	</entity>

	<entity name="DMS_RULENODE" id="4862006672177077000" createMethod="ruleNodeCreate" getMethod="ruleNodeGetListByParams" createKeyParam="RULENODEID" getKeyParam="RULENODEID" service="dmsws">
		<attribute name="PARENTRULENODEID" valueType="java.lang.Long" create="true" search="true" entityID="4151751979961198600"/>
		<attribute name="RULEID" valueType="java.lang.Long" create="true" search="true" entityID="4927563074648393000"/>
		<attribute name="NODETYPE" valueType="java.lang.String" create="true">3</attribute>
		<attribute name="VALUEID" valueType="java.lang.Long" create="true" search="true">null</attribute>
		<attribute name="NODEVALUE" valueType="java.util.Map" create="true"><![CDATA[<?xml version="1.0" encoding="UTF-8"?><content version="1.0"><param name="VALUE" value="LOS2stepcontrol" valueClass="java.lang.String"/><param name="VALUETYPE" value="java.lang.String" valueClass="java.lang.String"/></content>]]></attribute>
		<attribute name="DEFAULTVALUE" valueType="java.lang.String" create="true"></attribute>
		<attribute name="ISUSEDEFAULT" valueType="java.lang.Integer" create="true">0</attribute>
		<attribute name="ORDERNO" valueType="java.lang.Integer" create="true" search="true">2</attribute>
		<attribute name="MARK" valueType="java.lang.Integer" create="true" search="true">0</attribute>
		<attribute name="SYSNAME" valueType="java.lang.String" create="true"></attribute>
		<attribute name="NAME" valueType="java.lang.String" create="true"></attribute>
	</entity>

	<entity name="DMS_RULENODE" id="3373756292123900400" createMethod="ruleNodeCreate" getMethod="ruleNodeGetListByParams" createKeyParam="RULENODEID" getKeyParam="RULENODEID" service="dmsws">
		<attribute name="PARENTRULENODEID" valueType="java.lang.Long" create="true" search="true" entityID="4151751979961198600"/>
		<attribute name="RULEID" valueType="java.lang.Long" create="true" search="true" entityID="4927563074648393000"/>
		<attribute name="NODETYPE" valueType="java.lang.String" create="true">1</attribute>
		<attribute name="VALUEID" valueType="java.lang.Long" create="true" search="true" entityID="3643322391230894000"/>
		<attribute name="NODEVALUE" valueType="java.util.Map" create="true">null</attribute>
		<attribute name="DEFAULTVALUE" valueType="java.lang.String" create="true"></attribute>
		<attribute name="ISUSEDEFAULT" valueType="java.lang.Integer" create="true">0</attribute>
		<attribute name="ORDERNO" valueType="java.lang.Integer" create="true" search="true">3</attribute>
		<attribute name="MARK" valueType="java.lang.Integer" create="true" search="true"></attribute>
		<attribute name="SYSNAME" valueType="java.lang.String" create="true"></attribute>
		<attribute name="NAME" valueType="java.lang.String" create="true"></attribute>
	</entity>

	<entity name="DMS_RULENODE" id="34485742175821190" createMethod="ruleNodeCreate" getMethod="ruleNodeGetListByParams" createKeyParam="RULENODEID" getKeyParam="RULENODEID" service="dmsws">
		<attribute name="PARENTRULENODEID" valueType="java.lang.Long" create="true" search="true" entityID="4328504790582607000"/>
		<attribute name="RULEID" valueType="java.lang.Long" create="true" search="true" entityID="717209252690138800"/>
		<attribute name="NODETYPE" valueType="java.lang.String" create="true">3</attribute>
		<attribute name="VALUEID" valueType="java.lang.Long" create="true" search="true">null</attribute>
		<attribute name="NODEVALUE" valueType="java.util.Map" create="true"><![CDATA[<?xml version="1.0" encoding="UTF-8"?><content version="1.0"><param name="VALUE" value="LOSCCommitteePreparation" valueClass="java.lang.String"/><param name="VALUETYPE" value="java.lang.String" valueClass="java.lang.String"/></content>]]></attribute>
		<attribute name="DEFAULTVALUE" valueType="java.lang.String" create="true"></attribute>
		<attribute name="ISUSEDEFAULT" valueType="java.lang.Integer" create="true">0</attribute>
		<attribute name="ORDERNO" valueType="java.lang.Integer" create="true" search="true">2</attribute>
		<attribute name="MARK" valueType="java.lang.Integer" create="true" search="true">0</attribute>
		<attribute name="SYSNAME" valueType="java.lang.String" create="true"></attribute>
		<attribute name="NAME" valueType="java.lang.String" create="true"></attribute>
	</entity>

	<entity name="DMS_RULENODE" id="2625855662812274000" createMethod="ruleNodeCreate" getMethod="ruleNodeGetListByParams" createKeyParam="RULENODEID" getKeyParam="RULENODEID" service="dmsws">
		<attribute name="PARENTRULENODEID" valueType="java.lang.Long" create="true" search="true" entityID="4328504790582607000"/>
		<attribute name="RULEID" valueType="java.lang.Long" create="true" search="true" entityID="717209252690138800"/>
		<attribute name="NODETYPE" valueType="java.lang.String" create="true">1</attribute>
		<attribute name="VALUEID" valueType="java.lang.Long" create="true" search="true" entityID="3643322391230894000"/>
		<attribute name="NODEVALUE" valueType="java.util.Map" create="true">null</attribute>
		<attribute name="DEFAULTVALUE" valueType="java.lang.String" create="true"></attribute>
		<attribute name="ISUSEDEFAULT" valueType="java.lang.Integer" create="true">0</attribute>
		<attribute name="ORDERNO" valueType="java.lang.Integer" create="true" search="true">3</attribute>
		<attribute name="MARK" valueType="java.lang.Integer" create="true" search="true"></attribute>
		<attribute name="SYSNAME" valueType="java.lang.String" create="true"></attribute>
		<attribute name="NAME" valueType="java.lang.String" create="true"></attribute>
	</entity>

	<entity name="DMS_RULENODE" id="292975707983042050" createMethod="ruleNodeCreate" getMethod="ruleNodeGetListByParams" createKeyParam="RULENODEID" getKeyParam="RULENODEID" service="dmsws">
		<attribute name="PARENTRULENODEID" valueType="java.lang.Long" create="true" search="true" entityID="2707826301273675000"/>
		<attribute name="RULEID" valueType="java.lang.Long" create="true" search="true" entityID="7779716418852417000"/>
		<attribute name="NODETYPE" valueType="java.lang.String" create="true">3</attribute>
		<attribute name="VALUEID" valueType="java.lang.Long" create="true" search="true">null</attribute>
		<attribute name="NODEVALUE" valueType="java.util.Map" create="true"><![CDATA[<?xml version="1.0" encoding="UTF-8"?><content version="1.0"><param name="VALUE" value="LOSReviewApproverHO" valueClass="java.lang.String"/><param name="VALUETYPE" value="java.lang.String" valueClass="java.lang.String"/></content>]]></attribute>
		<attribute name="DEFAULTVALUE" valueType="java.lang.String" create="true"></attribute>
		<attribute name="ISUSEDEFAULT" valueType="java.lang.Integer" create="true">0</attribute>
		<attribute name="ORDERNO" valueType="java.lang.Integer" create="true" search="true">2</attribute>
		<attribute name="MARK" valueType="java.lang.Integer" create="true" search="true">0</attribute>
		<attribute name="SYSNAME" valueType="java.lang.String" create="true"></attribute>
		<attribute name="NAME" valueType="java.lang.String" create="true"></attribute>
	</entity>

	<entity name="DMS_RULENODE" id="7618915279634450000" createMethod="ruleNodeCreate" getMethod="ruleNodeGetListByParams" createKeyParam="RULENODEID" getKeyParam="RULENODEID" service="dmsws">
		<attribute name="PARENTRULENODEID" valueType="java.lang.Long" create="true" search="true" entityID="2707826301273675000"/>
		<attribute name="RULEID" valueType="java.lang.Long" create="true" search="true" entityID="7779716418852417000"/>
		<attribute name="NODETYPE" valueType="java.lang.String" create="true">1</attribute>
		<attribute name="VALUEID" valueType="java.lang.Long" create="true" search="true" entityID="3643322391230894000"/>
		<attribute name="NODEVALUE" valueType="java.util.Map" create="true">null</attribute>
		<attribute name="DEFAULTVALUE" valueType="java.lang.String" create="true"></attribute>
		<attribute name="ISUSEDEFAULT" valueType="java.lang.Integer" create="true">0</attribute>
		<attribute name="ORDERNO" valueType="java.lang.Integer" create="true" search="true">3</attribute>
		<attribute name="MARK" valueType="java.lang.Integer" create="true" search="true"></attribute>
		<attribute name="SYSNAME" valueType="java.lang.String" create="true"></attribute>
		<attribute name="NAME" valueType="java.lang.String" create="true"></attribute>
	</entity>

	<!-- Event report schemes --> 
	<!-- Messages --> 
</root> 
