<?xml version="1.0" encoding="UTF-8"?>
<root> 
<!-- Сводная информация по файлу проливки:
 Objects DMS_RULEGROUP - 1
 Objects DMS_OPERATION - 1
 Objects DMS_DATASET - 1
 Objects DMS_DATASETPARAM - 1
 Objects DMS_RULE - 1
 Objects DMS_RULENODE - 3
 -->
	<!-- Rule groups --> 
	<entity name="DMS_RULEGROUP" id="9068696978602632000" createMethod="ruleGroupCreate" getMethod="ruleGroupGetListByParams" createKeyParam="RULEGROUPID" getKeyParam="RULEGROUPID" service="dmsws">
		<attribute name="SYSNAME" valueType="java.lang.String" create="true" search="true">checkRulesLOS</attribute>
		<attribute name="NAME" valueType="java.lang.String" create="true">Rules of checks</attribute>
		<attribute name="DESCRIPTION" valueType="java.lang.String" create="true">Rules for preliminary checks</attribute>
	</entity>

	<!-- Operations --> 
	<entity name="DMS_OPERATION" id="7240460042085370000" createMethod="ruleOperationCreate" getMethod="ruleOperationGetListByParams" createKeyParam="OPERATIONID" getKeyParam="OPERATIONID" service="dmsws">
		<attribute name="SYSNAME" valueType="java.lang.String" create="true" search="true">LARGER</attribute>
		<attribute name="GROUPSYSNAME" valueType="java.lang.String" create="true" search="true">CHK</attribute>
	</entity>

	<!-- Datasets --> 
	<entity name="DMS_DATASET" id="6265544463851924000" createMethod="ruleDatasetCreate" getMethod="ruleDatasetGetListByParams" createKeyParam="DATASETID" getKeyParam="DATASETID" service="dmsws">
		<attribute name="SYSNAME" valueType="java.lang.String" create="true" search="true">clientParamsINT</attribute>
		<attribute name="FULLNAME" valueType="java.lang.String" create="true">Parameters of Client</attribute>
	</entity>

	<!-- Parameters --> 
	<entity name="DMS_DATASETPARAM" id="4315477547870307000" createMethod="ruleDatasetParamCreate" getMethod="ruleDatasetParamGetListByParams" createKeyParam="DATASETPARAMID" getKeyParam="DATASETPARAMID" service="dmsws">
		<attribute name="DATASETID" valueType="java.lang.Long" create="true" search="true" entityID="6265544463851924000"/>
		<attribute name="PARAMTYPE" valueType="java.lang.String" create="true" search="true">0</attribute>
		<attribute name="SYSNAME" valueType="java.lang.String" create="true" search="true">CLIENTID</attribute>
		<attribute name="NAME" valueType="java.lang.String" create="true"></attribute>
		<attribute name="FULLNAME" valueType="java.lang.String" create="true">Identifier of existing customer</attribute>
		<attribute name="PARAMVALUETYPE" valueType="java.lang.String" create="true" search="true">java.lang.Integer</attribute>
		<attribute name="ISREQUIRED" valueType="java.lang.String" create="true">0</attribute>
	</entity>

	<!-- Rules --> 
	<entity name="DMS_RULE" id="8544719100338406000" createMethod="ruleCreate" getMethod="ruleGetListByParams" createKeyParam="RULEID" getKeyParam="RULEID" service="dmsws">
		<attribute name="SYSNAME" valueType="java.lang.String" create="true" search="true">ruleCheckAvailableOfClient</attribute>
		<attribute name="NAME" valueType="java.lang.String" create="true">Checking presence of CLIENTID under the application</attribute>
		<attribute name="DESCRIPTION" valueType="java.lang.String" create="true"></attribute>
		<attribute name="RULEGROUPID" valueType="java.lang.Long" create="true" search="true" entityID="9068696978602632000"/>
		<attribute name="DATASETID" valueType="java.lang.Long" create="true" search="true" entityID="6265544463851924000"/>
	</entity>

	<!-- Nodes of rules --> 
	<entity name="DMS_RULENODE" id="6824056692431948000" createMethod="ruleNodeCreate" getMethod="ruleNodeGetListByParams" createKeyParam="RULENODEID" getKeyParam="RULENODEID" service="dmsws">
		<attribute name="PARENTRULENODEID" valueType="java.lang.Long" create="true" search="true">0</attribute>
		<attribute name="RULEID" valueType="java.lang.Long" create="true" search="true" entityID="8544719100338406000"/>
		<attribute name="NODETYPE" valueType="java.lang.String" create="true">0</attribute>
		<attribute name="VALUEID" valueType="java.lang.Long" create="true" search="true" entityID="7240460042085370000"/>
		<attribute name="NODEVALUE" valueType="java.util.Map" create="true"></attribute>
		<attribute name="DEFAULTVALUE" valueType="java.lang.String" create="true"></attribute>
		<attribute name="ISUSEDEFAULT" valueType="java.lang.Integer" create="true">0</attribute>
		<attribute name="ORDERNO" valueType="java.lang.Integer" create="true" search="true">5027</attribute>
		<attribute name="MARK" valueType="java.lang.Integer" create="true" search="true"></attribute>
		<attribute name="SYSNAME" valueType="java.lang.String" create="true"></attribute>
		<attribute name="NAME" valueType="java.lang.String" create="true"></attribute>
	</entity>

	<entity name="DMS_RULENODE" id="4923518079543401000" createMethod="ruleNodeCreate" getMethod="ruleNodeGetListByParams" createKeyParam="RULENODEID" getKeyParam="RULENODEID" service="dmsws">
		<attribute name="PARENTRULENODEID" valueType="java.lang.Long" create="true" search="true" entityID="6824056692431948000"/>
		<attribute name="RULEID" valueType="java.lang.Long" create="true" search="true" entityID="8544719100338406000"/>
		<attribute name="NODETYPE" valueType="java.lang.String" create="true">1</attribute>
		<attribute name="VALUEID" valueType="java.lang.Long" create="true" search="true" entityID="4315477547870307000"/>
		<attribute name="NODEVALUE" valueType="java.util.Map" create="true"></attribute>
		<attribute name="DEFAULTVALUE" valueType="java.lang.String" create="true">0</attribute>
		<attribute name="ISUSEDEFAULT" valueType="java.lang.Integer" create="true">1</attribute>
		<attribute name="ORDERNO" valueType="java.lang.Integer" create="true" search="true">1</attribute>
		<attribute name="MARK" valueType="java.lang.Integer" create="true" search="true"></attribute>
		<attribute name="SYSNAME" valueType="java.lang.String" create="true"></attribute>
		<attribute name="NAME" valueType="java.lang.String" create="true"></attribute>
	</entity>

	<entity name="DMS_RULENODE" id="6607990314864551000" createMethod="ruleNodeCreate" getMethod="ruleNodeGetListByParams" createKeyParam="RULENODEID" getKeyParam="RULENODEID" service="dmsws">
		<attribute name="PARENTRULENODEID" valueType="java.lang.Long" create="true" search="true" entityID="6824056692431948000"/>
		<attribute name="RULEID" valueType="java.lang.Long" create="true" search="true" entityID="8544719100338406000"/>
		<attribute name="NODETYPE" valueType="java.lang.String" create="true">3</attribute>
		<attribute name="VALUEID" valueType="java.lang.Long" create="true" search="true">null</attribute>
		<attribute name="NODEVALUE" valueType="java.util.Map" create="true"><![CDATA[<?xml version="1.0" encoding="UTF-8" standalone="no"?><content version="1.0"><param name="VALUE" value="0" valueClass="java.lang.Integer"/><param name="VALUETYPE" value="java.lang.Integer" valueClass="java.lang.String"/></content>]]></attribute>
		<attribute name="DEFAULTVALUE" valueType="java.lang.String" create="true"></attribute>
		<attribute name="ISUSEDEFAULT" valueType="java.lang.Integer" create="true">0</attribute>
		<attribute name="ORDERNO" valueType="java.lang.Integer" create="true" search="true">2</attribute>
		<attribute name="MARK" valueType="java.lang.Integer" create="true" search="true">0</attribute>
		<attribute name="SYSNAME" valueType="java.lang.String" create="true"></attribute>
		<attribute name="NAME" valueType="java.lang.String" create="true"></attribute>
	</entity>

</root> 
