<?xml version="1.0" encoding="UTF-8"?>
<root>
	<!-- Общее для всех модулей -->
	<entity name="AUTO_PK_SUPPORT" id="0" createMethod="setAutoPkSupportValues" getMethod="" createKeyParam="Result" getKeyParam="" service="">
		<attribute name="DOC_DOCPROCTYPE" valueType="java.lang.String">DOCPROCTYPEID</attribute>
	</entity>

	<!-- Проект -->

	<entity name="CORE_PROJECT" id="1" createMethod="admProjectAdd" getMethod="admProjectBySysname" additionalProcessMethod="admProjectBySysname" processKeyParam="PROJECTID" createKeyParam="PROJECTID" getKeyParam="PROJECTID" service="adminws">
		<attribute name="PROJECTSYSNAME" valueType="java.lang.String" create="true" process="true" search="true">FTDS</attribute>
		<attribute name="PROJECTNAME" valueType="java.lang.String">FLEXTERA "Поддержка принятия решения"</attribute>
		<attribute name="METADATAURL" valueType="java.lang.String">D:\METADATA\TEST\dms\</attribute>
		<attribute name="USERMETADATAURL" valueType="java.lang.String">D:\METADATA\TEST\dms\</attribute>
	</entity>
		
	<!-- Типы этапов обработки -->
	
	<entity name="DOC_DOCPROCTYPE" id="10" createMethod="docProcessingTypeCreate" getMethod="docProcessingTypeGetByDocTypeAndSysname" createKeyParam="DOCPROCTYPEID" getKeyParam="DOCPROCTYPEID" service="frontws2" isExtService="true">
		<attribute name="DOCUMENTTYPE" valueType="java.lang.Long" create="true" search="true">1002</attribute>
		<attribute name="SYSNAME" valueType="java.lang.String" create="true" search="true">autoCheckForDoubles</attribute>
		<attribute name="NAME" valueType="java.lang.String" create="true">Автоматическая проверка дублирования</attribute>
		<attribute name="PAGEFLOWNAME" valueType="java.lang.String" create="true">COMMON/verificationsProtocol/protocolViewer</attribute>
	</entity>
	
	<entity name="DOC_DOCPROCTYPE" id="11" createMethod="docProcessingTypeCreate" getMethod="docProcessingTypeGetByDocTypeAndSysname" createKeyParam="DOCPROCTYPEID" getKeyParam="DOCPROCTYPEID" service="frontws2" isExtService="true">
		<attribute name="DOCUMENTTYPE" valueType="java.lang.Long" create="true" search="true">1002</attribute>
		<attribute name="SYSNAME" valueType="java.lang.String" create="true" search="true">checkForDoubles</attribute>
		<attribute name="NAME" valueType="java.lang.String" create="true">Контроль дублирования</attribute>
		<attribute name="PAGEFLOWNAME" valueType="java.lang.String" create="true"></attribute>
	</entity>	
		
	<!--Машина состояний-->
	<entity name="FRNT_SMSTATE" id="3002" createMethod="smStateCreate" getMethod="smStateGetListByParams" createKeyParam="STATEID" getKeyParam="STATEID" service="frontws2" isExtService="true">
		<attribute name="SYSNAME" valueType="java.lang.String" create="true" search="true">autoCheckForDoubles</attribute>
		<attribute name="NAME" valueType="java.lang.String" create="true">Автоматическая проверка дублирования</attribute>
		<attribute name="TYPEID" valueType="java.lang.Long" create="true" search="true">1002</attribute>
		<attribute name="PROJECTID" valueType="java.lang.Long" create="true" search="true" entityID="1"/>
	</entity>

	<entity name="FRNT_SMSTATE" id="3003" createMethod="smStateCreate" getMethod="smStateGetListByParams" createKeyParam="STATEID" getKeyParam="STATEID" service="frontws2" isExtService="true">
		<attribute name="SYSNAME" valueType="java.lang.String" create="true" search="true">checkForDoubles</attribute>
		<attribute name="NAME" valueType="java.lang.String" create="true">Контроль дублирования</attribute>
		<attribute name="TYPEID" valueType="java.lang.Long" create="true" search="true">1002</attribute>
		<attribute name="PROJECTID" valueType="java.lang.Long" create="true" search="true" entityID="1"/>
	</entity>
	
	<!-- Этап принятия решения -->
	
	<entity name="CORE_USERROLE" id="5000" createMethod="admUserRoleAdd" getMethod="admUserRoleBySysname" createKeyParam="ROLEID" getKeyParam="ROLEID" service="adminws">
		<attribute name="ROLESYSNAME" valueType="java.lang.String" create="true" search="true">Underwriter</attribute>
		<attribute name="ROLENAME" valueType="java.lang.String">Андеррайтер</attribute>
		<attribute name="DESCRIPTION" valueType="java.lang.String">Андеррайтер</attribute>
	</entity>
	
	<entity name="DMS_DECISIONSTAGE" id="5001" createMethod="decisionStageCreate" getMethod="decisionStageGetListByParams" createKeyParam="DECISIONSTAGEID" getKeyParam="DECISIONSTAGEID" service="dmsws" isIntService="true">
		<attribute name="STAGESYSNAME" valueType="java.lang.String" create="true" search="true">checkForDoubles</attribute>
		<attribute name="STAGENAME" valueType="java.lang.String" create="true">Контроль дублирования (автокредит)</attribute>
		<attribute name="DECISIONTERM" valueType="java.lang.Long" create="true">720</attribute>
		<attribute name="AUTHORIZEDTYPE" valueType="java.lang.Integer" create="true">2</attribute>
		<attribute name="AUTHORIZEDID" valueType="java.lang.Long" create="true" entityID="5000"/>
		<attribute name="OBJECTTYPEID" valueType="java.lang.Long" create="true" search="true">1002</attribute>
		<attribute name="STATEID" valueType="java.lang.Long" create="true" search="true" entityID="3003"/>
		<attribute name="PAGEFLOWNAME" valueType="java.lang.String" create="true">COMMON\checkForDoubles\checkForDoubles</attribute>
		<attribute name="DESCRIPTION" valueType="java.lang.String" create="true"></attribute>
	</entity>
	
	<!-- Связь этапов принятия решений и справочника решений -->
	
	<entity name="DMS_DECISIONREFLNK" id="5002" createMethod="decisionRefLinkCreate" getMethod="decisionRefLinkGetListByParams" createKeyParam="LINKID" getKeyParam="LINKID" service="dmsws" isIntService="true">
		<attribute name="DECISIONSTAGEID" valueType="java.lang.Long" create="true" search="true" entityID="5001"/>
		<attribute name="REFSYSNAME" valueType="java.lang.String" create="true" search="true">cancel</attribute>
	</entity>
	
	<entity name="DMS_DECISIONREFLNK" id="5003" createMethod="decisionRefLinkCreate" getMethod="decisionRefLinkGetListByParams" createKeyParam="LINKID" getKeyParam="LINKID" service="dmsws" isIntService="true">
		<attribute name="DECISIONSTAGEID" valueType="java.lang.Long" create="true" search="true" entityID="5001"/>
		<attribute name="REFSYSNAME" valueType="java.lang.String" create="true" search="true">approve</attribute>
	</entity>
	
	
</root>	