<?xml version="1.0" encoding="UTF-8"?>
<root>

	<!---Проекты -->

	<entity name="CORE_PROJECT" id="1" createMethod="admProjectAdd" getMethod="admProjectBySysname" additionalProcessMethod="admProjectBySysname" processKeyParam="PROJECTID" createKeyParam="PROJECTID" getKeyParam="PROJECTID" service="adminws">
		<attribute name="PROJECTSYSNAME" valueType="java.lang.String" create="true" process="true" search="true">FTFLOANS</attribute>
		<attribute name="PROJECTNAME" valueType="java.lang.String">FLEXTERA "Кредитная заявка и обслуживание заемщиков"</attribute>
	</entity>
	
	<entity name="CORE_PROJECT" id="2" createMethod="admProjectAdd" getMethod="admProjectBySysname" additionalProcessMethod="admProjectBySysname" processKeyParam="PROJECTID" createKeyParam="PROJECTID" getKeyParam="PROJECTID" service="adminws">
        <attribute name="PROJECTSYSNAME" valueType="java.lang.String" create="true" process="true" search="true">FTDS</attribute>
        <attribute name="PROJECTNAME" valueType="java.lang.String">FLEXTERA "Поддержка принятия решения"</attribute>
    </entity>	
	
	<!-- Роли -->	
	
	<entity name="CORE_USERROLE" id="10" createMethod="admUserRoleAdd" getMethod="admUserRoleBySysname" createKeyParam="ROLEID" getKeyParam="ROLEID" service="adminws">
		<attribute name="ROLESYSNAME" valueType="java.lang.String" create="true" search="true">Operator</attribute>
		<attribute name="ROLENAME" valueType="java.lang.String">Менеджер по работе с клиентами</attribute>
		<attribute name="DESCRIPTION" valueType="java.lang.String">Менеджер по работе с клиентами</attribute>
	</entity>

	<entity name="CORE_USERROLE" id="11" createMethod="admUserRoleAdd" getMethod="admUserRoleBySysname" createKeyParam="ROLEID" getKeyParam="ROLEID" service="adminws">
		<attribute name="ROLESYSNAME" valueType="java.lang.String" create="true" search="true">SeniorOperator</attribute>
		<attribute name="ROLENAME" valueType="java.lang.String">Старший сотрудник ДО/ОО</attribute>
		<attribute name="DESCRIPTION" valueType="java.lang.String">Старший сотрудник ДО/ОО</attribute>
	</entity>

	<!--Состояния -->
	
	<entity name="FRNT_SMSTATE" id="1000" createMethod="smStateCreate" getMethod="smStateGetListByParams" createKeyParam="STATEID" getKeyParam="STATEID" service="frontws2">
		<attribute name="SYSNAME" valueType="java.lang.String" create="true" search="true">autoNotificationCancel</attribute>
		<attribute name="NAME" valueType="java.lang.String" create="true">Автоматическое уведомление клиента об отказе</attribute>
		<attribute name="TYPEID" valueType="java.lang.Long" create="true" search="true">1002</attribute>
		<attribute name="PROJECTID" valueType="java.lang.Long" create="true" search="true" entityID="2"/>
	</entity>
	
	<entity name="FRNT_SMSTATE" id="1001" createMethod="smStateCreate" getMethod="smStateGetListByParams" createKeyParam="STATEID" getKeyParam="STATEID" service="frontws2">
		<attribute name="SYSNAME" valueType="java.lang.String" create="true" search="true">ignored</attribute>
		<attribute name="NAME" valueType="java.lang.String" create="true">Отклонено</attribute>
		<attribute name="TYPEID" valueType="java.lang.Long" create="true" search="true">1002</attribute>
		<attribute name="PROJECTID" valueType="java.lang.Long" create="true" search="true" entityID="1"/>
	</entity>	
	
	<entity name="DMS_SCRIPT" id="1002" createMethod="checkScriptCreate" getMethod="checkScriptGetByIdOrSysname" createKeyParam="SCRIPTID" getKeyParam="SCRIPTID" service="dmsws" isExtService="true">
		<attribute name="SCRIPTSYSNAME" valueType="java.lang.String" create="true" search="true">automaticNotification</attribute>
		<attribute name="SCRIPTNAME" valueType="java.lang.String" create="true">Автоматическое уведомление</attribute>
		<attribute name="DESCRIPTION" valueType="java.lang.String" create="true">Автоматическое уведомление</attribute>
	</entity>
	
	<entity name="FRNT_SMSTATE" id="1101" createMethod="smStateCreate" getMethod="smStateGetListByParams" createKeyParam="STATEID" getKeyParam="STATEID" service="frontws2">
		<attribute name="SYSNAME" valueType="java.lang.String" create="true" search="true">clientNotificationRefuse</attribute>
		<attribute name="NAME" valueType="java.lang.String" create="true">Уведомление клиента об отказе</attribute>
		<attribute name="TYPEID" valueType="java.lang.Long" create="true" search="true">1002</attribute>
		<attribute name="PROJECTID" valueType="java.lang.Long" create="true" search="true" entityID="1"/>
	</entity>
	
	<!-- Переходы-->
	
	<entity name="FRNT_SMTRANS" id="1301" createMethod="smTransitionCreate" getMethod="smTransitionGetListByParams" createKeyParam="TRANSITIONID" getKeyParam="TRANSITIONID"  service="frontws2" >
		<attribute name="SYSNAME" valueType="java.lang.String" create="true" search="true">sendToNotificationManual</attribute>
		<attribute name="NAME" valueType="java.lang.String" create="true">Передать на ручное уведомление клиента</attribute>
		<attribute name="FROMSTATEID" valueType="java.lang.Long" create="true" search="true" entityID="1000"/>
		<attribute name="TOSTATEID" valueType="java.lang.Long" create="true" search="true" entityID="1101"/>
		<attribute name="TYPEID" valueType="java.lang.Long" create="true" search="true">1002</attribute>
		<attribute name="TRANSORDER" valueType="java.lang.Integer" create="true">0</attribute>
		<attribute name="EVENTFLAG" valueType="java.lang.Integer" create="true">0</attribute>
	</entity>
	
	<entity name="FRNT_SMTRANS" id="1302" createMethod="smTransitionCreate" getMethod="smTransitionGetListByParams" createKeyParam="TRANSITIONID" getKeyParam="TRANSITIONID"  service="frontws2" >
		<attribute name="SYSNAME" valueType="java.lang.String" create="true" search="true">makeIgnored</attribute>
		<attribute name="NAME" valueType="java.lang.String" create="true">Отклонить</attribute>
		<attribute name="FROMSTATEID" valueType="java.lang.Long" create="true" search="true" entityID="1000"/>
		<attribute name="TOSTATEID" valueType="java.lang.Long" create="true" search="true" entityID="1001"/>
		<attribute name="TYPEID" valueType="java.lang.Long" create="true" search="true">1002</attribute>
		<attribute name="TRANSORDER" valueType="java.lang.Integer" create="true">0</attribute>
		<attribute name="EVENTFLAG" valueType="java.lang.Integer" create="true">1</attribute>
	</entity>
	
	<!-- Справочник проверок-->
	
	<entity name="DMS_CHECKTYPE" id="1500" createMethod="checkTypeCreate" getMethod="checkTypeGetByIdOrSysname" createKeyParam="CHECKTYPEID" getKeyParam="CHECKTYPEID" service="dmsws" isExtService="true">
		<attribute name="TYPESYSNAME" valueType="java.lang.String" create="true" search="true">subjDemands</attribute>
		<attribute name="TYPENAME" valueType="java.lang.String" create="true">Требования к субъекту</attribute>
		<attribute name="DESCRIPTION" valueType="java.lang.String" create="true">Требования к субъекту</attribute>
	</entity>	
	
	<entity name="DMS_CHECKTYPE" id="1510" createMethod="checkTypeCreate" getMethod="checkTypeGetByIdOrSysname" createKeyParam="CHECKTYPEID" getKeyParam="CHECKTYPEID" service="dmsws" isExtService="true">
		<attribute name="TYPESYSNAME" valueType="java.lang.String" create="true" search="true">decisionResult</attribute>
		<attribute name="TYPENAME" valueType="java.lang.String" create="true">Результаты рассмотрения УЛ</attribute>
		<attribute name="DESCRIPTION" valueType="java.lang.String" create="true">Результаты рассмотрения УЛ</attribute>
	</entity>	
	
	<entity name="DMS_CHECK" id="1511" createMethod="checkCreate" getMethod="checkGetByIdOrSysname" createKeyParam="CHECKID" getKeyParam="CHECKID" service="dmsws" isExtService="true">
		<attribute name="CHECKTYPEID" valueType="java.lang.Long" create="true" search="true" entityID="1510"/>
		<attribute name="OBJECTTYPEID" valueType="java.lang.Long" create="true">50000</attribute>
		<attribute name="CHECKNAME" valueType="java.lang.String" create="true">Автоматическое уведомление по SMS и EMAIL</attribute>
		<attribute name="CHECKSYSNAME" valueType="java.lang.String" create="true" search="true">automaticNotificationViaSMSAndEMAIL</attribute>
		<attribute name="RULELINK" valueType="java.lang.String" create="true">dmsAutoNotification</attribute>
		<attribute name="RULETYPE" valueType="java.lang.Integer" create="true">2</attribute>
		<attribute name="EXPIRATIONTERM" valueType="java.lang.Integer" create="true">0</attribute>
		<attribute name="MULTIFLAG" valueType="java.lang.Integer" create="true">0</attribute>
	</entity>
	
	<entity name="DMS_CHECK" id="1501" createMethod="checkCreate" getMethod="checkGetByIdOrSysname" createKeyParam="CHECKID" getKeyParam="CHECKID" service="dmsws" isExtService="true">
		<attribute name="CHECKTYPEID" valueType="java.lang.Long" create="true" search="true" entityID="1500"/>
		<attribute name="OBJECTTYPEID" valueType="java.lang.Long" create="true">50000</attribute>
		<attribute name="CHECKNAME" valueType="java.lang.String" create="true">Отправкa данных в Национальный Хантер</attribute>
		<attribute name="CHECKSYSNAME" valueType="java.lang.String" create="true" search="true">nationalHunterStatusUpdateData</attribute>
		<attribute name="RULELINK" valueType="java.lang.String" create="true">dmsNationalHunterStatusUpdateData</attribute>
		<attribute name="RULETYPE" valueType="java.lang.Integer" create="true">2</attribute>
		<attribute name="EXPIRATIONTERM" valueType="java.lang.Integer" create="true">0</attribute>
		<attribute name="MULTIFLAG" valueType="java.lang.Integer" create="true">0</attribute>
	</entity>
	
	<entity name="DMS_CHECK" id="1502" createMethod="checkCreate" getMethod="checkGetByIdOrSysname" createKeyParam="CHECKID" getKeyParam="CHECKID" service="dmsws" isExtService="true">
		<attribute name="CHECKTYPEID" valueType="java.lang.Long" create="true" search="true" entityID="1500"/>
		<attribute name="OBJECTTYPEID" valueType="java.lang.Long" create="true">2002</attribute>
		<attribute name="CHECKNAME" valueType="java.lang.String" create="true">Отправкa данных в Национальный Хантер (поручитель)</attribute>
		<attribute name="CHECKSYSNAME" valueType="java.lang.String" create="true" search="true">nationalHunterStatusUpdateDataGuarantee</attribute>
		<attribute name="RULELINK" valueType="java.lang.String" create="true">dmsNationalHunterStatusUpdateData</attribute>
		<attribute name="RULETYPE" valueType="java.lang.Integer" create="true">2</attribute>
		<attribute name="EXPIRATIONTERM" valueType="java.lang.Integer" create="true">0</attribute>
		<attribute name="MULTIFLAG" valueType="java.lang.Integer" create="true">1</attribute>
	</entity>
	
	<!-- Сценарии -->
	
	<entity name="DMS_SCRIPT" id="1600" createMethod="checkScriptCreate" getMethod="checkScriptGetByIdOrSysname" createKeyParam="SCRIPTID" getKeyParam="SCRIPTID" service="dmsws" isExtService="true">
		<attribute name="SCRIPTSYSNAME" valueType="java.lang.String" create="true" search="true">automaticNotificationOfRefusal</attribute>
		<attribute name="SCRIPTNAME" valueType="java.lang.String" create="true">Автоматическое уведомление об отказе</attribute>
		<attribute name="DESCRIPTION" valueType="java.lang.String" create="true">Автоматическое уведомление об отказе</attribute>
	</entity>

	<entity name="DMS_SCRIPT" id="1601" createMethod="checkScriptCreate" getMethod="checkScriptGetByIdOrSysname" createKeyParam="SCRIPTID" getKeyParam="SCRIPTID" service="dmsws" isExtService="true">
		<attribute name="SCRIPTSYSNAME" valueType="java.lang.String" create="true" search="true">automaticNotification</attribute>
		<attribute name="SCRIPTNAME" valueType="java.lang.String" create="true">Автоматическое уведомление</attribute>
		<attribute name="DESCRIPTION" valueType="java.lang.String" create="true">Автоматическое уведомление</attribute>
	</entity>
	
	<!-- Связь сценариев и состояний -->
		
	<entity name="DMS_SCRPTSTATELINK" id="1800" createMethod="scriptStateLinkCreate" getMethod="scriptStateLinkGetListByParams" createKeyParam="LINKID" getKeyParam="LINKID" service="dmsws" isExtService="true">
		<attribute name="SCRIPTID" valueType="java.lang.Long" create="true" search="true" entityID="1600"/>
		<attribute name="STATEID" valueType="java.lang.Long" create="true" search="true" entityID="1000"/>
		<attribute name="OBJECTTYPEID" valueType="java.lang.Long" create="true" search="true">1002</attribute>
	</entity>
	
	<entity name="DMS_SCRPTSTATELINK" id="1801" createMethod="" deleteMethod="scriptStateLinkDelete" getMethod="scriptStateLinkGetListByParams" createKeyParam="LINKID" getKeyParam="LINKID" service="dmsws" isExtService="true" silent="true">
		<attribute name="SCRIPTID" valueType="java.lang.Long" create="true" search="true" entityID="1601"/>
		<attribute name="STATEID" valueType="java.lang.Long" create="true" search="true" entityID="1000"/>
		<attribute name="OBJECTTYPEID" valueType="java.lang.Long" create="true" search="true">1002</attribute>
	</entity>
	
	<!-- Точки маршрутизации -->

	<!--<entity name="DMS_ROUTINGPOINT" id="2903" createMethod="routingPointCreate" getMethod="routingPointGetListByParams" createKeyParam="POINTID" getKeyParam="POINTID" service="dmsws" isExtService="true">
		<attribute name="POINTSYSNAME" valueType="java.lang.String" create="true" search="true">routePointNotificationCancel</attribute>
		<attribute name="POINTNAME" valueType="java.lang.String" create="true">Успешное уведомление об отказе</attribute>
		<attribute name="SCRIPTID" valueType="java.lang.Long" create="true" search="true" entityID="1601"/>
		<attribute name="CHECKID" valueType="java.lang.Long" create="true" search="true" entityID="1511"/>
		<attribute name="OBJECTTYPEID" valueType="java.lang.Long" create="true">1002</attribute>
		<attribute name="STATEID" valueType="java.lang.Long" create="true" search="true" entityID="1000"/>
		<attribute name="DESCRIPTION" valueType="java.lang.String" create="true"></attribute>
	</entity>	
	
	<entity name="DMS_ROUTING" id="3006" createMethod="" deleteMethod="routingDelete" getMethod="routingGetListByParams" createKeyParam="ROUTINGID" getKeyParam="ROUTINGID" service="dmsws" isExtService="true">
		<attribute name="POINTID" valueType="java.lang.Long" create="true" search="true" entityID="2903"/>
		<attribute name="TRANSITIONID" valueType="java.lang.Long"  create="true" search="true" entityID="1302"/>
		<attribute name="RULELINK" valueType="java.lang.String"  create="true" search="true">ruleSuccessfulNotice</attribute>
		<attribute name="RULEPRIORITY" valueType="java.lang.Integer" create="true" search="true">1</attribute>
	</entity>

	<entity name="DMS_ROUTING" id="3007" createMethod="" deleteMethod="routingDelete" getMethod="routingGetListByParams" createKeyParam="ROUTINGID" getKeyParam="ROUTINGID" service="dmsws" isExtService="true">
		<attribute name="POINTID" valueType="java.lang.Long" create="true" search="true" entityID="2903"/>
		<attribute name="TRANSITIONID" valueType="java.lang.Long" create="true" search="true" entityID="1301"/>
		<attribute name="RULELINK" valueType="java.lang.String" create="true" search="true">ruleErrorNotification</attribute>
		<attribute name="RULEPRIORITY" valueType="java.lang.Integer" create="true" search="true">2</attribute>
	</entity>	
	
	<entity name="DMS_ROUTINGPOINT" id="2904" createMethod="" deleteMethod="routingPointDelete" getMethod="routingPointGetListByParams" createKeyParam="POINTID" getKeyParam="POINTID" service="dmsws" isExtService="true" silent="true">
		<attribute name="POINTSYSNAME" valueType="java.lang.String" create="true" search="true">routePointNotificationCancel</attribute>
		<attribute name="SCRIPTID" valueType="java.lang.Long" create="true" search="true" entityID="1601"/>
		<attribute name="CHECKID" valueType="java.lang.Long" create="true" search="true" entityID="1511"/>
		<attribute name="STATEID" valueType="java.lang.Long" create="true" search="true" entityID="1000"/>
	</entity>-->	
	
	<entity name="DMS_ROUTINGPOINT" id="2902" createMethod="routingPointCreate" updateMethod="routingPointModify" getMethod="routingPointGetListByParams" createKeyParam="POINTID" getKeyParam="POINTID" service="dmsws" isExtService="true">
		<attribute name="POINTSYSNAME" valueType="java.lang.String" create="true" search="true">routePointNotificationCancel</attribute>
		<attribute name="POINTNAME" valueType="java.lang.String" create="true">Успешное уведомление об отказе</attribute>
		<attribute name="SCRIPTID" valueType="java.lang.Long" create="true" entityID="1600"/>
		<attribute name="CHECKID" valueType="java.lang.Long" create="true" entityID="1511"/>
		<attribute name="OBJECTTYPEID" valueType="java.lang.Long" create="true">1002</attribute>
		<attribute name="STATEID" valueType="java.lang.Long" create="true" entityID="1000"/>
		<attribute name="DESCRIPTION" valueType="java.lang.String" create="true"></attribute>
	</entity>	
	
	<!-- Параметры маршрутизации -->
	
	<entity name="DMS_ROUTING" id="3004" createMethod="routingCreate" getMethod="routingGetListByParams" createKeyParam="ROUTINGID" getKeyParam="ROUTINGID" service="dmsws" isExtService="true">
		<attribute name="POINTID" valueType="java.lang.Long" create="true" search="true" entityID="2902"/>
		<attribute name="TRANSITIONID" valueType="java.lang.Long" create="true" search="true" entityID="1302"/>
		<attribute name="RULELINK" valueType="java.lang.String" create="true" search="true">ruleSuccessfulNotice</attribute>
		<attribute name="RULEPRIORITY" valueType="java.lang.Integer" create="true" search="true">1</attribute>
		<attribute name="DESCRIPTION" valueType="java.lang.String" create="true"></attribute>
	</entity>

	<entity name="DMS_ROUTING" id="3005" createMethod="routingCreate" getMethod="routingGetListByParams" createKeyParam="ROUTINGID" getKeyParam="ROUTINGID" service="dmsws" isExtService="true">
		<attribute name="POINTID" valueType="java.lang.Long" create="true" search="true" entityID="2902"/>
		<attribute name="TRANSITIONID" valueType="java.lang.Long" create="true" search="true" entityID="1301"/>
		<attribute name="RULELINK" valueType="java.lang.String" create="true" search="true">ruleErrorNotification</attribute>
		<attribute name="RULEPRIORITY" valueType="java.lang.Integer" create="true" search="true">2</attribute>
		<attribute name="DESCRIPTION" valueType="java.lang.String" create="true"></attribute>
	</entity>	

</root>