<?xml version="1.0" encoding="UTF-8"?>
<root>
    <!-- Группа правил «Правила проверок» -->
    <entity name="DMS_RULEGROUP" id="10003" createMethod="ruleGroupCreate" getMethod="ruleGroupGetListByParams" createKeyParam="RULEGROUPID" getKeyParam="RULEGROUPID" service="dmsws">
        <attribute name="SYSNAME" valueType="java.lang.String" create="true" search="true">checkRules</attribute>
        <attribute name="NAME" valueType="java.lang.String" create="true">Правила проверок</attribute>
        <attribute name="DESCRIPTION" valueType="java.lang.String" create="true">Правила для выполнения проверок</attribute>
    </entity>

    <!-- Набор данных Параметры заявки -->
    <entity name="DMS_DATASET" id="200010001" createMethod="ruleDatasetCreate" getMethod="ruleDatasetGetListByParams" createKeyParam="DATASETID" getKeyParam="DATASETID" service="dmsws">
        <attribute name="SYSNAME" valueType="java.lang.String" create="true" search="true">applicationParams</attribute>
        <attribute name="FULLNAME" valueType="java.lang.String" create="true">Параметры заявки</attribute>
    </entity>

    <!-- Параметр «applicationRegionName» -->
    <entity name="DMS_DATASETPARAM" id="300010018" createMethod="ruleDatasetParamCreate" getMethod="ruleDatasetParamGetListByParams" createKeyParam="DATASETPARAMID" getKeyParam="DATASETPARAMID" service="dmsws">
        <attribute name="DATASETID" valueType="java.lang.Long" create="true" search="true" entityID="200010001"/>
        <attribute name="PARAMTYPE" valueType="java.lang.Integer" create="true" search="true">0</attribute>
        <attribute name="SYSNAME" valueType="java.lang.String" create="true" search="true">applicationRegionName</attribute>
        <attribute name="FULLNAME" valueType="java.lang.String" create="true">Регион офиса заведения заявки</attribute>
        <attribute name="PARAMVALUETYPE" valueType="java.lang.String" create="true" search="true">java.lang.String</attribute>
        <attribute name="ISREQUIRED" valueType="java.lang.Integer" create="true">0</attribute>
    </entity>

    <!-- Параметр «clientRegAddressRegion» -->
    <entity name="DMS_DATASETPARAM" id="300010019" createMethod="ruleDatasetParamCreate" getMethod="ruleDatasetParamGetListByParams" createKeyParam="DATASETPARAMID" getKeyParam="DATASETPARAMID" service="dmsws">
        <attribute name="DATASETID" valueType="java.lang.Long" create="true" search="true" entityID="200010001"/>
        <attribute name="PARAMTYPE" valueType="java.lang.Integer" create="true" search="true">0</attribute>
        <attribute name="SYSNAME" valueType="java.lang.String" create="true" search="true">clientRegAddressRegion</attribute>
        <attribute name="FULLNAME" valueType="java.lang.String" create="true">Регион постоянной регистрации</attribute>
        <attribute name="PARAMVALUETYPE" valueType="java.lang.String" create="true" search="true">java.lang.String</attribute>
        <attribute name="ISREQUIRED" valueType="java.lang.Integer" create="true">0</attribute>
    </entity>

    <!-- Параметр «clientFactLiveAddressRegion» -->
    <entity name="DMS_DATASETPARAM" id="300010020" createMethod="ruleDatasetParamCreate" getMethod="ruleDatasetParamGetListByParams" createKeyParam="DATASETPARAMID" getKeyParam="DATASETPARAMID" service="dmsws">
        <attribute name="DATASETID" valueType="java.lang.Long" create="true" search="true" entityID="200010001"/>
        <attribute name="PARAMTYPE" valueType="java.lang.Integer" create="true" search="true">0</attribute>
        <attribute name="SYSNAME" valueType="java.lang.String" create="true" search="true">clientFactLiveAddressRegion</attribute>
        <attribute name="FULLNAME" valueType="java.lang.String" create="true">Регион фактического проживания</attribute>
        <attribute name="PARAMVALUETYPE" valueType="java.lang.String" create="true" search="true">java.lang.String</attribute>
        <attribute name="ISREQUIRED" valueType="java.lang.Integer" create="true">0</attribute>
    </entity>

    <!-- Операция MULTIPLICATION -->
    <entity name="DMS_OPERATION" id="40003" createMethod="ruleOperationCreate" getMethod="ruleOperationGetListByParams" createKeyParam="OPERATIONID" getKeyParam="OPERATIONID" service="dmsws">
        <attribute name="SYSNAME" valueType="java.lang.String" create="true" search="true">MULTIPLICATION</attribute>
        <attribute name="NAME" valueType="java.lang.String" create="true"><![CDATA[*]]></attribute>
        <attribute name="DESCRIPTION" valueType="java.lang.String" create="true"></attribute>
        <attribute name="GROUPSYSNAME" valueType="java.lang.String" create="true" search="true">CALC</attribute>
    </entity>

    <!-- Операция EQUAL -->
    <entity name="DMS_OPERATION" id="400011" createMethod="ruleOperationCreate" getMethod="ruleOperationGetListByParams" createKeyParam="OPERATIONID" getKeyParam="OPERATIONID" service="dmsws">
        <attribute name="SYSNAME" valueType="java.lang.String" create="true" search="true">EQUAL</attribute>
        <attribute name="NAME" valueType="java.lang.String" create="true"><![CDATA[==]]></attribute>
        <attribute name="DESCRIPTION" valueType="java.lang.String" create="true"></attribute>
        <attribute name="GROUPSYSNAME" valueType="java.lang.String" create="true" search="true">CHK</attribute>
    </entity>

    <!-- Правило «Правило проверки регистрации (микрозайм)» -->
    <entity name="DMS_RULE" id="500011012" createMethod="ruleCreate" getMethod="ruleGetListByParams" createKeyParam="RULEID" getKeyParam="RULEID" service="dmsws">
        <attribute name="SYSNAME" valueType="java.lang.String" create="true" search="true">ruleRegRegionMicroLoan</attribute>
        <attribute name="NAME" valueType="java.lang.String" create="true">Правило проверки регистрации (микрозайм)</attribute>
        <attribute name="DESCRIPTION" valueType="java.lang.String" create="true">Правило проверки регистрации (микрозайм)</attribute>
        <attribute name="RULEGROUPID" valueType="java.lang.Long" create="true" search="true" entityID="10003"/>
        <attribute name="DATASETID" valueType="java.lang.Long" create="true" search="true" entityID="200010001"/>
    </entity>

    <!-- Узел правила «Правило проверки регистрации (микрозайм)» -->
    <entity name="DMS_RULENODE" id="600010126" createMethod="ruleNodeCreate" getMethod="ruleNodeGetListByParams" createKeyParam="RULENODEID" getKeyParam="RULENODEID" service="dmsws">
        <attribute name="PARENTRULENODEID" valueType="java.lang.Integer" create="true" search="true">0</attribute>
        <attribute name="RULEID" valueType="java.lang.Long" create="true" search="true" entityID="500011012"/>
        <attribute name="NODETYPE" valueType="java.lang.Integer" create="true">0</attribute>
        <attribute name="VALUEID" valueType="java.lang.Long" create="true" search="true" entityID="40003"/>
        <attribute name="DEFAULTVALUE" valueType="java.lang.String" create="true"></attribute>
        <attribute name="ISUSEDEFAULT" valueType="java.lang.Integer" create="true">0</attribute>
        <attribute name="ORDERNO" valueType="java.lang.Integer" create="true" search="true">331</attribute>
        <attribute name="MARK" valueType="java.lang.Integer" create="true" search="true"></attribute>
    </entity>

    <!-- Узел правила «Правило проверки регистрации (микрозайм)» -->
    <entity name="DMS_RULENODE" id="600010127" createMethod="ruleNodeCreate" getMethod="ruleNodeGetListByParams" createKeyParam="RULENODEID" getKeyParam="RULENODEID" service="dmsws">
        <attribute name="PARENTRULENODEID" valueType="java.lang.Long" create="true" search="true" entityID="600010126"/>
        <attribute name="RULEID" valueType="java.lang.Long" create="true" search="true" entityID="500011012"/>
        <attribute name="NODETYPE" valueType="java.lang.Integer" create="true">0</attribute>
        <attribute name="VALUEID" valueType="java.lang.Long" create="true" search="true" entityID="400011"/>
        <attribute name="DEFAULTVALUE" valueType="java.lang.String" create="true"></attribute>
        <attribute name="ISUSEDEFAULT" valueType="java.lang.Integer" create="true">0</attribute>
        <attribute name="ORDERNO" valueType="java.lang.Integer" create="true" search="true">1</attribute>
        <attribute name="MARK" valueType="java.lang.Integer" create="true" search="true"></attribute>
    </entity>

    <!-- Узел правила «Правило проверки регистрации (микрозайм)» -->
    <entity name="DMS_RULENODE" id="600010130" createMethod="ruleNodeCreate" getMethod="ruleNodeGetListByParams" createKeyParam="RULENODEID" getKeyParam="RULENODEID" service="dmsws">
        <attribute name="PARENTRULENODEID" valueType="java.lang.Long" create="true" search="true" entityID="600010126"/>
        <attribute name="RULEID" valueType="java.lang.Long" create="true" search="true" entityID="500011012"/>
        <attribute name="NODETYPE" valueType="java.lang.Integer" create="true">0</attribute>
        <attribute name="VALUEID" valueType="java.lang.Long" create="true" search="true" entityID="400011"/>
        <attribute name="DEFAULTVALUE" valueType="java.lang.String" create="true"></attribute>
        <attribute name="ISUSEDEFAULT" valueType="java.lang.Integer" create="true">0</attribute>
        <attribute name="ORDERNO" valueType="java.lang.Integer" create="true" search="true">2</attribute>
        <attribute name="MARK" valueType="java.lang.Integer" create="true" search="true"></attribute>
    </entity>

    <!-- Узел правила «Правило проверки регистрации (микрозайм)» -->
    <entity name="DMS_RULENODE" id="600010131" createMethod="ruleNodeCreate" getMethod="ruleNodeGetListByParams" createKeyParam="RULENODEID" getKeyParam="RULENODEID" service="dmsws">
        <attribute name="PARENTRULENODEID" valueType="java.lang.Long" create="true" search="true" entityID="600010130"/>
        <attribute name="RULEID" valueType="java.lang.Long" create="true" search="true" entityID="500011012"/>
        <attribute name="NODETYPE" valueType="java.lang.Integer" create="true">1</attribute>
        <attribute name="VALUEID" valueType="java.lang.Long" create="true" search="true" entityID="300010018"/>
        <attribute name="DEFAULTVALUE" valueType="java.lang.String" create="true"></attribute>
        <attribute name="ISUSEDEFAULT" valueType="java.lang.Integer" create="true">0</attribute>
        <attribute name="ORDERNO" valueType="java.lang.Integer" create="true" search="true">1</attribute>
        <attribute name="MARK" valueType="java.lang.Integer" create="true" search="true"></attribute>
    </entity>

    <!-- Узел правила «Правило проверки регистрации (микрозайм)» -->
    <entity name="DMS_RULENODE" id="600010132" createMethod="ruleNodeCreate" getMethod="ruleNodeGetListByParams" createKeyParam="RULENODEID" getKeyParam="RULENODEID" service="dmsws">
        <attribute name="PARENTRULENODEID" valueType="java.lang.Long" create="true" search="true" entityID="600010130"/>
        <attribute name="RULEID" valueType="java.lang.Long" create="true" search="true" entityID="500011012"/>
        <attribute name="NODETYPE" valueType="java.lang.Integer" create="true">1</attribute>
        <attribute name="VALUEID" valueType="java.lang.Long" create="true" search="true" entityID="300010020"/>
        <attribute name="DEFAULTVALUE" valueType="java.lang.String" create="true">-</attribute>
        <attribute name="ISUSEDEFAULT" valueType="java.lang.Integer" create="true">1</attribute>
        <attribute name="ORDERNO" valueType="java.lang.Integer" create="true" search="true">2</attribute>
        <attribute name="MARK" valueType="java.lang.Integer" create="true" search="true"></attribute>
    </entity>

    <!-- Узел правила «Правило проверки регистрации (микрозайм)» -->
    <entity name="DMS_RULENODE" id="600010128" createMethod="ruleNodeCreate" getMethod="ruleNodeGetListByParams" createKeyParam="RULENODEID" getKeyParam="RULENODEID" service="dmsws">
        <attribute name="PARENTRULENODEID" valueType="java.lang.Long" create="true" search="true" entityID="600010127"/>
        <attribute name="RULEID" valueType="java.lang.Long" create="true" search="true" entityID="500011012"/>
        <attribute name="NODETYPE" valueType="java.lang.Integer" create="true">1</attribute>
        <attribute name="VALUEID" valueType="java.lang.Long" create="true" search="true" entityID="300010018"/>
        <attribute name="DEFAULTVALUE" valueType="java.lang.String" create="true"></attribute>
        <attribute name="ISUSEDEFAULT" valueType="java.lang.Integer" create="true">0</attribute>
        <attribute name="ORDERNO" valueType="java.lang.Integer" create="true" search="true">1</attribute>
        <attribute name="MARK" valueType="java.lang.Integer" create="true" search="true"></attribute>
    </entity>

    <!-- Узел правила «Правило проверки регистрации (микрозайм)» -->
    <entity name="DMS_RULENODE" id="600010129" createMethod="ruleNodeCreate" getMethod="ruleNodeGetListByParams" createKeyParam="RULENODEID" getKeyParam="RULENODEID" service="dmsws">
        <attribute name="PARENTRULENODEID" valueType="java.lang.Long" create="true" search="true" entityID="600010127"/>
        <attribute name="RULEID" valueType="java.lang.Long" create="true" search="true" entityID="500011012"/>
        <attribute name="NODETYPE" valueType="java.lang.Integer" create="true">1</attribute>
        <attribute name="VALUEID" valueType="java.lang.Long" create="true" search="true" entityID="300010019"/>
        <attribute name="DEFAULTVALUE" valueType="java.lang.String" create="true">-</attribute>
        <attribute name="ISUSEDEFAULT" valueType="java.lang.Integer" create="true">1</attribute>
        <attribute name="ORDERNO" valueType="java.lang.Integer" create="true" search="true">2</attribute>
        <attribute name="MARK" valueType="java.lang.Integer" create="true" search="true"></attribute>
    </entity>

</root> 
