<?xml version="1.0" encoding="UTF-8"?>
<root>
    <!-- Группа правил «Правила проверок» -->
    <entity name="DMS_RULEGROUP" id="10003" createMethod="ruleGroupCreate" getMethod="ruleGroupGetListByParams" createKeyParam="RULEGROUPID" getKeyParam="RULEGROUPID" service="dmsws">
        <attribute name="SYSNAME" valueType="java.lang.String" create="true" search="true">checkRules</attribute>
        <attribute name="NAME" valueType="java.lang.String" create="true">Правила проверок</attribute>
        <attribute name="DESCRIPTION" valueType="java.lang.String" create="true">Правила для выполнения проверок</attribute>
    </entity>

    <!-- Набор данных Параметры заявки -->
    <entity name="DMS_DATASET" id="200010001" createMethod="ruleDatasetCreate" getMethod="ruleDatasetGetListByParams" createKeyParam="DATASETID" getKeyParam="DATASETID" service="dmsws">
        <attribute name="SYSNAME" valueType="java.lang.String" create="true" search="true">applicationParams</attribute>
        <attribute name="FULLNAME" valueType="java.lang.String" create="true">Параметры заявки</attribute>
    </entity>

    <!-- Параметр «clientFlagAgreeCheckBKI» -->
    <entity name="DMS_DATASETPARAM" id="300010023" createMethod="ruleDatasetParamCreate" getMethod="ruleDatasetParamGetListByParams" createKeyParam="DATASETPARAMID" getKeyParam="DATASETPARAMID" service="dmsws">
        <attribute name="DATASETID" valueType="java.lang.Long" create="true" search="true" entityID="200010001"/>
        <attribute name="PARAMTYPE" valueType="java.lang.Integer" create="true" search="true">0</attribute>
        <attribute name="SYSNAME" valueType="java.lang.String" create="true" search="true">clientFlagAgreeCheckBKI</attribute>
        <attribute name="FULLNAME" valueType="java.lang.String" create="true">Проведение проверки в БКИ</attribute>
        <attribute name="PARAMVALUETYPE" valueType="java.lang.String" create="true" search="true">java.lang.String</attribute>
        <attribute name="ISREQUIRED" valueType="java.lang.Integer" create="true">0</attribute>
    </entity>

    <!-- Операция EQUAL -->
    <entity name="DMS_OPERATION" id="400011" createMethod="ruleOperationCreate" getMethod="ruleOperationGetListByParams" createKeyParam="OPERATIONID" getKeyParam="OPERATIONID" service="dmsws">
        <attribute name="SYSNAME" valueType="java.lang.String" create="true" search="true">EQUAL</attribute>
        <attribute name="NAME" valueType="java.lang.String" create="true"><![CDATA[==]]></attribute>
        <attribute name="DESCRIPTION" valueType="java.lang.String" create="true"></attribute>
        <attribute name="GROUPSYSNAME" valueType="java.lang.String" create="true" search="true">CHK</attribute>
    </entity>

    <!-- Правило «Правило проверки на согласие проведения проверки в БКИ» -->
    <entity name="DMS_RULE" id="500011014" createMethod="ruleCreate" getMethod="ruleGetListByParams" createKeyParam="RULEID" getKeyParam="RULEID" service="dmsws">
        <attribute name="SYSNAME" valueType="java.lang.String" create="true" search="true">ruleCheckAgreeCheckBKIMicroLoan</attribute>
        <attribute name="NAME" valueType="java.lang.String" create="true">Правило проверки на согласие проведения проверки в БКИ</attribute>
        <attribute name="DESCRIPTION" valueType="java.lang.String" create="true">Правило проверки на согласие проведения проверки в БКИ</attribute>
        <attribute name="RULEGROUPID" valueType="java.lang.Long" create="true" search="true" entityID="10003"/>
        <attribute name="DATASETID" valueType="java.lang.Long" create="true" search="true" entityID="200010001"/>
    </entity>

    <!-- Узел правила «Правило проверки на согласие проведения проверки в БКИ» -->
    <entity name="DMS_RULENODE" id="600010140" createMethod="ruleNodeCreate" getMethod="ruleNodeGetListByParams" createKeyParam="RULENODEID" getKeyParam="RULENODEID" service="dmsws">
        <attribute name="PARENTRULENODEID" valueType="java.lang.Integer" create="true" search="true">0</attribute>
        <attribute name="RULEID" valueType="java.lang.Long" create="true" search="true" entityID="500011014"/>
        <attribute name="NODETYPE" valueType="java.lang.Integer" create="true">0</attribute>
        <attribute name="VALUEID" valueType="java.lang.Long" create="true" search="true" entityID="400011"/>
        <attribute name="DEFAULTVALUE" valueType="java.lang.String" create="true"></attribute>
        <attribute name="ISUSEDEFAULT" valueType="java.lang.Integer" create="true">0</attribute>
        <attribute name="ORDERNO" valueType="java.lang.Integer" create="true" search="true">333</attribute>
        <attribute name="MARK" valueType="java.lang.Integer" create="true" search="true"></attribute>
    </entity>

    <!-- Узел правила «Правило проверки на согласие проведения проверки в БКИ» -->
    <entity name="DMS_RULENODE" id="600010141" createMethod="ruleNodeCreate" getMethod="ruleNodeGetListByParams" createKeyParam="RULENODEID" getKeyParam="RULENODEID" service="dmsws">
        <attribute name="PARENTRULENODEID" valueType="java.lang.Long" create="true" search="true" entityID="600010140"/>
        <attribute name="RULEID" valueType="java.lang.Long" create="true" search="true" entityID="500011014"/>
        <attribute name="NODETYPE" valueType="java.lang.Integer" create="true">1</attribute>
        <attribute name="VALUEID" valueType="java.lang.Long" create="true" search="true" entityID="300010023"/>
        <attribute name="DEFAULTVALUE" valueType="java.lang.String" create="true">false</attribute>
        <attribute name="ISUSEDEFAULT" valueType="java.lang.Integer" create="true">1</attribute>
        <attribute name="ORDERNO" valueType="java.lang.Integer" create="true" search="true">1</attribute>
        <attribute name="MARK" valueType="java.lang.Integer" create="true" search="true"></attribute>
    </entity>

    <!-- Узел правила «Правило проверки на согласие проведения проверки в БКИ» -->
    <entity name="DMS_RULENODE" id="600010142" createMethod="ruleNodeCreate" getMethod="ruleNodeGetListByParams" createKeyParam="RULENODEID" getKeyParam="RULENODEID" service="dmsws">
        <attribute name="PARENTRULENODEID" valueType="java.lang.Long" create="true" search="true" entityID="600010140"/>
        <attribute name="RULEID" valueType="java.lang.Long" create="true" search="true" entityID="500011014"/>
        <attribute name="NODETYPE" valueType="java.lang.Integer" create="true">3</attribute>
        <attribute name="NODEVALUE" valueType="java.util.Map" create="true"><![CDATA[<?xml version="1.0" encoding="UTF-8"?><content version="1.0"><param name="VALUE" value="true" valueClass="java.lang.String"/><param name="VALUETYPE" value="java.lang.String" valueClass="java.lang.String"/></content>]]></attribute>
        <attribute name="DEFAULTVALUE" valueType="java.lang.String" create="true"></attribute>
        <attribute name="ISUSEDEFAULT" valueType="java.lang.Integer" create="true">0</attribute>
        <attribute name="ORDERNO" valueType="java.lang.Integer" create="true" search="true">2</attribute>
        <attribute name="MARK" valueType="java.lang.Integer" create="true" search="true">0</attribute>
    </entity>

</root> 
