<?xml version="1.0" encoding="UTF-8"?>
<root>
	<!-- Общее для всех модулей -->
	<entity name="AUTO_PK_SUPPORT" id="0" createMethod="setAutoPkSupportValues" getMethod="" createKeyParam="Result" getKeyParam="" service="">
		<attribute name="CORE_MASK" valueType="java.lang.String">MASKID</attribute>
	</entity>
	
	<!-- Маски нумерации заявок-->
	
	<entity name="CORE_MASK" id="1" createMethod="dsMaskInsert" getMethod="dsMaskFindByBrief" createKeyParam="MASKID" getKeyParam="MASKID" service="corews">
		<attribute name="SYSTEMBRIEF" valueType="java.lang.String" create="true" search="true">NumberOfChCh</attribute>
		<attribute name="MASK" valueType="java.lang.String">{N}</attribute>
		<attribute name="CRITERION" valueType="java.lang.String"/>
		<attribute name="DESCRIPTION" valueType="java.lang.String">Номер Champion-Сhallenger</attribute>
	</entity>
	
	<entity name="CORE_MASKCOUNTER" id="2" createMethod="dsCountersBatchInsert" getMethod="dsCounterFindListByMaskAndCriterion" createKeyParam="MASKID" getKeyParam="MASKID" service="corews">
		<attribute name="MASKID" valueType="java.lang.Long" create="true" search="true" entityID="1"/>
		<attribute name="CRITERION" valueType="java.lang.String" create="true"></attribute>
		<attribute name="NUM_COUNTER" valueType="java.lang.String" create="true">1</attribute>
		<attribute name="LAT_COUNTER" valueType="java.lang.String" create="true"></attribute>
		<attribute name="CYR_COUNTER" valueType="java.lang.String" create="true"></attribute>
	</entity>
		
	<!-- Роли -->

	<entity name="CORE_USERROLE" id="3" createMethod="admUserRoleAdd" getMethod="admUserRoleBySysname" createKeyParam="ROLEID" getKeyParam="ROLEID" service="adminws">
		<attribute name="ROLESYSNAME" valueType="java.lang.String" create="true" search="true">ChChAdmin</attribute>
		<attribute name="ROLENAME" valueType="java.lang.String">Администратор правил Champion-Challenger</attribute>
		<attribute name="DESCRIPTION" valueType="java.lang.String">Администратор правил Champion-Challenger</attribute>
	</entity>
	
</root>