<?xml version="1.0" encoding="UTF-8"?>
<root>

	<entity name="AUTO_PK_SUPPORT" id="0" createMethod="setAutoPkSupportValues" getMethod="" createKeyParam="Result" getKeyParam="" service="">
		<attribute name="DOC_DOCPROCTYPE" valueType="java.lang.String">DOCPROCTYPEID</attribute>
	</entity>
	
	<!--Этапы обработки-->
	
	<entity name="DOC_DOCPROCTYPE" id="5006" createMethod="" updateMethod="docProcessingTypeModify" getMethod="docProcessingTypeGetByDocTypeAndSysname" createKeyParam="DOCPROCTYPEID" getKeyParam="DOCPROCTYPEID" processKeyParam="DOCPROCTYPEID" service="frontws2" silent="true">
			<attribute name="DOCUMENTTYPE" valueType="java.lang.Long" create="true" search="true">1002</attribute>
			<attribute name="SYSNAME" valueType="java.lang.String" create="true" search="true">autoCheckForDoubles</attribute>
			<attribute name="NAME" valueType="java.lang.String" create="true">Автоматическая проверка дублирования</attribute>
			<attribute name="PAGEFLOWNAME" valueType="java.lang.String" create="true">[FTDS]COMMON/verificationsProtocol/protocolViewer</attribute>
	</entity>

	<entity name="DOC_DOCPROCTYPE" id="2" createMethod="" updateMethod="docProcessingTypeModify" getMethod="docProcessingTypeGetByDocTypeAndSysname" createKeyParam="DOCPROCTYPEID" getKeyParam="DOCPROCTYPEID" processKeyParam="DOCPROCTYPEID" service="frontws2" silent="true">
			<attribute name="DOCUMENTTYPE" valueType="java.lang.Long" create="true" search="true">1002</attribute>
			<attribute name="SYSNAME" valueType="java.lang.String" create="true" search="true">automaticChecks</attribute>
			<attribute name="NAME" valueType="java.lang.String" create="true">Автоматические проверки</attribute>
			<attribute name="PAGEFLOWNAME" valueType="java.lang.String" create="true">[FTDS]COMMON/verificationsProtocol/protocolViewer</attribute>
	</entity>

	<entity name="DOC_DOCPROCTYPE" id="23001" createMethod="" updateMethod="docProcessingTypeModify" getMethod="docProcessingTypeGetByDocTypeAndSysname" createKeyParam="DOCPROCTYPEID" getKeyParam="DOCPROCTYPEID" processKeyParam="DOCPROCTYPEID" service="frontws2" silent="true">
			<attribute name="DOCUMENTTYPE" valueType="java.lang.Long" create="true" search="true">1002</attribute>
			<attribute name="SYSNAME" valueType="java.lang.String" create="true" search="true">definitionSecurity</attribute>
			<attribute name="NAME" valueType="java.lang.String" create="true">Определение СЭБ</attribute>
			<attribute name="PAGEFLOWNAME" valueType="java.lang.String" create="true">[FTDS]COMMON/verificationsProtocol/protocolViewer</attribute>
	</entity>

	<entity name="DOC_DOCPROCTYPE" id="4" createMethod="" updateMethod="docProcessingTypeModify" getMethod="docProcessingTypeGetByDocTypeAndSysname" createKeyParam="DOCPROCTYPEID" getKeyParam="DOCPROCTYPEID" processKeyParam="DOCPROCTYPEID" service="frontws2" silent="true">
			<attribute name="DOCUMENTTYPE" valueType="java.lang.Long" create="true" search="true">1002</attribute>
			<attribute name="SYSNAME" valueType="java.lang.String" create="true" search="true">preliminaryChecks</attribute>
			<attribute name="NAME" valueType="java.lang.String" create="true">Первичные проверки</attribute>
			<attribute name="PAGEFLOWNAME" valueType="java.lang.String" create="true">[FTDS]COMMON/verificationsProtocol/protocolViewer</attribute>
	</entity>

	<entity name="DOC_DOCPROCTYPE" id="5003" createMethod="" updateMethod="docProcessingTypeModify" getMethod="docProcessingTypeGetByDocTypeAndSysname" createKeyParam="DOCPROCTYPEID" getKeyParam="DOCPROCTYPEID" processKeyParam="DOCPROCTYPEID" service="frontws2" silent="true">
			<attribute name="DOCUMENTTYPE" valueType="java.lang.Long" create="true" search="true">1003</attribute>
			<attribute name="SYSNAME" valueType="java.lang.String" create="true" search="true">autoCheckForDoubles</attribute>
			<attribute name="NAME" valueType="java.lang.String" create="true">Автоматическая проверка дублирования</attribute>
			<attribute name="PAGEFLOWNAME" valueType="java.lang.String" create="true">[FTDS]COMMON/verificationsProtocol/protocolViewer</attribute>
	</entity>

	<entity name="DOC_DOCPROCTYPE" id="212" createMethod="" updateMethod="docProcessingTypeModify" getMethod="docProcessingTypeGetByDocTypeAndSysname" createKeyParam="DOCPROCTYPEID" getKeyParam="DOCPROCTYPEID" processKeyParam="DOCPROCTYPEID" service="frontws2" silent="true">
			<attribute name="DOCUMENTTYPE" valueType="java.lang.Long" create="true" search="true">1003</attribute>
			<attribute name="SYSNAME" valueType="java.lang.String" create="true" search="true">automaticChecks</attribute>
			<attribute name="NAME" valueType="java.lang.String" create="true">Автоматические проверки</attribute>
			<attribute name="PAGEFLOWNAME" valueType="java.lang.String" create="true">[FTDS]COMMON/verificationsProtocol/protocolViewer</attribute>
	</entity>

	<entity name="DOC_DOCPROCTYPE" id="214" createMethod="" updateMethod="docProcessingTypeModify" getMethod="docProcessingTypeGetByDocTypeAndSysname" createKeyParam="DOCPROCTYPEID" getKeyParam="DOCPROCTYPEID" processKeyParam="DOCPROCTYPEID" service="frontws2" silent="true">
			<attribute name="DOCUMENTTYPE" valueType="java.lang.Long" create="true" search="true">1003</attribute>
			<attribute name="SYSNAME" valueType="java.lang.String" create="true" search="true">preliminaryChecks</attribute>
			<attribute name="NAME" valueType="java.lang.String" create="true">Первичные проверки</attribute>
			<attribute name="PAGEFLOWNAME" valueType="java.lang.String" create="true">[FTDS]COMMON/verificationsProtocol/protocolViewer</attribute>
	</entity>

	<entity name="DOC_DOCPROCTYPE" id="5009" createMethod="" updateMethod="docProcessingTypeModify" getMethod="docProcessingTypeGetByDocTypeAndSysname" createKeyParam="DOCPROCTYPEID" getKeyParam="DOCPROCTYPEID" processKeyParam="DOCPROCTYPEID" service="frontws2" silent="true">
			<attribute name="DOCUMENTTYPE" valueType="java.lang.Long" create="true" search="true">1004</attribute>
			<attribute name="SYSNAME" valueType="java.lang.String" create="true" search="true">autoCheckForDoubles</attribute>
			<attribute name="NAME" valueType="java.lang.String" create="true">Автоматическая проверка дублирования</attribute>
			<attribute name="PAGEFLOWNAME" valueType="java.lang.String" create="true">[FTDS]COMMON/verificationsProtocol/protocolViewer</attribute>
	</entity>

	<entity name="DOC_DOCPROCTYPE" id="3" createMethod="" updateMethod="docProcessingTypeModify" getMethod="docProcessingTypeGetByDocTypeAndSysname" createKeyParam="DOCPROCTYPEID" getKeyParam="DOCPROCTYPEID" processKeyParam="DOCPROCTYPEID" service="frontws2" silent="true">
			<attribute name="DOCUMENTTYPE" valueType="java.lang.Long" create="true" search="true">1004</attribute>
			<attribute name="SYSNAME" valueType="java.lang.String" create="true" search="true">automaticChecks</attribute>
			<attribute name="NAME" valueType="java.lang.String" create="true">Автоматические проверки</attribute>
			<attribute name="PAGEFLOWNAME" valueType="java.lang.String" create="true">[FTDS]COMMON/verificationsProtocol/protocolViewer</attribute>
	</entity>

	<entity name="DOC_DOCPROCTYPE" id="5" createMethod="" updateMethod="docProcessingTypeModify" getMethod="docProcessingTypeGetByDocTypeAndSysname" createKeyParam="DOCPROCTYPEID" getKeyParam="DOCPROCTYPEID" processKeyParam="DOCPROCTYPEID" service="frontws2" silent="true">
			<attribute name="DOCUMENTTYPE" valueType="java.lang.Long" create="true" search="true">1004</attribute>
			<attribute name="SYSNAME" valueType="java.lang.String" create="true" search="true">preliminaryChecks</attribute>
			<attribute name="NAME" valueType="java.lang.String" create="true">Первичные проверки</attribute>
			<attribute name="PAGEFLOWNAME" valueType="java.lang.String" create="true">[FTDS]COMMON/verificationsProtocol/protocolViewer</attribute>
	</entity>

	<entity name="DOC_DOCPROCTYPE" id="1034" createMethod="" updateMethod="docProcessingTypeModify" getMethod="docProcessingTypeGetByDocTypeAndSysname" createKeyParam="DOCPROCTYPEID" getKeyParam="DOCPROCTYPEID" processKeyParam="DOCPROCTYPEID" service="frontws2" silent="true">
			<attribute name="DOCUMENTTYPE" valueType="java.lang.Long" create="true" search="true">1005</attribute>
			<attribute name="SYSNAME" valueType="java.lang.String" create="true" search="true">automaticCheckCard</attribute>
			<attribute name="NAME" valueType="java.lang.String" create="true">Автоматические проверки</attribute>
			<attribute name="PAGEFLOWNAME" valueType="java.lang.String" create="true">[FTDS]COMMON/verificationsProtocol/protocolViewer</attribute>
	</entity>

	<entity name="DOC_DOCPROCTYPE" id="1035" createMethod="" updateMethod="docProcessingTypeModify" getMethod="docProcessingTypeGetByDocTypeAndSysname" createKeyParam="DOCPROCTYPEID" getKeyParam="DOCPROCTYPEID" processKeyParam="DOCPROCTYPEID" service="frontws2" silent="true">
			<attribute name="DOCUMENTTYPE" valueType="java.lang.Long" create="true" search="true">1005</attribute>
			<attribute name="SYSNAME" valueType="java.lang.String" create="true" search="true">preliminaryChecksCard</attribute>
			<attribute name="NAME" valueType="java.lang.String" create="true">Первичные проверки</attribute>
			<attribute name="PAGEFLOWNAME" valueType="java.lang.String" create="true">[FTDS]COMMON/verificationsProtocol/protocolViewer</attribute>
	</entity>

	<entity name="DOC_DOCPROCTYPE" id="1002" createMethod="" updateMethod="docProcessingTypeModify" getMethod="docProcessingTypeGetByDocTypeAndSysname" createKeyParam="DOCPROCTYPEID" getKeyParam="DOCPROCTYPEID" processKeyParam="DOCPROCTYPEID" service="frontws2" silent="true">
			<attribute name="DOCUMENTTYPE" valueType="java.lang.Long" create="true" search="true">1010</attribute>
			<attribute name="SYSNAME" valueType="java.lang.String" create="true" search="true">automaticCheckCard</attribute>
			<attribute name="NAME" valueType="java.lang.String" create="true">Автоматические проверки</attribute>
			<attribute name="PAGEFLOWNAME" valueType="java.lang.String" create="true">[FTDS]COMMON/verificationsProtocol/protocolViewer</attribute>
	</entity>

	<entity name="DOC_DOCPROCTYPE" id="1003" createMethod="" updateMethod="docProcessingTypeModify" getMethod="docProcessingTypeGetByDocTypeAndSysname" createKeyParam="DOCPROCTYPEID" getKeyParam="DOCPROCTYPEID" processKeyParam="DOCPROCTYPEID" service="frontws2" silent="true">
			<attribute name="DOCUMENTTYPE" valueType="java.lang.Long" create="true" search="true">1010</attribute>
			<attribute name="SYSNAME" valueType="java.lang.String" create="true" search="true">preliminaryChecksCard</attribute>
			<attribute name="NAME" valueType="java.lang.String" create="true">Первичные проверки</attribute>
			<attribute name="PAGEFLOWNAME" valueType="java.lang.String" create="true">[FTDS]COMMON/verificationsProtocol/protocolViewer</attribute>
	</entity>

	<entity name="DOC_DOCPROCTYPE" id="34008" createMethod="" updateMethod="docProcessingTypeModify" getMethod="docProcessingTypeGetByDocTypeAndSysname" createKeyParam="DOCPROCTYPEID" getKeyParam="DOCPROCTYPEID" processKeyParam="DOCPROCTYPEID" service="frontws2" silent="true">
			<attribute name="DOCUMENTTYPE" valueType="java.lang.Long" create="true" search="true">1011</attribute>
			<attribute name="SYSNAME" valueType="java.lang.String" create="true" search="true">automaticChecksCorporate</attribute>
			<attribute name="NAME" valueType="java.lang.String" create="true">Автоматические проверки</attribute>
			<attribute name="PAGEFLOWNAME" valueType="java.lang.String" create="true">[FTDS]COMMON/verificationsProtocol/protocolViewer</attribute>
	</entity>

	<entity name="DOC_DOCPROCTYPE" id="34015" createMethod="" updateMethod="docProcessingTypeModify" getMethod="docProcessingTypeGetByDocTypeAndSysname" createKeyParam="DOCPROCTYPEID" getKeyParam="DOCPROCTYPEID" processKeyParam="DOCPROCTYPEID" service="frontws2" silent="true">
			<attribute name="DOCUMENTTYPE" valueType="java.lang.Long" create="true" search="true">1011</attribute>
			<attribute name="SYSNAME" valueType="java.lang.String" create="true" search="true">manualLimitControl</attribute>
			<attribute name="NAME" valueType="java.lang.String" create="true">Маршрутизация по решению</attribute>
			<attribute name="PAGEFLOWNAME" valueType="java.lang.String" create="true">[FTDS]COMMON/verificationsProtocol/protocolViewer</attribute>
	</entity>
	
	<entity name="DOC_DOCPROCTYPE" id="34016" createMethod="" updateMethod="docProcessingTypeModify" getMethod="docProcessingTypeGetByDocTypeAndSysname" createKeyParam="DOCPROCTYPEID" getKeyParam="DOCPROCTYPEID" processKeyParam="DOCPROCTYPEID" service="frontws2" silent="true">
			<attribute name="DOCUMENTTYPE" valueType="java.lang.Long" create="true" search="true">1011</attribute>
			<attribute name="SYSNAME" valueType="java.lang.String" create="true" search="true">automaticChecksCorporate</attribute>
			<attribute name="NAME" valueType="java.lang.String" create="true">Автоматические проверки</attribute>
			<attribute name="PAGEFLOWNAME" valueType="java.lang.String" create="true">[FTDS]COMMON/verificationsProtocol/protocolViewer</attribute>
	</entity>
	
	<entity name="DOC_DOCPROCTYPE" id="34017" createMethod="" updateMethod="docProcessingTypeModify" getMethod="docProcessingTypeGetByDocTypeAndSysname" createKeyParam="DOCPROCTYPEID" getKeyParam="DOCPROCTYPEID" processKeyParam="DOCPROCTYPEID" service="frontws2" silent="true">
			<attribute name="DOCUMENTTYPE" valueType="java.lang.Long" create="true" search="true">1011</attribute>
			<attribute name="SYSNAME" valueType="java.lang.String" create="true" search="true">preliminaryChecksCorporate</attribute>
			<attribute name="NAME" valueType="java.lang.String" create="true">Первичные проверки</attribute>
			<attribute name="PAGEFLOWNAME" valueType="java.lang.String" create="true">[FTDS]COMMON/verificationsProtocol/protocolViewer</attribute>
	</entity>

</root>