<?xml version="1.0" encoding="UTF-8"?><root>
    <!--Сценарий "Маршрутизация по решению на этапе"-->
    <entity createKeyParam="SCRIPTID" createMethod="checkScriptCreate" getKeyParam="SCRIPTID" getMethod="checkScriptGetByIdOrSysname" id="1" isExtService="true" name="DMS_SCRIPT" service="dmsws">
        <attribute create="true" name="SCRIPTSYSNAME" search="true" valueType="java.lang.String">decisionCheckMort</attribute>
        <attribute create="true" name="SCRIPTNAME" valueType="java.lang.String">Маршрутизация по решению на этапе</attribute>
        <attribute create="true" name="DESCRIPTION" valueType="java.lang.String"/>
    </entity>
    <!--Банковские продукты-->
    <entity createKeyParam="PRODUCTID" createMethod="bankProductCreate" getKeyParam="PRODUCTID" getMethod="bankProductGetListByParam" id="38" isExtService="true" name="PRD_PRODUCT" service="frontws2">
        <attribute create="true" name="PRODUCTNAME" search="true" valueType="java.lang.String">НЕАКТИВНЫЙ_ВИ_Военная ипотека_Стандартная</attribute>
    </entity>
    <entity createKeyParam="PRODUCTID" createMethod="bankProductCreate" getKeyParam="PRODUCTID" getMethod="bankProductGetListByParam" id="39" isExtService="true" name="PRD_PRODUCT" service="frontws2">
        <attribute create="true" name="PRODUCTNAME" search="true" valueType="java.lang.String">НЕАКТИВНЫЙ_ВИ_Военная ипотека_Кредит семейный</attribute>
    </entity>
    <entity createKeyParam="PRODUCTID" createMethod="bankProductCreate" getKeyParam="PRODUCTID" getMethod="bankProductGetListByParam" id="40" isExtService="true" name="PRD_PRODUCT" service="frontws2">
        <attribute create="true" name="PRODUCTNAME" search="true" valueType="java.lang.String">ВИ_Военная ипотека в ЖК SAMPO</attribute>
    </entity>
    <entity createKeyParam="PRODUCTID" createMethod="bankProductCreate" getKeyParam="PRODUCTID" getMethod="bankProductGetListByParam" id="41" isExtService="true" name="PRD_PRODUCT" service="frontws2">
        <attribute create="true" name="PRODUCTNAME" search="true" valueType="java.lang.String">НЕАКТИВНЫЙ_ИПТ_Ипотека_Квартира_Первичный рынок</attribute>
    </entity>
    <entity createKeyParam="PRODUCTID" createMethod="bankProductCreate" getKeyParam="PRODUCTID" getMethod="bankProductGetListByParam" id="42" isExtService="true" name="PRD_PRODUCT" service="frontws2">
        <attribute create="true" name="PRODUCTNAME" search="true" valueType="java.lang.String">ВИ_Военная ипотека_Первичный рынок</attribute>
    </entity>
    <entity createKeyParam="PRODUCTID" createMethod="bankProductCreate" getKeyParam="PRODUCTID" getMethod="bankProductGetListByParam" id="43" isExtService="true" name="PRD_PRODUCT" service="frontws2">
        <attribute create="true" name="PRODUCTNAME" search="true" valueType="java.lang.String">ВИ_Военная ипотека_Кредит семейный_Первичный рынок</attribute>
    </entity>
    <entity createKeyParam="PRODUCTID" createMethod="bankProductCreate" getKeyParam="PRODUCTID" getMethod="bankProductGetListByParam" id="44" isExtService="true" name="PRD_PRODUCT" service="frontws2">
        <attribute create="true" name="PRODUCTNAME" search="true" valueType="java.lang.String">ВИ_Военная ипотека_Вторичный рынок</attribute>
    </entity>
    <entity createKeyParam="PRODUCTID" createMethod="bankProductCreate" getKeyParam="PRODUCTID" getMethod="bankProductGetListByParam" id="45" isExtService="true" name="PRD_PRODUCT" service="frontws2">
        <attribute create="true" name="PRODUCTNAME" search="true" valueType="java.lang.String">ВИ_Военная ипотека_Кредит семейный_Вторичный рынок</attribute>
    </entity>
    <entity createKeyParam="PRODUCTID" createMethod="bankProductCreate" getKeyParam="PRODUCTID" getMethod="bankProductGetListByParam" id="46" isExtService="true" name="PRD_PRODUCT" service="frontws2">
        <attribute create="true" name="PRODUCTNAME" search="true" valueType="java.lang.String">ИПТ_Ипотека_Апартаменты_Вторичный рынок</attribute>
    </entity>
    <entity createKeyParam="PRODUCTID" createMethod="bankProductCreate" getKeyParam="PRODUCTID" getMethod="bankProductGetListByParam" id="47" isExtService="true" name="PRD_PRODUCT" service="frontws2">
        <attribute create="true" name="PRODUCTNAME" search="true" valueType="java.lang.String">ИПТ_Ипотека_Апартаменты_Первичный рынок</attribute>
    </entity>
    <entity createKeyParam="PRODUCTID" createMethod="bankProductCreate" getKeyParam="PRODUCTID" getMethod="bankProductGetListByParam" id="48" isExtService="true" name="PRD_PRODUCT" service="frontws2">
        <attribute create="true" name="PRODUCTNAME" search="true" valueType="java.lang.String">ИПТ_Ипотека_Таунхаус_Вторичный рынок</attribute>
    </entity>
    <entity createKeyParam="PRODUCTID" createMethod="bankProductCreate" getKeyParam="PRODUCTID" getMethod="bankProductGetListByParam" id="49" isExtService="true" name="PRD_PRODUCT" service="frontws2">
        <attribute create="true" name="PRODUCTNAME" search="true" valueType="java.lang.String">ИПТ_Ипотека_Таунхаус_Первичный рынок</attribute>
    </entity>
    <entity createKeyParam="PRODUCTID" createMethod="bankProductCreate" getKeyParam="PRODUCTID" getMethod="bankProductGetListByParam" id="50" isExtService="true" name="PRD_PRODUCT" service="frontws2">
        <attribute create="true" name="PRODUCTNAME" search="true" valueType="java.lang.String">ИПТ_Ипотека_Машиноместо/Гараж_Вторичный рынок</attribute>
    </entity>
    <entity createKeyParam="PRODUCTID" createMethod="bankProductCreate" getKeyParam="PRODUCTID" getMethod="bankProductGetListByParam" id="51" isExtService="true" name="PRD_PRODUCT" service="frontws2">
        <attribute create="true" name="PRODUCTNAME" search="true" valueType="java.lang.String">ИПТ_Ипотека_Машиноместо/Гараж_Первичный рынок</attribute>
    </entity>
    <entity createKeyParam="PRODUCTID" createMethod="bankProductCreate" getKeyParam="PRODUCTID" getMethod="bankProductGetListByParam" id="52" isExtService="true" name="PRD_PRODUCT" service="frontws2">
        <attribute create="true" name="PRODUCTNAME" search="true" valueType="java.lang.String">ИПТ_Ипотека_Квартира_Вторичный рынок</attribute>
    </entity>
    <entity createKeyParam="PRODUCTID" createMethod="bankProductCreate" getKeyParam="PRODUCTID" getMethod="bankProductGetListByParam" id="53" isExtService="true" name="PRD_PRODUCT" service="frontws2">
        <attribute create="true" name="PRODUCTNAME" search="true" valueType="java.lang.String">ИПТ_Ипотека_Квартира_Первичный рынок</attribute>
    </entity>
    <entity createKeyParam="PRODUCTID" createMethod="bankProductCreate" getKeyParam="PRODUCTID" getMethod="bankProductGetListByParam" id="54" isExtService="true" name="PRD_PRODUCT" service="frontws2">
        <attribute create="true" name="PRODUCTNAME" search="true" valueType="java.lang.String">ИПТ_Ипотека_Комната/Доля_Вторичный рынок</attribute>
    </entity>
    <entity createKeyParam="PRODUCTID" createMethod="bankProductCreate" getKeyParam="PRODUCTID" getMethod="bankProductGetListByParam" id="55" isExtService="true" name="PRD_PRODUCT" service="frontws2">
        <attribute create="true" name="PRODUCTNAME" search="true" valueType="java.lang.String">ИПТ_Ипотека_Земля+Дом_Вторичный рынок</attribute>
    </entity>
    <entity createKeyParam="PRODUCTID" createMethod="bankProductCreate" getKeyParam="PRODUCTID" getMethod="bankProductGetListByParam" id="56" isExtService="true" name="PRD_PRODUCT" service="frontws2">
        <attribute create="true" name="PRODUCTNAME" search="true" valueType="java.lang.String">ИПТ_Ипотека_Кладовая_Вторичный рынок</attribute>
    </entity>
    <entity createKeyParam="PRODUCTID" createMethod="bankProductCreate" getKeyParam="PRODUCTID" getMethod="bankProductGetListByParam" id="57" isExtService="true" name="PRD_PRODUCT" service="frontws2">
        <attribute create="true" name="PRODUCTNAME" search="true" valueType="java.lang.String">ИПТ_Ипотека_Кладовая_Первичный рынок</attribute>
    </entity>
    <entity createKeyParam="PRODUCTID" createMethod="bankProductCreate" getKeyParam="PRODUCTID" getMethod="bankProductGetListByParam" id="58" isExtService="true" name="PRD_PRODUCT" service="frontws2">
        <attribute create="true" name="PRODUCTNAME" search="true" valueType="java.lang.String">ПТР_Потреб. кредит под залог недвижимости</attribute>
    </entity>
    <!--Связь сценариев и продуктов-->
    <entity createKeyParam="LINKID" createMethod="scriptPrdLinkCreate" getKeyParam="LINKID" getMethod="scriptPrdLinkGetListByParams" id="4" isExtService="true" name="DMS_SCRIPTPRDLINK" service="dmsws">
        <attribute create="true" entityID="1" name="SCRIPTID" search="true" valueType="java.lang.Long"/>
        <attribute create="true" entityID="38" name="PRODUCTID" search="true" valueType="java.lang.Long"/>
    </entity>
    <entity createKeyParam="LINKID" createMethod="scriptPrdLinkCreate" getKeyParam="LINKID" getMethod="scriptPrdLinkGetListByParams" id="5" isExtService="true" name="DMS_SCRIPTPRDLINK" service="dmsws">
        <attribute create="true" entityID="1" name="SCRIPTID" search="true" valueType="java.lang.Long"/>
        <attribute create="true" entityID="39" name="PRODUCTID" search="true" valueType="java.lang.Long"/>
    </entity>
    <entity createKeyParam="LINKID" createMethod="scriptPrdLinkCreate" getKeyParam="LINKID" getMethod="scriptPrdLinkGetListByParams" id="6" isExtService="true" name="DMS_SCRIPTPRDLINK" service="dmsws">
        <attribute create="true" entityID="1" name="SCRIPTID" search="true" valueType="java.lang.Long"/>
        <attribute create="true" entityID="40" name="PRODUCTID" search="true" valueType="java.lang.Long"/>
    </entity>
    <entity createKeyParam="LINKID" createMethod="scriptPrdLinkCreate" getKeyParam="LINKID" getMethod="scriptPrdLinkGetListByParams" id="7" isExtService="true" name="DMS_SCRIPTPRDLINK" service="dmsws">
        <attribute create="true" entityID="1" name="SCRIPTID" search="true" valueType="java.lang.Long"/>
        <attribute create="true" entityID="41" name="PRODUCTID" search="true" valueType="java.lang.Long"/>
    </entity>
    <entity createKeyParam="LINKID" createMethod="scriptPrdLinkCreate" getKeyParam="LINKID" getMethod="scriptPrdLinkGetListByParams" id="8" isExtService="true" name="DMS_SCRIPTPRDLINK" service="dmsws">
        <attribute create="true" entityID="1" name="SCRIPTID" search="true" valueType="java.lang.Long"/>
        <attribute create="true" entityID="42" name="PRODUCTID" search="true" valueType="java.lang.Long"/>
    </entity>
    <entity createKeyParam="LINKID" createMethod="scriptPrdLinkCreate" getKeyParam="LINKID" getMethod="scriptPrdLinkGetListByParams" id="9" isExtService="true" name="DMS_SCRIPTPRDLINK" service="dmsws">
        <attribute create="true" entityID="1" name="SCRIPTID" search="true" valueType="java.lang.Long"/>
        <attribute create="true" entityID="43" name="PRODUCTID" search="true" valueType="java.lang.Long"/>
    </entity>
    <entity createKeyParam="LINKID" createMethod="scriptPrdLinkCreate" getKeyParam="LINKID" getMethod="scriptPrdLinkGetListByParams" id="10" isExtService="true" name="DMS_SCRIPTPRDLINK" service="dmsws">
        <attribute create="true" entityID="1" name="SCRIPTID" search="true" valueType="java.lang.Long"/>
        <attribute create="true" entityID="44" name="PRODUCTID" search="true" valueType="java.lang.Long"/>
    </entity>
    <entity createKeyParam="LINKID" createMethod="scriptPrdLinkCreate" getKeyParam="LINKID" getMethod="scriptPrdLinkGetListByParams" id="11" isExtService="true" name="DMS_SCRIPTPRDLINK" service="dmsws">
        <attribute create="true" entityID="1" name="SCRIPTID" search="true" valueType="java.lang.Long"/>
        <attribute create="true" entityID="45" name="PRODUCTID" search="true" valueType="java.lang.Long"/>
    </entity>
    <entity createKeyParam="LINKID" createMethod="scriptPrdLinkCreate" getKeyParam="LINKID" getMethod="scriptPrdLinkGetListByParams" id="12" isExtService="true" name="DMS_SCRIPTPRDLINK" service="dmsws">
        <attribute create="true" entityID="1" name="SCRIPTID" search="true" valueType="java.lang.Long"/>
        <attribute create="true" entityID="46" name="PRODUCTID" search="true" valueType="java.lang.Long"/>
    </entity>
    <entity createKeyParam="LINKID" createMethod="scriptPrdLinkCreate" getKeyParam="LINKID" getMethod="scriptPrdLinkGetListByParams" id="13" isExtService="true" name="DMS_SCRIPTPRDLINK" service="dmsws">
        <attribute create="true" entityID="1" name="SCRIPTID" search="true" valueType="java.lang.Long"/>
        <attribute create="true" entityID="47" name="PRODUCTID" search="true" valueType="java.lang.Long"/>
    </entity>
    <entity createKeyParam="LINKID" createMethod="scriptPrdLinkCreate" getKeyParam="LINKID" getMethod="scriptPrdLinkGetListByParams" id="14" isExtService="true" name="DMS_SCRIPTPRDLINK" service="dmsws">
        <attribute create="true" entityID="1" name="SCRIPTID" search="true" valueType="java.lang.Long"/>
        <attribute create="true" entityID="48" name="PRODUCTID" search="true" valueType="java.lang.Long"/>
    </entity>
    <entity createKeyParam="LINKID" createMethod="scriptPrdLinkCreate" getKeyParam="LINKID" getMethod="scriptPrdLinkGetListByParams" id="15" isExtService="true" name="DMS_SCRIPTPRDLINK" service="dmsws">
        <attribute create="true" entityID="1" name="SCRIPTID" search="true" valueType="java.lang.Long"/>
        <attribute create="true" entityID="49" name="PRODUCTID" search="true" valueType="java.lang.Long"/>
    </entity>
    <entity createKeyParam="LINKID" createMethod="scriptPrdLinkCreate" getKeyParam="LINKID" getMethod="scriptPrdLinkGetListByParams" id="16" isExtService="true" name="DMS_SCRIPTPRDLINK" service="dmsws">
        <attribute create="true" entityID="1" name="SCRIPTID" search="true" valueType="java.lang.Long"/>
        <attribute create="true" entityID="50" name="PRODUCTID" search="true" valueType="java.lang.Long"/>
    </entity>
    <entity createKeyParam="LINKID" createMethod="scriptPrdLinkCreate" getKeyParam="LINKID" getMethod="scriptPrdLinkGetListByParams" id="17" isExtService="true" name="DMS_SCRIPTPRDLINK" service="dmsws">
        <attribute create="true" entityID="1" name="SCRIPTID" search="true" valueType="java.lang.Long"/>
        <attribute create="true" entityID="51" name="PRODUCTID" search="true" valueType="java.lang.Long"/>
    </entity>
    <entity createKeyParam="LINKID" createMethod="scriptPrdLinkCreate" getKeyParam="LINKID" getMethod="scriptPrdLinkGetListByParams" id="18" isExtService="true" name="DMS_SCRIPTPRDLINK" service="dmsws">
        <attribute create="true" entityID="1" name="SCRIPTID" search="true" valueType="java.lang.Long"/>
        <attribute create="true" entityID="52" name="PRODUCTID" search="true" valueType="java.lang.Long"/>
    </entity>
    <entity createKeyParam="LINKID" createMethod="scriptPrdLinkCreate" getKeyParam="LINKID" getMethod="scriptPrdLinkGetListByParams" id="19" isExtService="true" name="DMS_SCRIPTPRDLINK" service="dmsws">
        <attribute create="true" entityID="1" name="SCRIPTID" search="true" valueType="java.lang.Long"/>
        <attribute create="true" entityID="53" name="PRODUCTID" search="true" valueType="java.lang.Long"/>
    </entity>
    <entity createKeyParam="LINKID" createMethod="scriptPrdLinkCreate" getKeyParam="LINKID" getMethod="scriptPrdLinkGetListByParams" id="20" isExtService="true" name="DMS_SCRIPTPRDLINK" service="dmsws">
        <attribute create="true" entityID="1" name="SCRIPTID" search="true" valueType="java.lang.Long"/>
        <attribute create="true" entityID="54" name="PRODUCTID" search="true" valueType="java.lang.Long"/>
    </entity>
    <entity createKeyParam="LINKID" createMethod="scriptPrdLinkCreate" getKeyParam="LINKID" getMethod="scriptPrdLinkGetListByParams" id="21" isExtService="true" name="DMS_SCRIPTPRDLINK" service="dmsws">
        <attribute create="true" entityID="1" name="SCRIPTID" search="true" valueType="java.lang.Long"/>
        <attribute create="true" entityID="55" name="PRODUCTID" search="true" valueType="java.lang.Long"/>
    </entity>
    <entity createKeyParam="LINKID" createMethod="scriptPrdLinkCreate" getKeyParam="LINKID" getMethod="scriptPrdLinkGetListByParams" id="22" isExtService="true" name="DMS_SCRIPTPRDLINK" service="dmsws">
        <attribute create="true" entityID="1" name="SCRIPTID" search="true" valueType="java.lang.Long"/>
        <attribute create="true" entityID="56" name="PRODUCTID" search="true" valueType="java.lang.Long"/>
    </entity>
    <entity createKeyParam="LINKID" createMethod="scriptPrdLinkCreate" getKeyParam="LINKID" getMethod="scriptPrdLinkGetListByParams" id="23" isExtService="true" name="DMS_SCRIPTPRDLINK" service="dmsws">
        <attribute create="true" entityID="1" name="SCRIPTID" search="true" valueType="java.lang.Long"/>
        <attribute create="true" entityID="57" name="PRODUCTID" search="true" valueType="java.lang.Long"/>
    </entity>
    <entity createKeyParam="LINKID" createMethod="scriptPrdLinkCreate" getKeyParam="LINKID" getMethod="scriptPrdLinkGetListByParams" id="24" isExtService="true" name="DMS_SCRIPTPRDLINK" service="dmsws">
        <attribute create="true" entityID="1" name="SCRIPTID" search="true" valueType="java.lang.Long"/>
        <attribute create="true" entityID="58" name="PRODUCTID" search="true" valueType="java.lang.Long"/>
    </entity>
    <!--Состояния-->
    <entity createKeyParam="STATEID" createMethod="smStateCreate" getKeyParam="STATEID" getMethod="smStateGetListByParams" id="59" isExtService="true" name="FRNT_SMSTATE" service="frontws2">
        <attribute create="true" name="SYSNAME" search="true" valueType="java.lang.String">makingDecision</attribute>
        <attribute create="true" name="NAME" search="true" valueType="java.lang.String">Принятие решения</attribute>
        <attribute create="true" name="TYPEID" search="true" valueType="java.lang.Long"/>
    </entity>
    <entity createKeyParam="STATEID" createMethod="smStateCreate" getKeyParam="STATEID" getMethod="smStateGetListByParams" id="60" isExtService="true" name="FRNT_SMSTATE" service="frontws2">
        <attribute create="true" name="SYSNAME" search="true" valueType="java.lang.String">makingDecision</attribute>
        <attribute create="true" name="NAME" search="true" valueType="java.lang.String">Принятие решения</attribute>
        <attribute create="true" name="TYPEID" search="true" valueType="java.lang.Long">1003</attribute>
    </entity>
    <entity createKeyParam="STATEID" createMethod="smStateCreate" getKeyParam="STATEID" getMethod="smStateGetListByParams" id="61" isExtService="true" name="FRNT_SMSTATE" service="frontws2">
        <attribute create="true" name="SYSNAME" search="true" valueType="java.lang.String">consKKPRK</attribute>
        <attribute create="true" name="NAME" search="true" valueType="java.lang.String">Рассмотрение ККПРК</attribute>
        <attribute create="true" name="TYPEID" search="true" valueType="java.lang.Long">1003</attribute>
    </entity>
    <entity createKeyParam="STATEID" createMethod="smStateCreate" getKeyParam="STATEID" getMethod="smStateGetListByParams" id="62" isExtService="true" name="FRNT_SMSTATE" service="frontws2">
        <attribute create="true" name="SYSNAME" search="true" valueType="java.lang.String">consPLO</attribute>
        <attribute create="true" name="NAME" search="true" valueType="java.lang.String">Рассмотрение ПЛО</attribute>
        <attribute create="true" name="TYPEID" search="true" valueType="java.lang.Long">1003</attribute>
    </entity>
    <entity createKeyParam="STATEID" createMethod="smStateCreate" getKeyParam="STATEID" getMethod="smStateGetListByParams" id="63" isExtService="true" name="FRNT_SMSTATE" service="frontws2">
        <attribute create="true" name="SYSNAME" search="true" valueType="java.lang.String">clientNotification</attribute>
        <attribute create="true" name="NAME" search="true" valueType="java.lang.String">Уведомление клиента</attribute>
        <attribute create="true" name="TYPEID" search="true" valueType="java.lang.Long">1003</attribute>
    </entity>
    <entity createKeyParam="STATEID" createMethod="smStateCreate" getKeyParam="STATEID" getMethod="smStateGetListByParams" id="64" isExtService="true" name="FRNT_SMSTATE" service="frontws2">
        <attribute create="true" name="SYSNAME" search="true" valueType="java.lang.String">input</attribute>
        <attribute create="true" name="NAME" search="true" valueType="java.lang.String">Введено</attribute>
        <attribute create="true" name="TYPEID" search="true" valueType="java.lang.Long">1003</attribute>
    </entity>
    <!--Связь сценариев и состояний-->
    <entity createKeyParam="LINKID" createMethod="scriptStateLinkCreate" getKeyParam="LINKID" getMethod="scriptStateLinkGetListByParams" id="3" isExtService="true" name="DMS_SCRPTSTATELINK" service="dmsws">
        <attribute create="true" entityID="1" name="SCRIPTID" search="true" valueType="java.lang.Long"/>
        <attribute create="true" entityID="59" name="STATEID" search="true" valueType="java.lang.Long"/>
        <attribute create="true" name="OBJECTTYPEID" search="true" valueType="java.lang.Long">1003</attribute>
    </entity>
    <!--Типы проверок-->
    <entity createKeyParam="CHECKTYPEID" createMethod="checkTypeCreate" getKeyParam="CHECKTYPEID" getMethod="checkTypeGetByIdOrSysname" id="25" isExtService="true" name="DMS_CHECKTYPE" service="dmsws">
        <attribute create="true" name="TYPESYSNAME" search="true" valueType="java.lang.String">nbkiCreditHistoryChecks</attribute>
        <attribute create="true" name="TYPENAME" valueType="java.lang.String">Проверки кредитной истории в НБКИ</attribute>
        <attribute create="true" name="DESCRIPTION" valueType="java.lang.String"/>
    </entity>
    <entity createKeyParam="CHECKTYPEID" createMethod="checkTypeCreate" getKeyParam="CHECKTYPEID" getMethod="checkTypeGetByIdOrSysname" id="26" isExtService="true" name="DMS_CHECKTYPE" service="dmsws">
        <attribute create="true" name="TYPESYSNAME" search="true" valueType="java.lang.String">nbkiExperianCreditHistoryChecks</attribute>
        <attribute create="true" name="TYPENAME" valueType="java.lang.String">Проверки кредитной истории в НБКИ и ОКБ</attribute>
        <attribute create="true" name="DESCRIPTION" valueType="java.lang.String"/>
    </entity>
    <entity createKeyParam="CHECKTYPEID" createMethod="checkTypeCreate" getKeyParam="CHECKTYPEID" getMethod="checkTypeGetByIdOrSysname" id="27" isExtService="true" name="DMS_CHECKTYPE" service="dmsws">
        <attribute create="true" name="TYPESYSNAME" search="true" valueType="java.lang.String">decisionResult</attribute>
        <attribute create="true" name="TYPENAME" valueType="java.lang.String">Результаты рассмотрения УЛ</attribute>
        <attribute create="true" name="DESCRIPTION" valueType="java.lang.String">Результаты рассмотрения УЛ</attribute>
    </entity>
    <entity createKeyParam="CHECKTYPEID" createMethod="checkTypeCreate" getKeyParam="CHECKTYPEID" getMethod="checkTypeGetByIdOrSysname" id="28" isExtService="true" name="DMS_CHECKTYPE" service="dmsws">
        <attribute create="true" name="TYPESYSNAME" search="true" valueType="java.lang.String">subjDemands</attribute>
        <attribute create="true" name="TYPENAME" valueType="java.lang.String">Требования к субъекту</attribute>
        <attribute create="true" name="DESCRIPTION" valueType="java.lang.String">Требования к субъекту</attribute>
    </entity>
    <!--Проверки-->
    <entity createKeyParam="CHECKID" createMethod="checkCreate" getKeyParam="CHECKID" getMethod="checkGetListByParams" id="65" isExtService="true" name="DMS_CHECK" service="dmsws">
        <attribute create="true" entityID="27" name="CHECKTYPEID" search="true" valueType="java.lang.Long"/>
        <attribute create="true" name="OBJECTTYPEID" search="true" valueType="java.lang.Long">1003</attribute>
        <attribute create="true" name="CHECKNAME" valueType="java.lang.String">Результат текущего этапа</attribute>
        <attribute create="true" name="CHECKSYSNAME" search="true" valueType="java.lang.String">currentStageResultMort</attribute>
        <attribute create="true" name="RULELINK" valueType="java.lang.String">dmsCurrentStageResult</attribute>
        <attribute create="true" name="RULETYPE" valueType="java.lang.Integer">2</attribute>
        <attribute create="true" name="EXPIRATIONTERM" valueType="java.lang.Integer">0</attribute>
        <attribute create="true" name="MULTIFLAG" valueType="java.lang.Integer">0</attribute>
    </entity>
    <!--Связанные проверки-->
    <entity createKeyParam="LINKID" createMethod="checkScrLinkCreate" getKeyParam="LINKID" getMethod="checkScrLinkGetListByParams" id="2" isExtService="true" name="DMS_CHECKSCRLINK" service="dmsws">
        <attribute create="true" entityID="1" name="SCRIPTID" search="true" valueType="java.lang.Long"/>
        <attribute create="true" entityID="65" name="CHECKID" search="true" valueType="java.lang.Long"/>
        <attribute create="true" name="CHECKORDER" search="true" valueType="java.lang.Integer">1</attribute>
    </entity>
    <!--Точки маршрутизации-->
    <entity createKeyParam="POINTID" createMethod="routingPointCreate" getKeyParam="POINTID" getMethod="routingPointGetListByParams" id="29" isExtService="true" name="DMS_ROUTINGPOINT" service="dmsws">
        <attribute create="true" entityID="1" name="SCRIPTID" search="true" valueType="java.lang.Long"/>
        <attribute create="true" entityID="65" name="CHECKID" search="true" valueType="java.lang.Long"/>
        <attribute create="true" entityID="59" name="STATEID" search="true" valueType="java.lang.Long"/>
        <attribute create="true" name="POINTSYSNAME" search="true" valueType="java.lang.String">rg3</attribute>
        <attribute create="true" name="POINTNAME" valueType="java.lang.String">rg3</attribute>
        <attribute create="true" name="OBJECTTYPEID" search="true" valueType="java.lang.Long">1003</attribute>
        <attribute create="true" name="DESCRIPTION" valueType="java.lang.String"/>
    </entity>
    <!--Маршруты-->
    <entity createKeyParam="ROUTINGID" createMethod="routingCreate" getKeyParam="ROUTINGID" getMethod="routingGetListByParams" id="34" isExtService="true" name="DMS_ROUTING" service="dmsws">
        <attribute create="true" entityID="29" name="POINTID" search="true" valueType="java.lang.Long"/>
        <attribute create="true" name="RULELINK" search="true" valueType="java.lang.String">sendToKKPRKDecisionEqualCheck</attribute>
        <attribute create="true" name="RULEPRIORITY" search="true" valueType="java.lang.Integer">0</attribute>
    </entity>
    <entity createKeyParam="ROUTINGID" createMethod="routingCreate" getKeyParam="ROUTINGID" getMethod="routingGetListByParams" id="35" isExtService="true" name="DMS_ROUTING" service="dmsws">
        <attribute create="true" entityID="29" name="POINTID" search="true" valueType="java.lang.Long"/>
        <attribute create="true" name="RULELINK" search="true" valueType="java.lang.String">sendToPLODecisionEqualCheck</attribute>
        <attribute create="true" name="RULEPRIORITY" search="true" valueType="java.lang.Integer">1</attribute>
    </entity>
    <entity createKeyParam="ROUTINGID" createMethod="routingCreate" getKeyParam="ROUTINGID" getMethod="routingGetListByParams" id="36" isExtService="true" name="DMS_ROUTING" service="dmsws">
        <attribute create="true" entityID="29" name="POINTID" search="true" valueType="java.lang.Long"/>
        <attribute create="true" name="RULELINK" search="true" valueType="java.lang.String">refuseDecisionEqualCheck</attribute>
        <attribute create="true" name="RULEPRIORITY" search="true" valueType="java.lang.Integer">2</attribute>
    </entity>
    <entity createKeyParam="ROUTINGID" createMethod="routingCreate" getKeyParam="ROUTINGID" getMethod="routingGetListByParams" id="37" isExtService="true" name="DMS_ROUTING" service="dmsws">
        <attribute create="true" entityID="29" name="POINTID" search="true" valueType="java.lang.Long"/>
        <attribute create="true" name="RULELINK" search="true" valueType="java.lang.String">sendToReworkDecisionEqualCheck</attribute>
        <attribute create="true" name="RULEPRIORITY" search="true" valueType="java.lang.Integer">3</attribute>
    </entity>
    <!--Переходы-->
    <entity createKeyParam="TRANSITIONID" createMethod="smTransitionCreate" getKeyParam="TRANSITIONID" getMethod="smTransitionGetListByParams" id="66" isExtService="true" name="FRNT_SMTRANS" service="frontws2">
        <attribute create="true" entityID="59" name="FROMSTATEID" search="true" valueType="java.lang.Long"/>
        <attribute create="true" entityID="61" name="TOSTATEID" search="true" valueType="java.lang.Long"/>
        <attribute create="true" name="SYSNAME" search="true" valueType="java.lang.String">sendToKKPRK</attribute>
        <attribute create="true" name="NAME" valueType="java.lang.String">Передать на рассмотрение ККПРК</attribute>
        <attribute create="true" name="TYPEID" search="true" valueType="java.lang.String">1003</attribute>
    </entity>
    <entity createKeyParam="TRANSITIONID" createMethod="smTransitionCreate" getKeyParam="TRANSITIONID" getMethod="smTransitionGetListByParams" id="67" isExtService="true" name="FRNT_SMTRANS" service="frontws2">
        <attribute create="true" entityID="59" name="FROMSTATEID" search="true" valueType="java.lang.Long"/>
        <attribute create="true" entityID="62" name="TOSTATEID" search="true" valueType="java.lang.Long"/>
        <attribute create="true" name="SYSNAME" search="true" valueType="java.lang.String">sendToPLO</attribute>
        <attribute create="true" name="NAME" valueType="java.lang.String">Передать на рассмотрение ПЛО</attribute>
        <attribute create="true" name="TYPEID" search="true" valueType="java.lang.String">1003</attribute>
    </entity>
    <entity createKeyParam="TRANSITIONID" createMethod="smTransitionCreate" getKeyParam="TRANSITIONID" getMethod="smTransitionGetListByParams" id="68" isExtService="true" name="FRNT_SMTRANS" service="frontws2">
        <attribute create="true" entityID="59" name="FROMSTATEID" search="true" valueType="java.lang.Long"/>
        <attribute create="true" entityID="63" name="TOSTATEID" search="true" valueType="java.lang.Long"/>
        <attribute create="true" name="SYSNAME" search="true" valueType="java.lang.String">sendToClientNotification</attribute>
        <attribute create="true" name="NAME" valueType="java.lang.String">Передать на уведомление клиента</attribute>
        <attribute create="true" name="TYPEID" search="true" valueType="java.lang.String">1003</attribute>
    </entity>
    <entity createKeyParam="TRANSITIONID" createMethod="smTransitionCreate" getKeyParam="TRANSITIONID" getMethod="smTransitionGetListByParams" id="69" isExtService="true" name="FRNT_SMTRANS" service="frontws2">
        <attribute create="true" entityID="59" name="FROMSTATEID" search="true" valueType="java.lang.Long"/>
        <attribute create="true" entityID="64" name="TOSTATEID" search="true" valueType="java.lang.Long"/>
        <attribute create="true" name="SYSNAME" search="true" valueType="java.lang.String">sendToRework</attribute>
        <attribute create="true" name="NAME" valueType="java.lang.String">Вернуть на доработку 2</attribute>
        <attribute create="true" name="TYPEID" search="true" valueType="java.lang.String">1003</attribute>
    </entity>
    <!--Маршрутизация объектов-->
    <entity createKeyParam="ROUTINGOBJECTID" createMethod="routingObjectCreate" getKeyParam="ROUTINGOBJECTID" getMethod="routingObjectGetListByParams" id="30" isExtService="true" name="DMS_ROUTINGOBJECT" service="dmsws">
        <attribute create="true" entityID="34" name="ROUTINGID" search="true" valueType="java.lang.Long"/>
        <attribute create="true" entityID="66" name="TRANSITIONID" search="true" valueType="java.lang.Long"/>
        <attribute create="true" name="OBJECTTYPEID" search="true" valueType="java.lang.Integer">1003</attribute>
        <attribute create="true" name="MAINOBJECTFLAG" search="true" valueType="java.lang.Integer">1</attribute>
    </entity>
    <entity createKeyParam="ROUTINGOBJECTID" createMethod="routingObjectCreate" getKeyParam="ROUTINGOBJECTID" getMethod="routingObjectGetListByParams" id="31" isExtService="true" name="DMS_ROUTINGOBJECT" service="dmsws">
        <attribute create="true" entityID="35" name="ROUTINGID" search="true" valueType="java.lang.Long"/>
        <attribute create="true" entityID="67" name="TRANSITIONID" search="true" valueType="java.lang.Long"/>
        <attribute create="true" name="OBJECTTYPEID" search="true" valueType="java.lang.Integer">1003</attribute>
        <attribute create="true" name="MAINOBJECTFLAG" search="true" valueType="java.lang.Integer">1</attribute>
    </entity>
    <entity createKeyParam="ROUTINGOBJECTID" createMethod="routingObjectCreate" getKeyParam="ROUTINGOBJECTID" getMethod="routingObjectGetListByParams" id="32" isExtService="true" name="DMS_ROUTINGOBJECT" service="dmsws">
        <attribute create="true" entityID="36" name="ROUTINGID" search="true" valueType="java.lang.Long"/>
        <attribute create="true" entityID="68" name="TRANSITIONID" search="true" valueType="java.lang.Long"/>
        <attribute create="true" name="OBJECTTYPEID" search="true" valueType="java.lang.Integer">1003</attribute>
        <attribute create="true" name="MAINOBJECTFLAG" search="true" valueType="java.lang.Integer">1</attribute>
    </entity>
    <entity createKeyParam="ROUTINGOBJECTID" createMethod="routingObjectCreate" getKeyParam="ROUTINGOBJECTID" getMethod="routingObjectGetListByParams" id="33" isExtService="true" name="DMS_ROUTINGOBJECT" service="dmsws">
        <attribute create="true" entityID="37" name="ROUTINGID" search="true" valueType="java.lang.Long"/>
        <attribute create="true" entityID="69" name="TRANSITIONID" search="true" valueType="java.lang.Long"/>
        <attribute create="true" name="OBJECTTYPEID" search="true" valueType="java.lang.Integer">1003</attribute>
        <attribute create="true" name="MAINOBJECTFLAG" search="true" valueType="java.lang.Integer">1</attribute>
    </entity>
</root>