<?xml version="1.0" encoding="UTF-8"?>
<root>

    <!-- Проект -->
    
    <entity name="CORE_PROJECT" id="1" createMethod="admProjectAdd" getMethod="admProjectBySysname" additionalProcessMethod="admProjectBySysname" processKeyParam="PROJECTID" createKeyParam="PROJECTID" getKeyParam="PROJECTID" service="adminws">
        <attribute name="PROJECTSYSNAME" valueType="java.lang.String" create="true" process="true" search="true">FTFLOANS</attribute>
        <attribute name="PROJECTNAME" valueType="java.lang.String">FLEXTERA "Кредитная заявка и обслуживание заемщиков"</attribute>
    </entity>
	
    <entity name="CORE_PROJECT" id="2" createMethod="admProjectAdd" getMethod="admProjectBySysname" additionalProcessMethod="admProjectBySysname" processKeyParam="PROJECTID" createKeyParam="PROJECTID" getKeyParam="PROJECTID" service="adminws">
        <attribute name="PROJECTSYSNAME" valueType="java.lang.String" create="true" process="true" search="true">FTDS</attribute>
        <attribute name="PROJECTNAME" valueType="java.lang.String">FLEXTERA "Поддержка принятия решения"</attribute>
    </entity>		
	
	<!-- Машина состояний (состояния)-->
	
	<entity name="FRNT_SMSTATE" id="13101" createMethod="smStateCreate" getMethod="smStateGetListByParams" createKeyParam="STATEID" getKeyParam="STATEID" service="frontws2">
		<attribute name="SYSNAME" valueType="java.lang.String" create="true" search="true">clientDeny</attribute>
		<attribute name="NAME" valueType="java.lang.String" create="true">Отказ клиента</attribute>
		<attribute name="TYPEID" valueType="java.lang.Long" create="true" search="true">1003</attribute>
		<attribute name="PROJECTID" valueType="java.lang.Long" create="true" search="true" entityID="1"/>
	</entity>	
	
	<entity name="FRNT_SMSTATE" id="13201" createMethod="smStateCreate" getMethod="smStateGetListByParams" createKeyParam="STATEID" getKeyParam="STATEID" service="frontws2">
		<attribute name="SYSNAME" valueType="java.lang.String" create="true" search="true">primaryChecks</attribute>
		<attribute name="NAME" valueType="java.lang.String" create="true">Первичные проверки</attribute>
		<attribute name="TYPEID" valueType="java.lang.Long" create="true" search="true">1003</attribute>
		<attribute name="PROJECTID" valueType="java.lang.Long" create="true" search="true" entityID="2"/>
	</entity>
	<entity name="FRNT_SMSTATE" id="13202" createMethod="smStateCreate" getMethod="smStateGetListByParams" createKeyParam="STATEID" getKeyParam="STATEID" service="frontws2">
		<attribute name="SYSNAME" valueType="java.lang.String" create="true" search="true">primaryChecksVerify</attribute>
		<attribute name="NAME" valueType="java.lang.String" create="true">Верификация первичных проверок</attribute>
		<attribute name="TYPEID" valueType="java.lang.Long" create="true" search="true">1003</attribute>
		<attribute name="PROJECTID" valueType="java.lang.Long" create="true" search="true" entityID="2"/>
	</entity>
	<entity name="FRNT_SMSTATE" id="13203" createMethod="smStateCreate" getMethod="smStateGetListByParams" createKeyParam="STATEID" getKeyParam="STATEID" service="frontws2">
		<attribute name="SYSNAME" valueType="java.lang.String" create="true" search="true">autoChecks</attribute>
		<attribute name="NAME" valueType="java.lang.String" create="true">Автоматические проверки</attribute>
		<attribute name="TYPEID" valueType="java.lang.Long" create="true" search="true">1003</attribute>
		<attribute name="PROJECTID" valueType="java.lang.Long" create="true" search="true" entityID="2"/>
	</entity>
	<entity name="FRNT_SMSTATE" id="13204" createMethod="smStateCreate" getMethod="smStateGetListByParams" createKeyParam="STATEID" getKeyParam="STATEID" service="frontws2">
		<attribute name="SYSNAME" valueType="java.lang.String" create="true" search="true">autoChecksVerify</attribute>
		<attribute name="NAME" valueType="java.lang.String" create="true">Верификация автоматических проверок</attribute>
		<attribute name="TYPEID" valueType="java.lang.Long" create="true" search="true">1003</attribute>
		<attribute name="PROJECTID" valueType="java.lang.Long" create="true" search="true" entityID="2"/>
	</entity>
	<entity name="FRNT_SMSTATE" id="13205" createMethod="smStateCreate" getMethod="smStateGetListByParams" createKeyParam="STATEID" getKeyParam="STATEID" service="frontws2">
		<attribute name="SYSNAME" valueType="java.lang.String" create="true" search="true">calcCreditParams</attribute>
		<attribute name="NAME" valueType="java.lang.String" create="true">Расчет параметров кредита</attribute>
		<attribute name="TYPEID" valueType="java.lang.Long" create="true" search="true">1003</attribute>
		<attribute name="PROJECTID" valueType="java.lang.Long" create="true" search="true" entityID="2"/>
	</entity>
	<entity name="FRNT_SMSTATE" id="13207" createMethod="smStateCreate" getMethod="smStateGetListByParams" createKeyParam="STATEID" getKeyParam="STATEID" service="frontws2">
		<attribute name="SYSNAME" valueType="java.lang.String" create="true" search="true">underwriterDecision</attribute>
		<attribute name="NAME" valueType="java.lang.String" create="true">Принятие решения андеррайтером</attribute>
		<attribute name="TYPEID" valueType="java.lang.Long" create="true" search="true">1003</attribute>
		<attribute name="PROJECTID" valueType="java.lang.Long" create="true" search="true" entityID="2"/>
	</entity>
	<entity name="FRNT_SMSTATE" id="13208" createMethod="smStateCreate" getMethod="smStateGetListByParams" createKeyParam="STATEID" getKeyParam="STATEID" service="frontws2">
		<attribute name="SYSNAME" valueType="java.lang.String" create="true" search="true">manualVerificationSEB</attribute>
		<attribute name="NAME" valueType="java.lang.String" create="true">Ручная проверка СЭБ</attribute>
		<attribute name="TYPEID" valueType="java.lang.Long" create="true" search="true">1003</attribute>
		<attribute name="PROJECTID" valueType="java.lang.Long" create="true" search="true" entityID="2"/>
	</entity>
	<entity name="FRNT_SMSTATE" id="13216" createMethod="smStateCreate" getMethod="smStateGetListByParams" createKeyParam="STATEID" getKeyParam="STATEID" service="frontws2">
		<attribute name="SYSNAME" valueType="java.lang.String" create="true" search="true">routingMPR</attribute>
		<attribute name="NAME" valueType="java.lang.String" create="true">Маршрутизация по МПР</attribute>
		<attribute name="TYPEID" valueType="java.lang.Long" create="true" search="true">1003</attribute>
		<attribute name="PROJECTID" valueType="java.lang.Long" create="true" search="true" entityID="2"/>
	</entity>
	<entity name="FRNT_SMSTATE" id="13217" createMethod="smStateCreate" getMethod="smStateGetListByParams" createKeyParam="STATEID" getKeyParam="STATEID" service="frontws2">
		<attribute name="SYSNAME" valueType="java.lang.String" create="true" search="true">consEmpPerson</attribute>
		<attribute name="NAME" valueType="java.lang.String" create="true">Рассмотрение уполномоченным лицом</attribute>
		<attribute name="TYPEID" valueType="java.lang.Long" create="true" search="true">1003</attribute>
		<attribute name="PROJECTID" valueType="java.lang.Long" create="true" search="true" entityID="2"/>
	</entity>
	<entity name="FRNT_SMSTATE" id="13218" createMethod="smStateCreate" getMethod="smStateGetListByParams" createKeyParam="STATEID" getKeyParam="STATEID" service="frontws2">
		<attribute name="SYSNAME" valueType="java.lang.String" create="true" search="true">consEmpInst</attribute>
		<attribute name="NAME" valueType="java.lang.String" create="true">Рассмотрение Уполномоченным органом</attribute>
		<attribute name="TYPEID" valueType="java.lang.Long" create="true" search="true">1003</attribute>
		<attribute name="PROJECTID" valueType="java.lang.Long" create="true" search="true" entityID="2"/>
	</entity>
	<entity name="FRNT_SMSTATE" id="13219" createMethod="smStateCreate" getMethod="smStateGetListByParams" createKeyParam="STATEID" getKeyParam="STATEID" service="frontws2">
		<attribute name="SYSNAME" valueType="java.lang.String" create="true" search="true">headCreditDepartmentDecision</attribute>
		<attribute name="NAME" valueType="java.lang.String" create="true">Рассмотрение руководителем кредитного отдела</attribute>
		<attribute name="TYPEID" valueType="java.lang.Long" create="true" search="true">1003</attribute>
		<attribute name="PROJECTID" valueType="java.lang.Long" create="true" search="true" entityID="2"/>
	</entity>
	<entity name="FRNT_SMSTATE" id="13220" createMethod="smStateCreate" getMethod="smStateGetListByParams" createKeyParam="STATEID" getKeyParam="STATEID" service="frontws2">
		<attribute name="SYSNAME" valueType="java.lang.String" create="true" search="true">appApprovedByDebtor</attribute>
		<attribute name="NAME" valueType="java.lang.String" create="true">Заявка одобрена по заемщику</attribute>
		<attribute name="TYPEID" valueType="java.lang.Long" create="true" search="true">1003</attribute>
		<attribute name="PROJECTID" valueType="java.lang.Long" create="true" search="true" entityID="2"/>
	</entity>
	<entity name="FRNT_SMSTATE" id="13224" createMethod="smStateCreate" getMethod="smStateGetListByParams" createKeyParam="STATEID" getKeyParam="STATEID" service="frontws2">
		<attribute name="SYSNAME" valueType="java.lang.String" create="true" search="true">juricalCheckPledge</attribute>
		<attribute name="NAME" valueType="java.lang.String" create="true">Юридическая проверка залога</attribute>
		<attribute name="TYPEID" valueType="java.lang.Long" create="true" search="true">1003</attribute>
		<attribute name="PROJECTID" valueType="java.lang.Long" create="true" search="true" entityID="2"/>
	</entity>
	<entity name="FRNT_SMSTATE" id="13225" createMethod="smStateCreate" getMethod="smStateGetListByParams" createKeyParam="STATEID" getKeyParam="STATEID" service="frontws2">
		<attribute name="SYSNAME" valueType="java.lang.String" create="true" search="true">expertCheckPledge</attribute>
		<attribute name="NAME" valueType="java.lang.String" create="true">Проверка залога специалистом</attribute>
		<attribute name="TYPEID" valueType="java.lang.Long" create="true" search="true">1003</attribute>
		<attribute name="PROJECTID" valueType="java.lang.Long" create="true" search="true" entityID="2"/>
	</entity>
	<entity name="FRNT_SMSTATE" id="23033" createMethod="smStateCreate" getMethod="smStateGetListByParams" createKeyParam="STATEID" getKeyParam="STATEID" service="frontws2">
		<attribute name="SYSNAME" valueType="java.lang.String" create="true" search="true">limitControl</attribute>
		<attribute name="NAME" valueType="java.lang.String" create="true">Контроль лимитов</attribute>
		<attribute name="TYPEID" valueType="java.lang.Long" create="true" search="true">1003</attribute>
		<attribute name="PROJECTID" valueType="java.lang.Long" create="true" search="true" entityID="2"/>
	</entity>

	<!-- Машина состояний (переходы) -->

    <entity name="FRNT_SMTRANS" id="10610" createMethod="" updateMethod="smTransitionModify" getMethod="smTransitionGetListByParams" createKeyParam="TRANSITIONID" getKeyParam="TRANSITIONID" service="frontws2" silent="true">
        <attribute name="SYSNAME" valueType="java.lang.String" search="true">makeClientIgnored</attribute>
        <attribute name="FROMSTATEID" valueType="java.lang.Long" search="true" entityID="13201"/>
        <attribute name="TOSTATEID" valueType="java.lang.Long" search="true"  entityID="13101"/>
        <attribute name="TYPEID" valueType="java.lang.Long" search="true">1003</attribute>
        <attribute name="PAGEFLOWNAME" valueType="java.lang.String" create="true">loanApp/mortgageLoanApp/makeClientIgnored/makeClientIgnored</attribute>
    </entity>
    <entity name="FRNT_SMTRANS" id="10611" createMethod="" updateMethod="smTransitionModify" getMethod="smTransitionGetListByParams" createKeyParam="TRANSITIONID" getKeyParam="TRANSITIONID" service="frontws2" silent="true">
        <attribute name="SYSNAME" valueType="java.lang.String" search="true">makeClientIgnored</attribute>
        <attribute name="FROMSTATEID" valueType="java.lang.Long" search="true" entityID="13202"/>
        <attribute name="TOSTATEID" valueType="java.lang.Long" search="true"  entityID="13101"/>
        <attribute name="TYPEID" valueType="java.lang.Long" search="true">1003</attribute>
        <attribute name="PAGEFLOWNAME" valueType="java.lang.String" create="true">loanApp/mortgageLoanApp/makeClientIgnored/makeClientIgnored</attribute>
    </entity>
    <entity name="FRNT_SMTRANS" id="10612" createMethod="" updateMethod="smTransitionModify" getMethod="smTransitionGetListByParams" createKeyParam="TRANSITIONID" getKeyParam="TRANSITIONID" service="frontws2" silent="true">
        <attribute name="SYSNAME" valueType="java.lang.String" search="true">makeClientIgnored</attribute>
        <attribute name="FROMSTATEID" valueType="java.lang.Long" search="true" entityID="13203"/>
        <attribute name="TOSTATEID" valueType="java.lang.Long" search="true"  entityID="13101"/>
        <attribute name="TYPEID" valueType="java.lang.Long" search="true">1003</attribute>
        <attribute name="PAGEFLOWNAME" valueType="java.lang.String" create="true">loanApp/mortgageLoanApp/makeClientIgnored/makeClientIgnored</attribute>
    </entity>
    <entity name="FRNT_SMTRANS" id="10614" createMethod="" updateMethod="smTransitionModify" getMethod="smTransitionGetListByParams" createKeyParam="TRANSITIONID" getKeyParam="TRANSITIONID" service="frontws2" silent="true">
        <attribute name="SYSNAME" valueType="java.lang.String" search="true">makeClientIgnored</attribute>
        <attribute name="FROMSTATEID" valueType="java.lang.Long" search="true" entityID="13208"/>
        <attribute name="TOSTATEID" valueType="java.lang.Long" search="true"  entityID="13101"/>
        <attribute name="TYPEID" valueType="java.lang.Long" search="true">1003</attribute>
        <attribute name="PAGEFLOWNAME" valueType="java.lang.String" create="true">loanApp/mortgageLoanApp/makeClientIgnored/makeClientIgnored</attribute>
    </entity>
    <entity name="FRNT_SMTRANS" id="10615" createMethod="" updateMethod="smTransitionModify" getMethod="smTransitionGetListByParams" createKeyParam="TRANSITIONID" getKeyParam="TRANSITIONID" service="frontws2" silent="true">
        <attribute name="SYSNAME" valueType="java.lang.String" search="true">makeClientIgnored</attribute>
        <attribute name="FROMSTATEID" valueType="java.lang.Long" search="true" entityID="13205"/>
        <attribute name="TOSTATEID" valueType="java.lang.Long" search="true"  entityID="13101"/>
        <attribute name="TYPEID" valueType="java.lang.Long" search="true">1003</attribute>
        <attribute name="PAGEFLOWNAME" valueType="java.lang.String" create="true">loanApp/mortgageLoanApp/makeClientIgnored/makeClientIgnored</attribute>
    </entity>
    <entity name="FRNT_SMTRANS" id="10616" createMethod="" updateMethod="smTransitionModify" getMethod="smTransitionGetListByParams" createKeyParam="TRANSITIONID" getKeyParam="TRANSITIONID" service="frontws2" silent="true">
        <attribute name="SYSNAME" valueType="java.lang.String" search="true">makeClientIgnored</attribute>
        <attribute name="FROMSTATEID" valueType="java.lang.Long" search="true" entityID="13207"/>
        <attribute name="TOSTATEID" valueType="java.lang.Long" search="true"  entityID="13101"/>
        <attribute name="TYPEID" valueType="java.lang.Long" search="true">1003</attribute>
        <attribute name="PAGEFLOWNAME" valueType="java.lang.String" create="true">loanApp/mortgageLoanApp/makeClientIgnored/makeClientIgnored</attribute>
    </entity>
    <entity name="FRNT_SMTRANS" id="10617" createMethod="" updateMethod="smTransitionModify" getMethod="smTransitionGetListByParams" createKeyParam="TRANSITIONID" getKeyParam="TRANSITIONID" service="frontws2" silent="true">
        <attribute name="SYSNAME" valueType="java.lang.String" search="true">makeClientIgnored</attribute>
        <attribute name="FROMSTATEID" valueType="java.lang.Long" search="true" entityID="13216"/>
        <attribute name="TOSTATEID" valueType="java.lang.Long" search="true"  entityID="13101"/>
        <attribute name="TYPEID" valueType="java.lang.Long" search="true">1003</attribute>
        <attribute name="PAGEFLOWNAME" valueType="java.lang.String" create="true">loanApp/mortgageLoanApp/makeClientIgnored/makeClientIgnored</attribute>
    </entity>
    <entity name="FRNT_SMTRANS" id="10618" createMethod="" updateMethod="smTransitionModify" getMethod="smTransitionGetListByParams" createKeyParam="TRANSITIONID" getKeyParam="TRANSITIONID" service="frontws2" silent="true">
        <attribute name="SYSNAME" valueType="java.lang.String" search="true">makeClientIgnored</attribute>
        <attribute name="FROMSTATEID" valueType="java.lang.Long" search="true" entityID="13217"/>
        <attribute name="TOSTATEID" valueType="java.lang.Long" search="true"  entityID="13101"/>
        <attribute name="TYPEID" valueType="java.lang.Long" search="true">1003</attribute>
        <attribute name="PAGEFLOWNAME" valueType="java.lang.String" create="true">loanApp/mortgageLoanApp/makeClientIgnored/makeClientIgnored</attribute>
    </entity>
    <entity name="FRNT_SMTRANS" id="10619" createMethod="" updateMethod="smTransitionModify" getMethod="smTransitionGetListByParams" createKeyParam="TRANSITIONID" getKeyParam="TRANSITIONID" service="frontws2" silent="true">
        <attribute name="SYSNAME" valueType="java.lang.String" search="true">makeClientIgnored</attribute>
        <attribute name="FROMSTATEID" valueType="java.lang.Long" search="true" entityID="13218"/>
        <attribute name="TOSTATEID" valueType="java.lang.Long" search="true"  entityID="13101"/>
        <attribute name="TYPEID" valueType="java.lang.Long" search="true">1003</attribute>
        <attribute name="PAGEFLOWNAME" valueType="java.lang.String" create="true">loanApp/mortgageLoanApp/makeClientIgnored/makeClientIgnored</attribute>
    </entity>
    <entity name="FRNT_SMTRANS" id="10620" createMethod="" updateMethod="smTransitionModify" getMethod="smTransitionGetListByParams" createKeyParam="TRANSITIONID" getKeyParam="TRANSITIONID" service="frontws2" silent="true">
        <attribute name="SYSNAME" valueType="java.lang.String" search="true">makeClientIgnored</attribute>
        <attribute name="FROMSTATEID" valueType="java.lang.Long" search="true" entityID="13219"/>
        <attribute name="TOSTATEID" valueType="java.lang.Long" search="true"  entityID="13101"/>
        <attribute name="TYPEID" valueType="java.lang.Long" search="true">1003</attribute>
        <attribute name="PAGEFLOWNAME" valueType="java.lang.String" create="true">loanApp/mortgageLoanApp/makeClientIgnored/makeClientIgnored</attribute>
    </entity>
    <entity name="FRNT_SMTRANS" id="10626" createMethod="" updateMethod="smTransitionModify" getMethod="smTransitionGetListByParams" createKeyParam="TRANSITIONID" getKeyParam="TRANSITIONID" service="frontws2" silent="true">
        <attribute name="SYSNAME" valueType="java.lang.String" search="true">makeClientIgnored</attribute>
        <attribute name="FROMSTATEID" valueType="java.lang.Long" search="true" entityID="13220"/>
        <attribute name="TOSTATEID" valueType="java.lang.Long" search="true"  entityID="13101"/>
        <attribute name="TYPEID" valueType="java.lang.Long" search="true">1003</attribute>
        <attribute name="PAGEFLOWNAME" valueType="java.lang.String" create="true">loanApp/mortgageLoanApp/makeClientIgnored/makeClientIgnored</attribute>
    </entity>
    <entity name="FRNT_SMTRANS" id="10712" createMethod="" updateMethod="smTransitionModify" getMethod="smTransitionGetListByParams" createKeyParam="TRANSITIONID" getKeyParam="TRANSITIONID" service="frontws2" silent="true">
        <attribute name="SYSNAME" valueType="java.lang.String" search="true">makeClientIgnored</attribute>
        <attribute name="FROMSTATEID" valueType="java.lang.Long" search="true" entityID="13224"/>
        <attribute name="TOSTATEID" valueType="java.lang.Long" search="true"  entityID="13101"/>
        <attribute name="TYPEID" valueType="java.lang.Long" search="true">1003</attribute>
        <attribute name="PAGEFLOWNAME" valueType="java.lang.String" create="true">loanApp/mortgageLoanApp/makeClientIgnored/makeClientIgnored</attribute>
    </entity>
    <entity name="FRNT_SMTRANS" id="10713" createMethod="" updateMethod="smTransitionModify" getMethod="smTransitionGetListByParams" createKeyParam="TRANSITIONID" getKeyParam="TRANSITIONID" service="frontws2" silent="true">
        <attribute name="SYSNAME" valueType="java.lang.String" search="true">makeClientIgnored</attribute>
        <attribute name="FROMSTATEID" valueType="java.lang.Long" search="true" entityID="13225"/>
        <attribute name="TOSTATEID" valueType="java.lang.Long" search="true"  entityID="13101"/>
        <attribute name="TYPEID" valueType="java.lang.Long" search="true">1003</attribute>
        <attribute name="PAGEFLOWNAME" valueType="java.lang.String" create="true">loanApp/mortgageLoanApp/makeClientIgnored/makeClientIgnored</attribute>
    </entity>
    <entity name="FRNT_SMTRANS" id="23088" createMethod="" updateMethod="smTransitionModify" getMethod="smTransitionGetListByParams" createKeyParam="TRANSITIONID" getKeyParam="TRANSITIONID" service="frontws2" silent="true">
        <attribute name="SYSNAME" valueType="java.lang.String" search="true">makeClientIgnored</attribute>
        <attribute name="FROMSTATEID" valueType="java.lang.Long" search="true" entityID="23033"/>
        <attribute name="TOSTATEID" valueType="java.lang.Long" search="true"  entityID="13101"/>
        <attribute name="TYPEID" valueType="java.lang.Long" search="true">1003</attribute>
        <attribute name="PAGEFLOWNAME" valueType="java.lang.String" create="true">loanApp/mortgageLoanApp/makeClientIgnored/makeClientIgnored</attribute>
    </entity>
    <entity name="FRNT_SMTRANS" id="24003" createMethod="" updateMethod="smTransitionModify" getMethod="smTransitionGetListByParams" createKeyParam="TRANSITIONID" getKeyParam="TRANSITIONID" service="frontws2" silent="true">
        <attribute name="SYSNAME" valueType="java.lang.String" search="true">makeClientIgnored</attribute>
        <attribute name="FROMSTATEID" valueType="java.lang.Long" search="true" entityID="13204"/>
        <attribute name="TOSTATEID" valueType="java.lang.Long" search="true"  entityID="13101"/>
        <attribute name="TYPEID" valueType="java.lang.Long" search="true">1003</attribute>
        <attribute name="PAGEFLOWNAME" valueType="java.lang.String" create="true">loanApp/mortgageLoanApp/makeClientIgnored/makeClientIgnored</attribute>
    </entity>
	
</root>	