<?xml version="1.0" encoding="UTF-8"?>
<root>
    <!-- Группа правил «Правила проверок» -->
    <entity name="DMS_RULEGROUP" id="10003" createMethod="ruleGroupCreate" getMethod="ruleGroupGetListByParams" createKeyParam="RULEGROUPID" getKeyParam="RULEGROUPID" service="dmsws">
        <attribute name="SYSNAME" valueType="java.lang.String" create="true" search="true">checkRules</attribute>
        <attribute name="NAME" valueType="java.lang.String" create="true">Правила проверок</attribute>
        <attribute name="DESCRIPTION" valueType="java.lang.String" create="true">Правила для выполнения проверок</attribute>
    </entity>

    <!-- Набор данных Параметры заявки -->
    <entity name="DMS_DATASET" id="200010001" createMethod="ruleDatasetCreate" getMethod="ruleDatasetGetListByParams" createKeyParam="DATASETID" getKeyParam="DATASETID" service="dmsws">
        <attribute name="SYSNAME" valueType="java.lang.String" create="true" search="true">applicationParams</attribute>
        <attribute name="FULLNAME" valueType="java.lang.String" create="true">Параметры заявки</attribute>
    </entity>

    <!-- Параметр «creditContractActive» -->
    <entity name="DMS_DATASETPARAM" id="300013024" createMethod="ruleDatasetParamCreate" getMethod="ruleDatasetParamGetListByParams" createKeyParam="DATASETPARAMID" getKeyParam="DATASETPARAMID" service="dmsws">
        <attribute name="DATASETID" valueType="java.lang.Long" create="true" search="true" entityID="200010001"/>
        <attribute name="PARAMTYPE" valueType="java.lang.Integer" create="true" search="true">0</attribute>
        <attribute name="SYSNAME" valueType="java.lang.String" create="true" search="true">creditContractActive</attribute>
        <attribute name="FULLNAME" valueType="java.lang.String" create="true">Количество активных кредитов</attribute>
        <attribute name="PARAMVALUETYPE" valueType="java.lang.String" create="true" search="true">java.lang.Integer</attribute>
        <attribute name="ISREQUIRED" valueType="java.lang.Integer" create="true">0</attribute>
    </entity>

    <!-- Параметр «guaranteeContractActive» -->
    <entity name="DMS_DATASETPARAM" id="300013025" createMethod="ruleDatasetParamCreate" getMethod="ruleDatasetParamGetListByParams" createKeyParam="DATASETPARAMID" getKeyParam="DATASETPARAMID" service="dmsws">
        <attribute name="DATASETID" valueType="java.lang.Long" create="true" search="true" entityID="200010001"/>
        <attribute name="PARAMTYPE" valueType="java.lang.Integer" create="true" search="true">0</attribute>
        <attribute name="SYSNAME" valueType="java.lang.String" create="true" search="true">guaranteeContractActive</attribute>
        <attribute name="FULLNAME" valueType="java.lang.String" create="true">Количество активных поручительств</attribute>
        <attribute name="PARAMVALUETYPE" valueType="java.lang.String" create="true" search="true">java.lang.Integer</attribute>
        <attribute name="ISREQUIRED" valueType="java.lang.Integer" create="true">0</attribute>
    </entity>

    <!-- Операция MULTIPLICATION -->
    <entity name="DMS_OPERATION" id="40003" createMethod="ruleOperationCreate" getMethod="ruleOperationGetListByParams" createKeyParam="OPERATIONID" getKeyParam="OPERATIONID" service="dmsws">
        <attribute name="SYSNAME" valueType="java.lang.String" create="true" search="true">MULTIPLICATION</attribute>
        <attribute name="NAME" valueType="java.lang.String" create="true"><![CDATA[*]]></attribute>
        <attribute name="DESCRIPTION" valueType="java.lang.String" create="true"></attribute>
        <attribute name="GROUPSYSNAME" valueType="java.lang.String" create="true" search="true">CALC</attribute>
    </entity>

    <!-- Операция SMALLEROREQUAL -->
    <entity name="DMS_OPERATION" id="400013" createMethod="ruleOperationCreate" getMethod="ruleOperationGetListByParams" createKeyParam="OPERATIONID" getKeyParam="OPERATIONID" service="dmsws">
        <attribute name="SYSNAME" valueType="java.lang.String" create="true" search="true">SMALLEROREQUAL</attribute>
        <attribute name="NAME" valueType="java.lang.String" create="true"><![CDATA[<=]]></attribute>
        <attribute name="DESCRIPTION" valueType="java.lang.String" create="true"></attribute>
        <attribute name="GROUPSYSNAME" valueType="java.lang.String" create="true" search="true">CHK</attribute>
    </entity>

    <!-- Правило «Правило «Проверка открытых займов»» -->
    <entity name="DMS_RULE" id="500015019" createMethod="ruleCreate" getMethod="ruleGetListByParams" createKeyParam="RULEID" getKeyParam="RULEID" service="dmsws">
        <attribute name="SYSNAME" valueType="java.lang.String" create="true" search="true">ruleCheckPublicLoans</attribute>
        <attribute name="NAME" valueType="java.lang.String" create="true">Правило «Проверка открытых займов»</attribute>
        <attribute name="DESCRIPTION" valueType="java.lang.String" create="true">Правило «Проверка открытых займов»</attribute>
        <attribute name="RULEGROUPID" valueType="java.lang.Long" create="true" search="true" entityID="10003"/>
        <attribute name="DATASETID" valueType="java.lang.Long" create="true" search="true" entityID="200010001"/>
    </entity>

    <!-- Узел правила «Правило «Проверка открытых займов»» -->
    <entity name="DMS_RULENODE" id="600016908" createMethod="ruleNodeCreate" getMethod="ruleNodeGetListByParams" createKeyParam="RULENODEID" getKeyParam="RULENODEID" service="dmsws">
        <attribute name="PARENTRULENODEID" valueType="java.lang.Integer" create="true" search="true">0</attribute>
        <attribute name="RULEID" valueType="java.lang.Long" create="true" search="true" entityID="500015019"/>
        <attribute name="NODETYPE" valueType="java.lang.Integer" create="true">0</attribute>
        <attribute name="VALUEID" valueType="java.lang.Long" create="true" search="true" entityID="40003"/>
        <attribute name="DEFAULTVALUE" valueType="java.lang.String" create="true"></attribute>
        <attribute name="ISUSEDEFAULT" valueType="java.lang.Integer" create="true">0</attribute>
        <attribute name="ORDERNO" valueType="java.lang.Integer" create="true" search="true">356</attribute>
        <attribute name="MARK" valueType="java.lang.Integer" create="true" search="true"></attribute>
    </entity>

    <!-- Узел правила «Правило «Проверка открытых займов»» -->
    <entity name="DMS_RULENODE" id="600016909" createMethod="ruleNodeCreate" getMethod="ruleNodeGetListByParams" createKeyParam="RULENODEID" getKeyParam="RULENODEID" service="dmsws">
        <attribute name="PARENTRULENODEID" valueType="java.lang.Long" create="true" search="true" entityID="600016908"/>
        <attribute name="RULEID" valueType="java.lang.Long" create="true" search="true" entityID="500015019"/>
        <attribute name="NODETYPE" valueType="java.lang.Integer" create="true">0</attribute>
        <attribute name="VALUEID" valueType="java.lang.Long" create="true" search="true" entityID="400013"/>
        <attribute name="NODEVALUE" valueType="java.util.Map" create="true"><![CDATA[<?xml version="1.0" encoding="UTF-8"?><content version="1.0"/>]]></attribute>
        <attribute name="DEFAULTVALUE" valueType="java.lang.String" create="true"></attribute>
        <attribute name="ISUSEDEFAULT" valueType="java.lang.Integer" create="true">0</attribute>
        <attribute name="ORDERNO" valueType="java.lang.Integer" create="true" search="true">1</attribute>
        <attribute name="MARK" valueType="java.lang.Integer" create="true" search="true"></attribute>
    </entity>

    <!-- Узел правила «Правило «Проверка открытых займов»» -->
    <entity name="DMS_RULENODE" id="600016912" createMethod="ruleNodeCreate" getMethod="ruleNodeGetListByParams" createKeyParam="RULENODEID" getKeyParam="RULENODEID" service="dmsws">
        <attribute name="PARENTRULENODEID" valueType="java.lang.Long" create="true" search="true" entityID="600016908"/>
        <attribute name="RULEID" valueType="java.lang.Long" create="true" search="true" entityID="500015019"/>
        <attribute name="NODETYPE" valueType="java.lang.Integer" create="true">0</attribute>
        <attribute name="VALUEID" valueType="java.lang.Long" create="true" search="true" entityID="400013"/>
        <attribute name="NODEVALUE" valueType="java.util.Map" create="true"><![CDATA[<?xml version="1.0" encoding="UTF-8"?><content version="1.0"/>]]></attribute>
        <attribute name="DEFAULTVALUE" valueType="java.lang.String" create="true"></attribute>
        <attribute name="ISUSEDEFAULT" valueType="java.lang.Integer" create="true">0</attribute>
        <attribute name="ORDERNO" valueType="java.lang.Integer" create="true" search="true">2</attribute>
        <attribute name="MARK" valueType="java.lang.Integer" create="true" search="true"></attribute>
    </entity>

    <!-- Узел правила «Правило «Проверка открытых займов»» -->
    <entity name="DMS_RULENODE" id="600016913" createMethod="ruleNodeCreate" getMethod="ruleNodeGetListByParams" createKeyParam="RULENODEID" getKeyParam="RULENODEID" service="dmsws">
        <attribute name="PARENTRULENODEID" valueType="java.lang.Long" create="true" search="true" entityID="600016912"/>
        <attribute name="RULEID" valueType="java.lang.Long" create="true" search="true" entityID="500015019"/>
        <attribute name="NODETYPE" valueType="java.lang.Integer" create="true">1</attribute>
        <attribute name="VALUEID" valueType="java.lang.Long" create="true" search="true" entityID="300013025"/>
        <attribute name="DEFAULTVALUE" valueType="java.lang.String" create="true">0</attribute>
        <attribute name="ISUSEDEFAULT" valueType="java.lang.Integer" create="true">1</attribute>
        <attribute name="ORDERNO" valueType="java.lang.Integer" create="true" search="true">1</attribute>
        <attribute name="MARK" valueType="java.lang.Integer" create="true" search="true"></attribute>
    </entity>

    <!-- Узел правила «Правило «Проверка открытых займов»» -->
    <entity name="DMS_RULENODE" id="600016914" createMethod="ruleNodeCreate" getMethod="ruleNodeGetListByParams" createKeyParam="RULENODEID" getKeyParam="RULENODEID" service="dmsws">
        <attribute name="PARENTRULENODEID" valueType="java.lang.Long" create="true" search="true" entityID="600016912"/>
        <attribute name="RULEID" valueType="java.lang.Long" create="true" search="true" entityID="500015019"/>
        <attribute name="NODETYPE" valueType="java.lang.Integer" create="true">3</attribute>
        <attribute name="NODEVALUE" valueType="java.util.Map" create="true"><![CDATA[<?xml version="1.0" encoding="UTF-8"?><content version="1.0"><param name="VALUE" value="0" valueClass="java.lang.Integer"/><param name="VALUETYPE" value="java.lang.Integer" valueClass="java.lang.String"/></content>]]></attribute>
        <attribute name="DEFAULTVALUE" valueType="java.lang.String" create="true"></attribute>
        <attribute name="ISUSEDEFAULT" valueType="java.lang.Integer" create="true">0</attribute>
        <attribute name="ORDERNO" valueType="java.lang.Integer" create="true" search="true">2</attribute>
        <attribute name="MARK" valueType="java.lang.Integer" create="true" search="true">0</attribute>
    </entity>

    <!-- Узел правила «Правило «Проверка открытых займов»» -->
    <entity name="DMS_RULENODE" id="600016910" createMethod="ruleNodeCreate" getMethod="ruleNodeGetListByParams" createKeyParam="RULENODEID" getKeyParam="RULENODEID" service="dmsws">
        <attribute name="PARENTRULENODEID" valueType="java.lang.Long" create="true" search="true" entityID="600016909"/>
        <attribute name="RULEID" valueType="java.lang.Long" create="true" search="true" entityID="500015019"/>
        <attribute name="NODETYPE" valueType="java.lang.Integer" create="true">1</attribute>
        <attribute name="VALUEID" valueType="java.lang.Long" create="true" search="true" entityID="300013024"/>
        <attribute name="DEFAULTVALUE" valueType="java.lang.String" create="true">0</attribute>
        <attribute name="ISUSEDEFAULT" valueType="java.lang.Integer" create="true">1</attribute>
        <attribute name="ORDERNO" valueType="java.lang.Integer" create="true" search="true">1</attribute>
        <attribute name="MARK" valueType="java.lang.Integer" create="true" search="true"></attribute>
    </entity>

    <!-- Узел правила «Правило «Проверка открытых займов»» -->
    <entity name="DMS_RULENODE" id="600016911" createMethod="ruleNodeCreate" getMethod="ruleNodeGetListByParams" createKeyParam="RULENODEID" getKeyParam="RULENODEID" service="dmsws">
        <attribute name="PARENTRULENODEID" valueType="java.lang.Long" create="true" search="true" entityID="600016909"/>
        <attribute name="RULEID" valueType="java.lang.Long" create="true" search="true" entityID="500015019"/>
        <attribute name="NODETYPE" valueType="java.lang.Integer" create="true">3</attribute>
        <attribute name="NODEVALUE" valueType="java.util.Map" create="true"><![CDATA[<?xml version="1.0" encoding="UTF-8"?><content version="1.0"><param name="VALUE" value="0" valueClass="java.lang.Integer"/><param name="VALUETYPE" value="java.lang.Integer" valueClass="java.lang.String"/></content>]]></attribute>
        <attribute name="DEFAULTVALUE" valueType="java.lang.String" create="true"></attribute>
        <attribute name="ISUSEDEFAULT" valueType="java.lang.Integer" create="true">0</attribute>
        <attribute name="ORDERNO" valueType="java.lang.Integer" create="true" search="true">2</attribute>
        <attribute name="MARK" valueType="java.lang.Integer" create="true" search="true">0</attribute>
    </entity>

    <!-- Схема логирования «Бизнес лог» -->
    <entity name="DMS_LOGSCHEME" id="70001001" createMethod="ruleLogSchemeCreate" getMethod="ruleLogSchemeGetListByParams" createKeyParam="LOGSCHEMEID" getKeyParam="LOGSCHEMEID" service="dmsws" isExtService="true">
        <attribute name="SYSNAME" valueType="java.lang.String" search="true" create="true">BusinessLog</attribute>
        <attribute name="NAME" valueType="java.lang.String" search="true" create="true">Бизнес лог</attribute>
    </entity>

    <!-- Связь схем логирования с узлами правила -->
    <entity name="DMS_RULENODELOG" id="80004001" createMethod="ruleNodeLogCreate" getMethod="ruleNodeLogGetListByParams" createKeyParam="RULENODELOGID" getKeyParam="RULENODELOGID" service="dmsws" isExtService="true">
        <attribute name="LOGMESSAGE" valueType="java.lang.String" search="true" create="true">Cравнение creditContractActive</attribute>
        <attribute name="RULENODEID" valueType="java.lang.Long" create="true" search="true" entityID="600016909"/>
        <attribute name="LOGSCHEMEID" valueType="java.lang.Long" create="true" search="true" entityID="70001001"/>
    </entity>

    <!-- Связь схем логирования с узлами правила -->
    <entity name="DMS_RULENODELOG" id="80004002" createMethod="ruleNodeLogCreate" getMethod="ruleNodeLogGetListByParams" createKeyParam="RULENODELOGID" getKeyParam="RULENODELOGID" service="dmsws" isExtService="true">
        <attribute name="LOGMESSAGE" valueType="java.lang.String" search="true" create="true">Cравнение guaranteeContractActive</attribute>
        <attribute name="RULENODEID" valueType="java.lang.Long" create="true" search="true" entityID="600016912"/>
        <attribute name="LOGSCHEMEID" valueType="java.lang.Long" create="true" search="true" entityID="70001001"/>
    </entity>

</root>