<?xml version="1.0" encoding="UTF-8"?>
<root>

	<entity name="AUTO_PK_SUPPORT" id="0" createMethod="setAutoPkSupportValues" getMethod="" createKeyParam="Result" getKeyParam="" service="">
		<attribute name="CORE_PROCESSTYPE" valueType="java.lang.String">PROCESSTYPEID</attribute>
	</entity>
	
	<!-- Проект -->
	<entity name="CORE_PROJECT" id="1" createMethod="admProjectAdd" getMethod="admProjectBySysname" additionalProcessMethod="admProjectBySysname" processKeyParam="PROJECTID" createKeyParam="PROJECTID" getKeyParam="PROJECTID" service="adminws">
		<attribute name="PROJECTSYSNAME" valueType="java.lang.String" create="true" process="true" search="true">FTDS</attribute>
		<attribute name="PROJECTNAME" valueType="java.lang.String">FLEXTERA "Поддержка принятия решения"</attribute>
		<attribute name="METADATAURL" valueType="java.lang.String">c:\FLEXTERA\FTDS\metadata</attribute>
		<attribute name="USERMETADATAURL" valueType="java.lang.String">c:\FLEXTERA\FTDS\metadata</attribute>
	</entity>
	
    <!-- Процесс -->
	<entity name="CORE_PROCESSTYPE" id="4453" createMethod="shdaddjobtype" getMethod="shdJobTypes" createKeyParam="Result" getKeyParam="PROCESSTYPEID" service="corews">
		<attribute name="PROJECTSYSNAME" valueType="java.lang.String" search="true">FTDS</attribute>
		<attribute name="PROCTYPENAME" valueType="java.lang.String" create="true" search="true">dmsScoringINT</attribute>
		<attribute name="PROCFILE" valueType="java.lang.String">dmsScoringINT</attribute>
		<attribute name="DESCRIPTION" valueType="java.lang.String">dmsScoringINT</attribute>
		<attribute name="PROJECTID" valueType="java.lang.Long" create="true" search="true" entityID="1"/>
	</entity>
	
</root>