<?xml version="1.0" encoding="UTF-8"?>
<root>
	<entity name="DMS_CHECKTYPE" id="6" createMethod="checkTypeCreate" getMethod="checkTypeGetByIdOrSysname" createKeyParam="CHECKTYPEID" getKeyParam="CHECKTYPEID" service="dmsws" isIntService="true">
		<attribute name="TYPESYSNAME" valueType="java.lang.String" create="true" search="true">subjDemands</attribute>
		<attribute name="TYPENAME" valueType="java.lang.String" create="true">Требования к субъекту</attribute>
		<attribute name="DESCRIPTION" valueType="java.lang.String" create="true">Требования к субъекту</attribute>
	</entity>
	
	<entity createKeyParam="CHECKID" createMethod="checkCreate" getKeyParam="CHECKID" getMethod="checkGetByIdOrSysname" id="18" isIntService="true" name="DMS_CHECK" service="dmsws">
        <attribute create="true" entityID="6" name="CHECKTYPEID" search="true" valueType="java.lang.Long"/>
        <attribute create="true" name="OBJECTTYPEID" valueType="java.lang.Long">1002</attribute>
        <attribute create="true" name="CHECKNAME" valueType="java.lang.String">Скоринг (Mailru)</attribute>
        <attribute create="true" name="CHECKSYSNAME" search="true" valueType="java.lang.String">checkCreditRegistryMailruCheckScore</attribute>
        <attribute create="true" name="RULELINK" valueType="java.lang.String">dmsCheckCreditRegistryMailruCheckScore</attribute>
        <attribute create="true" name="RULETYPE" valueType="java.lang.Integer">2</attribute>
        <attribute create="true" name="EXPIRATIONTERM" valueType="java.lang.Integer">0</attribute>
        <attribute create="true" name="MULTIFLAG" valueType="java.lang.Integer">0</attribute>
    </entity>
	
	<entity createKeyParam="CHECKID" createMethod="checkCreate" getKeyParam="CHECKID" getMethod="checkGetByIdOrSysname" id="19" isIntService="true" name="DMS_CHECK" service="dmsws">
        <attribute create="true" entityID="6" name="CHECKTYPEID" search="true" valueType="java.lang.Long"/>
        <attribute create="true" name="OBJECTTYPEID" valueType="java.lang.Long">1002</attribute>
        <attribute create="true" name="CHECKNAME" valueType="java.lang.String">Проверка адресов (Билайн)</attribute>
        <attribute create="true" name="CHECKSYSNAME" search="true" valueType="java.lang.String">checkCreditRegistryBeelineCheckAddresses</attribute>
        <attribute create="true" name="RULELINK" valueType="java.lang.String">dmsCheckCreditRegistryBeelineCheckAddresses</attribute>
        <attribute create="true" name="RULETYPE" valueType="java.lang.Integer">2</attribute>
        <attribute create="true" name="EXPIRATIONTERM" valueType="java.lang.Integer">0</attribute>
        <attribute create="true" name="MULTIFLAG" valueType="java.lang.Integer">0</attribute>
    </entity>
	
	<entity createKeyParam="CHECKID" createMethod="checkCreate" getKeyParam="CHECKID" getMethod="checkGetByIdOrSysname" id="20" isIntService="true" name="DMS_CHECK" service="dmsws">
        <attribute create="true" entityID="6" name="CHECKTYPEID" search="true" valueType="java.lang.Long"/>
        <attribute create="true" name="OBJECTTYPEID" valueType="java.lang.Long">1002</attribute>
        <attribute create="true" name="CHECKNAME" valueType="java.lang.String">Проверка данных и скоринга (Билайн)</attribute>
        <attribute create="true" name="CHECKSYSNAME" search="true" valueType="java.lang.String">checkCreditRegistryBeelineCheckDataAndScoring</attribute>
        <attribute create="true" name="RULELINK" valueType="java.lang.String">dmsCheckCreditRegistryBeelineCheckDataAndScoring</attribute>
        <attribute create="true" name="RULETYPE" valueType="java.lang.Integer">2</attribute>
        <attribute create="true" name="EXPIRATIONTERM" valueType="java.lang.Integer">0</attribute>
        <attribute create="true" name="MULTIFLAG" valueType="java.lang.Integer">0</attribute>
    </entity>
	
	<entity createKeyParam="CHECKID" createMethod="checkCreate" getKeyParam="CHECKID" getMethod="checkGetByIdOrSysname" id="21" isIntService="true" name="DMS_CHECK" service="dmsws">
        <attribute create="true" entityID="6" name="CHECKTYPEID" search="true" valueType="java.lang.Long"/>
        <attribute create="true" name="OBJECTTYPEID" valueType="java.lang.Long">1002</attribute>
        <attribute create="true" name="CHECKNAME" valueType="java.lang.String">Проверка адреса проживания (Мегафон)</attribute>
        <attribute create="true" name="CHECKSYSNAME" search="true" valueType="java.lang.String">checkCreditRegistryMegafonCheckHomeAddress</attribute>
        <attribute create="true" name="RULELINK" valueType="java.lang.String">dmsCheckCreditRegistryMegafonCheckHomeAddress</attribute>
        <attribute create="true" name="RULETYPE" valueType="java.lang.Integer">2</attribute>
        <attribute create="true" name="EXPIRATIONTERM" valueType="java.lang.Integer">0</attribute>
        <attribute create="true" name="MULTIFLAG" valueType="java.lang.Integer">0</attribute>
    </entity>
	
	<entity createKeyParam="CHECKID" createMethod="checkCreate" getKeyParam="CHECKID" getMethod="checkGetByIdOrSysname" id="22" isIntService="true" name="DMS_CHECK" service="dmsws">
        <attribute create="true" entityID="6" name="CHECKTYPEID" search="true" valueType="java.lang.Long"/>
        <attribute create="true" name="OBJECTTYPEID" valueType="java.lang.Long">1002</attribute>
        <attribute create="true" name="CHECKNAME" valueType="java.lang.String">Проверка адреса места работы (Мегафон)</attribute>
        <attribute create="true" name="CHECKSYSNAME" search="true" valueType="java.lang.String">checkCreditRegistryMegafonCheckWorkAddress</attribute>
        <attribute create="true" name="RULELINK" valueType="java.lang.String">dmsCheckCreditRegistryMegafonCheckWorkAddress</attribute>
        <attribute create="true" name="RULETYPE" valueType="java.lang.Integer">2</attribute>
        <attribute create="true" name="EXPIRATIONTERM" valueType="java.lang.Integer">0</attribute>
        <attribute create="true" name="MULTIFLAG" valueType="java.lang.Integer">0</attribute>
    </entity>

	<entity createKeyParam="CHECKID" createMethod="checkCreate" getKeyParam="CHECKID" getMethod="checkGetByIdOrSysname" id="23" isIntService="true" name="DMS_CHECK" service="dmsws">
        <attribute create="true" entityID="6" name="CHECKTYPEID" search="true" valueType="java.lang.Long"/>
        <attribute create="true" name="OBJECTTYPEID" valueType="java.lang.Long">1002</attribute>
        <attribute create="true" name="CHECKNAME" valueType="java.lang.String">Проверка информации (Мегафон)</attribute>
        <attribute create="true" name="CHECKSYSNAME" search="true" valueType="java.lang.String">checkCreditRegistryMegafonCheckDescription</attribute>
        <attribute create="true" name="RULELINK" valueType="java.lang.String">dmsCheckCreditRegistryMegafonCheckDescription</attribute>
        <attribute create="true" name="RULETYPE" valueType="java.lang.Integer">2</attribute>
        <attribute create="true" name="EXPIRATIONTERM" valueType="java.lang.Integer">0</attribute>
        <attribute create="true" name="MULTIFLAG" valueType="java.lang.Integer">0</attribute>
    </entity>
</root>
