<?xml version="1.0" encoding="UTF-8"?>
<root>

	<entity name="AUTO_PK_SUPPORT" id="0" createMethod="setAutoPkSupportValues" getMethod="" createKeyParam="Result" getKeyParam="" service="">
		<attribute name="CORE_PROCESSTYPE" valueType="java.lang.String">PROCESSTYPEID</attribute>
	</entity>
	
	<entity name="AUTO_PK_SUPPORT" id="0" createMethod="setAutoPkSupportValues" getMethod="" createKeyParam="Result" getKeyParam="" service="">
		<attribute name="DMS_CHECK" valueType="java.lang.String">CHECKID</attribute>
	</entity>
	
	<!-- Проект -->

	<entity name="CORE_PROJECT" id="1" createMethod="admProjectAdd" getMethod="admProjectBySysname" additionalProcessMethod="admProjectBySysname" processKeyParam="PROJECTID" createKeyParam="PROJECTID" getKeyParam="PROJECTID" service="adminws">
		<attribute name="PROJECTSYSNAME" valueType="java.lang.String" create="true" process="true" search="true">FTDS</attribute>
		<attribute name="PROJECTNAME" valueType="java.lang.String">FLEXTERA "Поддержка принятия решения"</attribute>
		<attribute name="METADATAURL" valueType="java.lang.String">D:\METADATA\TEST\dms\</attribute>
		<attribute name="USERMETADATAURL" valueType="java.lang.String">D:\METADATA\TEST\dms\</attribute>
	</entity>
	
	
	<!-- Процесс -->

	<entity name="CORE_PROCESSTYPE" id="20" createMethod="shdaddjobtype" getMethod="shdJobTypes" createKeyParam="Result" getKeyParam="PROCESSTYPEID" service="corews">
		<attribute name="PROJECTSYSNAME" valueType="java.lang.String" search="true">FTDS</attribute>
		<attribute name="PROCTYPENAME" valueType="java.lang.String" create="true" search="true">dmsCheckFinalSecurityLevel</attribute>
		<attribute name="PROCFILE" valueType="java.lang.String">dmsCheckFinalSecurityLevel</attribute>
		<attribute name="DESCRIPTION" valueType="java.lang.String">dmsCheckFinalSecurityLevel</attribute>
		<attribute name="PROJECTID" valueType="java.lang.Long" create="true" search="true" entityID="1"/>
	</entity>	
	
	
	<!-- Типы проверок -->

	<entity name="DMS_CHECKTYPE" id="2328" createMethod="checkTypeCreate" getMethod="checkTypeGetByIdOrSysname" createKeyParam="CHECKTYPEID" getKeyParam="CHECKTYPEID" service="dmsws" isIntService="true">
		<attribute name="TYPESYSNAME" valueType="java.lang.String" create="true" search="true">subjDemands</attribute>
		<attribute name="TYPENAME" valueType="java.lang.String" create="true">Требования к субъекту</attribute>
		<attribute name="DESCRIPTION" valueType="java.lang.String" create="true">Требования к субъекту</attribute>
	</entity>
	
		<!-- Проверки -->
	
	<entity name="DMS_CHECK" id="2329" createMethod="checkCreate" getMethod="checkGetByIdOrSysname" createKeyParam="CHECKID" getKeyParam="CHECKID" service="dmsws" isIntService="true">
		<attribute name="CHECKTYPEID" valueType="java.lang.Long" create="true" search="true" entityID="2328"/>
		<attribute name="OBJECTTYPEID" valueType="java.lang.Long" create="true">50000</attribute>
		<attribute name="CHECKNAME" valueType="java.lang.String" create="true">Итоговый уровень проверки СБ</attribute>
		<attribute name="CHECKSYSNAME" valueType="java.lang.String" create="true" search="true">dmsCheckFinalSecurityLevel</attribute>
		<attribute name="RULELINK" valueType="java.lang.String" create="true">dmsCheckFinalSecurityLevel</attribute>
		<attribute name="RULETYPE" valueType="java.lang.Integer" create="true">2</attribute>
		<attribute name="EXPIRATIONTERM" valueType="java.lang.Integer" create="true">0</attribute>
		<attribute name="MULTIFLAG" valueType="java.lang.Integer" create="true">0</attribute>
	</entity>

	<!-- Группы правил --> 
	<entity name="DMS_RULEGROUP" id="5025492760366935000" createMethod="ruleGroupCreate" getMethod="ruleGroupGetListByParams" createKeyParam="RULEGROUPID" getKeyParam="RULEGROUPID" service="dmsws">
		<attribute name="SYSNAME" valueType="java.lang.String" create="true" search="true">weightMatrixRiskGroup</attribute>
		<attribute name="NAME" valueType="java.lang.String" create="true">Веса матриц рисков</attribute>
		<attribute name="DESCRIPTION" valueType="java.lang.String" create="true"></attribute>
	</entity>

	<!-- Операции --> 
	<!-- Наборы данных --> 
	<entity name="DMS_DATASET" id="6908140172247411000" createMethod="ruleDatasetCreate" getMethod="ruleDatasetGetListByParams" createKeyParam="DATASETID" getKeyParam="DATASETID" service="dmsws">
		<attribute name="SYSNAME" valueType="java.lang.String" create="true" search="true">weightMatrixRiskParams</attribute>
		<attribute name="FULLNAME" valueType="java.lang.String" create="true">Параметры Веса матриц рисков</attribute>
	</entity>

	<!-- Параметры --> 
	<!-- Правила --> 
	<entity name="DMS_RULE" id="5095813708780941000" createMethod="ruleCreate" getMethod="ruleGetListByParams" createKeyParam="RULEID" getKeyParam="RULEID" service="dmsws">
		<attribute name="SYSNAME" valueType="java.lang.String" create="true" search="true">ruleProductMatrixToDetermineRiskWeight</attribute>
		<attribute name="NAME" valueType="java.lang.String" create="true">Вес_Продуктовая матрица определения уровня риска</attribute>
		<attribute name="DESCRIPTION" valueType="java.lang.String" create="true">Вес_Продуктовая матрица определения уровня риска</attribute>
		<attribute name="RULEGROUPID" valueType="java.lang.Long" create="true" search="true" entityID="5025492760366935000"/>
		<attribute name="DATASETID" valueType="java.lang.Long" create="true" search="true" entityID="6908140172247411000"/>
	</entity>

	<entity name="DMS_RULE" id="1049170387062030800" createMethod="ruleCreate" getMethod="ruleGetListByParams" createKeyParam="RULEID" getKeyParam="RULEID" service="dmsws">
		<attribute name="SYSNAME" valueType="java.lang.String" create="true" search="true">rulePasportCheckingRiskGroupWeight</attribute>
		<attribute name="NAME" valueType="java.lang.String" create="true">Вес_Проверка паспорта по группам риска</attribute>
		<attribute name="DESCRIPTION" valueType="java.lang.String" create="true">Вес_Проверка паспорта по группам риска</attribute>
		<attribute name="RULEGROUPID" valueType="java.lang.Long" create="true" search="true" entityID="5025492760366935000"/>
		<attribute name="DATASETID" valueType="java.lang.Long" create="true" search="true" entityID="6908140172247411000"/>
	</entity>

	<entity name="DMS_RULE" id="3891666222510716000" createMethod="ruleCreate" getMethod="ruleGetListByParams" createKeyParam="RULEID" getKeyParam="RULEID" service="dmsws">
		<attribute name="SYSNAME" valueType="java.lang.String" create="true" search="true">ruleMatrixToDetermineRiskWeight</attribute>
		<attribute name="NAME" valueType="java.lang.String" create="true">Вес_Матрица для определения группы риска</attribute>
		<attribute name="DESCRIPTION" valueType="java.lang.String" create="true">Вес_Матрица для определения группы риска</attribute>
		<attribute name="RULEGROUPID" valueType="java.lang.Long" create="true" search="true" entityID="5025492760366935000"/>
		<attribute name="DATASETID" valueType="java.lang.Long" create="true" search="true" entityID="6908140172247411000"/>
	</entity>

	<entity name="DMS_RULE" id="2756541661990914000" createMethod="ruleCreate" getMethod="ruleGetListByParams" createKeyParam="RULEID" getKeyParam="RULEID" service="dmsws">
		<attribute name="SYSNAME" valueType="java.lang.String" create="true" search="true">ruleMatrixCHCorrect2DocsRiskWeight</attribute>
		<attribute name="NAME" valueType="java.lang.String" create="true">Вес_Корректировка уровня риска кредитной истории (Два документа)</attribute>
		<attribute name="DESCRIPTION" valueType="java.lang.String" create="true">Вес_Корректировка уровня риска кредитной истории (Два документа)</attribute>
		<attribute name="RULEGROUPID" valueType="java.lang.Long" create="true" search="true" entityID="5025492760366935000"/>
		<attribute name="DATASETID" valueType="java.lang.Long" create="true" search="true" entityID="6908140172247411000"/>
	</entity>

	<entity name="DMS_RULE" id="7412300912586154000" createMethod="ruleCreate" getMethod="ruleGetListByParams" createKeyParam="RULEID" getKeyParam="RULEID" service="dmsws">
		<attribute name="SYSNAME" valueType="java.lang.String" create="true" search="true">ruleMatrixCHCorrectClassicRiskWeight</attribute>
		<attribute name="NAME" valueType="java.lang.String" create="true">Вес_Корректировка уровня риска кредитной истории (Стандарт)</attribute>
		<attribute name="DESCRIPTION" valueType="java.lang.String" create="true">Вес_Корректировка уровня риска кредитной истории (Стандарт)</attribute>
		<attribute name="RULEGROUPID" valueType="java.lang.Long" create="true" search="true" entityID="5025492760366935000"/>
		<attribute name="DATASETID" valueType="java.lang.Long" create="true" search="true" entityID="6908140172247411000"/>
	</entity>

	<entity name="DMS_RULE" id="3595404047785457700" createMethod="ruleCreate" getMethod="ruleGetListByParams" createKeyParam="RULEID" getKeyParam="RULEID" service="dmsws">
		<attribute name="SYSNAME" valueType="java.lang.String" create="true" search="true">ruleMatrixIntScoringRiskWeight</attribute>
		<attribute name="NAME" valueType="java.lang.String" create="true">Вес_Матрица определение уровня риска по внутреннему скорингу</attribute>
		<attribute name="DESCRIPTION" valueType="java.lang.String" create="true">Вес_Матрица определение уровня риска по внутреннему скорингу</attribute>
		<attribute name="RULEGROUPID" valueType="java.lang.Long" create="true" search="true" entityID="5025492760366935000"/>
		<attribute name="DATASETID" valueType="java.lang.Long" create="true" search="true" entityID="6908140172247411000"/>
	</entity>

	<entity name="DMS_RULE" id="1011763279512807600" createMethod="ruleCreate" getMethod="ruleGetListByParams" createKeyParam="RULEID" getKeyParam="RULEID" service="dmsws">
		<attribute name="SYSNAME" valueType="java.lang.String" create="true" search="true">ruleMatrixExtScoringRiskWeight</attribute>
		<attribute name="NAME" valueType="java.lang.String" create="true">Вес_Матрица определение уровня риска по скорингу БКИ</attribute>
		<attribute name="DESCRIPTION" valueType="java.lang.String" create="true">Вес_Матрица определение уровня риска по скорингу БКИ</attribute>
		<attribute name="RULEGROUPID" valueType="java.lang.Long" create="true" search="true" entityID="5025492760366935000"/>
		<attribute name="DATASETID" valueType="java.lang.Long" create="true" search="true" entityID="6908140172247411000"/>
	</entity>

	<entity name="DMS_RULE" id="5039803479518385000" createMethod="ruleCreate" getMethod="ruleGetListByParams" createKeyParam="RULEID" getKeyParam="RULEID" service="dmsws">
		<attribute name="SYSNAME" valueType="java.lang.String" create="true" search="true">ruleMatrix4ToDetermineRiskWeight</attribute>
		<attribute name="NAME" valueType="java.lang.String" create="true">Вес_Риск по количеству запросов за прошедшие 3 месяца</attribute>
		<attribute name="DESCRIPTION" valueType="java.lang.String" create="true">Вес_Риск по количеству запросов за прошедшие 3 месяца</attribute>
		<attribute name="RULEGROUPID" valueType="java.lang.Long" create="true" search="true" entityID="5025492760366935000"/>
		<attribute name="DATASETID" valueType="java.lang.Long" create="true" search="true" entityID="6908140172247411000"/>
	</entity>

	<entity name="DMS_RULE" id="316957626100304800" createMethod="ruleCreate" getMethod="ruleGetListByParams" createKeyParam="RULEID" getKeyParam="RULEID" service="dmsws">
		<attribute name="SYSNAME" valueType="java.lang.String" create="true" search="true">ruleMatrix5ToDetermineRiskWeight</attribute>
		<attribute name="NAME" valueType="java.lang.String" create="true">Вес_Риск по количеству запросов за прошедшие 12 месяцев</attribute>
		<attribute name="DESCRIPTION" valueType="java.lang.String" create="true">Вес_Риск по количеству запросов за прошедшие 12 месяцев</attribute>
		<attribute name="RULEGROUPID" valueType="java.lang.Long" create="true" search="true" entityID="5025492760366935000"/>
		<attribute name="DATASETID" valueType="java.lang.Long" create="true" search="true" entityID="6908140172247411000"/>
	</entity>

	<entity name="DMS_RULE" id="235968454351349980" createMethod="ruleCreate" getMethod="ruleGetListByParams" createKeyParam="RULEID" getKeyParam="RULEID" service="dmsws">
		<attribute name="SYSNAME" valueType="java.lang.String" create="true" search="true">ruleMatrixFICOScoringRiskWeight</attribute>
		<attribute name="NAME" valueType="java.lang.String" create="true">Вес_Матрица определение уровня риска по FICO fraud score</attribute>
		<attribute name="DESCRIPTION" valueType="java.lang.String" create="true">Вес_Матрица определение уровня риска по FICO fraud score</attribute>
		<attribute name="RULEGROUPID" valueType="java.lang.Long" create="true" search="true" entityID="5025492760366935000"/>
		<attribute name="DATASETID" valueType="java.lang.Long" create="true" search="true" entityID="6908140172247411000"/>
	</entity>

	<entity name="DMS_RULE" id="8757626094532810000" createMethod="ruleCreate" getMethod="ruleGetListByParams" createKeyParam="RULEID" getKeyParam="RULEID" service="dmsws">
		<attribute name="SYSNAME" valueType="java.lang.String" create="true" search="true">ruleMatrixZATOScoreRiskWeight</attribute>
		<attribute name="NAME" valueType="java.lang.String" create="true">Вес_Матрица определение уровня риска по ЗАТО</attribute>
		<attribute name="DESCRIPTION" valueType="java.lang.String" create="true">Вес_Матрица определение уровня риска по ЗАТО</attribute>
		<attribute name="RULEGROUPID" valueType="java.lang.Long" create="true" search="true" entityID="5025492760366935000"/>
		<attribute name="DATASETID" valueType="java.lang.Long" create="true" search="true" entityID="6908140172247411000"/>
	</entity>

	<entity name="DMS_RULE" id="3052007463423489500" createMethod="ruleCreate" getMethod="ruleGetListByParams" createKeyParam="RULEID" getKeyParam="RULEID" service="dmsws">
		<attribute name="SYSNAME" valueType="java.lang.String" create="true" search="true">ruleMatrixRegionScoreRiskWeight</attribute>
		<attribute name="NAME" valueType="java.lang.String" create="true">Вес_Матрица определение уровня риска по проверке регионов с высоким риском</attribute>
		<attribute name="DESCRIPTION" valueType="java.lang.String" create="true">Вес_Матрица определение уровня риска по проверке регионов с высоким риском</attribute>
		<attribute name="RULEGROUPID" valueType="java.lang.Long" create="true" search="true" entityID="5025492760366935000"/>
		<attribute name="DATASETID" valueType="java.lang.Long" create="true" search="true" entityID="6908140172247411000"/>
	</entity>

	<entity name="DMS_RULE" id="8538654596881503000" createMethod="ruleCreate" getMethod="ruleGetListByParams" createKeyParam="RULEID" getKeyParam="RULEID" service="dmsws">
		<attribute name="SYSNAME" valueType="java.lang.String" create="true" search="true">ruleMatrixNationlHunterRiskWeight</attribute>
		<attribute name="NAME" valueType="java.lang.String" create="true">Вес_Матрица определение уровня риска по проверке National Hunter</attribute>
		<attribute name="DESCRIPTION" valueType="java.lang.String" create="true">Вес_Матрица определение уровня риска по проверке National Hunter</attribute>
		<attribute name="RULEGROUPID" valueType="java.lang.Long" create="true" search="true" entityID="5025492760366935000"/>
		<attribute name="DATASETID" valueType="java.lang.Long" create="true" search="true" entityID="6908140172247411000"/>
	</entity>

	<!-- Узлы правил --> 
	<entity name="DMS_RULENODE" id="6059309740183413000" createMethod="ruleNodeCreate" getMethod="ruleNodeGetListByParams" createKeyParam="RULENODEID" getKeyParam="RULENODEID" service="dmsws">
		<attribute name="PARENTRULENODEID" valueType="java.lang.Long" create="true" search="true">0</attribute>
		<attribute name="RULEID" valueType="java.lang.Long" create="true" search="true" entityID="5095813708780941000"/>
		<attribute name="NODETYPE" valueType="java.lang.String" create="true">3</attribute>
		<attribute name="VALUEID" valueType="java.lang.Long" create="true" search="true">null</attribute>
		<attribute name="NODEVALUE" valueType="java.util.Map" create="true"><![CDATA[<?xml version="1.0" encoding="UTF-8"?><content version="1.0"><param name="VALUE" value="1" valueClass="java.lang.Integer"/><param name="VALUETYPE" value="java.lang.Integer" valueClass="java.lang.String"/></content>]]></attribute>
		<attribute name="DEFAULTVALUE" valueType="java.lang.String" create="true"></attribute>
		<attribute name="ISUSEDEFAULT" valueType="java.lang.Integer" create="true">0</attribute>
		<attribute name="ORDERNO" valueType="java.lang.Integer" create="true" search="true">272</attribute>
		<attribute name="MARK" valueType="java.lang.Integer" create="true" search="true">0</attribute>
		<attribute name="SYSNAME" valueType="java.lang.String" create="true"></attribute>
		<attribute name="NAME" valueType="java.lang.String" create="true"></attribute>
	</entity>

	<entity name="DMS_RULENODE" id="5823815946618745000" createMethod="ruleNodeCreate" getMethod="ruleNodeGetListByParams" createKeyParam="RULENODEID" getKeyParam="RULENODEID" service="dmsws">
		<attribute name="PARENTRULENODEID" valueType="java.lang.Long" create="true" search="true">0</attribute>
		<attribute name="RULEID" valueType="java.lang.Long" create="true" search="true" entityID="1049170387062030800"/>
		<attribute name="NODETYPE" valueType="java.lang.String" create="true">3</attribute>
		<attribute name="VALUEID" valueType="java.lang.Long" create="true" search="true">null</attribute>
		<attribute name="NODEVALUE" valueType="java.util.Map" create="true"><![CDATA[<?xml version="1.0" encoding="UTF-8"?><content version="1.0"><param name="VALUE" value="1" valueClass="java.lang.Integer"/><param name="VALUETYPE" value="java.lang.Integer" valueClass="java.lang.String"/></content>]]></attribute>
		<attribute name="DEFAULTVALUE" valueType="java.lang.String" create="true"></attribute>
		<attribute name="ISUSEDEFAULT" valueType="java.lang.Integer" create="true">0</attribute>
		<attribute name="ORDERNO" valueType="java.lang.Integer" create="true" search="true">273</attribute>
		<attribute name="MARK" valueType="java.lang.Integer" create="true" search="true">0</attribute>
		<attribute name="SYSNAME" valueType="java.lang.String" create="true"></attribute>
		<attribute name="NAME" valueType="java.lang.String" create="true"></attribute>
	</entity>

	<entity name="DMS_RULENODE" id="6113387143605599000" createMethod="ruleNodeCreate" getMethod="ruleNodeGetListByParams" createKeyParam="RULENODEID" getKeyParam="RULENODEID" service="dmsws">
		<attribute name="PARENTRULENODEID" valueType="java.lang.Long" create="true" search="true">0</attribute>
		<attribute name="RULEID" valueType="java.lang.Long" create="true" search="true" entityID="3891666222510716000"/>
		<attribute name="NODETYPE" valueType="java.lang.String" create="true">3</attribute>
		<attribute name="VALUEID" valueType="java.lang.Long" create="true" search="true">null</attribute>
		<attribute name="NODEVALUE" valueType="java.util.Map" create="true"><![CDATA[<?xml version="1.0" encoding="UTF-8"?><content version="1.0"><param name="VALUE" value="1" valueClass="java.lang.Integer"/><param name="VALUETYPE" value="java.lang.Integer" valueClass="java.lang.String"/></content>]]></attribute>
		<attribute name="DEFAULTVALUE" valueType="java.lang.String" create="true"></attribute>
		<attribute name="ISUSEDEFAULT" valueType="java.lang.Integer" create="true">0</attribute>
		<attribute name="ORDERNO" valueType="java.lang.Integer" create="true" search="true">274</attribute>
		<attribute name="MARK" valueType="java.lang.Integer" create="true" search="true">0</attribute>
		<attribute name="SYSNAME" valueType="java.lang.String" create="true"></attribute>
		<attribute name="NAME" valueType="java.lang.String" create="true"></attribute>
	</entity>

	<entity name="DMS_RULENODE" id="5032353003760442000" createMethod="ruleNodeCreate" getMethod="ruleNodeGetListByParams" createKeyParam="RULENODEID" getKeyParam="RULENODEID" service="dmsws">
		<attribute name="PARENTRULENODEID" valueType="java.lang.Long" create="true" search="true">0</attribute>
		<attribute name="RULEID" valueType="java.lang.Long" create="true" search="true" entityID="2756541661990914000"/>
		<attribute name="NODETYPE" valueType="java.lang.String" create="true">3</attribute>
		<attribute name="VALUEID" valueType="java.lang.Long" create="true" search="true">null</attribute>
		<attribute name="NODEVALUE" valueType="java.util.Map" create="true"><![CDATA[<?xml version="1.0" encoding="UTF-8"?><content version="1.0"><param name="VALUE" value="1" valueClass="java.lang.Integer"/><param name="VALUETYPE" value="java.lang.Integer" valueClass="java.lang.String"/></content>]]></attribute>
		<attribute name="DEFAULTVALUE" valueType="java.lang.String" create="true"></attribute>
		<attribute name="ISUSEDEFAULT" valueType="java.lang.Integer" create="true">0</attribute>
		<attribute name="ORDERNO" valueType="java.lang.Integer" create="true" search="true">275</attribute>
		<attribute name="MARK" valueType="java.lang.Integer" create="true" search="true">0</attribute>
		<attribute name="SYSNAME" valueType="java.lang.String" create="true"></attribute>
		<attribute name="NAME" valueType="java.lang.String" create="true"></attribute>
	</entity>

	<entity name="DMS_RULENODE" id="3108687232916258300" createMethod="ruleNodeCreate" getMethod="ruleNodeGetListByParams" createKeyParam="RULENODEID" getKeyParam="RULENODEID" service="dmsws">
		<attribute name="PARENTRULENODEID" valueType="java.lang.Long" create="true" search="true">0</attribute>
		<attribute name="RULEID" valueType="java.lang.Long" create="true" search="true" entityID="7412300912586154000"/>
		<attribute name="NODETYPE" valueType="java.lang.String" create="true">3</attribute>
		<attribute name="VALUEID" valueType="java.lang.Long" create="true" search="true">null</attribute>
		<attribute name="NODEVALUE" valueType="java.util.Map" create="true"><![CDATA[<?xml version="1.0" encoding="UTF-8"?><content version="1.0"><param name="VALUE" value="1" valueClass="java.lang.Integer"/><param name="VALUETYPE" value="java.lang.Integer" valueClass="java.lang.String"/></content>]]></attribute>
		<attribute name="DEFAULTVALUE" valueType="java.lang.String" create="true"></attribute>
		<attribute name="ISUSEDEFAULT" valueType="java.lang.Integer" create="true">0</attribute>
		<attribute name="ORDERNO" valueType="java.lang.Integer" create="true" search="true">276</attribute>
		<attribute name="MARK" valueType="java.lang.Integer" create="true" search="true">0</attribute>
		<attribute name="SYSNAME" valueType="java.lang.String" create="true"></attribute>
		<attribute name="NAME" valueType="java.lang.String" create="true"></attribute>
	</entity>

	<entity name="DMS_RULENODE" id="6811347543768269000" createMethod="ruleNodeCreate" getMethod="ruleNodeGetListByParams" createKeyParam="RULENODEID" getKeyParam="RULENODEID" service="dmsws">
		<attribute name="PARENTRULENODEID" valueType="java.lang.Long" create="true" search="true">0</attribute>
		<attribute name="RULEID" valueType="java.lang.Long" create="true" search="true" entityID="3595404047785457700"/>
		<attribute name="NODETYPE" valueType="java.lang.String" create="true">3</attribute>
		<attribute name="VALUEID" valueType="java.lang.Long" create="true" search="true">null</attribute>
		<attribute name="NODEVALUE" valueType="java.util.Map" create="true"><![CDATA[<?xml version="1.0" encoding="UTF-8"?><content version="1.0"><param name="VALUE" value="1" valueClass="java.lang.Integer"/><param name="VALUETYPE" value="java.lang.Integer" valueClass="java.lang.String"/></content>]]></attribute>
		<attribute name="DEFAULTVALUE" valueType="java.lang.String" create="true"></attribute>
		<attribute name="ISUSEDEFAULT" valueType="java.lang.Integer" create="true">0</attribute>
		<attribute name="ORDERNO" valueType="java.lang.Integer" create="true" search="true">277</attribute>
		<attribute name="MARK" valueType="java.lang.Integer" create="true" search="true">0</attribute>
		<attribute name="SYSNAME" valueType="java.lang.String" create="true"></attribute>
		<attribute name="NAME" valueType="java.lang.String" create="true"></attribute>
	</entity>

	<entity name="DMS_RULENODE" id="3715259960138169300" createMethod="ruleNodeCreate" getMethod="ruleNodeGetListByParams" createKeyParam="RULENODEID" getKeyParam="RULENODEID" service="dmsws">
		<attribute name="PARENTRULENODEID" valueType="java.lang.Long" create="true" search="true">0</attribute>
		<attribute name="RULEID" valueType="java.lang.Long" create="true" search="true" entityID="1011763279512807600"/>
		<attribute name="NODETYPE" valueType="java.lang.String" create="true">3</attribute>
		<attribute name="VALUEID" valueType="java.lang.Long" create="true" search="true">null</attribute>
		<attribute name="NODEVALUE" valueType="java.util.Map" create="true"><![CDATA[<?xml version="1.0" encoding="UTF-8"?><content version="1.0"><param name="VALUE" value="1" valueClass="java.lang.Integer"/><param name="VALUETYPE" value="java.lang.Integer" valueClass="java.lang.String"/></content>]]></attribute>
		<attribute name="DEFAULTVALUE" valueType="java.lang.String" create="true"></attribute>
		<attribute name="ISUSEDEFAULT" valueType="java.lang.Integer" create="true">0</attribute>
		<attribute name="ORDERNO" valueType="java.lang.Integer" create="true" search="true">278</attribute>
		<attribute name="MARK" valueType="java.lang.Integer" create="true" search="true">0</attribute>
		<attribute name="SYSNAME" valueType="java.lang.String" create="true"></attribute>
		<attribute name="NAME" valueType="java.lang.String" create="true"></attribute>
	</entity>

	<entity name="DMS_RULENODE" id="527503990369347650" createMethod="ruleNodeCreate" getMethod="ruleNodeGetListByParams" createKeyParam="RULENODEID" getKeyParam="RULENODEID" service="dmsws">
		<attribute name="PARENTRULENODEID" valueType="java.lang.Long" create="true" search="true">0</attribute>
		<attribute name="RULEID" valueType="java.lang.Long" create="true" search="true" entityID="5039803479518385000"/>
		<attribute name="NODETYPE" valueType="java.lang.String" create="true">3</attribute>
		<attribute name="VALUEID" valueType="java.lang.Long" create="true" search="true">null</attribute>
		<attribute name="NODEVALUE" valueType="java.util.Map" create="true"><![CDATA[<?xml version="1.0" encoding="UTF-8"?><content version="1.0"><param name="VALUE" value="1" valueClass="java.lang.Integer"/><param name="VALUETYPE" value="java.lang.Integer" valueClass="java.lang.String"/></content>]]></attribute>
		<attribute name="DEFAULTVALUE" valueType="java.lang.String" create="true"></attribute>
		<attribute name="ISUSEDEFAULT" valueType="java.lang.Integer" create="true">0</attribute>
		<attribute name="ORDERNO" valueType="java.lang.Integer" create="true" search="true">279</attribute>
		<attribute name="MARK" valueType="java.lang.Integer" create="true" search="true">0</attribute>
		<attribute name="SYSNAME" valueType="java.lang.String" create="true"></attribute>
		<attribute name="NAME" valueType="java.lang.String" create="true"></attribute>
	</entity>

	<entity name="DMS_RULENODE" id="5493568736739747000" createMethod="ruleNodeCreate" getMethod="ruleNodeGetListByParams" createKeyParam="RULENODEID" getKeyParam="RULENODEID" service="dmsws">
		<attribute name="PARENTRULENODEID" valueType="java.lang.Long" create="true" search="true">0</attribute>
		<attribute name="RULEID" valueType="java.lang.Long" create="true" search="true" entityID="316957626100304800"/>
		<attribute name="NODETYPE" valueType="java.lang.String" create="true">3</attribute>
		<attribute name="VALUEID" valueType="java.lang.Long" create="true" search="true">null</attribute>
		<attribute name="NODEVALUE" valueType="java.util.Map" create="true"><![CDATA[<?xml version="1.0" encoding="UTF-8"?><content version="1.0"><param name="VALUE" value="1" valueClass="java.lang.Integer"/><param name="VALUETYPE" value="java.lang.Integer" valueClass="java.lang.String"/></content>]]></attribute>
		<attribute name="DEFAULTVALUE" valueType="java.lang.String" create="true"></attribute>
		<attribute name="ISUSEDEFAULT" valueType="java.lang.Integer" create="true">0</attribute>
		<attribute name="ORDERNO" valueType="java.lang.Integer" create="true" search="true">280</attribute>
		<attribute name="MARK" valueType="java.lang.Integer" create="true" search="true">0</attribute>
		<attribute name="SYSNAME" valueType="java.lang.String" create="true"></attribute>
		<attribute name="NAME" valueType="java.lang.String" create="true"></attribute>
	</entity>

	<entity name="DMS_RULENODE" id="3085051847744458000" createMethod="ruleNodeCreate" getMethod="ruleNodeGetListByParams" createKeyParam="RULENODEID" getKeyParam="RULENODEID" service="dmsws">
		<attribute name="PARENTRULENODEID" valueType="java.lang.Long" create="true" search="true">0</attribute>
		<attribute name="RULEID" valueType="java.lang.Long" create="true" search="true" entityID="235968454351349980"/>
		<attribute name="NODETYPE" valueType="java.lang.String" create="true">3</attribute>
		<attribute name="VALUEID" valueType="java.lang.Long" create="true" search="true">null</attribute>
		<attribute name="NODEVALUE" valueType="java.util.Map" create="true"><![CDATA[<?xml version="1.0" encoding="UTF-8"?><content version="1.0"><param name="VALUE" value="8" valueClass="java.lang.Integer"/><param name="VALUETYPE" value="java.lang.Integer" valueClass="java.lang.String"/></content>]]></attribute>
		<attribute name="DEFAULTVALUE" valueType="java.lang.String" create="true"></attribute>
		<attribute name="ISUSEDEFAULT" valueType="java.lang.Integer" create="true">0</attribute>
		<attribute name="ORDERNO" valueType="java.lang.Integer" create="true" search="true">281</attribute>
		<attribute name="MARK" valueType="java.lang.Integer" create="true" search="true">0</attribute>
		<attribute name="SYSNAME" valueType="java.lang.String" create="true"></attribute>
		<attribute name="NAME" valueType="java.lang.String" create="true"></attribute>
	</entity>

	<entity name="DMS_RULENODE" id="3393202488519673300" createMethod="ruleNodeCreate" getMethod="ruleNodeGetListByParams" createKeyParam="RULENODEID" getKeyParam="RULENODEID" service="dmsws">
		<attribute name="PARENTRULENODEID" valueType="java.lang.Long" create="true" search="true">0</attribute>
		<attribute name="RULEID" valueType="java.lang.Long" create="true" search="true" entityID="8757626094532810000"/>
		<attribute name="NODETYPE" valueType="java.lang.String" create="true">3</attribute>
		<attribute name="VALUEID" valueType="java.lang.Long" create="true" search="true">null</attribute>
		<attribute name="NODEVALUE" valueType="java.util.Map" create="true"><![CDATA[<?xml version="1.0" encoding="UTF-8"?><content version="1.0"><param name="VALUE" value="1" valueClass="java.lang.Integer"/><param name="VALUETYPE" value="java.lang.Integer" valueClass="java.lang.String"/></content>]]></attribute>
		<attribute name="DEFAULTVALUE" valueType="java.lang.String" create="true"></attribute>
		<attribute name="ISUSEDEFAULT" valueType="java.lang.Integer" create="true">0</attribute>
		<attribute name="ORDERNO" valueType="java.lang.Integer" create="true" search="true">282</attribute>
		<attribute name="MARK" valueType="java.lang.Integer" create="true" search="true">0</attribute>
		<attribute name="SYSNAME" valueType="java.lang.String" create="true"></attribute>
		<attribute name="NAME" valueType="java.lang.String" create="true"></attribute>
	</entity>

	<entity name="DMS_RULENODE" id="4211158513939244000" createMethod="ruleNodeCreate" getMethod="ruleNodeGetListByParams" createKeyParam="RULENODEID" getKeyParam="RULENODEID" service="dmsws">
		<attribute name="PARENTRULENODEID" valueType="java.lang.Long" create="true" search="true">0</attribute>
		<attribute name="RULEID" valueType="java.lang.Long" create="true" search="true" entityID="3052007463423489500"/>
		<attribute name="NODETYPE" valueType="java.lang.String" create="true">3</attribute>
		<attribute name="VALUEID" valueType="java.lang.Long" create="true" search="true">null</attribute>
		<attribute name="NODEVALUE" valueType="java.util.Map" create="true"><![CDATA[<?xml version="1.0" encoding="UTF-8"?><content version="1.0"><param name="VALUE" value="0.75" valueClass="java.lang.Double"/><param name="VALUETYPE" value="java.lang.Double" valueClass="java.lang.String"/></content>]]></attribute>
		<attribute name="DEFAULTVALUE" valueType="java.lang.String" create="true"></attribute>
		<attribute name="ISUSEDEFAULT" valueType="java.lang.Integer" create="true">0</attribute>
		<attribute name="ORDERNO" valueType="java.lang.Integer" create="true" search="true">283</attribute>
		<attribute name="MARK" valueType="java.lang.Integer" create="true" search="true">0</attribute>
		<attribute name="SYSNAME" valueType="java.lang.String" create="true"></attribute>
		<attribute name="NAME" valueType="java.lang.String" create="true"></attribute>
	</entity>

	<entity name="DMS_RULENODE" id="4863969731743116000" createMethod="ruleNodeCreate" getMethod="ruleNodeGetListByParams" createKeyParam="RULENODEID" getKeyParam="RULENODEID" service="dmsws">
		<attribute name="PARENTRULENODEID" valueType="java.lang.Long" create="true" search="true">0</attribute>
		<attribute name="RULEID" valueType="java.lang.Long" create="true" search="true" entityID="8538654596881503000"/>
		<attribute name="NODETYPE" valueType="java.lang.String" create="true">3</attribute>
		<attribute name="VALUEID" valueType="java.lang.Long" create="true" search="true">null</attribute>
		<attribute name="NODEVALUE" valueType="java.util.Map" create="true"><![CDATA[<?xml version="1.0" encoding="UTF-8"?><content version="1.0"><param name="VALUE" value="1" valueClass="java.lang.Integer"/><param name="VALUETYPE" value="java.lang.Double" valueClass="java.lang.String"/></content>]]></attribute>
		<attribute name="DEFAULTVALUE" valueType="java.lang.String" create="true"></attribute>
		<attribute name="ISUSEDEFAULT" valueType="java.lang.Integer" create="true">0</attribute>
		<attribute name="ORDERNO" valueType="java.lang.Integer" create="true" search="true">284</attribute>
		<attribute name="MARK" valueType="java.lang.Integer" create="true" search="true">0</attribute>
		<attribute name="SYSNAME" valueType="java.lang.String" create="true"></attribute>
		<attribute name="NAME" valueType="java.lang.String" create="true"></attribute>
	</entity>

<!-- Группы правил --> 
	<entity name="DMS_RULEGROUP" id="827023989265207300" createMethod="ruleGroupCreate" getMethod="ruleGroupGetListByParams" createKeyParam="RULEGROUPID" getKeyParam="RULEGROUPID" service="dmsws">
		<attribute name="SYSNAME" valueType="java.lang.String" create="true" search="true">matrixToDetermineRisk</attribute>
		<attribute name="NAME" valueType="java.lang.String" create="true">Матрица для определения группы риска</attribute>
		<attribute name="DESCRIPTION" valueType="java.lang.String" create="true">Матрица для определения группы риска</attribute>
	</entity>

	<!-- Операции --> 
	<!-- Наборы данных --> 
	<entity name="DMS_DATASET" id="8356801014763292000" createMethod="ruleDatasetCreate" getMethod="ruleDatasetGetListByParams" createKeyParam="DATASETID" getKeyParam="DATASETID" service="dmsws">
		<attribute name="SYSNAME" valueType="java.lang.String" create="true" search="true">matrixToDetermineRiskParams</attribute>
		<attribute name="FULLNAME" valueType="java.lang.String" create="true">Параметры матрицы для определения группы риска</attribute>
	</entity>

	<!-- Параметры --> 
	<!-- Правила --> 
	<entity name="DMS_RULE" id="5651703802605499000" createMethod="ruleCreate" getMethod="ruleGetListByParams" createKeyParam="RULEID" getKeyParam="RULEID" service="dmsws">
		<attribute name="SYSNAME" valueType="java.lang.String" create="true" search="true">ruleProductMatrixToDetermineRisk</attribute>
		<attribute name="NAME" valueType="java.lang.String" create="true">Продуктовая матрица определения уровня риска</attribute>
		<attribute name="DESCRIPTION" valueType="java.lang.String" create="true"></attribute>
		<attribute name="RULEGROUPID" valueType="java.lang.Long" create="true" search="true" entityID="827023989265207300"/>
		<attribute name="DATASETID" valueType="java.lang.Long" create="true" search="true" entityID="8356801014763292000"/>
	</entity>

	<entity name="DMS_RULE" id="1099958515041444900" createMethod="ruleCreate" getMethod="ruleGetListByParams" createKeyParam="RULEID" getKeyParam="RULEID" service="dmsws">
		<attribute name="SYSNAME" valueType="java.lang.String" create="true" search="true">ruleMatrixIntScoringRisk</attribute>
		<attribute name="NAME" valueType="java.lang.String" create="true">Матрица определение уровня риска по внутреннему скорингу</attribute>
		<attribute name="DESCRIPTION" valueType="java.lang.String" create="true">Матрица определение уровня риска по внутреннему скорингу</attribute>
		<attribute name="RULEGROUPID" valueType="java.lang.Long" create="true" search="true" entityID="827023989265207300"/>
		<attribute name="DATASETID" valueType="java.lang.Long" create="true" search="true" entityID="8356801014763292000"/>
	</entity>

	<entity name="DMS_RULE" id="198606866047575260" createMethod="ruleCreate" getMethod="ruleGetListByParams" createKeyParam="RULEID" getKeyParam="RULEID" service="dmsws">
		<attribute name="SYSNAME" valueType="java.lang.String" create="true" search="true">ruleMatrixExtScoringRisk</attribute>
		<attribute name="NAME" valueType="java.lang.String" create="true">Матрица определение уровня риска по скорингу БКИ</attribute>
		<attribute name="DESCRIPTION" valueType="java.lang.String" create="true"></attribute>
		<attribute name="RULEGROUPID" valueType="java.lang.Long" create="true" search="true" entityID="827023989265207300"/>
		<attribute name="DATASETID" valueType="java.lang.Long" create="true" search="true" entityID="8356801014763292000"/>
	</entity>

	<entity name="DMS_RULE" id="8477275802221361000" createMethod="ruleCreate" getMethod="ruleGetListByParams" createKeyParam="RULEID" getKeyParam="RULEID" service="dmsws">
		<attribute name="SYSNAME" valueType="java.lang.String" create="true" search="true">ruleMatrixFICOScoringRisk</attribute>
		<attribute name="NAME" valueType="java.lang.String" create="true">Матрица определение уровня риска по FICO fraud score</attribute>
		<attribute name="DESCRIPTION" valueType="java.lang.String" create="true"></attribute>
		<attribute name="RULEGROUPID" valueType="java.lang.Long" create="true" search="true" entityID="827023989265207300"/>
		<attribute name="DATASETID" valueType="java.lang.Long" create="true" search="true" entityID="8356801014763292000"/>
	</entity>

	<entity name="DMS_RULE" id="5992926403171953000" createMethod="ruleCreate" getMethod="ruleGetListByParams" createKeyParam="RULEID" getKeyParam="RULEID" service="dmsws">
		<attribute name="SYSNAME" valueType="java.lang.String" create="true" search="true">ruleGeneralMatrix</attribute>
		<attribute name="NAME" valueType="java.lang.String" create="true">Матрица общих правил</attribute>
		<attribute name="DESCRIPTION" valueType="java.lang.String" create="true"></attribute>
		<attribute name="RULEGROUPID" valueType="java.lang.Long" create="true" search="true" entityID="827023989265207300"/>
		<attribute name="DATASETID" valueType="java.lang.Long" create="true" search="true" entityID="8356801014763292000"/>
	</entity>

	<!-- Узлы правил --> 
	<entity name="DMS_RULENODE" id="6286356370008325000" createMethod="ruleNodeCreate" getMethod="ruleNodeGetListByParams" createKeyParam="RULENODEID" getKeyParam="RULENODEID" service="dmsws">
		<attribute name="PARENTRULENODEID" valueType="java.lang.Long" create="true" search="true">0</attribute>
		<attribute name="RULEID" valueType="java.lang.Long" create="true" search="true" entityID="5651703802605499000"/>
		<attribute name="NODETYPE" valueType="java.lang.String" create="true">6</attribute>
		<attribute name="VALUEID" valueType="java.lang.Long" create="true" search="true">null</attribute>
		<attribute name="NODEVALUE" valueType="java.util.Map" create="true"><![CDATA[<?xml version="1.0" encoding="UTF-8"?><content version="1.0"><param name="CELLS" valueClass="java.util.ArrayList"><param name="" valueClass="ru.diasoft.utils.DefaultedHashMap"><param name="VALUE" value="4" valueClass="java.lang.String"/><param name="CONDITIONS" valueClass="java.util.ArrayList"><param name="" valueClass="ru.diasoft.utils.DefaultedHashMap"><param name="DEFAULTVALUE" value="Classic" valueClass="java.lang.String"/><param name="DATASETPARAMID" value="112021" valueClass="java.lang.String"/><param name="PARAMID" value="1" valueClass="java.lang.Integer"/><param name="PARAMSYSNAME" value="bankProductType" valueClass="java.lang.String"/><param name="ID" value="1" valueClass="java.lang.Integer"/><param name="CONDITION" value="" valueClass="java.lang.String"/><param name="TOPVALUE" value="2DOCS" valueClass="java.lang.String"/><param name="LOWVALUE" value="2DOCS" valueClass="java.lang.String"/></param></param><param name="ID" value="0" valueClass="java.lang.Integer"/></param><param name="" valueClass="ru.diasoft.utils.DefaultedHashMap"><param name="VALUE" value="5" valueClass="java.lang.String"/><param name="CONDITIONS" valueClass="java.util.ArrayList"><param name="" valueClass="ru.diasoft.utils.DefaultedHashMap"><param name="DEFAULTVALUE" value="Classic" valueClass="java.lang.String"/><param name="DATASETPARAMID" value="112021" valueClass="java.lang.String"/><param name="PARAMID" value="1" valueClass="java.lang.Integer"/><param name="PARAMSYSNAME" value="bankProductType" valueClass="java.lang.String"/><param name="ID" value="2" valueClass="java.lang.Integer"/><param name="CONDITION" value="" valueClass="java.lang.String"/><param name="TOPVALUE" value="CLASSIC" valueClass="java.lang.String"/><param name="LOWVALUE" value="CLASSIC" valueClass="java.lang.String"/></param></param><param name="ID" value="1" valueClass="java.lang.Integer"/></param></param><param name="PARAMETERS" valueClass="java.util.ArrayList"><param name="" valueClass="ru.diasoft.utils.DefaultedHashMap"><param name="DATASETPARAMID" value="112021" valueClass="java.lang.String"/><param name="DEFAULTVALUE" value="Classic" valueClass="java.lang.String"/><param name="CONDITIONS" valueClass="java.util.ArrayList"><param name="" valueClass="ru.diasoft.utils.DefaultedHashMap"><param name="DATASETPARAMID" value="112021" valueClass="java.lang.String"/><param name="DEFAULTVALUE" value="Classic" valueClass="java.lang.String"/><param name="PARAMID" value="1" valueClass="java.lang.Integer"/><param name="CONDITION" value="" valueClass="java.lang.String"/><param name="ID" value="1" valueClass="java.lang.Integer"/><param name="PARAMSYSNAME" value="bankProductType" valueClass="java.lang.String"/><param name="TOPVALUE" value="2DOCS" valueClass="java.lang.String"/><param name="LOWVALUE" value="2DOCS" valueClass="java.lang.String"/></param><param name="" valueClass="ru.diasoft.utils.DefaultedHashMap"><param name="DATASETPARAMID" value="112021" valueClass="java.lang.String"/><param name="DEFAULTVALUE" value="Classic" valueClass="java.lang.String"/><param name="PARAMID" value="1" valueClass="java.lang.Integer"/><param name="CONDITION" value="" valueClass="java.lang.String"/><param name="ID" value="2" valueClass="java.lang.Integer"/><param name="PARAMSYSNAME" value="bankProductType" valueClass="java.lang.String"/><param name="TOPVALUE" value="CLASSIC" valueClass="java.lang.String"/><param name="LOWVALUE" value="CLASSIC" valueClass="java.lang.String"/></param></param><param name="ID" value="1" valueClass="java.lang.Integer"/><param name="PARAMSYSNAME" value="bankProductType" valueClass="java.lang.String"/></param></param><param name="VALUETYPE" value="java.lang.Integer" valueClass="java.lang.String"/></content>]]></attribute>
		<attribute name="DEFAULTVALUE" valueType="java.lang.String" create="true"></attribute>
		<attribute name="ISUSEDEFAULT" valueType="java.lang.Integer" create="true">0</attribute>
		<attribute name="ORDERNO" valueType="java.lang.Integer" create="true" search="true">263</attribute>
		<attribute name="MARK" valueType="java.lang.Integer" create="true" search="true"></attribute>
		<attribute name="SYSNAME" valueType="java.lang.String" create="true"></attribute>
		<attribute name="NAME" valueType="java.lang.String" create="true"></attribute>
	</entity>

	<entity name="DMS_RULENODE" id="933218613094356400" createMethod="ruleNodeCreate" getMethod="ruleNodeGetListByParams" createKeyParam="RULENODEID" getKeyParam="RULENODEID" service="dmsws">
		<attribute name="PARENTRULENODEID" valueType="java.lang.Long" create="true" search="true">0</attribute>
		<attribute name="RULEID" valueType="java.lang.Long" create="true" search="true" entityID="1099958515041444900"/>
		<attribute name="NODETYPE" valueType="java.lang.String" create="true">6</attribute>
		<attribute name="VALUEID" valueType="java.lang.Long" create="true" search="true">null</attribute>
		<attribute name="NODEVALUE" valueType="java.util.Map" create="true"><![CDATA[<?xml version="1.0" encoding="UTF-8"?><content version="1.0"><param name="CELLS" valueClass="java.util.ArrayList"><param name="" valueClass="ru.diasoft.utils.DefaultedHashMap"><param name="VALUE" value="5" valueClass="java.lang.String"/><param name="CONDITIONS" valueClass="java.util.ArrayList"><param name="" valueClass="ru.diasoft.utils.DefaultedHashMap"><param name="DEFAULTVALUE" value="" valueClass="java.lang.String"/><param name="DATASETPARAMID" value="11016" valueClass="java.lang.String"/><param name="PARAMID" value="1" valueClass="java.lang.Integer"/><param name="PARAMSYSNAME" value="scoringNumber" valueClass="java.lang.String"/><param name="ID" value="1" valueClass="java.lang.Integer"/><param name="CONDITION" value="" valueClass="java.lang.String"/><param name="TOPVALUE" value="" valueClass="java.lang.String"/><param name="LOWVALUE" value="1041" valueClass="java.lang.String"/></param></param><param name="ID" value="0" valueClass="java.lang.Integer"/></param><param name="" valueClass="ru.diasoft.utils.DefaultedHashMap"><param name="VALUE" value="4" valueClass="java.lang.String"/><param name="CONDITIONS" valueClass="java.util.ArrayList"><param name="" valueClass="ru.diasoft.utils.DefaultedHashMap"><param name="DEFAULTVALUE" value="" valueClass="java.lang.String"/><param name="DATASETPARAMID" value="11016" valueClass="java.lang.String"/><param name="PARAMID" value="1" valueClass="java.lang.Integer"/><param name="PARAMSYSNAME" value="scoringNumber" valueClass="java.lang.String"/><param name="ID" value="2" valueClass="java.lang.Integer"/><param name="CONDITION" value="" valueClass="java.lang.String"/><param name="TOPVALUE" value="1041" valueClass="java.lang.String"/><param name="LOWVALUE" value="977" valueClass="java.lang.String"/></param></param><param name="ID" value="1" valueClass="java.lang.Integer"/></param><param name="" valueClass="ru.diasoft.utils.DefaultedHashMap"><param name="VALUE" value="3" valueClass="java.lang.String"/><param name="CONDITIONS" valueClass="java.util.ArrayList"><param name="" valueClass="ru.diasoft.utils.DefaultedHashMap"><param name="DEFAULTVALUE" value="" valueClass="java.lang.String"/><param name="DATASETPARAMID" value="11016" valueClass="java.lang.String"/><param name="PARAMID" value="1" valueClass="java.lang.Integer"/><param name="PARAMSYSNAME" value="scoringNumber" valueClass="java.lang.String"/><param name="ID" value="3" valueClass="java.lang.Integer"/><param name="CONDITION" value="" valueClass="java.lang.String"/><param name="TOPVALUE" value="977" valueClass="java.lang.String"/><param name="LOWVALUE" value="900" valueClass="java.lang.String"/></param></param><param name="ID" value="2" valueClass="java.lang.Integer"/></param><param name="" valueClass="ru.diasoft.utils.DefaultedHashMap"><param name="VALUE" value="2" valueClass="java.lang.String"/><param name="CONDITIONS" valueClass="java.util.ArrayList"><param name="" valueClass="ru.diasoft.utils.DefaultedHashMap"><param name="DEFAULTVALUE" value="" valueClass="java.lang.String"/><param name="DATASETPARAMID" value="11016" valueClass="java.lang.String"/><param name="PARAMID" value="1" valueClass="java.lang.Integer"/><param name="PARAMSYSNAME" value="scoringNumber" valueClass="java.lang.String"/><param name="ID" value="4" valueClass="java.lang.Integer"/><param name="CONDITION" value="" valueClass="java.lang.String"/><param name="TOPVALUE" value="900" valueClass="java.lang.String"/><param name="LOWVALUE" value="827" valueClass="java.lang.String"/></param></param><param name="ID" value="3" valueClass="java.lang.Integer"/></param><param name="" valueClass="ru.diasoft.utils.DefaultedHashMap"><param name="VALUE" value="1" valueClass="java.lang.String"/><param name="CONDITIONS" valueClass="java.util.ArrayList"><param name="" valueClass="ru.diasoft.utils.DefaultedHashMap"><param name="DEFAULTVALUE" value="" valueClass="java.lang.String"/><param name="DATASETPARAMID" value="11016" valueClass="java.lang.String"/><param name="PARAMID" value="1" valueClass="java.lang.Integer"/><param name="PARAMSYSNAME" value="scoringNumber" valueClass="java.lang.String"/><param name="ID" value="5" valueClass="java.lang.Integer"/><param name="CONDITION" value="" valueClass="java.lang.String"/><param name="TOPVALUE" value="827" valueClass="java.lang.String"/><param name="LOWVALUE" value="" valueClass="java.lang.String"/></param></param><param name="ID" value="4" valueClass="java.lang.Integer"/></param></param><param name="PARAMETERS" valueClass="java.util.ArrayList"><param name="" valueClass="ru.diasoft.utils.DefaultedHashMap"><param name="DATASETPARAMID" value="11016" valueClass="java.lang.String"/><param name="DEFAULTVALUE" value="" valueClass="java.lang.String"/><param name="CONDITIONS" valueClass="java.util.ArrayList"><param name="" valueClass="ru.diasoft.utils.DefaultedHashMap"><param name="DATASETPARAMID" value="11016" valueClass="java.lang.String"/><param name="DEFAULTVALUE" value="" valueClass="java.lang.String"/><param name="PARAMID" value="1" valueClass="java.lang.Integer"/><param name="CONDITION" value="" valueClass="java.lang.String"/><param name="ID" value="1" valueClass="java.lang.Integer"/><param name="PARAMSYSNAME" value="scoringNumber" valueClass="java.lang.String"/><param name="TOPVALUE" value="" valueClass="java.lang.String"/><param name="LOWVALUE" value="1041" valueClass="java.lang.String"/></param><param name="" valueClass="ru.diasoft.utils.DefaultedHashMap"><param name="DATASETPARAMID" value="11016" valueClass="java.lang.String"/><param name="DEFAULTVALUE" value="" valueClass="java.lang.String"/><param name="PARAMID" value="1" valueClass="java.lang.Integer"/><param name="CONDITION" value="" valueClass="java.lang.String"/><param name="ID" value="2" valueClass="java.lang.Integer"/><param name="PARAMSYSNAME" value="scoringNumber" valueClass="java.lang.String"/><param name="TOPVALUE" value="1041" valueClass="java.lang.String"/><param name="LOWVALUE" value="977" valueClass="java.lang.String"/></param><param name="" valueClass="ru.diasoft.utils.DefaultedHashMap"><param name="DATASETPARAMID" value="11016" valueClass="java.lang.String"/><param name="DEFAULTVALUE" value="" valueClass="java.lang.String"/><param name="PARAMID" value="1" valueClass="java.lang.Integer"/><param name="CONDITION" value="" valueClass="java.lang.String"/><param name="ID" value="3" valueClass="java.lang.Integer"/><param name="PARAMSYSNAME" value="scoringNumber" valueClass="java.lang.String"/><param name="TOPVALUE" value="977" valueClass="java.lang.String"/><param name="LOWVALUE" value="900" valueClass="java.lang.String"/></param><param name="" valueClass="ru.diasoft.utils.DefaultedHashMap"><param name="DATASETPARAMID" value="11016" valueClass="java.lang.String"/><param name="DEFAULTVALUE" value="" valueClass="java.lang.String"/><param name="PARAMID" value="1" valueClass="java.lang.Integer"/><param name="CONDITION" value="" valueClass="java.lang.String"/><param name="ID" value="4" valueClass="java.lang.Integer"/><param name="PARAMSYSNAME" value="scoringNumber" valueClass="java.lang.String"/><param name="TOPVALUE" value="900" valueClass="java.lang.String"/><param name="LOWVALUE" value="827" valueClass="java.lang.String"/></param><param name="" valueClass="ru.diasoft.utils.DefaultedHashMap"><param name="DATASETPARAMID" value="11016" valueClass="java.lang.String"/><param name="DEFAULTVALUE" value="" valueClass="java.lang.String"/><param name="PARAMID" value="1" valueClass="java.lang.Integer"/><param name="CONDITION" value="" valueClass="java.lang.String"/><param name="ID" value="5" valueClass="java.lang.Integer"/><param name="PARAMSYSNAME" value="scoringNumber" valueClass="java.lang.String"/><param name="TOPVALUE" value="827" valueClass="java.lang.String"/><param name="LOWVALUE" value="" valueClass="java.lang.String"/></param></param><param name="ID" value="1" valueClass="java.lang.Integer"/><param name="PARAMSYSNAME" value="scoringNumber" valueClass="java.lang.String"/></param></param><param name="VALUETYPE" value="java.lang.Integer" valueClass="java.lang.String"/></content>]]></attribute>
		<attribute name="DEFAULTVALUE" valueType="java.lang.String" create="true"></attribute>
		<attribute name="ISUSEDEFAULT" valueType="java.lang.Integer" create="true">0</attribute>
		<attribute name="ORDERNO" valueType="java.lang.Integer" create="true" search="true">267</attribute>
		<attribute name="MARK" valueType="java.lang.Integer" create="true" search="true"></attribute>
		<attribute name="SYSNAME" valueType="java.lang.String" create="true"></attribute>
		<attribute name="NAME" valueType="java.lang.String" create="true"></attribute>
	</entity>

	<entity name="DMS_RULENODE" id="9155284606918580000" createMethod="ruleNodeCreate" getMethod="ruleNodeGetListByParams" createKeyParam="RULENODEID" getKeyParam="RULENODEID" service="dmsws">
		<attribute name="PARENTRULENODEID" valueType="java.lang.Long" create="true" search="true">0</attribute>
		<attribute name="RULEID" valueType="java.lang.Long" create="true" search="true" entityID="198606866047575260"/>
		<attribute name="NODETYPE" valueType="java.lang.String" create="true">6</attribute>
		<attribute name="VALUEID" valueType="java.lang.Long" create="true" search="true">null</attribute>
		<attribute name="NODEVALUE" valueType="java.util.Map" create="true"><![CDATA[<?xml version="1.0" encoding="UTF-8"?><content version="1.0"><param name="CELLS" valueClass="java.util.ArrayList"><param name="" valueClass="ru.diasoft.utils.DefaultedHashMap"><param name="VALUE" value="5" valueClass="java.lang.String"/><param name="CONDITIONS" valueClass="java.util.ArrayList"><param name="" valueClass="ru.diasoft.utils.DefaultedHashMap"><param name="DEFAULTVALUE" value="" valueClass="java.lang.String"/><param name="DATASETPARAMID" value="11016" valueClass="java.lang.String"/><param name="PARAMID" value="1" valueClass="java.lang.Integer"/><param name="PARAMSYSNAME" value="scoringNumber" valueClass="java.lang.String"/><param name="ID" value="1" valueClass="java.lang.Integer"/><param name="CONDITION" value="" valueClass="java.lang.String"/><param name="TOPVALUE" value="" valueClass="java.lang.String"/><param name="LOWVALUE" value="999" valueClass="java.lang.String"/></param></param><param name="ID" value="0" valueClass="java.lang.Integer"/></param><param name="" valueClass="ru.diasoft.utils.DefaultedHashMap"><param name="VALUE" value="4" valueClass="java.lang.String"/><param name="CONDITIONS" valueClass="java.util.ArrayList"><param name="" valueClass="ru.diasoft.utils.DefaultedHashMap"><param name="DEFAULTVALUE" value="" valueClass="java.lang.String"/><param name="DATASETPARAMID" value="11016" valueClass="java.lang.String"/><param name="PARAMID" value="1" valueClass="java.lang.Integer"/><param name="PARAMSYSNAME" value="scoringNumber" valueClass="java.lang.String"/><param name="ID" value="2" valueClass="java.lang.Integer"/><param name="CONDITION" value="" valueClass="java.lang.String"/><param name="TOPVALUE" value="999" valueClass="java.lang.String"/><param name="LOWVALUE" value="880" valueClass="java.lang.String"/></param></param><param name="ID" value="1" valueClass="java.lang.Integer"/></param><param name="" valueClass="ru.diasoft.utils.DefaultedHashMap"><param name="VALUE" value="3" valueClass="java.lang.String"/><param name="CONDITIONS" valueClass="java.util.ArrayList"><param name="" valueClass="ru.diasoft.utils.DefaultedHashMap"><param name="DEFAULTVALUE" value="" valueClass="java.lang.String"/><param name="DATASETPARAMID" value="11016" valueClass="java.lang.String"/><param name="PARAMID" value="1" valueClass="java.lang.Integer"/><param name="PARAMSYSNAME" value="scoringNumber" valueClass="java.lang.String"/><param name="ID" value="3" valueClass="java.lang.Integer"/><param name="CONDITION" value="" valueClass="java.lang.String"/><param name="TOPVALUE" value="880" valueClass="java.lang.String"/><param name="LOWVALUE" value="721" valueClass="java.lang.String"/></param></param><param name="ID" value="2" valueClass="java.lang.Integer"/></param><param name="" valueClass="ru.diasoft.utils.DefaultedHashMap"><param name="VALUE" value="2" valueClass="java.lang.String"/><param name="CONDITIONS" valueClass="java.util.ArrayList"><param name="" valueClass="ru.diasoft.utils.DefaultedHashMap"><param name="DEFAULTVALUE" value="" valueClass="java.lang.String"/><param name="DATASETPARAMID" value="11016" valueClass="java.lang.String"/><param name="PARAMID" value="1" valueClass="java.lang.Integer"/><param name="PARAMSYSNAME" value="scoringNumber" valueClass="java.lang.String"/><param name="ID" value="4" valueClass="java.lang.Integer"/><param name="CONDITION" value="" valueClass="java.lang.String"/><param name="TOPVALUE" value="720" valueClass="java.lang.String"/><param name="LOWVALUE" value="620" valueClass="java.lang.String"/></param></param><param name="ID" value="3" valueClass="java.lang.Integer"/></param><param name="" valueClass="ru.diasoft.utils.DefaultedHashMap"><param name="VALUE" value="1" valueClass="java.lang.String"/><param name="CONDITIONS" valueClass="java.util.ArrayList"><param name="" valueClass="ru.diasoft.utils.DefaultedHashMap"><param name="DEFAULTVALUE" value="" valueClass="java.lang.String"/><param name="DATASETPARAMID" value="11016" valueClass="java.lang.String"/><param name="PARAMID" value="1" valueClass="java.lang.Integer"/><param name="PARAMSYSNAME" value="scoringNumber" valueClass="java.lang.String"/><param name="ID" value="5" valueClass="java.lang.Integer"/><param name="CONDITION" value="" valueClass="java.lang.String"/><param name="TOPVALUE" value="620" valueClass="java.lang.String"/><param name="LOWVALUE" value="" valueClass="java.lang.String"/></param></param><param name="ID" value="4" valueClass="java.lang.Integer"/></param></param><param name="PARAMETERS" valueClass="java.util.ArrayList"><param name="" valueClass="ru.diasoft.utils.DefaultedHashMap"><param name="DATASETPARAMID" value="11016" valueClass="java.lang.String"/><param name="DEFAULTVALUE" value="" valueClass="java.lang.String"/><param name="CONDITIONS" valueClass="java.util.ArrayList"><param name="" valueClass="ru.diasoft.utils.DefaultedHashMap"><param name="DATASETPARAMID" value="11016" valueClass="java.lang.String"/><param name="DEFAULTVALUE" value="" valueClass="java.lang.String"/><param name="PARAMID" value="1" valueClass="java.lang.Integer"/><param name="CONDITION" value="" valueClass="java.lang.String"/><param name="ID" value="1" valueClass="java.lang.Integer"/><param name="PARAMSYSNAME" value="scoringNumber" valueClass="java.lang.String"/><param name="TOPVALUE" value="" valueClass="java.lang.String"/><param name="LOWVALUE" value="999" valueClass="java.lang.String"/></param><param name="" valueClass="ru.diasoft.utils.DefaultedHashMap"><param name="DATASETPARAMID" value="11016" valueClass="java.lang.String"/><param name="DEFAULTVALUE" value="" valueClass="java.lang.String"/><param name="PARAMID" value="1" valueClass="java.lang.Integer"/><param name="CONDITION" value="" valueClass="java.lang.String"/><param name="ID" value="2" valueClass="java.lang.Integer"/><param name="PARAMSYSNAME" value="scoringNumber" valueClass="java.lang.String"/><param name="TOPVALUE" value="999" valueClass="java.lang.String"/><param name="LOWVALUE" value="880" valueClass="java.lang.String"/></param><param name="" valueClass="ru.diasoft.utils.DefaultedHashMap"><param name="DATASETPARAMID" value="11016" valueClass="java.lang.String"/><param name="DEFAULTVALUE" value="" valueClass="java.lang.String"/><param name="PARAMID" value="1" valueClass="java.lang.Integer"/><param name="CONDITION" value="" valueClass="java.lang.String"/><param name="ID" value="3" valueClass="java.lang.Integer"/><param name="PARAMSYSNAME" value="scoringNumber" valueClass="java.lang.String"/><param name="TOPVALUE" value="880" valueClass="java.lang.String"/><param name="LOWVALUE" value="721" valueClass="java.lang.String"/></param><param name="" valueClass="ru.diasoft.utils.DefaultedHashMap"><param name="DATASETPARAMID" value="11016" valueClass="java.lang.String"/><param name="DEFAULTVALUE" value="" valueClass="java.lang.String"/><param name="PARAMID" value="1" valueClass="java.lang.Integer"/><param name="CONDITION" value="" valueClass="java.lang.String"/><param name="ID" value="4" valueClass="java.lang.Integer"/><param name="PARAMSYSNAME" value="scoringNumber" valueClass="java.lang.String"/><param name="TOPVALUE" value="720" valueClass="java.lang.String"/><param name="LOWVALUE" value="620" valueClass="java.lang.String"/></param><param name="" valueClass="ru.diasoft.utils.DefaultedHashMap"><param name="DATASETPARAMID" value="11016" valueClass="java.lang.String"/><param name="DEFAULTVALUE" value="" valueClass="java.lang.String"/><param name="PARAMID" value="1" valueClass="java.lang.Integer"/><param name="CONDITION" value="" valueClass="java.lang.String"/><param name="ID" value="5" valueClass="java.lang.Integer"/><param name="PARAMSYSNAME" value="scoringNumber" valueClass="java.lang.String"/><param name="TOPVALUE" value="620" valueClass="java.lang.String"/><param name="LOWVALUE" value="" valueClass="java.lang.String"/></param></param><param name="ID" value="1" valueClass="java.lang.Integer"/><param name="PARAMSYSNAME" value="scoringNumber" valueClass="java.lang.String"/></param></param><param name="VALUETYPE" value="java.lang.Integer" valueClass="java.lang.String"/></content>]]></attribute>
		<attribute name="DEFAULTVALUE" valueType="java.lang.String" create="true"></attribute>
		<attribute name="ISUSEDEFAULT" valueType="java.lang.Integer" create="true">0</attribute>
		<attribute name="ORDERNO" valueType="java.lang.Integer" create="true" search="true">268</attribute>
		<attribute name="MARK" valueType="java.lang.Integer" create="true" search="true"></attribute>
		<attribute name="SYSNAME" valueType="java.lang.String" create="true"></attribute>
		<attribute name="NAME" valueType="java.lang.String" create="true"></attribute>
	</entity>

	<entity name="DMS_RULENODE" id="3779437621259544600" createMethod="ruleNodeCreate" getMethod="ruleNodeGetListByParams" createKeyParam="RULENODEID" getKeyParam="RULENODEID" service="dmsws">
		<attribute name="PARENTRULENODEID" valueType="java.lang.Long" create="true" search="true">0</attribute>
		<attribute name="RULEID" valueType="java.lang.Long" create="true" search="true" entityID="8477275802221361000"/>
		<attribute name="NODETYPE" valueType="java.lang.String" create="true">6</attribute>
		<attribute name="VALUEID" valueType="java.lang.Long" create="true" search="true">null</attribute>
		<attribute name="NODEVALUE" valueType="java.util.Map" create="true"><![CDATA[<?xml version="1.0" encoding="UTF-8"?><content version="1.0"><param name="CELLS" valueClass="java.util.ArrayList"><param name="" valueClass="ru.diasoft.utils.DefaultedHashMap"><param name="VALUE" value="5" valueClass="java.lang.String"/><param name="CONDITIONS" valueClass="java.util.ArrayList"><param name="" valueClass="ru.diasoft.utils.DefaultedHashMap"><param name="DEFAULTVALUE" value="" valueClass="java.lang.String"/><param name="DATASETPARAMID" value="11016" valueClass="java.lang.String"/><param name="PARAMID" value="1" valueClass="java.lang.Integer"/><param name="PARAMSYSNAME" value="scoringNumber" valueClass="java.lang.String"/><param name="ID" value="1" valueClass="java.lang.Integer"/><param name="CONDITION" value="" valueClass="java.lang.String"/><param name="TOPVALUE" value="" valueClass="java.lang.String"/><param name="LOWVALUE" value="1000" valueClass="java.lang.String"/></param></param><param name="ID" value="0" valueClass="java.lang.Integer"/></param><param name="" valueClass="ru.diasoft.utils.DefaultedHashMap"><param name="VALUE" value="4" valueClass="java.lang.String"/><param name="CONDITIONS" valueClass="java.util.ArrayList"><param name="" valueClass="ru.diasoft.utils.DefaultedHashMap"><param name="DEFAULTVALUE" value="" valueClass="java.lang.String"/><param name="DATASETPARAMID" value="11016" valueClass="java.lang.String"/><param name="PARAMID" value="1" valueClass="java.lang.Integer"/><param name="PARAMSYSNAME" value="scoringNumber" valueClass="java.lang.String"/><param name="ID" value="2" valueClass="java.lang.Integer"/><param name="CONDITION" value="" valueClass="java.lang.String"/><param name="TOPVALUE" value="999" valueClass="java.lang.String"/><param name="LOWVALUE" value="880" valueClass="java.lang.String"/></param></param><param name="ID" value="1" valueClass="java.lang.Integer"/></param><param name="" valueClass="ru.diasoft.utils.DefaultedHashMap"><param name="VALUE" value="3" valueClass="java.lang.String"/><param name="CONDITIONS" valueClass="java.util.ArrayList"><param name="" valueClass="ru.diasoft.utils.DefaultedHashMap"><param name="DEFAULTVALUE" value="" valueClass="java.lang.String"/><param name="DATASETPARAMID" value="11016" valueClass="java.lang.String"/><param name="PARAMID" value="1" valueClass="java.lang.Integer"/><param name="PARAMSYSNAME" value="scoringNumber" valueClass="java.lang.String"/><param name="ID" value="3" valueClass="java.lang.Integer"/><param name="CONDITION" value="" valueClass="java.lang.String"/><param name="TOPVALUE" value="879" valueClass="java.lang.String"/><param name="LOWVALUE" value="720" valueClass="java.lang.String"/></param></param><param name="ID" value="2" valueClass="java.lang.Integer"/></param><param name="" valueClass="ru.diasoft.utils.DefaultedHashMap"><param name="VALUE" value="2" valueClass="java.lang.String"/><param name="CONDITIONS" valueClass="java.util.ArrayList"><param name="" valueClass="ru.diasoft.utils.DefaultedHashMap"><param name="DEFAULTVALUE" value="" valueClass="java.lang.String"/><param name="DATASETPARAMID" value="11016" valueClass="java.lang.String"/><param name="PARAMID" value="1" valueClass="java.lang.Integer"/><param name="PARAMSYSNAME" value="scoringNumber" valueClass="java.lang.String"/><param name="ID" value="4" valueClass="java.lang.Integer"/><param name="CONDITION" value="" valueClass="java.lang.String"/><param name="TOPVALUE" value="719" valueClass="java.lang.String"/><param name="LOWVALUE" value="620" valueClass="java.lang.String"/></param></param><param name="ID" value="3" valueClass="java.lang.Integer"/></param><param name="" valueClass="ru.diasoft.utils.DefaultedHashMap"><param name="VALUE" value="1" valueClass="java.lang.String"/><param name="CONDITIONS" valueClass="java.util.ArrayList"><param name="" valueClass="ru.diasoft.utils.DefaultedHashMap"><param name="DEFAULTVALUE" value="" valueClass="java.lang.String"/><param name="DATASETPARAMID" value="11016" valueClass="java.lang.String"/><param name="PARAMID" value="1" valueClass="java.lang.Integer"/><param name="PARAMSYSNAME" value="scoringNumber" valueClass="java.lang.String"/><param name="ID" value="5" valueClass="java.lang.Integer"/><param name="CONDITION" value="" valueClass="java.lang.String"/><param name="TOPVALUE" value="620" valueClass="java.lang.String"/><param name="LOWVALUE" value="" valueClass="java.lang.String"/></param></param><param name="ID" value="4" valueClass="java.lang.Integer"/></param></param><param name="PARAMETERS" valueClass="java.util.ArrayList"><param name="" valueClass="ru.diasoft.utils.DefaultedHashMap"><param name="DATASETPARAMID" value="11016" valueClass="java.lang.String"/><param name="DEFAULTVALUE" value="" valueClass="java.lang.String"/><param name="CONDITIONS" valueClass="java.util.ArrayList"><param name="" valueClass="ru.diasoft.utils.DefaultedHashMap"><param name="DATASETPARAMID" value="11016" valueClass="java.lang.String"/><param name="DEFAULTVALUE" value="" valueClass="java.lang.String"/><param name="PARAMID" value="1" valueClass="java.lang.Integer"/><param name="CONDITION" value="" valueClass="java.lang.String"/><param name="ID" value="1" valueClass="java.lang.Integer"/><param name="PARAMSYSNAME" value="scoringNumber" valueClass="java.lang.String"/><param name="TOPVALUE" value="" valueClass="java.lang.String"/><param name="LOWVALUE" value="1000" valueClass="java.lang.String"/></param><param name="" valueClass="ru.diasoft.utils.DefaultedHashMap"><param name="DATASETPARAMID" value="11016" valueClass="java.lang.String"/><param name="DEFAULTVALUE" value="" valueClass="java.lang.String"/><param name="PARAMID" value="1" valueClass="java.lang.Integer"/><param name="CONDITION" value="" valueClass="java.lang.String"/><param name="ID" value="2" valueClass="java.lang.Integer"/><param name="PARAMSYSNAME" value="scoringNumber" valueClass="java.lang.String"/><param name="TOPVALUE" value="999" valueClass="java.lang.String"/><param name="LOWVALUE" value="880" valueClass="java.lang.String"/></param><param name="" valueClass="ru.diasoft.utils.DefaultedHashMap"><param name="DATASETPARAMID" value="11016" valueClass="java.lang.String"/><param name="DEFAULTVALUE" value="" valueClass="java.lang.String"/><param name="PARAMID" value="1" valueClass="java.lang.Integer"/><param name="CONDITION" value="" valueClass="java.lang.String"/><param name="ID" value="3" valueClass="java.lang.Integer"/><param name="PARAMSYSNAME" value="scoringNumber" valueClass="java.lang.String"/><param name="TOPVALUE" value="879" valueClass="java.lang.String"/><param name="LOWVALUE" value="720" valueClass="java.lang.String"/></param><param name="" valueClass="ru.diasoft.utils.DefaultedHashMap"><param name="DATASETPARAMID" value="11016" valueClass="java.lang.String"/><param name="DEFAULTVALUE" value="" valueClass="java.lang.String"/><param name="PARAMID" value="1" valueClass="java.lang.Integer"/><param name="CONDITION" value="" valueClass="java.lang.String"/><param name="ID" value="4" valueClass="java.lang.Integer"/><param name="PARAMSYSNAME" value="scoringNumber" valueClass="java.lang.String"/><param name="TOPVALUE" value="719" valueClass="java.lang.String"/><param name="LOWVALUE" value="620" valueClass="java.lang.String"/></param><param name="" valueClass="ru.diasoft.utils.DefaultedHashMap"><param name="DATASETPARAMID" value="11016" valueClass="java.lang.String"/><param name="DEFAULTVALUE" value="" valueClass="java.lang.String"/><param name="PARAMID" value="1" valueClass="java.lang.Integer"/><param name="CONDITION" value="" valueClass="java.lang.String"/><param name="ID" value="5" valueClass="java.lang.Integer"/><param name="PARAMSYSNAME" value="scoringNumber" valueClass="java.lang.String"/><param name="TOPVALUE" value="620" valueClass="java.lang.String"/><param name="LOWVALUE" value="" valueClass="java.lang.String"/></param></param><param name="ID" value="1" valueClass="java.lang.Integer"/><param name="PARAMSYSNAME" value="scoringNumber" valueClass="java.lang.String"/></param></param><param name="VALUETYPE" value="java.lang.Integer" valueClass="java.lang.String"/></content>]]></attribute>
		<attribute name="DEFAULTVALUE" valueType="java.lang.String" create="true"></attribute>
		<attribute name="ISUSEDEFAULT" valueType="java.lang.Integer" create="true">0</attribute>
		<attribute name="ORDERNO" valueType="java.lang.Integer" create="true" search="true">271</attribute>
		<attribute name="MARK" valueType="java.lang.Integer" create="true" search="true"></attribute>
		<attribute name="SYSNAME" valueType="java.lang.String" create="true"></attribute>
		<attribute name="NAME" valueType="java.lang.String" create="true"></attribute>
	</entity>

	<entity name="DMS_RULENODE" id="611968801194795100" createMethod="ruleNodeCreate" getMethod="ruleNodeGetListByParams" createKeyParam="RULENODEID" getKeyParam="RULENODEID" service="dmsws">
		<attribute name="PARENTRULENODEID" valueType="java.lang.Long" create="true" search="true">0</attribute>
		<attribute name="RULEID" valueType="java.lang.Long" create="true" search="true" entityID="5992926403171953000"/>
		<attribute name="NODETYPE" valueType="java.lang.String" create="true">6</attribute>
		<attribute name="VALUEID" valueType="java.lang.Long" create="true" search="true">null</attribute>
		<attribute name="NODEVALUE" valueType="java.util.Map" create="true"><![CDATA[<?xml version="1.0" encoding="UTF-8"?><content version="1.0"><param name="CELLS" valueClass="java.util.ArrayList"><param name="" valueClass="ru.diasoft.utils.DefaultedHashMap"><param name="VALUE" value="3" valueClass="java.lang.String"/><param name="CONDITIONS" valueClass="java.util.ArrayList"><param name="" valueClass="ru.diasoft.utils.DefaultedHashMap"><param name="DEFAULTVALUE" value="" valueClass="java.lang.String"/><param name="DATASETPARAMID" value="11014" valueClass="java.lang.String"/><param name="PARAMID" value="1" valueClass="java.lang.Integer"/><param name="PARAMSYSNAME" value="firstPaymentPercent" valueClass="java.lang.String"/><param name="ID" value="1" valueClass="java.lang.Integer"/><param name="CONDITION" value="" valueClass="java.lang.String"/><param name="TOPVALUE" value="99" valueClass="java.lang.String"/><param name="LOWVALUE" value="-1" valueClass="java.lang.String"/></param><param name="" valueClass="ru.diasoft.utils.DefaultedHashMap"><param name="DEFAULTVALUE" value="" valueClass="java.lang.String"/><param name="DATASETPARAMID" value="112028" valueClass="java.lang.String"/><param name="PARAMID" value="2" valueClass="java.lang.Integer"/><param name="PARAMSYSNAME" value="maxRiskLevelScoreChecks" valueClass="java.lang.String"/><param name="ID" value="1" valueClass="java.lang.Integer"/><param name="CONDITION" value="" valueClass="java.lang.String"/><param name="TOPVALUE" value="5" valueClass="java.lang.String"/><param name="LOWVALUE" value="-1" valueClass="java.lang.String"/></param><param name="" valueClass="ru.diasoft.utils.DefaultedHashMap"><param name="DEFAULTVALUE" value="" valueClass="java.lang.String"/><param name="DATASETPARAMID" value="112029" valueClass="java.lang.String"/><param name="PARAMID" value="3" valueClass="java.lang.Integer"/><param name="PARAMSYSNAME" value="maxRiskLevelScoreChecksWithWeight" valueClass="java.lang.String"/><param name="ID" value="1" valueClass="java.lang.Integer"/><param name="CONDITION" value="" valueClass="java.lang.String"/><param name="TOPVALUE" value="50" valueClass="java.lang.String"/><param name="LOWVALUE" value="-1" valueClass="java.lang.String"/></param><param name="" valueClass="ru.diasoft.utils.DefaultedHashMap"><param name="DEFAULTVALUE" value="" valueClass="java.lang.String"/><param name="DATASETPARAMID" value="112030" valueClass="java.lang.String"/><param name="PARAMID" value="4" valueClass="java.lang.Integer"/><param name="PARAMSYSNAME" value="minRiskLevelScoreChecks" valueClass="java.lang.String"/><param name="ID" value="1" valueClass="java.lang.Integer"/><param name="CONDITION" value="" valueClass="java.lang.String"/><param name="TOPVALUE" value="5" valueClass="java.lang.String"/><param name="LOWVALUE" value="-1" valueClass="java.lang.String"/></param><param name="" valueClass="ru.diasoft.utils.DefaultedHashMap"><param name="DEFAULTVALUE" value="" valueClass="java.lang.String"/><param name="DATASETPARAMID" value="112031" valueClass="java.lang.String"/><param name="PARAMID" value="5" valueClass="java.lang.Integer"/><param name="PARAMSYSNAME" value="minRiskLevelScoreChecksWithWeight" valueClass="java.lang.String"/><param name="ID" value="1" valueClass="java.lang.Integer"/><param name="CONDITION" value="" valueClass="java.lang.String"/><param name="TOPVALUE" value="5" valueClass="java.lang.String"/><param name="LOWVALUE" value="-1" valueClass="java.lang.String"/></param><param name="" valueClass="ru.diasoft.utils.DefaultedHashMap"><param name="DEFAULTVALUE" value="" valueClass="java.lang.String"/><param name="DATASETPARAMID" value="112032" valueClass="java.lang.String"/><param name="PARAMID" value="6" valueClass="java.lang.Integer"/><param name="PARAMSYSNAME" value="avgRiskLevelScoreChecks" valueClass="java.lang.String"/><param name="ID" value="1" valueClass="java.lang.Integer"/><param name="CONDITION" value="" valueClass="java.lang.String"/><param name="TOPVALUE" value="5" valueClass="java.lang.String"/><param name="LOWVALUE" value="-1" valueClass="java.lang.String"/></param><param name="" valueClass="ru.diasoft.utils.DefaultedHashMap"><param name="DEFAULTVALUE" value="" valueClass="java.lang.String"/><param name="DATASETPARAMID" value="112033" valueClass="java.lang.String"/><param name="PARAMID" value="7" valueClass="java.lang.Integer"/><param name="PARAMSYSNAME" value="avgRiskLevelScoreChecksWithWeight" valueClass="java.lang.String"/><param name="ID" value="1" valueClass="java.lang.Integer"/><param name="CONDITION" value="" valueClass="java.lang.String"/><param name="TOPVALUE" value="5" valueClass="java.lang.String"/><param name="LOWVALUE" value="-1" valueClass="java.lang.String"/></param><param name="" valueClass="ru.diasoft.utils.DefaultedHashMap"><param name="DEFAULTVALUE" value="" valueClass="java.lang.String"/><param name="DATASETPARAMID" value="112026" valueClass="java.lang.String"/><param name="PARAMID" value="8" valueClass="java.lang.Integer"/><param name="PARAMSYSNAME" value="riskLevelScore" valueClass="java.lang.String"/><param name="ID" value="1" valueClass="java.lang.Integer"/><param name="CONDITION" value="" valueClass="java.lang.String"/><param name="TOPVALUE" value="60" valueClass="java.lang.String"/><param name="LOWVALUE" value="-1" valueClass="java.lang.String"/></param><param name="" valueClass="ru.diasoft.utils.DefaultedHashMap"><param name="DEFAULTVALUE" value="" valueClass="java.lang.String"/><param name="DATASETPARAMID" value="112027" valueClass="java.lang.String"/><param name="PARAMID" value="9" valueClass="java.lang.Integer"/><param name="PARAMSYSNAME" value="riskLevelScoreWithWeight" valueClass="java.lang.String"/><param name="ID" value="1" valueClass="java.lang.Integer"/><param name="CONDITION" value="" valueClass="java.lang.String"/><param name="TOPVALUE" value="100" valueClass="java.lang.String"/><param name="LOWVALUE" value="-1" valueClass="java.lang.String"/></param></param><param name="ID" value="0" valueClass="java.lang.Integer"/></param></param><param name="PARAMETERS" valueClass="java.util.ArrayList"><param name="" valueClass="ru.diasoft.utils.DefaultedHashMap"><param name="DATASETPARAMID" value="11014" valueClass="java.lang.String"/><param name="DEFAULTVALUE" value="" valueClass="java.lang.String"/><param name="CONDITIONS" valueClass="java.util.ArrayList"><param name="" valueClass="ru.diasoft.utils.DefaultedHashMap"><param name="DATASETPARAMID" value="11014" valueClass="java.lang.String"/><param name="DEFAULTVALUE" value="" valueClass="java.lang.String"/><param name="PARAMID" value="1" valueClass="java.lang.Integer"/><param name="CONDITION" value="" valueClass="java.lang.String"/><param name="ID" value="1" valueClass="java.lang.Integer"/><param name="PARAMSYSNAME" value="firstPaymentPercent" valueClass="java.lang.String"/><param name="TOPVALUE" value="99" valueClass="java.lang.String"/><param name="LOWVALUE" value="-1" valueClass="java.lang.String"/></param></param><param name="ID" value="1" valueClass="java.lang.Integer"/><param name="PARAMSYSNAME" value="firstPaymentPercent" valueClass="java.lang.String"/></param><param name="" valueClass="ru.diasoft.utils.DefaultedHashMap"><param name="DATASETPARAMID" value="112028" valueClass="java.lang.String"/><param name="DEFAULTVALUE" value="" valueClass="java.lang.String"/><param name="CONDITIONS" valueClass="java.util.ArrayList"><param name="" valueClass="ru.diasoft.utils.DefaultedHashMap"><param name="DATASETPARAMID" value="112028" valueClass="java.lang.String"/><param name="DEFAULTVALUE" value="" valueClass="java.lang.String"/><param name="PARAMID" value="2" valueClass="java.lang.Integer"/><param name="CONDITION" value="" valueClass="java.lang.String"/><param name="ID" value="1" valueClass="java.lang.Integer"/><param name="PARAMSYSNAME" value="maxRiskLevelScoreChecks" valueClass="java.lang.String"/><param name="TOPVALUE" value="5" valueClass="java.lang.String"/><param name="LOWVALUE" value="-1" valueClass="java.lang.String"/></param></param><param name="ID" value="2" valueClass="java.lang.Integer"/><param name="PARAMSYSNAME" value="maxRiskLevelScoreChecks" valueClass="java.lang.String"/></param><param name="" valueClass="ru.diasoft.utils.DefaultedHashMap"><param name="DATASETPARAMID" value="112029" valueClass="java.lang.String"/><param name="DEFAULTVALUE" value="" valueClass="java.lang.String"/><param name="CONDITIONS" valueClass="java.util.ArrayList"><param name="" valueClass="ru.diasoft.utils.DefaultedHashMap"><param name="DATASETPARAMID" value="112029" valueClass="java.lang.String"/><param name="DEFAULTVALUE" value="" valueClass="java.lang.String"/><param name="PARAMID" value="3" valueClass="java.lang.Integer"/><param name="CONDITION" value="" valueClass="java.lang.String"/><param name="ID" value="1" valueClass="java.lang.Integer"/><param name="PARAMSYSNAME" value="maxRiskLevelScoreChecksWithWeight" valueClass="java.lang.String"/><param name="TOPVALUE" value="50" valueClass="java.lang.String"/><param name="LOWVALUE" value="-1" valueClass="java.lang.String"/></param></param><param name="ID" value="3" valueClass="java.lang.Integer"/><param name="PARAMSYSNAME" value="maxRiskLevelScoreChecksWithWeight" valueClass="java.lang.String"/></param><param name="" valueClass="ru.diasoft.utils.DefaultedHashMap"><param name="DATASETPARAMID" value="112030" valueClass="java.lang.String"/><param name="DEFAULTVALUE" value="" valueClass="java.lang.String"/><param name="CONDITIONS" valueClass="java.util.ArrayList"><param name="" valueClass="ru.diasoft.utils.DefaultedHashMap"><param name="DATASETPARAMID" value="112030" valueClass="java.lang.String"/><param name="DEFAULTVALUE" value="" valueClass="java.lang.String"/><param name="PARAMID" value="4" valueClass="java.lang.Integer"/><param name="CONDITION" value="" valueClass="java.lang.String"/><param name="ID" value="1" valueClass="java.lang.Integer"/><param name="PARAMSYSNAME" value="minRiskLevelScoreChecks" valueClass="java.lang.String"/><param name="TOPVALUE" value="5" valueClass="java.lang.String"/><param name="LOWVALUE" value="-1" valueClass="java.lang.String"/></param></param><param name="ID" value="4" valueClass="java.lang.Integer"/><param name="PARAMSYSNAME" value="minRiskLevelScoreChecks" valueClass="java.lang.String"/></param><param name="" valueClass="ru.diasoft.utils.DefaultedHashMap"><param name="DATASETPARAMID" value="112031" valueClass="java.lang.String"/><param name="DEFAULTVALUE" value="" valueClass="java.lang.String"/><param name="CONDITIONS" valueClass="java.util.ArrayList"><param name="" valueClass="ru.diasoft.utils.DefaultedHashMap"><param name="DATASETPARAMID" value="112031" valueClass="java.lang.String"/><param name="DEFAULTVALUE" value="" valueClass="java.lang.String"/><param name="PARAMID" value="5" valueClass="java.lang.Integer"/><param name="CONDITION" value="" valueClass="java.lang.String"/><param name="ID" value="1" valueClass="java.lang.Integer"/><param name="PARAMSYSNAME" value="minRiskLevelScoreChecksWithWeight" valueClass="java.lang.String"/><param name="TOPVALUE" value="5" valueClass="java.lang.String"/><param name="LOWVALUE" value="-1" valueClass="java.lang.String"/></param></param><param name="ID" value="5" valueClass="java.lang.Integer"/><param name="PARAMSYSNAME" value="minRiskLevelScoreChecksWithWeight" valueClass="java.lang.String"/></param><param name="" valueClass="ru.diasoft.utils.DefaultedHashMap"><param name="DATASETPARAMID" value="112032" valueClass="java.lang.String"/><param name="DEFAULTVALUE" value="" valueClass="java.lang.String"/><param name="CONDITIONS" valueClass="java.util.ArrayList"><param name="" valueClass="ru.diasoft.utils.DefaultedHashMap"><param name="DATASETPARAMID" value="112032" valueClass="java.lang.String"/><param name="DEFAULTVALUE" value="" valueClass="java.lang.String"/><param name="PARAMID" value="6" valueClass="java.lang.Integer"/><param name="CONDITION" value="" valueClass="java.lang.String"/><param name="ID" value="1" valueClass="java.lang.Integer"/><param name="PARAMSYSNAME" value="avgRiskLevelScoreChecks" valueClass="java.lang.String"/><param name="TOPVALUE" value="5" valueClass="java.lang.String"/><param name="LOWVALUE" value="-1" valueClass="java.lang.String"/></param></param><param name="ID" value="6" valueClass="java.lang.Integer"/><param name="PARAMSYSNAME" value="avgRiskLevelScoreChecks" valueClass="java.lang.String"/></param><param name="" valueClass="ru.diasoft.utils.DefaultedHashMap"><param name="DATASETPARAMID" value="112033" valueClass="java.lang.String"/><param name="DEFAULTVALUE" value="" valueClass="java.lang.String"/><param name="CONDITIONS" valueClass="java.util.ArrayList"><param name="" valueClass="ru.diasoft.utils.DefaultedHashMap"><param name="DATASETPARAMID" value="112033" valueClass="java.lang.String"/><param name="DEFAULTVALUE" value="" valueClass="java.lang.String"/><param name="PARAMID" value="7" valueClass="java.lang.Integer"/><param name="CONDITION" value="" valueClass="java.lang.String"/><param name="ID" value="1" valueClass="java.lang.Integer"/><param name="PARAMSYSNAME" value="avgRiskLevelScoreChecksWithWeight" valueClass="java.lang.String"/><param name="TOPVALUE" value="5" valueClass="java.lang.String"/><param name="LOWVALUE" value="-1" valueClass="java.lang.String"/></param></param><param name="ID" value="7" valueClass="java.lang.Integer"/><param name="PARAMSYSNAME" value="avgRiskLevelScoreChecksWithWeight" valueClass="java.lang.String"/></param><param name="" valueClass="ru.diasoft.utils.DefaultedHashMap"><param name="DATASETPARAMID" value="112026" valueClass="java.lang.String"/><param name="DEFAULTVALUE" value="" valueClass="java.lang.String"/><param name="CONDITIONS" valueClass="java.util.ArrayList"><param name="" valueClass="ru.diasoft.utils.DefaultedHashMap"><param name="DATASETPARAMID" value="112026" valueClass="java.lang.String"/><param name="DEFAULTVALUE" value="" valueClass="java.lang.String"/><param name="PARAMID" value="8" valueClass="java.lang.Integer"/><param name="CONDITION" value="" valueClass="java.lang.String"/><param name="ID" value="1" valueClass="java.lang.Integer"/><param name="PARAMSYSNAME" value="riskLevelScore" valueClass="java.lang.String"/><param name="TOPVALUE" value="60" valueClass="java.lang.String"/><param name="LOWVALUE" value="-1" valueClass="java.lang.String"/></param></param><param name="ID" value="8" valueClass="java.lang.Integer"/><param name="PARAMSYSNAME" value="riskLevelScore" valueClass="java.lang.String"/></param><param name="" valueClass="ru.diasoft.utils.DefaultedHashMap"><param name="DATASETPARAMID" value="112027" valueClass="java.lang.String"/><param name="DEFAULTVALUE" value="" valueClass="java.lang.String"/><param name="CONDITIONS" valueClass="java.util.ArrayList"><param name="" valueClass="ru.diasoft.utils.DefaultedHashMap"><param name="DATASETPARAMID" value="112027" valueClass="java.lang.String"/><param name="DEFAULTVALUE" value="" valueClass="java.lang.String"/><param name="PARAMID" value="9" valueClass="java.lang.Integer"/><param name="CONDITION" value="" valueClass="java.lang.String"/><param name="ID" value="1" valueClass="java.lang.Integer"/><param name="PARAMSYSNAME" value="riskLevelScoreWithWeight" valueClass="java.lang.String"/><param name="TOPVALUE" value="100" valueClass="java.lang.String"/><param name="LOWVALUE" value="-1" valueClass="java.lang.String"/></param></param><param name="ID" value="9" valueClass="java.lang.Integer"/><param name="PARAMSYSNAME" value="riskLevelScoreWithWeight" valueClass="java.lang.String"/></param></param><param name="VALUETYPE" value="java.lang.Integer" valueClass="java.lang.String"/></content>]]></attribute>
		<attribute name="DEFAULTVALUE" valueType="java.lang.String" create="true"></attribute>
		<attribute name="ISUSEDEFAULT" valueType="java.lang.Integer" create="true">0</attribute>
		<attribute name="ORDERNO" valueType="java.lang.Integer" create="true" search="true">285</attribute>
		<attribute name="MARK" valueType="java.lang.Integer" create="true" search="true"></attribute>
		<attribute name="SYSNAME" valueType="java.lang.String" create="true"></attribute>
		<attribute name="NAME" valueType="java.lang.String" create="true"></attribute>
	</entity>	
		
</root>