<?xml version="1.0" encoding="UTF-8"?>
<root> 
<!-- Сводная информация по файлу проливки:
 Объектов DMS_RULEGROUP - 1
 Объектов DMS_OPERATION - 0
 Объектов DMS_DATASET - 1
 Объектов DMS_DATASETPARAM - 0
 Объектов DMS_RULE - 1
 Объектов DMS_RULENODE - 1
 -->
	<!-- Группы правил --> 
	<entity name="DMS_RULEGROUP" id="827023989265207300" createMethod="ruleGroupCreate" getMethod="ruleGroupGetListByParams" createKeyParam="RULEGROUPID" getKeyParam="RULEGROUPID" service="dmsws">
		<attribute name="SYSNAME" valueType="java.lang.String" create="true" search="true">matrixToDetermineRisk</attribute>
		<attribute name="NAME" valueType="java.lang.String" create="true">Матрица для определения группы риска</attribute>
		<attribute name="DESCRIPTION" valueType="java.lang.String" create="true">Матрица для определения группы риска</attribute>
	</entity>

	<!-- Операции --> 
	<!-- Наборы данных --> 
	<entity name="DMS_DATASET" id="8356801014763292000" createMethod="ruleDatasetCreate" getMethod="ruleDatasetGetListByParams" createKeyParam="DATASETID" getKeyParam="DATASETID" service="dmsws">
		<attribute name="SYSNAME" valueType="java.lang.String" create="true" search="true">matrixToDetermineRiskParams</attribute>
		<attribute name="FULLNAME" valueType="java.lang.String" create="true">Параметры матрицы для определения группы риска</attribute>
	</entity>

	<!-- Параметры --> 
	<!-- Правила --> 
	<entity name="DMS_RULE" id="4461000310023344600" createMethod="ruleCreate" getMethod="ruleGetListByParams" createKeyParam="RULEID" getKeyParam="RULEID" service="dmsws">
		<attribute name="SYSNAME" valueType="java.lang.String" create="true" search="true">ruleMatrixToDetermineRiskNoCHInt</attribute>
		<attribute name="NAME" valueType="java.lang.String" create="true">Матрица для определения группы риска (Нет внутр. кред. истории)</attribute>
		<attribute name="DESCRIPTION" valueType="java.lang.String" create="true">Матрица для определения группы риска (Нет внутр. кред. истории)</attribute>
		<attribute name="RULEGROUPID" valueType="java.lang.Long" create="true" search="true" entityID="827023989265207300"/>
		<attribute name="DATASETID" valueType="java.lang.Long" create="true" search="true" entityID="8356801014763292000"/>
	</entity>

	<!-- Узлы правил --> 
	<entity name="DMS_RULENODE" id="727253456184166300" createMethod="ruleNodeCreate" getMethod="ruleNodeGetListByParams" createKeyParam="RULENODEID" getKeyParam="RULENODEID" service="dmsws">
		<attribute name="PARENTRULENODEID" valueType="java.lang.Long" create="true" search="true">0</attribute>
		<attribute name="RULEID" valueType="java.lang.Long" create="true" search="true" entityID="4461000310023344600"/>
		<attribute name="NODETYPE" valueType="java.lang.String" create="true">3</attribute>
		<attribute name="VALUEID" valueType="java.lang.Long" create="true" search="true">null</attribute>
		<attribute name="NODEVALUE" valueType="java.util.Map" create="true"><![CDATA[<?xml version="1.0" encoding="UTF-8"?><content version="1.0"><param name="VALUE" value="2" valueClass="java.lang.Integer"/><param name="VALUETYPE" value="java.lang.Double" valueClass="java.lang.String"/></content>]]></attribute>
		<attribute name="DEFAULTVALUE" valueType="java.lang.String" create="true"></attribute>
		<attribute name="ISUSEDEFAULT" valueType="java.lang.Integer" create="true">0</attribute>
		<attribute name="ORDERNO" valueType="java.lang.Integer" create="true" search="true">324</attribute>
		<attribute name="MARK" valueType="java.lang.Integer" create="true" search="true">0</attribute>
		<attribute name="SYSNAME" valueType="java.lang.String" create="true"></attribute>
		<attribute name="NAME" valueType="java.lang.String" create="true"></attribute>
	</entity>

</root> 
