<?xml version="1.0" encoding="UTF-8"?>
<root>

	<entity name="AUTO_PK_SUPPORT" id="0" createMethod="setAutoPkSupportValues" getMethod="" createKeyParam="Result" getKeyParam="" service="">
		<attribute name="CORE_PROCESSTYPE" valueType="java.lang.String">PROCESSTYPEID</attribute>
	</entity>
	
	<entity name="CORE_PROJECT" id="1" createMethod="admProjectAdd" getMethod="admProjectBySysname" additionalProcessMethod="admProjectBySysname" processKeyParam="PROJECTID" createKeyParam="PROJECTID" getKeyParam="PROJECTID" service="adminws">
		<attribute name="PROJECTSYSNAME" valueType="java.lang.String" create="true" process="true" search="true">FTDS</attribute>
		<attribute name="PROJECTNAME" valueType="java.lang.String">FLEXTERA "Поддержка принятия решения"</attribute>
		<attribute name="METADATAURL" valueType="java.lang.String">D:\METADATA\TEST\dms\</attribute>
		<attribute name="USERMETADATAURL" valueType="java.lang.String">D:\METADATA\TEST\dms\</attribute>
	</entity>
	
	<entity name="CORE_PROCESSTYPE" id="20" createMethod="shdaddjobtype" getMethod="shdJobTypes" createKeyParam="Result" getKeyParam="PROCESSTYPEID" service="corews">
		<attribute name="PROJECTSYSNAME" valueType="java.lang.String" search="true">FTDS</attribute>
		<attribute name="PROCTYPENAME" valueType="java.lang.String" create="true" search="true">STATEMACHINE/dmsTransferObject</attribute>
		<attribute name="PROCFILE" valueType="java.lang.String">STATEMACHINE/dmsTransferObject</attribute>
		<attribute name="DESCRIPTION" valueType="java.lang.String">STATEMACHINE/dmsTransferObject</attribute>
		<attribute name="PROJECTID" valueType="java.lang.Long" create="true" search="true" entityID="1"/>
	</entity>	
	
	<entity name="CORE_PROCESSTYPE" id="30" createMethod="shdaddjobtype" getMethod="shdJobTypes" createKeyParam="Result" getKeyParam="PROCESSTYPEID" service="corews">
		<attribute name="PROJECTSYSNAME" valueType="java.lang.String" search="true">FTDS</attribute>
		<attribute name="PROCTYPENAME" valueType="java.lang.String" create="true" search="true">STATEMACHINE/dmsTransferTask</attribute>
		<attribute name="PROCFILE" valueType="java.lang.String">STATEMACHINE/dmsTransferTask</attribute>
		<attribute name="DESCRIPTION" valueType="java.lang.String">STATEMACHINE/dmsTransferTask</attribute>
		<attribute name="PROJECTID" valueType="java.lang.Long" create="true" search="true" entityID="1"/>
	</entity>		
	
	<entity name="CORE_PROCESSTYPE" id="40" createMethod="shdaddjobtype" getMethod="shdJobTypes" createKeyParam="Result" getKeyParam="PROCESSTYPEID" service="corews">
		<attribute name="PROJECTSYSNAME" valueType="java.lang.String" search="true">FTDS</attribute>
		<attribute name="PROCTYPENAME" valueType="java.lang.String" create="true" search="true">dmsCheckRuleExecute</attribute>
		<attribute name="PROCFILE" valueType="java.lang.String">dmsCheckRuleExecute</attribute>
		<attribute name="DESCRIPTION" valueType="java.lang.String">dmsCheckRuleExecute</attribute>
		<attribute name="PROJECTID" valueType="java.lang.Long" create="true" search="true" entityID="1"/>
	</entity>	

	<entity name="CORE_PROCESSTYPE" id="50" createMethod="shdaddjobtype" getMethod="shdJobTypes" createKeyParam="Result" getKeyParam="PROCESSTYPEID" service="corews">
		<attribute name="PROJECTSYSNAME" valueType="java.lang.String" search="true">FTDS</attribute>
		<attribute name="PROCTYPENAME" valueType="java.lang.String" create="true" search="true">dmsSendEmailNotificationByTask</attribute>
		<attribute name="PROCFILE" valueType="java.lang.String">dmsSendEmailNotificationByTask</attribute>
		<attribute name="DESCRIPTION" valueType="java.lang.String">dmsSendEmailNotificationByTask</attribute>
		<attribute name="PROJECTID" valueType="java.lang.Long" create="true" search="true" entityID="1"/>
	</entity>	

	<entity name="CORE_PROCESSTYPE" id="60" createMethod="shdaddjobtype" getMethod="shdJobTypes" createKeyParam="Result" getKeyParam="PROCESSTYPEID" service="corews">
		<attribute name="PROJECTSYSNAME" valueType="java.lang.String" search="true">FTDS</attribute>
		<attribute name="PROCTYPENAME" valueType="java.lang.String" create="true" search="true">dmsCheckCompletedTasks</attribute>
		<attribute name="PROCFILE" valueType="java.lang.String">dmsCheckCompletedTasks</attribute>
		<attribute name="DESCRIPTION" valueType="java.lang.String">dmsCheckCompletedTasks</attribute>
		<attribute name="PROJECTID" valueType="java.lang.Long" create="true" search="true" entityID="1"/>
	</entity>

	<entity name="CORE_PROCESSTYPE" id="70" createMethod="shdaddjobtype" getMethod="shdJobTypes" createKeyParam="Result" getKeyParam="PROCESSTYPEID" service="corews">
		<attribute name="PROJECTSYSNAME" valueType="java.lang.String" search="true">FTDS</attribute>
		<attribute name="PROCTYPENAME" valueType="java.lang.String" create="true" search="true">dmsChangeAvailableActionsFlag</attribute>
		<attribute name="PROCFILE" valueType="java.lang.String">dmsChangeAvailableActionsFlag</attribute>
		<attribute name="DESCRIPTION" valueType="java.lang.String">dmsChangeAvailableActionsFlag</attribute>
		<attribute name="PROJECTID" valueType="java.lang.Long" create="true" search="true" entityID="1"/>
	</entity>	
		
	
	<entity name="DMS_OBJECTTYPE" id="100" createMethod="" updateMethod="dmsObjectTypeModify" getMethod="dmsObjectTypeGetByIdOrSysname" createKeyParam="OBJECTTYPEID" getKeyParam="OBJECTTYPEID" service="dmsws">
		<attribute name="SYSNAME" valueType="java.lang.String" create="true" search="true">autoLoanApp</attribute>
		<attribute name="DESCRIPTION" valueType="java.lang.String" create="true">Заемщик</attribute>
	</entity>
	
	<entity name="DMS_OBJECTTYPE" id="101" createMethod="" updateMethod="dmsObjectTypeModify" getMethod="dmsObjectTypeGetByIdOrSysname" createKeyParam="OBJECTTYPEID" getKeyParam="OBJECTTYPEID" service="dmsws">
		<attribute name="SYSNAME" valueType="java.lang.String" create="true" search="true">mortgageLoanApp</attribute>
		<attribute name="DESCRIPTION" valueType="java.lang.String" create="true">Заемщик</attribute>
	</entity>

	<entity name="DMS_OBJECTTYPE" id="102" createMethod="" updateMethod="dmsObjectTypeModify" getMethod="dmsObjectTypeGetByIdOrSysname" createKeyParam="OBJECTTYPEID" getKeyParam="OBJECTTYPEID" service="dmsws">
		<attribute name="SYSNAME" valueType="java.lang.String" create="true" search="true">consumerLoanApp</attribute>
		<attribute name="DESCRIPTION" valueType="java.lang.String" create="true">Заемщик</attribute>
	</entity>

	<entity name="DMS_OBJECTTYPE" id="103" createMethod="" updateMethod="dmsObjectTypeModify" getMethod="dmsObjectTypeGetByIdOrSysname" createKeyParam="OBJECTTYPEID" getKeyParam="OBJECTTYPEID" service="dmsws">
		<attribute name="SYSNAME" valueType="java.lang.String" create="true" search="true">issueCardApp</attribute>
		<attribute name="DESCRIPTION" valueType="java.lang.String" create="true">Заемщик</attribute>
	</entity>

	<entity name="DMS_OBJECTTYPE" id="104" createMethod="" updateMethod="dmsObjectTypeModify" getMethod="dmsObjectTypeGetByIdOrSysname" createKeyParam="OBJECTTYPEID" getKeyParam="OBJECTTYPEID" service="dmsws">
		<attribute name="SYSNAME" valueType="java.lang.String" create="true" search="true">consumerLoanAppInStore</attribute>
		<attribute name="DESCRIPTION" valueType="java.lang.String" create="true">Заемщик</attribute>
	</entity>

	<entity name="DMS_OBJECTTYPE" id="105" createMethod="" updateMethod="dmsObjectTypeModify" getMethod="dmsObjectTypeGetByIdOrSysname" createKeyParam="OBJECTTYPEID" getKeyParam="OBJECTTYPEID" service="dmsws">
		<attribute name="SYSNAME" valueType="java.lang.String" create="true" search="true">educationalLoanApp</attribute>
		<attribute name="DESCRIPTION" valueType="java.lang.String" create="true">Заемщик</attribute>
	</entity>

	<entity name="DMS_OBJECTTYPE" id="106" createMethod="" updateMethod="dmsObjectTypeModify" getMethod="dmsObjectTypeGetByIdOrSysname" createKeyParam="OBJECTTYPEID" getKeyParam="OBJECTTYPEID" service="dmsws">
		<attribute name="SYSNAME" valueType="java.lang.String" create="true" search="true">juristicLoanApp</attribute>
		<attribute name="DESCRIPTION" valueType="java.lang.String" create="true">Заемщик</attribute>
	</entity>

	<entity name="DMS_OBJECTTYPE" id="107" createMethod="" updateMethod="dmsObjectTypeModify" getMethod="dmsObjectTypeGetByIdOrSysname" createKeyParam="OBJECTTYPEID" getKeyParam="OBJECTTYPEID" service="dmsws">
		<attribute name="SYSNAME" valueType="java.lang.String" create="true" search="true">payOverdraftCardApp</attribute>
		<attribute name="DESCRIPTION" valueType="java.lang.String" create="true">Заемщик</attribute>
	</entity>
	
	<entity name="DMS_OBJECTTYPE" id="110" createMethod="dmsObjectTypeCreate" getMethod="dmsObjectTypeGetByIdOrSysname" createKeyParam="OBJECTTYPEID" getKeyParam="OBJECTTYPEID" service="dmsws">
		<attribute name="OBJECTTYPEID" valueType="java.lang.Long" create="true" search="true">1011</attribute>
		<attribute name="PARENTID" valueType="java.lang.Long" create="true">1001</attribute>
		<attribute name="SYSNAME" valueType="java.lang.String" create="true">corporateLoanApp</attribute>
		<attribute name="NAME" valueType="java.lang.String" create="true">Получение корпоративного кредита</attribute>
		<attribute name="DESCRIPTION" valueType="java.lang.String" create="true">Заемщик</attribute>
	</entity>
	
	<entity name="DMS_OBJECTTYPE" id="111" createMethod="" updateMethod="dmsObjectTypeModify" getMethod="dmsObjectTypeGetByIdOrSysname" createKeyParam="OBJECTTYPEID" getKeyParam="OBJECTTYPEID" service="dmsws">
		<attribute name="SYSNAME" valueType="java.lang.String" create="true" search="true">loanAppGuarantee</attribute>
		<attribute name="DESCRIPTION" valueType="java.lang.String" create="true">Поручитель</attribute>
	</entity>	
	
	<entity name="DMS_OBJECTTYPE" id="112" createMethod="" updateMethod="dmsObjectTypeModify" getMethod="dmsObjectTypeGetByIdOrSysname" createKeyParam="OBJECTTYPEID" getKeyParam="OBJECTTYPEID" service="dmsws">
		<attribute name="SYSNAME" valueType="java.lang.String" create="true" search="true">loanAppCodebtor</attribute>
		<attribute name="DESCRIPTION" valueType="java.lang.String" create="true">Созаемщик</attribute>
	</entity>	
	
	<entity name="DMS_OBJECTTYPE" id="1111" createMethod="dmsObjectTypeCreate" getMethod="dmsObjectTypeGetListByParams" createKeyParam="OBJECTTYPEID" getKeyParam="OBJECTTYPEID" service="dmsws">
		<attribute name="OBJECTTYPEID" valueType="java.lang.Long" create="true" search="true">2007</attribute>
		<attribute name="PARENTID" valueType="java.lang.Long" create="true">2001</attribute>
		<attribute name="SYSNAME" valueType="java.lang.String" create="true">loanAppFounder</attribute>
		<attribute name="NAME" valueType="java.lang.String" create="true">Заявка учредителя</attribute>
		<attribute name="DESCRIPTION" valueType="java.lang.String" create="true">Учредитель</attribute>
	</entity>
	
	<entity name="DMS_OBJECTTYPE" id="113" createMethod="" updateMethod="dmsObjectTypeModify" getMethod="dmsObjectTypeGetByIdOrSysname" createKeyParam="OBJECTTYPEID" getKeyParam="OBJECTTYPEID" service="dmsws">
		<attribute name="SYSNAME" valueType="java.lang.String" create="true" search="true">loanAppFounder</attribute>
		<attribute name="DESCRIPTION" valueType="java.lang.String" create="true">Учредитель</attribute>
	</entity>	

	<entity name="DMS_OBJECTTYPE" id="114" createMethod="" updateMethod="dmsObjectTypeModify" getMethod="dmsObjectTypeGetByIdOrSysname" createKeyParam="OBJECTTYPEID" getKeyParam="OBJECTTYPEID" service="dmsws">
		<attribute name="SYSNAME" valueType="java.lang.String" create="true" search="true">CLIENT</attribute>
		<attribute name="DESCRIPTION" valueType="java.lang.String" create="true">Заемщик</attribute>
	</entity>	
</root>