<?xml version="1.0" encoding="UTF-8"?>
<root>

	<entity name="FRNT_SETTINGS" id="5000" createMethod="saveSettings" updateMethod="saveSettings" getMethod="settingsGetByParams" createKeyParam="SETTINGSID" getKeyParam="SETTINGSID" service="frontws2">
	    <attribute name="SYSNAMETYPE" valueType="java.lang.String" create="true" search="true">Form</attribute>
        <attribute name="SYSNAMECONSTANT" valueType="java.lang.String" create="true" search="true">scanForm_anyDocScanSettings</attribute>
        <attribute name="PROJECTID" valueType="java.lang.Long" create="true">0</attribute>
		<attribute name="USERACCOUNTID" valueType="java.lang.Long" create="true">0</attribute>
		<attribute name="PARAMS" valueType="java.util.Map" create="true"><![CDATA[<?xml version="1.0" encoding="UTF-8"?><content version="1.0"><param name="showScanDialog" value="true" valueClass="java.lang.Boolean"/><param name="authorSource" value="getInputParam('USERFIO');" valueClass="java.lang.String"/><param name="objectTypeSource" value="" valueClass="java.lang.String"/><param name="useColorMode" value="true" valueClass="java.lang.Boolean"/><param name="resolution" value="150" valueClass="java.lang.Integer"/><param name="imageType" value="jpg" valueClass="java.lang.String"/><param name="useDefaultSource" value="false" valueClass="java.lang.Boolean"/><param name="objectIdSource" value="getInputParam('APPLICATIONID');" valueClass="java.lang.String"/><param name="useDefaultSettings" value="false" valueClass="java.lang.Boolean"/><param name="callbackFunction" value="callbackFunctionName" valueClass="java.lang.String"/></content>]]></attribute>
    </entity> 
	
	<entity name="CORE_PROJECT" id="6000" createMethod="admProjectAdd" getMethod="admProjectBySysname" additionalProcessMethod="admProjectBySysname" processKeyParam="PROJECTID" createKeyParam="PROJECTID" getKeyParam="PROJECTID" service="adminws">
		<attribute name="PROJECTSYSNAME" valueType="java.lang.String" create="true" process="true" search="true">FTFLOANS</attribute>
		<attribute name="PROJECTNAME" valueType="java.lang.String">FLEXTERA "Кредитная заявка и обслуживание заемщиков"</attribute>
	</entity>
	
	<entity name="CORE_PROCESSTYPE" id="6001" createMethod="shdaddjobtype" getMethod="shdJobTypes" createKeyParam="Result" getKeyParam="PROCESSTYPEID" service="corews">
		<attribute name="PROJECTSYSNAME" valueType="java.lang.String" search="true">FTFLOANS</attribute>
		<attribute name="PROCTYPENAME" valueType="java.lang.String" create="true" search="true">ATTACHMENT/getBase64FromUploadFilePath</attribute>
		<attribute name="PROCFILE" valueType="java.lang.String">ATTACHMENT/getBase64FromUploadFilePath</attribute>
		<attribute name="DESCRIPTION" valueType="java.lang.String">ATTACHMENT/getBase64FromUploadFilePath</attribute>
		<attribute name="PROJECTID" valueType="java.lang.Long" create="true" search="true" entityID="6000"/>
	</entity>
	
</root>