<?xml version="1.0" encoding="UTF-8"?>
<root>
	<!-- Общее для всех модулей -->
	<entity name="AUTO_PK_SUPPORT" id="0" createMethod="setAutoPkSupportValues" getMethod="" createKeyParam="Result" getKeyParam="" service="">
		<attribute name="REF_REFERENCEGROUP" valueType="java.lang.String">REFERENCEGROUPID</attribute>
		<attribute name="REF_REFERENCE" valueType="java.lang.String">REFERENCEID</attribute>
		<attribute name="REF_REFITEM" valueType="java.lang.String">REFITEMID</attribute>
	</entity>
	
	<!-- Проект -->
	
	<entity name="CORE_PROJECT" id="1" createMethod="admProjectAdd" getMethod="admProjectBySysname" additionalProcessMethod="admProjectBySysname" processKeyParam="PROJECTID" createKeyParam="PROJECTID" getKeyParam="PROJECTID" service="adminws">
		<attribute name="PROJECTSYSNAME" valueType="java.lang.String" create="true" process="true" search="true">FTDS</attribute>
		<attribute name="PROJECTNAME" valueType="java.lang.String">FLEXTERA "Поддержка принятия решения"</attribute>
		<attribute name="METADATAURL" valueType="java.lang.String">D:\METADATA\TEST\dms\</attribute>
		<attribute name="USERMETADATAURL" valueType="java.lang.String">D:\METADATA\TEST\dms\</attribute>
	</entity>	
	
	<!-- Роль -->
	
	<entity name="CORE_USERROLE" id="900" createMethod="admUserRoleAdd" getMethod="admUserRoleBySysname" createKeyParam="ROLEID" getKeyParam="ROLEID" service="adminws">
		<attribute name="ROLESYSNAME" valueType="java.lang.String" create="true" search="true">ExportVerificator</attribute>
		<attribute name="ROLENAME" valueType="java.lang.String" create="true">Контролер выгрузок в модуль БКИ</attribute>
		<attribute name="DESCRIPTION" valueType="java.lang.String" create="true">Контролер выгрузок в модуль БКИ</attribute>
	</entity>	
	
	<!-- Задачи -->
	<entity name="CORE_TASKTYPE" id="410" createMethod="dstasktypeadd" getMethod="GETTASKTYPEID" additionalProcessMethod="GETTASKTYPEID" createKeyParam="TASKTYPEID" getKeyParam="TASKTYPEID" processKeyParam="TASKTYPEID" service="corews">
		<attribute name="PROJECTSYSNAME" valueType="java.lang.String" search="true" process="true">FTDS</attribute>
		<attribute name="TASKTYPESYSNAME" valueType="java.lang.String" create="true" search="true" getTranscodeName="TASKTYPENAME" process="true">exportError_0</attribute>
		<attribute name="TaskTypeName" valueType="java.lang.String">Ошибка выгрузки (введено)</attribute>
		<attribute name="ProjectID" valueType="java.lang.Long" entityID="1"/>
	</entity>	
	
	<entity name="CORE_TASKTYPE" id="410" createMethod="dstasktypeadd" getMethod="GETTASKTYPEID" additionalProcessMethod="GETTASKTYPEID" createKeyParam="TASKTYPEID" getKeyParam="TASKTYPEID" processKeyParam="TASKTYPEID" service="corews">
		<attribute name="PROJECTSYSNAME" valueType="java.lang.String" search="true" process="true">FTDS</attribute>
		<attribute name="TASKTYPESYSNAME" valueType="java.lang.String" create="true" search="true" getTranscodeName="TASKTYPENAME" process="true">exportError_3</attribute>
		<attribute name="TaskTypeName" valueType="java.lang.String">Ошибка выгрузки (отклонено)</attribute>
		<attribute name="ProjectID" valueType="java.lang.Long" entityID="1"/>
	</entity>

	<entity name="CORE_TASKTYPE" id="410" createMethod="dstasktypeadd" getMethod="GETTASKTYPEID" additionalProcessMethod="GETTASKTYPEID" createKeyParam="TASKTYPEID" getKeyParam="TASKTYPEID" processKeyParam="TASKTYPEID" service="corews">
		<attribute name="PROJECTSYSNAME" valueType="java.lang.String" search="true" process="true">FTDS</attribute>
		<attribute name="TASKTYPESYSNAME" valueType="java.lang.String" create="true" search="true" getTranscodeName="TASKTYPENAME" process="true">exportError_4</attribute>
		<attribute name="TaskTypeName" valueType="java.lang.String">Ошибка выгрузки (одобрено)</attribute>
		<attribute name="ProjectID" valueType="java.lang.Long" entityID="1"/>
	</entity>
	
	<!-- Процесс -->

	<entity name="CORE_PROCESSTYPE" id="20" createMethod="shdaddjobtype" getMethod="shdJobTypes" createKeyParam="Result" getKeyParam="PROCESSTYPEID" service="corews">
		<attribute name="PROJECTSYSNAME" valueType="java.lang.String" search="true">FTDS</attribute>
		<attribute name="PROCTYPENAME" valueType="java.lang.String" create="true" search="true">dmsExportAppToBKI</attribute>
		<attribute name="PROCFILE" valueType="java.lang.String">dmsExportAppToBKI</attribute>
		<attribute name="DESCRIPTION" valueType="java.lang.String">dmsExportAppToBKI</attribute>
		<attribute name="PROJECTID" valueType="java.lang.Long" create="true" search="true" entityID="1"/>
	</entity>	
	
	<entity name="CORE_PROCESSTYPE" id="21" createMethod="shdaddjobtype" getMethod="shdJobTypes" createKeyParam="Result" getKeyParam="PROCESSTYPEID" service="corews">
		<attribute name="PROJECTSYSNAME" valueType="java.lang.String" search="true">FTDS</attribute>
		<attribute name="PROCTYPENAME" valueType="java.lang.String" create="true" search="true">dmsExtAttributeExportToBKI</attribute>
		<attribute name="PROCFILE" valueType="java.lang.String">dmsExtAttributeExportToBKI</attribute>
		<attribute name="DESCRIPTION" valueType="java.lang.String">dmsExtAttributeExportToBKI</attribute>
		<attribute name="PROJECTID" valueType="java.lang.Long" create="true" search="true" entityID="1"/>
	</entity>
	
	<!-- Группы простых стправочников -->
	
	<entity name="REF_REFERENCEGROUP" id="660" createMethod="admReferenceGroupAdd" getMethod="admReferenceGroupChoose" createKeyParam="NEXT_ID" getKeyParam="REFERENCEGROUPID" service="adminws">
		<attribute name="GROUPNAME" valueType="java.lang.String" create="true" postSearch="true">Дистрибутивные справочники</attribute>
		<attribute name="PARENTGROUPID" valueType="java.lang.Long">0</attribute>
		<attribute name="DESCRIPTION" valueType="java.lang.String">Дистрибутивные справочники</attribute>
		<attribute name="LOCALE" valueType="java.lang.String" create="true" search="true">ru</attribute>
	</entity>

	<entity name="REF_REFERENCEGROUP" id="661" createMethod="admReferenceGroupAdd" getMethod="admReferenceGroupChoose" createKeyParam="NEXT_ID" getKeyParam="REFERENCEGROUPID" service="adminws">
		<attribute name="GROUPNAME" valueType="java.lang.String" create="true" postSearch="true">Общие</attribute>
		<attribute name="PARENTGROUPID" valueType="java.lang.Long" entityID="660"/>
		<attribute name="DESCRIPTION" valueType="java.lang.String"> </attribute>
		<attribute name="LOCALE" valueType="java.lang.String" create="true" search="true">ru</attribute>
	</entity>

	<entity name="REF_REFERENCEGROUP" id="662" createMethod="admReferenceGroupAdd" getMethod="admReferenceGroupChoose" createKeyParam="NEXT_ID" getKeyParam="REFERENCEGROUPID" service="adminws">
		<attribute name="GROUPNAME" valueType="java.lang.String" create="true" postSearch="true">Наборы состояний</attribute>
		<attribute name="PARENTGROUPID" valueType="java.lang.Long" entityID="661"/>
		<attribute name="DESCRIPTION" valueType="java.lang.String"> </attribute>
		<attribute name="LOCALE" valueType="java.lang.String" create="true" search="true">ru</attribute>
	</entity>
	
	<!-- Простые стравочники -->
	
	<entity name="REF_REFERENCE" id="680" createMethod="admReferenceAdd" getMethod="admReferenceList" createKeyParam="NEXT_ID" getKeyParam="REFERENCEID" service="adminws">
        <attribute name="REFERENCEGROUPID" valueType="java.lang.Long" create="true" search="true" entityID="662"/>
        <attribute name="REFERENCEGROUP" valueType="java.lang.Long" create="true" search="true" entityID="662"/>
		<attribute name="SEARCHTEXT" valueType="java.lang.String" search="true">Справочник мапировки состояний для БКИ</attribute>
		<attribute name="REFERENCENAME" valueType="java.lang.String" create="true" search="true">Справочник мапировки состояний для БКИ</attribute>
		<attribute name="REFSYSNAME" valueType="java.lang.String" create="true" search="true" postSearch="true">remapStatesForExportToBKI</attribute>
		<attribute name="DESCRIPTION" valueType="java.lang.String" create="true" search="true">Справочник мапировки состояний для БКИ</attribute>
		<attribute name="LOCALE" valueType="java.lang.String" create="true" search="true">ru</attribute>
	</entity>
	<entity name="REF_REFERENCELNG" id="6801" getMethod="admReferenceLngByID" createMethod="admReferenceAddLng" createKeyParam="REFERENCENAME" getKeyParam="REFERENCENAME" updateMethod="admReferenceUpdateLng"  service="adminws" silent="true">
        <attribute name="CharLocale" valueType="java.lang.String" create="true" search="true">ru        </attribute>
        <attribute name="LOCALE" valueType="java.lang.String" create="true" search="true">ru</attribute>
        <attribute name="DESCRIPTION" valueType="java.lang.String" create="true">Справочник мапировки состояний для БКИ</attribute>
        <attribute name="REFERENCENAME" valueType="java.lang.String" create="true">Справочник мапировки состояний для БКИ</attribute>
        <attribute name="REFERENCEID" valueType="java.lang.Long" search="true" create="true" entityID="680"/>
    </entity>
	
	<entity name="REF_REFERENCE" id="681" createMethod="admReferenceAdd" getMethod="admReferenceList" createKeyParam="NEXT_ID" getKeyParam="REFERENCEID" service="adminws">
        <attribute name="REFERENCEGROUPID" valueType="java.lang.Long" create="true" search="true" entityID="661"/>
        <attribute name="REFERENCEGROUP" valueType="java.lang.Long" create="true" search="true" entityID="661"/>
		<attribute name="SEARCHTEXT" valueType="java.lang.String" search="true">Код участника, предоставленный НБКИ</attribute>
		<attribute name="REFERENCENAME" valueType="java.lang.String" create="true" search="true">Код участника, предоставленный НБКИ</attribute>
		<attribute name="REFSYSNAME" valueType="java.lang.String" create="true" search="true" postSearch="true">MemberCode</attribute>
		<attribute name="DESCRIPTION" valueType="java.lang.String" create="true" search="true">Код участника, предоставленный НБКИ</attribute>
		<attribute name="LOCALE" valueType="java.lang.String" create="true" search="true">ru</attribute>
	</entity>
	<entity name="REF_REFERENCELNG" id="6811" getMethod="admReferenceLngByID" createMethod="admReferenceAddLng" createKeyParam="REFERENCENAME" getKeyParam="REFERENCENAME" updateMethod="admReferenceUpdateLng"  service="adminws" silent="true">
        <attribute name="CharLocale" valueType="java.lang.String" create="true" search="true">ru        </attribute>
        <attribute name="LOCALE" valueType="java.lang.String" create="true" search="true">ru</attribute>
        <attribute name="DESCRIPTION" valueType="java.lang.String" create="true">Код участника, предоставленный НБКИ</attribute>
        <attribute name="REFERENCENAME" valueType="java.lang.String" create="true">Код участника, предоставленный НБКИ</attribute>
        <attribute name="REFERENCEID" valueType="java.lang.Long" search="true" create="true" entityID="681"/>
    </entity>
	
	<!-- Элементы простых справочников -->

	<entity name="REF_REFITEM" id="700" createMethod="admReferenceItemAdd" getMethod="refItemGetListByParams" createKeyParam="REFITEMID" getKeyParam="REFITEMID" service="adminws">
		<attribute name="REFERENCEID" valueType="java.lang.Long" create="true" search="true" entityID="680"/>
		<attribute name="CODE" valueType="java.lang.String" create="true">0</attribute>
		<attribute name="SHORTVALUE" valueType="java.lang.String">-</attribute>
		<attribute name="SHORTVALUE_MASKED" valueType="java.lang.String" search="true">-</attribute>
		<attribute name="FULLVALUE" valueType="java.lang.String">controlEnteredData</attribute>
		<attribute name="FULLVALUE_MASKED" valueType="java.lang.String" search="true">controlEnteredData</attribute>
		<attribute name="RICOMMENT" valueType="java.lang.String">Введенные. На рассмотрении (решение не принято, промежуточный статус)</attribute>
		<attribute name="GROUPNAME" valueType="java.lang.String" search="true">Наборы состояний</attribute>
		<attribute name="REFERENCENAME" valueType="java.lang.String" search="true">Справочник мапировки состояний для БКИ</attribute>
		<attribute name="LOCALE" valueType="java.lang.String" create="true" search="true">ru</attribute>
	</entity>
	<entity name="REF_REFITEMLNG" id="7001" getMethod="admReferenceItemLngByID" createMethod="admReferenceItemAddLng" createKeyParam="SHORTVALUE" getKeyParam="SHORTVALUE" updateMethod="admReferenceItemUpdateLng"  service="adminws" silent="true">
        <attribute name="CharLocale" valueType="java.lang.String" create="true" search="true">ru        </attribute>
        <attribute name="LOCALE" valueType="java.lang.String" create="true" search="true">ru</attribute>
        <attribute name="REFITEMID" valueType="java.lang.Long" search="true" create="true" entityID="700"/>
        <attribute name="SHORTVALUE" valueType="java.lang.String">-</attribute>
        <attribute name="FULLVALUE" valueType="java.lang.String">controlEnteredData</attribute>
        <attribute name="RICOMMENT" valueType="java.lang.String">Введенные. На рассмотрении (решение не принято, промежуточный статус)</attribute>
    </entity>
	
	<entity name="REF_REFITEM" id="800" createMethod="admReferenceItemAdd" getMethod="refItemGetListByParams" createKeyParam="REFITEMID" getKeyParam="REFITEMID" service="adminws">
		<attribute name="REFERENCEID" valueType="java.lang.Long" create="true" search="true" entityID="680"/>
		<attribute name="CODE" valueType="java.lang.String">3</attribute>
		<attribute name="SHORTVALUE" valueType="java.lang.String">-</attribute>
		<attribute name="SHORTVALUE_MASKED" valueType="java.lang.String" search="true">-</attribute>		
		<attribute name="FULLVALUE" valueType="java.lang.String">autoNotificationCancel</attribute>
		<attribute name="FULLVALUE_MASKED" valueType="java.lang.String" search="true">autoNotificationCancel</attribute>
		<attribute name="RICOMMENT" valueType="java.lang.String">Отклоненные. Заявка отклонена (отказ в предоставлении кредита)</attribute>
		<attribute name="GROUPNAME" valueType="java.lang.String" search="true">Наборы состояний</attribute>
		<attribute name="REFERENCENAME" valueType="java.lang.String" search="true">Справочник мапировки состояний для БКИ</attribute>
		<attribute name="LOCALE" valueType="java.lang.String" create="true" search="true">ru</attribute>
	</entity>
	<entity name="REF_REFITEMLNG" id="8001" getMethod="admReferenceItemLngByID" createMethod="admReferenceItemAddLng" createKeyParam="SHORTVALUE" getKeyParam="SHORTVALUE" updateMethod="admReferenceItemUpdateLng"  service="adminws" silent="true">
        <attribute name="CharLocale" valueType="java.lang.String" create="true" search="true">ru        </attribute>
        <attribute name="LOCALE" valueType="java.lang.String" create="true" search="true">ru</attribute>
        <attribute name="REFITEMID" valueType="java.lang.Long" search="true" create="true" entityID="800"/>
        <attribute name="SHORTVALUE" valueType="java.lang.String">-</attribute>
        <attribute name="FULLVALUE" valueType="java.lang.String">autoNotificationCancel</attribute>
        <attribute name="RICOMMENT" valueType="java.lang.String">Отклоненные. Заявка отклонена (отказ в предоставлении кредита)</attribute>
    </entity>

	<entity name="REF_REFITEM" id="801" createMethod="admReferenceItemAdd" getMethod="refItemGetListByParams" createKeyParam="REFITEMID" getKeyParam="REFITEMID" service="adminws">
		<attribute name="REFERENCEID" valueType="java.lang.Long" create="true" search="true" entityID="680"/>
		<attribute name="CODE" valueType="java.lang.String">3</attribute>
		<attribute name="SHORTVALUE" valueType="java.lang.String">-</attribute>
		<attribute name="SHORTVALUE_MASKED" valueType="java.lang.String" search="true">-</attribute>		
		<attribute name="FULLVALUE" valueType="java.lang.String">clientNotificationRefuse</attribute>
		<attribute name="FULLVALUE_MASKED" valueType="java.lang.String" search="true">clientNotificationRefuse</attribute>
		<attribute name="RICOMMENT" valueType="java.lang.String">Отклоненные. Заявка отклонена (отказ в предоставлении кредита)</attribute>
		<attribute name="GROUPNAME" valueType="java.lang.String" search="true">Наборы состояний</attribute>
		<attribute name="REFERENCENAME" valueType="java.lang.String" search="true">Справочник мапировки состояний для БКИ</attribute>
		<attribute name="LOCALE" valueType="java.lang.String" create="true" search="true">ru</attribute>
	</entity>
	<entity name="REF_REFITEMLNG" id="8011" getMethod="admReferenceItemLngByID" createMethod="admReferenceItemAddLng" createKeyParam="SHORTVALUE" getKeyParam="SHORTVALUE" updateMethod="admReferenceItemUpdateLng"  service="adminws" silent="true">
        <attribute name="CharLocale" valueType="java.lang.String" create="true" search="true">ru        </attribute>
        <attribute name="LOCALE" valueType="java.lang.String" create="true" search="true">ru</attribute>
        <attribute name="REFITEMID" valueType="java.lang.Long" search="true" create="true" entityID="801"/>
        <attribute name="SHORTVALUE" valueType="java.lang.String">-</attribute>
        <attribute name="FULLVALUE" valueType="java.lang.String">clientNotificationRefuse</attribute>
        <attribute name="RICOMMENT" valueType="java.lang.String">Отклоненные. Заявка отклонена (отказ в предоставлении кредита)</attribute>
    </entity>

	<entity name="REF_REFITEM" id="900" createMethod="admReferenceItemAdd" getMethod="refItemGetListByParams" createKeyParam="REFITEMID" getKeyParam="REFITEMID" service="adminws">
		<attribute name="REFERENCEID" valueType="java.lang.Long" create="true" search="true" entityID="680"/>
		<attribute name="CODE" valueType="java.lang.String">4</attribute>
		<attribute name="SHORTVALUE" valueType="java.lang.String">makeDecisionEmp</attribute>
		<attribute name="SHORTVALUE_MASKED" valueType="java.lang.String" search="true">makeDecisionEmp</attribute>
		<attribute name="FULLVALUE" valueType="java.lang.String">appApprovedByDebtor</attribute>
		<attribute name="FULLVALUE_MASKED" valueType="java.lang.String" search="true">appApprovedByDebtor</attribute>
		<attribute name="RICOMMENT" valueType="java.lang.String">Одобренные. Заявка одобрена, но клиент пока не принял решение (промежуточный статус)</attribute>
		<attribute name="GROUPNAME" valueType="java.lang.String" search="true">Наборы состояний</attribute>
		<attribute name="REFERENCENAME" valueType="java.lang.String" search="true">Справочник мапировки состояний для БКИ</attribute>
		<attribute name="LOCALE" valueType="java.lang.String" create="true" search="true">ru</attribute>
	</entity>
	<entity name="REF_REFITEMLNG" id="9001" getMethod="admReferenceItemLngByID" createMethod="admReferenceItemAddLng" createKeyParam="SHORTVALUE" getKeyParam="SHORTVALUE" updateMethod="admReferenceItemUpdateLng"  service="adminws" silent="true">
        <attribute name="CharLocale" valueType="java.lang.String" create="true" search="true">ru        </attribute>
        <attribute name="LOCALE" valueType="java.lang.String" create="true" search="true">ru</attribute>
        <attribute name="REFITEMID" valueType="java.lang.Long" search="true" create="true" entityID="900"/>
        <attribute name="SHORTVALUE" valueType="java.lang.String">makeDecisionEmp</attribute>
        <attribute name="FULLVALUE" valueType="java.lang.String">appApprovedByDebtor</attribute>
        <attribute name="RICOMMENT" valueType="java.lang.String">Одобренные. Заявка одобрена, но клиент пока не принял решение (промежуточный статус)</attribute>
    </entity>	

	<entity name="REF_REFITEM" id="901" createMethod="admReferenceItemAdd" getMethod="refItemGetListByParams" createKeyParam="REFITEMID" getKeyParam="REFITEMID" service="adminws">
		<attribute name="REFERENCEID" valueType="java.lang.Long" create="true" search="true" entityID="680"/>
		<attribute name="CODE" valueType="java.lang.String">4</attribute>
		<attribute name="SHORTVALUE" valueType="java.lang.String">makeDecisionKK</attribute>
		<attribute name="SHORTVALUE_MASKED" valueType="java.lang.String" search="true">makeDecisionKK</attribute>
		<attribute name="FULLVALUE" valueType="java.lang.String">appApprovedByDebtor</attribute>
		<attribute name="FULLVALUE_MASKED" valueType="java.lang.String" search="true">appApprovedByDebtor</attribute>
		<attribute name="RICOMMENT" valueType="java.lang.String">Одобренные. Заявка одобрена, но клиент пока не принял решение (промежуточный статус)</attribute>
		<attribute name="GROUPNAME" valueType="java.lang.String" search="true">Наборы состояний</attribute>
		<attribute name="REFERENCENAME" valueType="java.lang.String" search="true">Справочник мапировки состояний для БКИ</attribute>
		<attribute name="LOCALE" valueType="java.lang.String" create="true" search="true">ru</attribute>
	</entity>
	<entity name="REF_REFITEMLNG" id="9011" getMethod="admReferenceItemLngByID" createMethod="admReferenceItemAddLng" createKeyParam="SHORTVALUE" getKeyParam="SHORTVALUE" updateMethod="admReferenceItemUpdateLng"  service="adminws" silent="true">
        <attribute name="CharLocale" valueType="java.lang.String" create="true" search="true">ru        </attribute>
        <attribute name="LOCALE" valueType="java.lang.String" create="true" search="true">ru</attribute>
        <attribute name="REFITEMID" valueType="java.lang.Long" search="true" create="true" entityID="901"/>
        <attribute name="SHORTVALUE" valueType="java.lang.String">makeDecisionKK</attribute>
        <attribute name="FULLVALUE" valueType="java.lang.String">appApprovedByDebtor</attribute>
        <attribute name="RICOMMENT" valueType="java.lang.String">Одобренные. Заявка одобрена, но клиент пока не принял решение (промежуточный статус)</attribute>
    </entity>
	
	<entity name="REF_REFITEM" id="902" createMethod="admReferenceItemAdd" getMethod="refItemGetListByParams" createKeyParam="REFITEMID" getKeyParam="REFITEMID" service="adminws">
		<attribute name="REFERENCEID" valueType="java.lang.Long" create="true" search="true" entityID="680"/>
		<attribute name="CODE" valueType="java.lang.String">4</attribute>
		<attribute name="SHORTVALUE" valueType="java.lang.String">makeDecisionManager</attribute>
		<attribute name="SHORTVALUE_MASKED" valueType="java.lang.String" search="true">makeDecisionManager</attribute>
		<attribute name="FULLVALUE" valueType="java.lang.String">appApprovedByDebtor</attribute>
		<attribute name="FULLVALUE_MASKED" valueType="java.lang.String" search="true">appApprovedByDebtor</attribute>
		<attribute name="RICOMMENT" valueType="java.lang.String">Одобренные. Заявка одобрена, но клиент пока не принял решение (промежуточный статус)</attribute>
		<attribute name="GROUPNAME" valueType="java.lang.String" search="true">Наборы состояний</attribute>
		<attribute name="REFERENCENAME" valueType="java.lang.String" search="true">Справочник мапировки состояний для БКИ</attribute>
		<attribute name="LOCALE" valueType="java.lang.String" create="true" search="true">ru</attribute>
	</entity>
	<entity name="REF_REFITEMLNG" id="9021" getMethod="admReferenceItemLngByID" createMethod="admReferenceItemAddLng" createKeyParam="SHORTVALUE" getKeyParam="SHORTVALUE" updateMethod="admReferenceItemUpdateLng"  service="adminws" silent="true">
        <attribute name="CharLocale" valueType="java.lang.String" create="true" search="true">ru        </attribute>
        <attribute name="LOCALE" valueType="java.lang.String" create="true" search="true">ru</attribute>
        <attribute name="REFITEMID" valueType="java.lang.Long" search="true" create="true" entityID="902"/>
        <attribute name="SHORTVALUE" valueType="java.lang.String">makeDecisionManager</attribute>
        <attribute name="FULLVALUE" valueType="java.lang.String">appApprovedByDebtor</attribute>
        <attribute name="RICOMMENT" valueType="java.lang.String">Одобренные. Заявка одобрена, но клиент пока не принял решение (промежуточный статус)</attribute>
    </entity>

	<entity name="REF_REFITEM" id="1000" createMethod="admReferenceItemAdd" getMethod="refItemGetListByParams" createKeyParam="REFITEMID" getKeyParam="REFITEMID" service="adminws">
		<attribute name="REFERENCEID" valueType="java.lang.Long" create="true" search="true" entityID="681"/>
		<attribute name="CODE" valueType="java.lang.String">1234BB123456</attribute>
		<attribute name="SHORTVALUE" valueType="java.lang.String">1234BB123456</attribute>
		<attribute name="SHORTVALUE_MASKED" valueType="java.lang.String" search="true">1234BB123456</attribute>		
		<attribute name="FULLVALUE" valueType="java.lang.String">1234BB123456</attribute>
		<attribute name="RICOMMENT" valueType="java.lang.String"></attribute>
		<attribute name="GROUPNAME" valueType="java.lang.String" search="true">Общие</attribute>
		<attribute name="REFERENCENAME" valueType="java.lang.String" search="true">Код участника, предоставленный НБКИ</attribute>
		<attribute name="LOCALE" valueType="java.lang.String" create="true" search="true">ru</attribute>
	</entity>
	<entity name="REF_REFITEMLNG" id="10001" getMethod="admReferenceItemLngByID" createMethod="admReferenceItemAddLng" createKeyParam="SHORTVALUE" getKeyParam="SHORTVALUE" updateMethod="admReferenceItemUpdateLng"  service="adminws" silent="true">
        <attribute name="CharLocale" valueType="java.lang.String" create="true" search="true">ru        </attribute>
        <attribute name="LOCALE" valueType="java.lang.String" create="true" search="true">ru</attribute>
        <attribute name="REFITEMID" valueType="java.lang.Long" search="true" create="true" entityID="1000"/>
        <attribute name="SHORTVALUE" valueType="java.lang.String">1234BB123456</attribute>
        <attribute name="FULLVALUE" valueType="java.lang.String">1234BB123456</attribute>
        <attribute name="RICOMMENT" valueType="java.lang.String"></attribute>
    </entity>	
	
	<!-- Типы проверок -->

	<entity name="DMS_CHECKTYPE" id="2000" createMethod="checkTypeCreate" getMethod="checkTypeGetByIdOrSysname" createKeyParam="CHECKTYPEID" getKeyParam="CHECKTYPEID" service="dmsws">
		<attribute name="TYPESYSNAME" valueType="java.lang.String" create="true" search="true">subjDemands</attribute>
		<attribute name="TYPENAME" valueType="java.lang.String" create="true">Требования к субъекту</attribute>
		<attribute name="DESCRIPTION" valueType="java.lang.String" create="true">Требования к субъекту</attribute>
	</entity>
	
	<!-- Проверки -->
	
	<entity name="DMS_CHECK" id="2100" createMethod="checkCreate" getMethod="checkGetByIdOrSysname" createKeyParam="CHECKID" getKeyParam="CHECKID" service="dmsws">
		<attribute name="CHECKTYPEID" valueType="java.lang.Long" create="true" search="true" entityID="2000"/>
		<attribute name="OBJECTTYPEID" valueType="java.lang.Long" create="true">50000</attribute>
		<attribute name="CHECKNAME" valueType="java.lang.String" create="true">Выгрузка заявки в модуль БКИ</attribute>
		<attribute name="CHECKSYSNAME" valueType="java.lang.String" create="true" search="true">ExportAppToBKI</attribute>
		<attribute name="RULELINK" valueType="java.lang.String" create="true">dmsExportAppToBKI</attribute>
		<attribute name="RULETYPE" valueType="java.lang.Integer" create="true">2</attribute>
		<attribute name="EXPIRATIONTERM" valueType="java.lang.Integer" create="true">0</attribute>
		<attribute name="MULTIFLAG" valueType="java.lang.Integer" create="true">0</attribute>
	</entity>	
	
</root>	