<?xml version="1.0" encoding="UTF-8"?>
<root>

	<entity name="CORE_PROJECT" id="1" createMethod="admProjectAdd" getMethod="admProjectBySysname" additionalProcessMethod="admProjectBySysname" processKeyParam="PROJECTID" createKeyParam="PROJECTID" getKeyParam="PROJECTID" service="adminws">
		<attribute name="PROJECTSYSNAME" valueType="java.lang.String" create="true" process="true" search="true">FTDS</attribute>
		<attribute name="PROJECTNAME" valueType="java.lang.String">FLEXTERA "Поддержка принятия решения"</attribute>
		<attribute name="METADATAURL" valueType="java.lang.String">c:\FLEXTERA\FTDS\metadata</attribute>
		<attribute name="USERMETADATAURL" valueType="java.lang.String">c:\FLEXTERA\FTDS\metadata</attribute>
	</entity>
	
	
    <entity name="FRNT_WIZARD" id="3001" createMethod="wizardCreate" getMethod="wizardGetListByParams" createKeyParam="WIZARDID" getKeyParam="WIZARDID" service="frontws2" isExtService="true">
		<attribute name="NAME" valueType="java.lang.String">Телефонная верификация</attribute>
		<attribute name="SYSNAME" valueType="java.lang.String" create="true" search="true">phoneCheck</attribute>
		<attribute name="DESCRIPTION" valueType="java.lang.String">Телефонная верификация</attribute>
	</entity>
	<entity name="FRNT_WIZARD" id="3002" createMethod="wizardCreate" getMethod="wizardGetListByParams" createKeyParam="WIZARDID" getKeyParam="WIZARDID" service="frontws2" isExtService="true">
		<attribute name="NAME" valueType="java.lang.String">Проверки службы безопасности (ипотека)</attribute>
		<attribute name="SYSNAME" valueType="java.lang.String" create="true" search="true">mortgageCheckRiskManager</attribute>
		<attribute name="DESCRIPTION" valueType="java.lang.String">Проверки службы безопасности включают чеклисты для проверки данных анкеты и форму принятия решения по заявке</attribute>
	</entity>
    <entity name="FRNT_WIZARD" id="3003" createMethod="wizardCreate" getMethod="wizardGetListByParams" createKeyParam="WIZARDID" getKeyParam="WIZARDID" service="frontws2" isExtService="true">
		<attribute name="NAME" valueType="java.lang.String">Проверка залога</attribute>
		<attribute name="SYSNAME" valueType="java.lang.String" create="true" search="true">checkPledge</attribute>
		<attribute name="DESCRIPTION" valueType="java.lang.String">Проверка залога юристом и специалистом по залогу для всех типов залога.</attribute>
	</entity>
    <entity name="FRNT_WIZARD" id="3004" createMethod="wizardCreate" getMethod="wizardGetListByParams" createKeyParam="WIZARDID" getKeyParam="WIZARDID" service="frontws2" isExtService="true">
		<attribute name="NAME" valueType="java.lang.String">Проверки службы безопасности</attribute>
		<attribute name="SYSNAME" valueType="java.lang.String" create="true" search="true">checkRiskManager</attribute>
		<attribute name="DESCRIPTION" valueType="java.lang.String">Проверки службы безопасности включают чеклисты для проверки данных анкеты и форму принятия решения по заявке</attribute>
	</entity>
	
	<entity name="FRNT_FORMGROUP" id="3010" createMethod="formGroupCreate" getMethod="formGroupGetListByParams" createKeyParam="FORMGROUPID" getKeyParam="FORMGROUPID" service="frontws2" isExtService="true">
		<attribute name="PARENTGROUPID" valueType="java.lang.Long" create="true" search="true">0</attribute>
		<attribute name="NAME" valueType="java.lang.String" search="true" create="true">Кредитная заявка</attribute>
		<attribute name="DESCRIPTION" valueType="java.lang.String">Формы модуля FLEXTERA "Кредитная заявка и обслуживание заемщиков"</attribute>
	</entity>	
	
	<entity name="FRNT_FORM" id="3020" createMethod="formCreate" updateMethod="formModify" getMethod="formGetListByParams" createKeyParam="FORMID" getKeyParam="FORMID" service="frontws2" isExtService="true">
		<attribute name="FORMGROUPID" valueType="java.lang.Long" create="true" search="true" entityID="3010"/>
		<attribute name="PROJECTID" valueType="java.lang.Long" create="true" search="true" entityID="1"/>
		<attribute name="SYSNAME" valueType="java.lang.String" create="true" search="true">showReportsAndAttaches</attribute>
		<attribute name="NAME" valueType="java.lang.String">Отчеты</attribute>
		<attribute name="DESCRIPTION" valueType="java.lang.String">Отображение формы с отчетами и аттачами, в зависимостие от их наличия.</attribute>
		<attribute name="PAGEFLOW" valueType="java.lang.String">FORMLIB/decisionMaking/showReportsAndAttaches</attribute>
		<attribute name="SCRPATH" valueType="java.lang.String"></attribute>
	</entity>
		
    <entity name="FRNT_WIZFORM" id="4001" createMethod="wizFormCreate" updateMethod="wizFormModify" getMethod="wizFormGetListByParams" createKeyParam="WIZFORMID" getKeyParam="WIZFORMID" service="frontws2" isExtService="true">
		<attribute name="WIZARDID" valueType="java.lang.Long" create="true" search="true" entityID="3001"/>
		<attribute name="FORMID" valueType="java.lang.Long" create="true" search="true" entityID="3020"/>
		<attribute name="FORMKIND" valueType="java.lang.Integer">1</attribute>
		<attribute name="FORMORDER" valueType="java.lang.Long" create="true" search="true">7</attribute>
		<attribute name="NAME" valueType="java.lang.String">Отчеты</attribute>
	</entity>
    <entity name="FRNT_WIZFORM" id="4002" createMethod="wizFormCreate" updateMethod="wizFormModify" getMethod="wizFormGetListByParams" createKeyParam="WIZFORMID" getKeyParam="WIZFORMID" service="frontws2" isExtService="true">
		<attribute name="WIZARDID" valueType="java.lang.Long" create="true" search="true" entityID="3002"/>
		<attribute name="FORMID" valueType="java.lang.Long" create="true" search="true" entityID="3020"/>
		<attribute name="FORMKIND" valueType="java.lang.Integer">1</attribute>
		<attribute name="FORMORDER" valueType="java.lang.Long" create="true" search="true">6</attribute>
		<attribute name="NAME" valueType="java.lang.String">Отчеты</attribute>
	</entity>
    <entity name="FRNT_WIZFORM" id="4003" createMethod="wizFormCreate" updateMethod="wizFormModify" getMethod="wizFormGetListByParams" createKeyParam="WIZFORMID" getKeyParam="WIZFORMID" service="frontws2" isExtService="true">
		<attribute name="WIZARDID" valueType="java.lang.Long" create="true" search="true" entityID="3003"/>
		<attribute name="FORMID" valueType="java.lang.Long" create="true" search="true" entityID="3020"/>
		<attribute name="FORMKIND" valueType="java.lang.Integer">1</attribute>
		<attribute name="FORMORDER" valueType="java.lang.Long" create="true" search="true">4</attribute>
		<attribute name="NAME" valueType="java.lang.String">Отчеты</attribute>
	</entity>	
	<entity name="FRNT_WIZFORM" id="4004" createMethod="wizFormCreate" updateMethod="wizFormModify" getMethod="wizFormGetListByParams" createKeyParam="WIZFORMID" getKeyParam="WIZFORMID" service="frontws2" isExtService="true">
		<attribute name="WIZARDID" valueType="java.lang.Long" create="true" search="true" entityID="3004"/>
		<attribute name="FORMID" valueType="java.lang.Long" create="true" search="true" entityID="3020"/>
		<attribute name="FORMKIND" valueType="java.lang.Integer">1</attribute>
		<attribute name="FORMORDER" valueType="java.lang.Long" create="true" search="true">6</attribute>
		<attribute name="NAME" valueType="java.lang.String">Отчеты</attribute>
	</entity>
	
    <entity name="FRNT_WIZFORMATTR" id="4011" createMethod="wizFormAttrCreate" getMethod="wizFormAttrGetListByParams" createKeyParam="ATTRIBUTEID" getKeyParam="ATTRIBUTEID" service="frontws2" isExtService="true">
		<attribute name="WIZFORMID" valueType="java.lang.Long" create="true" search="true" entityID="4001"/>
		<attribute name="SYSNAME" valueType="java.lang.String" create="true" search="true">showReportAttachForm</attribute>
		<attribute name="NAME" valueType="java.lang.String">Отображать форму с отчетами и прикрепленными документами</attribute>
	</entity>
    <entity name="FRNT_WIZFORMATTR" id="4012" createMethod="wizFormAttrCreate" getMethod="wizFormAttrGetListByParams" createKeyParam="ATTRIBUTEID" getKeyParam="ATTRIBUTEID" service="frontws2" isExtService="true">
		<attribute name="WIZFORMID" valueType="java.lang.Long" create="true" search="true" entityID="4002"/>
		<attribute name="SYSNAME" valueType="java.lang.String" create="true" search="true">showReportAttachForm</attribute>
		<attribute name="NAME" valueType="java.lang.String">Отображать форму с отчетами и прикрепленными документами</attribute>
	</entity>
	<entity name="FRNT_WIZFORMATTR" id="4013" createMethod="wizFormAttrCreate" getMethod="wizFormAttrGetListByParams" createKeyParam="ATTRIBUTEID" getKeyParam="ATTRIBUTEID" service="frontws2" isExtService="true">
		<attribute name="WIZFORMID" valueType="java.lang.Long" create="true" search="true" entityID="4003"/>
		<attribute name="SYSNAME" valueType="java.lang.String" create="true" search="true">showReportAttachForm</attribute>
		<attribute name="NAME" valueType="java.lang.String">Отображать форму с отчетами и прикрепленными документами</attribute>
	</entity>
    <entity name="FRNT_WIZFORMATTR" id="4014" createMethod="wizFormAttrCreate" getMethod="wizFormAttrGetListByParams" createKeyParam="ATTRIBUTEID" getKeyParam="ATTRIBUTEID" service="frontws2" isExtService="true">
		<attribute name="WIZFORMID" valueType="java.lang.Long" create="true" search="true" entityID="4004"/>
		<attribute name="SYSNAME" valueType="java.lang.String" create="true" search="true">showReportAttachForm</attribute>
		<attribute name="NAME" valueType="java.lang.String">Отображать форму с отчетами и прикрепленными документами</attribute>
	</entity>
	
    <entity name="FRNT_WIZFORMATTVAL" id="4021" createMethod="wizFormAttrValueCreate" getMethod="wizFormAttrValueGetListByParams" createKeyParam="ATTRVALUEID" getKeyParam="ATTRVALUEID" service="frontws2" isExtService="true">
		<attribute name="ATTRIBUTEID" valueType="java.lang.Long" create="true" search="true" entityID="4011"/>
		<attribute name="VALUE" valueType="java.lang.String" create="true" search="true">TRUE</attribute>
		<attribute name="EXCLUDE" valueType="java.lang.Integer">0</attribute>
	</entity>
    <entity name="FRNT_WIZFORMATTVAL" id="4022" createMethod="wizFormAttrValueCreate" getMethod="wizFormAttrValueGetListByParams" createKeyParam="ATTRVALUEID" getKeyParam="ATTRVALUEID" service="frontws2" isExtService="true">
		<attribute name="ATTRIBUTEID" valueType="java.lang.Long" create="true" search="true" entityID="4012"/>
		<attribute name="VALUE" valueType="java.lang.String" create="true" search="true">TRUE</attribute>
		<attribute name="EXCLUDE" valueType="java.lang.Integer">0</attribute>
	</entity>
    <entity name="FRNT_WIZFORMATTVAL" id="4023" createMethod="wizFormAttrValueCreate" getMethod="wizFormAttrValueGetListByParams" createKeyParam="ATTRVALUEID" getKeyParam="ATTRVALUEID" service="frontws2" isExtService="true">
		<attribute name="ATTRIBUTEID" valueType="java.lang.Long" create="true" search="true" entityID="4013"/>
		<attribute name="VALUE" valueType="java.lang.String" create="true" search="true">TRUE</attribute>
		<attribute name="EXCLUDE" valueType="java.lang.Integer">0</attribute>
	</entity>
    <entity name="FRNT_WIZFORMATTVAL" id="4024" createMethod="wizFormAttrValueCreate" getMethod="wizFormAttrValueGetListByParams" createKeyParam="ATTRVALUEID" getKeyParam="ATTRVALUEID" service="frontws2" isExtService="true">
		<attribute name="ATTRIBUTEID" valueType="java.lang.Long" create="true" search="true" entityID="4014"/>
		<attribute name="VALUE" valueType="java.lang.String" create="true" search="true">TRUE</attribute>
		<attribute name="EXCLUDE" valueType="java.lang.Integer">0</attribute>
	</entity>
	
</root>