<?xml version="1.0" encoding="UTF-8"?>
<root>
    <!-- Общее для всех модулей -->
    <entity name="AUTO_PK_SUPPORT" id="0" createMethod="setAutoPkSupportValues" getMethod="" createKeyParam="Result" getKeyParam="" service="">
        <attribute name="DMS_CHECKTYPE" valueType="java.lang.String">CHECKTYPEID</attribute>
        <attribute name="DMS_CHECK" valueType="java.lang.String">CHECKID</attribute>
        <attribute name="CORE_PROCESSTYPE" valueType="java.lang.String">PROCESSTYPEID</attribute>
        <attribute name="DMS_DATASET" valueType="java.lang.String">DATASETID</attribute>
        <attribute name="DMS_DATASETPARAM" valueType="java.lang.String">DATASETPARAMID</attribute>
        <attribute name="DMS_RULEGROUP" valueType="java.lang.String">RULEGROUPID</attribute>
        <attribute name="DMS_RULE" valueType="java.lang.String">RULEID</attribute>
    </entity>

    <!-- Проекты -->
    <entity name="CORE_PROJECT" id="13" createMethod="admProjectAdd" getMethod="admProjectBySysname" additionalProcessMethod="admProjectBySysname" processKeyParam="PROJECTID" createKeyParam="PROJECTID" getKeyParam="PROJECTID" service="adminws">
        <attribute name="PROJECTSYSNAME" valueType="java.lang.String" create="true" search="true">FTDSMVC</attribute>
        <attribute name="PROJECTNAME" valueType="java.lang.String">Поддержка принятия решений MVC</attribute>
    </entity>

    <entity name="CORE_PROJECT" id="18" createMethod="admProjectAdd" getMethod="admProjectBySysname" additionalProcessMethod="admProjectBySysname" processKeyParam="PROJECTID" createKeyParam="PROJECTID" getKeyParam="PROJECTID" service="adminws">
        <attribute name="PROJECTSYSNAME" valueType="java.lang.String" create="true" search="true">FTFLOANSMVC</attribute>
        <attribute name="PROJECTNAME" valueType="java.lang.String">Кредитная заявка MVC</attribute>
    </entity>

    <!--Серверный процесс «dmsScoring» -->
    <entity name="CORE_PROCESSTYPE" id="10029" createMethod="shdaddjobtype" getMethod="shdJobTypes" createKeyParam="Result" getKeyParam="PROCESSTYPEID" service="corews">
        <attribute name="PROJECTSYSNAME" valueType="java.lang.String" search="true">FTDS</attribute>
        <attribute name="PROCTYPENAME" valueType="java.lang.String" create="true" search="true">Скоринг</attribute>
        <attribute name="PROCFILE" valueType="java.lang.String">dmsScoring</attribute>
        <attribute name="DESCRIPTION" valueType="java.lang.String">Скоринг</attribute>
        <attribute name="PROJECTID" valueType="java.lang.Long" create="true" search="true" entityID="13"/>
    </entity>

    <!--Серверный процесс «dmsAMLCheckTerror» -->
    <entity name="CORE_PROCESSTYPE" id="10066" createMethod="shdaddjobtype" getMethod="shdJobTypes" createKeyParam="Result" getKeyParam="PROCESSTYPEID" service="corews">
        <attribute name="PROJECTSYSNAME" valueType="java.lang.String" search="true">FTDS</attribute>
        <attribute name="PROCTYPENAME" valueType="java.lang.String" create="true" search="true">Проверка по справочнику ФСФМ (террористов)</attribute>
        <attribute name="PROCFILE" valueType="java.lang.String">dmsAMLCheckTerror</attribute>
        <attribute name="DESCRIPTION" valueType="java.lang.String">Проверка по справочнику ФСФМ (террористов)</attribute>
        <attribute name="PROJECTID" valueType="java.lang.Long" create="true" search="true" entityID="13"/>
    </entity>

    <!--Серверный процесс «dmsAMLCheckBlackList» -->
    <entity name="CORE_PROCESSTYPE" id="10070" createMethod="shdaddjobtype" getMethod="shdJobTypes" createKeyParam="Result" getKeyParam="PROCESSTYPEID" service="corews">
        <attribute name="PROJECTSYSNAME" valueType="java.lang.String" search="true">FTDS</attribute>
        <attribute name="PROCTYPENAME" valueType="java.lang.String" create="true" search="true">Проверка по Черному списку (клиент)</attribute>
        <attribute name="PROCFILE" valueType="java.lang.String">dmsAMLCheckBlackList</attribute>
        <attribute name="DESCRIPTION" valueType="java.lang.String">Проверка по Черному списку (клиент)</attribute>
        <attribute name="PROJECTID" valueType="java.lang.Long" create="true" search="true" entityID="13"/>
    </entity>

    <!--Серверный процесс «dmsCheckRiskGroupAML» -->
    <entity name="CORE_PROCESSTYPE" id="10078" createMethod="shdaddjobtype" getMethod="shdJobTypes" createKeyParam="Result" getKeyParam="PROCESSTYPEID" service="corews">
        <attribute name="PROJECTSYSNAME" valueType="java.lang.String" search="true">FTDS</attribute>
        <attribute name="PROCTYPENAME" valueType="java.lang.String" create="true" search="true">Проверка группы риска (клиент)</attribute>
        <attribute name="PROCFILE" valueType="java.lang.String">dmsCheckRiskGroupAML</attribute>
        <attribute name="DESCRIPTION" valueType="java.lang.String">Проверка группы риска (клиент)</attribute>
        <attribute name="PROJECTID" valueType="java.lang.Long" create="true" search="true" entityID="13"/>
    </entity>

    <!--Серверный процесс «dmsCheckAllResult» -->
    <entity name="CORE_PROCESSTYPE" id="1001003" createMethod="shdaddjobtype" getMethod="shdJobTypes" createKeyParam="Result" getKeyParam="PROCESSTYPEID" service="corews">
        <attribute name="PROJECTSYSNAME" valueType="java.lang.String" search="true">FTDS</attribute>
        <attribute name="PROCTYPENAME" valueType="java.lang.String" create="true" search="true">Проверка результатов выполнения правил</attribute>
        <attribute name="PROCFILE" valueType="java.lang.String">dmsCheckAllResult</attribute>
        <attribute name="DESCRIPTION" valueType="java.lang.String">Проверка результатов выполнения правил</attribute>
        <attribute name="PROJECTID" valueType="java.lang.Long" create="true" search="true" entityID="13"/>
    </entity>

    <!-- Тип объекта «Получение кредита (микрозайм)» -->
    <entity name="DMS_OBJECTTYPE" id="1201013" createMethod="dmsObjectTypeCreate" updateMethod="dmsObjectTypeModify" getMethod="dmsObjectTypeGetListByParams" createKeyParam="OBJECTTYPEID" getKeyParam="OBJECTTYPEID" service="dmsws">
        <attribute name="OBJECTTYPEID" valueType="java.lang.Long" create="true" search="true">1013</attribute>
        <attribute name="PARENTID" valueType="java.lang.Long" create="true">1001</attribute>
        <attribute name="SYSNAME" valueType="java.lang.String" create="true">microLoanApp</attribute>
        <attribute name="NAME" valueType="java.lang.String" create="true">Получение кредита (микрозайм)</attribute>
        <attribute name="DESCRIPTION" valueType="java.lang.String" create="true">Заявка на получение кредита (микрозайм)</attribute>
    </entity>

    <!-- Состояние «Автоматические проверки» -->
    <entity name="FRNT_SMSTATE" id="2004240" createMethod="smStateCreate" getMethod="smStateGetListByParams" createKeyParam="STATEID" getKeyParam="STATEID" service="frontws2" isExtService="true">
        <attribute name="SYSNAME" valueType="java.lang.String" create="true" search="true">autoChecks</attribute>
        <attribute name="NAME" valueType="java.lang.String" create="true">Автоматические проверки</attribute>
        <attribute name="TYPEID" valueType="java.lang.Long"  create="true" search="true">1013</attribute>
        <attribute name="PROJECTID" valueType="java.lang.Long"  create="true" search="true" entityID="13"/>
    </entity>

    <!-- Состояние «Верификация автоматических проверок» -->
    <entity name="FRNT_SMSTATE" id="2004241" createMethod="smStateCreate" getMethod="smStateGetListByParams" createKeyParam="STATEID" getKeyParam="STATEID" service="frontws2" isExtService="true">
        <attribute name="SYSNAME" valueType="java.lang.String" create="true" search="true">autoChecksVerify</attribute>
        <attribute name="NAME" valueType="java.lang.String" create="true">Верификация автоматических проверок</attribute>
        <attribute name="TYPEID" valueType="java.lang.Long"  create="true" search="true">1013</attribute>
        <attribute name="PROJECTID" valueType="java.lang.Long"  create="true" search="true" entityID="13"/>
    </entity>

    <!-- Состояние «Автоматическое принятие решения» -->
    <entity name="FRNT_SMSTATE" id="2004248" createMethod="smStateCreate" getMethod="smStateGetListByParams" createKeyParam="STATEID" getKeyParam="STATEID" service="frontws2" isExtService="true">
        <attribute name="SYSNAME" valueType="java.lang.String" create="true" search="true">autoMakingDecision</attribute>
        <attribute name="NAME" valueType="java.lang.String" create="true">Автоматическое принятие решения</attribute>
        <attribute name="TYPEID" valueType="java.lang.Long"  create="true" search="true">1013</attribute>
        <attribute name="PROJECTID" valueType="java.lang.Long"  create="true" search="true" entityID="13"/>
    </entity>

    <!-- Состояние «Введено» -->
    <entity name="FRNT_SMSTATE" id="2009011" createMethod="smStateCreate" getMethod="smStateGetListByParams" createKeyParam="STATEID" getKeyParam="STATEID" service="frontws2" isExtService="true">
        <attribute name="SYSNAME" valueType="java.lang.String" create="true" search="true">input</attribute>
        <attribute name="NAME" valueType="java.lang.String" create="true">Введено</attribute>
        <attribute name="TYPEID" valueType="java.lang.Long"  create="true" search="true">1013</attribute>
        <attribute name="PROJECTID" valueType="java.lang.Long"  create="true" search="true" entityID="18"/>
    </entity>

    <!-- Состояние «Отклонено» -->
    <entity name="FRNT_SMSTATE" id="2009012" createMethod="smStateCreate" getMethod="smStateGetListByParams" createKeyParam="STATEID" getKeyParam="STATEID" service="frontws2" isExtService="true">
        <attribute name="SYSNAME" valueType="java.lang.String" create="true" search="true">ignored</attribute>
        <attribute name="NAME" valueType="java.lang.String" create="true">Отклонено</attribute>
        <attribute name="TYPEID" valueType="java.lang.Long"  create="true" search="true">1013</attribute>
        <attribute name="PROJECTID" valueType="java.lang.Long"  create="true" search="true" entityID="18"/>
    </entity>

    <!-- Тип провероки «Требования к субъекту» -->
    <entity name="DMS_CHECKTYPE" id="3002" createMethod="checkTypeCreate" getMethod="checkTypeGetByIdOrSysname" createKeyParam="CHECKTYPEID" getKeyParam="CHECKTYPEID" service="dmsws" >
        <attribute name="TYPESYSNAME" valueType="java.lang.String" create="true" search="true">subjDemands</attribute>
        <attribute name="TYPENAME" valueType="java.lang.String" create="true">Требования к субъекту</attribute>
        <attribute name="DESCRIPTION" valueType="java.lang.String" create="true">Требования к субъекту</attribute>
    </entity>

    <!-- Проверка «Скоринг» -->
    <entity name="DMS_CHECK" id="40029" createMethod="checkCreate" getMethod="checkGetByIdOrSysname" createKeyParam="CHECKID" getKeyParam="CHECKID" service="dmsws" >
        <attribute name="CHECKTYPEID" valueType="java.lang.Long" create="true" search="true" entityID="3002"/>
        <attribute name="OBJECTTYPEID" valueType="java.lang.Long" create="true">50000</attribute>
        <attribute name="CHECKNAME" valueType="java.lang.String" create="true">Скоринг</attribute>
        <attribute name="CHECKSYSNAME" valueType="java.lang.String" create="true" search="true">checkScoring</attribute>
        <attribute name="RULELINK" valueType="java.lang.String" create="true">dmsScoring</attribute>
        <attribute name="RULETYPE" valueType="java.lang.Integer" create="true">2</attribute>
        <attribute name="EXPIRATIONTERM" valueType="java.lang.Integer" create="true">0</attribute>
        <attribute name="MULTIFLAG" valueType="java.lang.Integer" create="true">0</attribute>
    </entity>

    <!-- Проверка «Проверка по справочнику ФСФМ (террористов)» -->
    <entity name="DMS_CHECK" id="40066" createMethod="checkCreate" getMethod="checkGetByIdOrSysname" createKeyParam="CHECKID" getKeyParam="CHECKID" service="dmsws" >
        <attribute name="CHECKTYPEID" valueType="java.lang.Long" create="true" search="true" entityID="3002"/>
        <attribute name="OBJECTTYPEID" valueType="java.lang.Long" create="true">50000</attribute>
        <attribute name="CHECKNAME" valueType="java.lang.String" create="true">Проверка по справочнику ФСФМ (террористов)</attribute>
        <attribute name="CHECKSYSNAME" valueType="java.lang.String" create="true" search="true">checkFSFMterroristClient</attribute>
        <attribute name="RULELINK" valueType="java.lang.String" create="true">dmsAMLCheckTerror</attribute>
        <attribute name="RULETYPE" valueType="java.lang.Integer" create="true">2</attribute>
        <attribute name="EXPIRATIONTERM" valueType="java.lang.Integer" create="true">0</attribute>
        <attribute name="MULTIFLAG" valueType="java.lang.Integer" create="true">0</attribute>
    </entity>

    <!-- Проверка «Проверка по справочнику ФСФМ (террористов)» -->
    <entity name="DMS_CHECK" id="40067" createMethod="checkCreate" getMethod="checkGetByIdOrSysname" createKeyParam="CHECKID" getKeyParam="CHECKID" service="dmsws" >
        <attribute name="CHECKTYPEID" valueType="java.lang.Long" create="true" search="true" entityID="3002"/>
        <attribute name="OBJECTTYPEID" valueType="java.lang.Long" create="true">2003</attribute>
        <attribute name="CHECKNAME" valueType="java.lang.String" create="true">Проверка по справочнику ФСФМ (террористов)</attribute>
        <attribute name="CHECKSYSNAME" valueType="java.lang.String" create="true" search="true">checkFSFMterroristCodeptor</attribute>
        <attribute name="RULELINK" valueType="java.lang.String" create="true">dmsAMLCheckTerror</attribute>
        <attribute name="RULETYPE" valueType="java.lang.Integer" create="true">2</attribute>
        <attribute name="EXPIRATIONTERM" valueType="java.lang.Integer" create="true">720</attribute>
        <attribute name="MULTIFLAG" valueType="java.lang.Integer" create="true">1</attribute>
    </entity>

    <!-- Проверка «Проверка по справочнику ФСФМ (террористов)» -->
    <entity name="DMS_CHECK" id="40068" createMethod="checkCreate" getMethod="checkGetByIdOrSysname" createKeyParam="CHECKID" getKeyParam="CHECKID" service="dmsws" >
        <attribute name="CHECKTYPEID" valueType="java.lang.Long" create="true" search="true" entityID="3002"/>
        <attribute name="OBJECTTYPEID" valueType="java.lang.Long" create="true">2002</attribute>
        <attribute name="CHECKNAME" valueType="java.lang.String" create="true">Проверка по справочнику ФСФМ (террористов)</attribute>
        <attribute name="CHECKSYSNAME" valueType="java.lang.String" create="true" search="true">checkFSFMterroristGuarantee</attribute>
        <attribute name="RULELINK" valueType="java.lang.String" create="true">dmsAMLCheckTerror</attribute>
        <attribute name="RULETYPE" valueType="java.lang.Integer" create="true">2</attribute>
        <attribute name="EXPIRATIONTERM" valueType="java.lang.Integer" create="true">720</attribute>
        <attribute name="MULTIFLAG" valueType="java.lang.Integer" create="true">1</attribute>
    </entity>

    <!-- Проверка «Проверка по Черному списку (клиент)» -->
    <entity name="DMS_CHECK" id="40070" createMethod="checkCreate" getMethod="checkGetByIdOrSysname" createKeyParam="CHECKID" getKeyParam="CHECKID" service="dmsws" >
        <attribute name="CHECKTYPEID" valueType="java.lang.Long" create="true" search="true" entityID="3002"/>
        <attribute name="OBJECTTYPEID" valueType="java.lang.Long" create="true">50000</attribute>
        <attribute name="CHECKNAME" valueType="java.lang.String" create="true">Проверка по Черному списку (клиент)</attribute>
        <attribute name="CHECKSYSNAME" valueType="java.lang.String" create="true" search="true">checkAMLBlackListClient</attribute>
        <attribute name="RULELINK" valueType="java.lang.String" create="true">dmsAMLCheckBlackList</attribute>
        <attribute name="RULETYPE" valueType="java.lang.Integer" create="true">2</attribute>
        <attribute name="EXPIRATIONTERM" valueType="java.lang.Integer" create="true">0</attribute>
        <attribute name="MULTIFLAG" valueType="java.lang.Integer" create="true">0</attribute>
    </entity>

    <!-- Проверка «Проверка по Черному списку (созаемщик)» -->
    <entity name="DMS_CHECK" id="40071" createMethod="checkCreate" getMethod="checkGetByIdOrSysname" createKeyParam="CHECKID" getKeyParam="CHECKID" service="dmsws" >
        <attribute name="CHECKTYPEID" valueType="java.lang.Long" create="true" search="true" entityID="3002"/>
        <attribute name="OBJECTTYPEID" valueType="java.lang.Long" create="true">2003</attribute>
        <attribute name="CHECKNAME" valueType="java.lang.String" create="true">Проверка по Черному списку (созаемщик)</attribute>
        <attribute name="CHECKSYSNAME" valueType="java.lang.String" create="true" search="true">checkAMLBlackListCodeptor</attribute>
        <attribute name="RULELINK" valueType="java.lang.String" create="true">dmsAMLCheckBlackList</attribute>
        <attribute name="RULETYPE" valueType="java.lang.Integer" create="true">2</attribute>
        <attribute name="EXPIRATIONTERM" valueType="java.lang.Integer" create="true">720</attribute>
        <attribute name="MULTIFLAG" valueType="java.lang.Integer" create="true">1</attribute>
    </entity>

    <!-- Проверка «Проверка по Черному списку (поручитель)» -->
    <entity name="DMS_CHECK" id="40072" createMethod="checkCreate" getMethod="checkGetByIdOrSysname" createKeyParam="CHECKID" getKeyParam="CHECKID" service="dmsws" >
        <attribute name="CHECKTYPEID" valueType="java.lang.Long" create="true" search="true" entityID="3002"/>
        <attribute name="OBJECTTYPEID" valueType="java.lang.Long" create="true">2002</attribute>
        <attribute name="CHECKNAME" valueType="java.lang.String" create="true">Проверка по Черному списку (поручитель)</attribute>
        <attribute name="CHECKSYSNAME" valueType="java.lang.String" create="true" search="true">checkAMLBlackListGuarantee</attribute>
        <attribute name="RULELINK" valueType="java.lang.String" create="true">dmsAMLCheckBlackList</attribute>
        <attribute name="RULETYPE" valueType="java.lang.Integer" create="true">2</attribute>
        <attribute name="EXPIRATIONTERM" valueType="java.lang.Integer" create="true">720</attribute>
        <attribute name="MULTIFLAG" valueType="java.lang.Integer" create="true">1</attribute>
    </entity>

    <!-- Проверка «Проверка группы риска (клиент)» -->
    <entity name="DMS_CHECK" id="40078" createMethod="checkCreate" getMethod="checkGetByIdOrSysname" createKeyParam="CHECKID" getKeyParam="CHECKID" service="dmsws" >
        <attribute name="CHECKTYPEID" valueType="java.lang.Long" create="true" search="true" entityID="3002"/>
        <attribute name="OBJECTTYPEID" valueType="java.lang.Long" create="true">50000</attribute>
        <attribute name="CHECKNAME" valueType="java.lang.String" create="true">Проверка группы риска (клиент)</attribute>
        <attribute name="CHECKSYSNAME" valueType="java.lang.String" create="true" search="true">checkCheckRiskGroupAMLClient</attribute>
        <attribute name="RULELINK" valueType="java.lang.String" create="true">dmsCheckRiskGroupAML</attribute>
        <attribute name="RULETYPE" valueType="java.lang.Integer" create="true">2</attribute>
        <attribute name="EXPIRATIONTERM" valueType="java.lang.Integer" create="true">0</attribute>
        <attribute name="MULTIFLAG" valueType="java.lang.Integer" create="true">0</attribute>
    </entity>

    <!-- Проверка «Проверка группы риска (созаемщик)» -->
    <entity name="DMS_CHECK" id="40079" createMethod="checkCreate" getMethod="checkGetByIdOrSysname" createKeyParam="CHECKID" getKeyParam="CHECKID" service="dmsws" >
        <attribute name="CHECKTYPEID" valueType="java.lang.Long" create="true" search="true" entityID="3002"/>
        <attribute name="OBJECTTYPEID" valueType="java.lang.Long" create="true">2003</attribute>
        <attribute name="CHECKNAME" valueType="java.lang.String" create="true">Проверка группы риска (созаемщик)</attribute>
        <attribute name="CHECKSYSNAME" valueType="java.lang.String" create="true" search="true">checkCheckRiskGroupAMLCodeptor</attribute>
        <attribute name="RULELINK" valueType="java.lang.String" create="true">dmsCheckRiskGroupAML</attribute>
        <attribute name="RULETYPE" valueType="java.lang.Integer" create="true">2</attribute>
        <attribute name="EXPIRATIONTERM" valueType="java.lang.Integer" create="true">720</attribute>
        <attribute name="MULTIFLAG" valueType="java.lang.Integer" create="true">1</attribute>
    </entity>

    <!-- Проверка «Проверка группы риска (поручитель)» -->
    <entity name="DMS_CHECK" id="40080" createMethod="checkCreate" getMethod="checkGetByIdOrSysname" createKeyParam="CHECKID" getKeyParam="CHECKID" service="dmsws" >
        <attribute name="CHECKTYPEID" valueType="java.lang.Long" create="true" search="true" entityID="3002"/>
        <attribute name="OBJECTTYPEID" valueType="java.lang.Long" create="true">2002</attribute>
        <attribute name="CHECKNAME" valueType="java.lang.String" create="true">Проверка группы риска (поручитель)</attribute>
        <attribute name="CHECKSYSNAME" valueType="java.lang.String" create="true" search="true">checkCheckRiskGroupAMLGuarantee</attribute>
        <attribute name="RULELINK" valueType="java.lang.String" create="true">dmsCheckRiskGroupAML</attribute>
        <attribute name="RULETYPE" valueType="java.lang.Integer" create="true">2</attribute>
        <attribute name="EXPIRATIONTERM" valueType="java.lang.Integer" create="true">720</attribute>
        <attribute name="MULTIFLAG" valueType="java.lang.Integer" create="true">1</attribute>
    </entity>

    <!-- Проверка «Проверка результатов выполнения правил» -->
    <entity name="DMS_CHECK" id="4001003" createMethod="checkCreate" getMethod="checkGetByIdOrSysname" createKeyParam="CHECKID" getKeyParam="CHECKID" service="dmsws" >
        <attribute name="CHECKTYPEID" valueType="java.lang.Long" create="true" search="true" entityID="3002"/>
        <attribute name="OBJECTTYPEID" valueType="java.lang.Long" create="true">50000</attribute>
        <attribute name="CHECKNAME" valueType="java.lang.String" create="true">Проверка результатов выполнения правил</attribute>
        <attribute name="CHECKSYSNAME" valueType="java.lang.String" create="true" search="true">dmsCheckAllResult</attribute>
        <attribute name="RULELINK" valueType="java.lang.String" create="true">dmsCheckAllResult</attribute>
        <attribute name="RULETYPE" valueType="java.lang.Integer" create="true">2</attribute>
        <attribute name="EXPIRATIONTERM" valueType="java.lang.Integer" create="true">0</attribute>
        <attribute name="MULTIFLAG" valueType="java.lang.Integer" create="true">0</attribute>
    </entity>

    <!-- Проверка «Скоринг» -->
    <entity name="DMS_CHECK" id="4006001" createMethod="checkCreate" getMethod="checkGetByIdOrSysname" createKeyParam="CHECKID" getKeyParam="CHECKID" service="dmsws" >
        <attribute name="CHECKTYPEID" valueType="java.lang.Long" create="true" search="true" entityID="3002"/>
        <attribute name="OBJECTTYPEID" valueType="java.lang.Long" create="true">2002</attribute>
        <attribute name="CHECKNAME" valueType="java.lang.String" create="true">Скоринг</attribute>
        <attribute name="CHECKSYSNAME" valueType="java.lang.String" create="true" search="true">warrantorCheckScoring2</attribute>
        <attribute name="RULELINK" valueType="java.lang.String" create="true">dmsScoring</attribute>
        <attribute name="RULETYPE" valueType="java.lang.Integer" create="true">2</attribute>
        <attribute name="EXPIRATIONTERM" valueType="java.lang.Integer" create="true">0</attribute>
        <attribute name="MULTIFLAG" valueType="java.lang.Integer" create="true">1</attribute>
    </entity>

    <!-- Сценарий проверок «Автоматические проверки (Микрозайм)» -->
    <entity name="DMS_SCRIPT" id="5001002" createMethod="checkScriptCreate" getMethod="checkScriptGetByIdOrSysname" createKeyParam="SCRIPTID" getKeyParam="SCRIPTID" service="dmsws" >
        <attribute name="SCRIPTSYSNAME" valueType="java.lang.String" create="true" search="true">automaticCheckMicro</attribute>
        <attribute name="SCRIPTNAME" valueType="java.lang.String" create="true">Автоматические проверки (Микрозайм)</attribute>
        <attribute name="DESCRIPTION" valueType="java.lang.String" create="true"></attribute>
    </entity>

    <!-- Связь сценария с состоянием -->
    <entity name="DMS_SCRPTSTATELINK" id="6001002" createMethod="scriptStateLinkCreate" getMethod="scriptStateLinkGetListByParams" createKeyParam="LINKID" getKeyParam="LINKID" service="dmsws" >
        <attribute name="SCRIPTID" valueType="java.lang.Long" create="true" search="true" entityID="5001002"/>
        <attribute name="STATEID" valueType="java.lang.Long" create="true" search="true" entityID="2004240"/>
        <attribute name="OBJECTTYPEID" valueType="java.lang.Long" create="true" search="true">1013</attribute>
    </entity>

    <!-- Связь проверки и сценария -->
    <entity name="DMS_CHECKSCRLINK" id="70010004" createMethod="checkScrLinkCreate" getMethod="checkScrLinkGetListByParams" createKeyParam="LINKID" getKeyParam="LINKID" service="dmsws" >
        <attribute name="SCRIPTID" valueType="java.lang.Long" create="true" search="true" entityID="5001002"/>
        <attribute name="CHECKID" valueType="java.lang.Long" create="true" search="true" entityID="40029"/>
        <attribute name="CHECKORDER" valueType="java.lang.Integer" create="true" search="true">10</attribute>
    </entity>

    <!-- Связь проверки и сценария -->
    <entity name="DMS_CHECKSCRLINK" id="7001016" createMethod="checkScrLinkCreate" getMethod="checkScrLinkGetListByParams" createKeyParam="LINKID" getKeyParam="LINKID" service="dmsws" >
        <attribute name="SCRIPTID" valueType="java.lang.Long" create="true" search="true" entityID="5001002"/>
        <attribute name="CHECKID" valueType="java.lang.Long" create="true" search="true" entityID="40066"/>
        <attribute name="CHECKORDER" valueType="java.lang.Integer" create="true" search="true">1</attribute>
    </entity>

    <!-- Связь проверки и сценария -->
    <entity name="DMS_CHECKSCRLINK" id="7001017" createMethod="checkScrLinkCreate" getMethod="checkScrLinkGetListByParams" createKeyParam="LINKID" getKeyParam="LINKID" service="dmsws" >
        <attribute name="SCRIPTID" valueType="java.lang.Long" create="true" search="true" entityID="5001002"/>
        <attribute name="CHECKID" valueType="java.lang.Long" create="true" search="true" entityID="40067"/>
        <attribute name="CHECKORDER" valueType="java.lang.Integer" create="true" search="true">2</attribute>
    </entity>

    <!-- Связь проверки и сценария -->
    <entity name="DMS_CHECKSCRLINK" id="7001018" createMethod="checkScrLinkCreate" getMethod="checkScrLinkGetListByParams" createKeyParam="LINKID" getKeyParam="LINKID" service="dmsws" >
        <attribute name="SCRIPTID" valueType="java.lang.Long" create="true" search="true" entityID="5001002"/>
        <attribute name="CHECKID" valueType="java.lang.Long" create="true" search="true" entityID="40068"/>
        <attribute name="CHECKORDER" valueType="java.lang.Integer" create="true" search="true">3</attribute>
    </entity>

    <!-- Связь проверки и сценария -->
    <entity name="DMS_CHECKSCRLINK" id="7001019" createMethod="checkScrLinkCreate" getMethod="checkScrLinkGetListByParams" createKeyParam="LINKID" getKeyParam="LINKID" service="dmsws" >
        <attribute name="SCRIPTID" valueType="java.lang.Long" create="true" search="true" entityID="5001002"/>
        <attribute name="CHECKID" valueType="java.lang.Long" create="true" search="true" entityID="40070"/>
        <attribute name="CHECKORDER" valueType="java.lang.Integer" create="true" search="true">4</attribute>
    </entity>

    <!-- Связь проверки и сценария -->
    <entity name="DMS_CHECKSCRLINK" id="7001020" createMethod="checkScrLinkCreate" getMethod="checkScrLinkGetListByParams" createKeyParam="LINKID" getKeyParam="LINKID" service="dmsws" >
        <attribute name="SCRIPTID" valueType="java.lang.Long" create="true" search="true" entityID="5001002"/>
        <attribute name="CHECKID" valueType="java.lang.Long" create="true" search="true" entityID="40071"/>
        <attribute name="CHECKORDER" valueType="java.lang.Integer" create="true" search="true">5</attribute>
    </entity>

    <!-- Связь проверки и сценария -->
    <entity name="DMS_CHECKSCRLINK" id="7001021" createMethod="checkScrLinkCreate" getMethod="checkScrLinkGetListByParams" createKeyParam="LINKID" getKeyParam="LINKID" service="dmsws" >
        <attribute name="SCRIPTID" valueType="java.lang.Long" create="true" search="true" entityID="5001002"/>
        <attribute name="CHECKID" valueType="java.lang.Long" create="true" search="true" entityID="40072"/>
        <attribute name="CHECKORDER" valueType="java.lang.Integer" create="true" search="true">6</attribute>
    </entity>

    <!-- Связь проверки и сценария -->
    <entity name="DMS_CHECKSCRLINK" id="7001022" createMethod="checkScrLinkCreate" getMethod="checkScrLinkGetListByParams" createKeyParam="LINKID" getKeyParam="LINKID" service="dmsws" >
        <attribute name="SCRIPTID" valueType="java.lang.Long" create="true" search="true" entityID="5001002"/>
        <attribute name="CHECKID" valueType="java.lang.Long" create="true" search="true" entityID="40078"/>
        <attribute name="CHECKORDER" valueType="java.lang.Integer" create="true" search="true">9</attribute>
    </entity>

    <!-- Связь проверки и сценария -->
    <entity name="DMS_CHECKSCRLINK" id="7001023" createMethod="checkScrLinkCreate" getMethod="checkScrLinkGetListByParams" createKeyParam="LINKID" getKeyParam="LINKID" service="dmsws" >
        <attribute name="SCRIPTID" valueType="java.lang.Long" create="true" search="true" entityID="5001002"/>
        <attribute name="CHECKID" valueType="java.lang.Long" create="true" search="true" entityID="40079"/>
        <attribute name="CHECKORDER" valueType="java.lang.Integer" create="true" search="true">7</attribute>
    </entity>

    <!-- Связь проверки и сценария -->
    <entity name="DMS_CHECKSCRLINK" id="7001024" createMethod="checkScrLinkCreate" getMethod="checkScrLinkGetListByParams" createKeyParam="LINKID" getKeyParam="LINKID" service="dmsws" >
        <attribute name="SCRIPTID" valueType="java.lang.Long" create="true" search="true" entityID="5001002"/>
        <attribute name="CHECKID" valueType="java.lang.Long" create="true" search="true" entityID="40080"/>
        <attribute name="CHECKORDER" valueType="java.lang.Integer" create="true" search="true">8</attribute>
    </entity>

    <!-- Связь проверки и сценария -->
    <entity name="DMS_CHECKSCRLINK" id="7002003" createMethod="checkScrLinkCreate" getMethod="checkScrLinkGetListByParams" createKeyParam="LINKID" getKeyParam="LINKID" service="dmsws" >
        <attribute name="SCRIPTID" valueType="java.lang.Long" create="true" search="true" entityID="5001002"/>
        <attribute name="CHECKID" valueType="java.lang.Long" create="true" search="true" entityID="4001003"/>
        <attribute name="CHECKORDER" valueType="java.lang.Integer" create="true" search="true">16</attribute>
    </entity>

    <!-- Связь проверки и сценария -->
    <entity name="DMS_CHECKSCRLINK" id="70010005" createMethod="checkScrLinkCreate" getMethod="checkScrLinkGetListByParams" createKeyParam="LINKID" getKeyParam="LINKID" service="dmsws" >
        <attribute name="SCRIPTID" valueType="java.lang.Long" create="true" search="true" entityID="5001002"/>
        <attribute name="CHECKID" valueType="java.lang.Long" create="true" search="true" entityID="4006001"/>
        <attribute name="CHECKORDER" valueType="java.lang.Integer" create="true" search="true">11</attribute>
    </entity>

    <!-- Точка маршрутизации -->
    <entity name="DMS_ROUTINGPOINT" id="8006008" createMethod="routingPointCreate" getMethod="routingPointGetListByParams" createKeyParam="POINTID" getKeyParam="POINTID" service="dmsws" >
        <attribute name="POINTSYSNAME" valueType="java.lang.String" create="true" search="true">scoringRoutePoint</attribute>
        <attribute name="POINTNAME" valueType="java.lang.String" create="true">Точка маршрутизации по скорингу</attribute>
        <attribute name="SCRIPTID" valueType="java.lang.Long" create="true" search="true" entityID="5001002"/>
        <attribute name="CHECKID" valueType="java.lang.Long" create="true" search="true" entityID="40029"/>
        <attribute name="OBJECTTYPEID" valueType="java.lang.Long" create="true">1013</attribute>
        <attribute name="STATEID" valueType="java.lang.Long" create="true" search="true" entityID="2004240"/>
        <attribute name="DESCRIPTION" valueType="java.lang.String" create="true"></attribute>
    </entity>

    <!-- Точка маршрутизации -->
    <entity name="DMS_ROUTINGPOINT" id="8001006" createMethod="routingPointCreate" getMethod="routingPointGetListByParams" createKeyParam="POINTID" getKeyParam="POINTID" service="dmsws" >
        <attribute name="POINTSYSNAME" valueType="java.lang.String" create="true" search="true">microRouteTerror1</attribute>
        <attribute name="POINTNAME" valueType="java.lang.String" create="true">Маршрутизация по террористам(Клиент)</attribute>
        <attribute name="SCRIPTID" valueType="java.lang.Long" create="true" search="true" entityID="5001002"/>
        <attribute name="CHECKID" valueType="java.lang.Long" create="true" search="true" entityID="40066"/>
        <attribute name="OBJECTTYPEID" valueType="java.lang.Long" create="true">1013</attribute>
        <attribute name="STATEID" valueType="java.lang.Long" create="true" search="true" entityID="2004240"/>
        <attribute name="DESCRIPTION" valueType="java.lang.String" create="true"></attribute>
    </entity>

    <!-- Точка маршрутизации -->
    <entity name="DMS_ROUTINGPOINT" id="8001007" createMethod="routingPointCreate" getMethod="routingPointGetListByParams" createKeyParam="POINTID" getKeyParam="POINTID" service="dmsws" >
        <attribute name="POINTSYSNAME" valueType="java.lang.String" create="true" search="true">microRouteTerror2</attribute>
        <attribute name="POINTNAME" valueType="java.lang.String" create="true">Маршрутизация по террористам(Созаемщик)</attribute>
        <attribute name="SCRIPTID" valueType="java.lang.Long" create="true" search="true" entityID="5001002"/>
        <attribute name="CHECKID" valueType="java.lang.Long" create="true" search="true" entityID="40067"/>
        <attribute name="OBJECTTYPEID" valueType="java.lang.Long" create="true">1013</attribute>
        <attribute name="STATEID" valueType="java.lang.Long" create="true" search="true" entityID="2004240"/>
        <attribute name="DESCRIPTION" valueType="java.lang.String" create="true"></attribute>
    </entity>

    <!-- Точка маршрутизации -->
    <entity name="DMS_ROUTINGPOINT" id="8001008" createMethod="routingPointCreate" getMethod="routingPointGetListByParams" createKeyParam="POINTID" getKeyParam="POINTID" service="dmsws" >
        <attribute name="POINTSYSNAME" valueType="java.lang.String" create="true" search="true">microRouteTerror3</attribute>
        <attribute name="POINTNAME" valueType="java.lang.String" create="true">Маршрутизация по террористам(Поручитель)</attribute>
        <attribute name="SCRIPTID" valueType="java.lang.Long" create="true" search="true" entityID="5001002"/>
        <attribute name="CHECKID" valueType="java.lang.Long" create="true" search="true" entityID="40068"/>
        <attribute name="OBJECTTYPEID" valueType="java.lang.Long" create="true">1013</attribute>
        <attribute name="STATEID" valueType="java.lang.Long" create="true" search="true" entityID="2004240"/>
        <attribute name="DESCRIPTION" valueType="java.lang.String" create="true"></attribute>
    </entity>

    <!-- Точка маршрутизации -->
    <entity name="DMS_ROUTINGPOINT" id="8001009" createMethod="routingPointCreate" getMethod="routingPointGetListByParams" createKeyParam="POINTID" getKeyParam="POINTID" service="dmsws" >
        <attribute name="POINTSYSNAME" valueType="java.lang.String" create="true" search="true">microRouteBlack1</attribute>
        <attribute name="POINTNAME" valueType="java.lang.String" create="true">Маршрутизация по черным спискам(Клиент)</attribute>
        <attribute name="SCRIPTID" valueType="java.lang.Long" create="true" search="true" entityID="5001002"/>
        <attribute name="CHECKID" valueType="java.lang.Long" create="true" search="true" entityID="40070"/>
        <attribute name="OBJECTTYPEID" valueType="java.lang.Long" create="true">1013</attribute>
        <attribute name="STATEID" valueType="java.lang.Long" create="true" search="true" entityID="2004240"/>
        <attribute name="DESCRIPTION" valueType="java.lang.String" create="true"></attribute>
    </entity>

    <!-- Точка маршрутизации -->
    <entity name="DMS_ROUTINGPOINT" id="8001010" createMethod="routingPointCreate" getMethod="routingPointGetListByParams" createKeyParam="POINTID" getKeyParam="POINTID" service="dmsws" >
        <attribute name="POINTSYSNAME" valueType="java.lang.String" create="true" search="true">microRouteBlack2</attribute>
        <attribute name="POINTNAME" valueType="java.lang.String" create="true">Маршрутизация по черным спискам(Созаемщик)</attribute>
        <attribute name="SCRIPTID" valueType="java.lang.Long" create="true" search="true" entityID="5001002"/>
        <attribute name="CHECKID" valueType="java.lang.Long" create="true" search="true" entityID="40071"/>
        <attribute name="OBJECTTYPEID" valueType="java.lang.Long" create="true">1013</attribute>
        <attribute name="STATEID" valueType="java.lang.Long" create="true" search="true" entityID="2004240"/>
        <attribute name="DESCRIPTION" valueType="java.lang.String" create="true"></attribute>
    </entity>

    <!-- Точка маршрутизации -->
    <entity name="DMS_ROUTINGPOINT" id="8001011" createMethod="routingPointCreate" getMethod="routingPointGetListByParams" createKeyParam="POINTID" getKeyParam="POINTID" service="dmsws" >
        <attribute name="POINTSYSNAME" valueType="java.lang.String" create="true" search="true">microRouteBlack3</attribute>
        <attribute name="POINTNAME" valueType="java.lang.String" create="true">Маршрутизация по черным спискам(Поручитель)</attribute>
        <attribute name="SCRIPTID" valueType="java.lang.Long" create="true" search="true" entityID="5001002"/>
        <attribute name="CHECKID" valueType="java.lang.Long" create="true" search="true" entityID="40072"/>
        <attribute name="OBJECTTYPEID" valueType="java.lang.Long" create="true">1013</attribute>
        <attribute name="STATEID" valueType="java.lang.Long" create="true" search="true" entityID="2004240"/>
        <attribute name="DESCRIPTION" valueType="java.lang.String" create="true"></attribute>
    </entity>

    <!-- Точка маршрутизации -->
    <entity name="DMS_ROUTINGPOINT" id="8001012" createMethod="routingPointCreate" getMethod="routingPointGetListByParams" createKeyParam="POINTID" getKeyParam="POINTID" service="dmsws" >
        <attribute name="POINTSYSNAME" valueType="java.lang.String" create="true" search="true">microRouteRisk1</attribute>
        <attribute name="POINTNAME" valueType="java.lang.String" create="true">Маршрутизация по группам риска(Клиент)</attribute>
        <attribute name="SCRIPTID" valueType="java.lang.Long" create="true" search="true" entityID="5001002"/>
        <attribute name="CHECKID" valueType="java.lang.Long" create="true" search="true" entityID="40078"/>
        <attribute name="OBJECTTYPEID" valueType="java.lang.Long" create="true">1013</attribute>
        <attribute name="STATEID" valueType="java.lang.Long" create="true" search="true" entityID="2004240"/>
        <attribute name="DESCRIPTION" valueType="java.lang.String" create="true"></attribute>
    </entity>

    <!-- Точка маршрутизации -->
    <entity name="DMS_ROUTINGPOINT" id="8001013" createMethod="routingPointCreate" getMethod="routingPointGetListByParams" createKeyParam="POINTID" getKeyParam="POINTID" service="dmsws" >
        <attribute name="POINTSYSNAME" valueType="java.lang.String" create="true" search="true">microRouteRisk2</attribute>
        <attribute name="POINTNAME" valueType="java.lang.String" create="true">Маршрутизация по группам риска(Созаемщик)</attribute>
        <attribute name="SCRIPTID" valueType="java.lang.Long" create="true" search="true" entityID="5001002"/>
        <attribute name="CHECKID" valueType="java.lang.Long" create="true" search="true" entityID="40079"/>
        <attribute name="OBJECTTYPEID" valueType="java.lang.Long" create="true">1013</attribute>
        <attribute name="STATEID" valueType="java.lang.Long" create="true" search="true" entityID="2004240"/>
        <attribute name="DESCRIPTION" valueType="java.lang.String" create="true"></attribute>
    </entity>

    <!-- Точка маршрутизации -->
    <entity name="DMS_ROUTINGPOINT" id="8001014" createMethod="routingPointCreate" getMethod="routingPointGetListByParams" createKeyParam="POINTID" getKeyParam="POINTID" service="dmsws" >
        <attribute name="POINTSYSNAME" valueType="java.lang.String" create="true" search="true">microRouteRisk3</attribute>
        <attribute name="POINTNAME" valueType="java.lang.String" create="true">Маршрутизация по группам риска(Поручитель)</attribute>
        <attribute name="SCRIPTID" valueType="java.lang.Long" create="true" search="true" entityID="5001002"/>
        <attribute name="CHECKID" valueType="java.lang.Long" create="true" search="true" entityID="40080"/>
        <attribute name="OBJECTTYPEID" valueType="java.lang.Long" create="true">1013</attribute>
        <attribute name="STATEID" valueType="java.lang.Long" create="true" search="true" entityID="2004240"/>
        <attribute name="DESCRIPTION" valueType="java.lang.String" create="true"></attribute>
    </entity>

    <!-- Точка маршрутизации -->
    <entity name="DMS_ROUTINGPOINT" id="8002004" createMethod="routingPointCreate" getMethod="routingPointGetListByParams" createKeyParam="POINTID" getKeyParam="POINTID" service="dmsws" >
        <attribute name="POINTSYSNAME" valueType="java.lang.String" create="true" search="true">endRoute1</attribute>
        <attribute name="POINTNAME" valueType="java.lang.String" create="true">Маршрутизация</attribute>
        <attribute name="SCRIPTID" valueType="java.lang.Long" create="true" search="true" entityID="5001002"/>
        <attribute name="CHECKID" valueType="java.lang.Long" create="true" search="true" entityID="4001003"/>
        <attribute name="OBJECTTYPEID" valueType="java.lang.Long" create="true">1013</attribute>
        <attribute name="STATEID" valueType="java.lang.Long" create="true" search="true" entityID="2004240"/>
        <attribute name="DESCRIPTION" valueType="java.lang.String" create="true"></attribute>
    </entity>

    <!-- Точка маршрутизации -->
    <entity name="DMS_ROUTINGPOINT" id="8006007" createMethod="routingPointCreate" getMethod="routingPointGetListByParams" createKeyParam="POINTID" getKeyParam="POINTID" service="dmsws" >
        <attribute name="POINTSYSNAME" valueType="java.lang.String" create="true" search="true">scoringRoutePointWar</attribute>
        <attribute name="POINTNAME" valueType="java.lang.String" create="true">Точка маршрутизации по скорингу</attribute>
        <attribute name="SCRIPTID" valueType="java.lang.Long" create="true" search="true" entityID="5001002"/>
        <attribute name="CHECKID" valueType="java.lang.Long" create="true" search="true" entityID="4006001"/>
        <attribute name="OBJECTTYPEID" valueType="java.lang.Long" create="true">1013</attribute>
        <attribute name="STATEID" valueType="java.lang.Long" create="true" search="true" entityID="2004240"/>
        <attribute name="DESCRIPTION" valueType="java.lang.String" create="true"></attribute>
    </entity>

    <!-- Переход МС «Ошибка выполнения проверок» -->
    <entity name="FRNT_SMTRANS" id="9004874" createMethod="smTransitionCreate" getMethod="smTransitionGetListByParams" createKeyParam="TRANSITIONID" getKeyParam="TRANSITIONID" service="frontws2" isExtService="true">
        <attribute name="SYSNAME" valueType="java.lang.String" create="true" search="true">errorChecks</attribute>
        <attribute name="NAME" valueType="java.lang.String" create="true" >Ошибка выполнения проверок</attribute>
        <attribute name="PAGEFLOWNAME" valueType="java.lang.String" create="true" >loanApp/microLoanApp/sendToProcessing/sendToProcessing</attribute>
        <attribute name="TRANSORDER" valueType="java.lang.Integer" create="true" >1</attribute>
        <attribute name="EVENTFLAG" valueType="java.lang.Integer" create="true" >0</attribute>
        <attribute name="FROMSTATEID" valueType="java.lang.Long"  create="true" search="true" entityID="2004240"/>
        <attribute name="TOSTATEID" valueType="java.lang.Long"  create="true" search="true" entityID="2004241"/>
        <attribute name="TYPEID" valueType="java.lang.Long"  create="true" search="true">1013</attribute>
    </entity>

    <!-- Переход МС «Завершить автоматические проверки» -->
    <entity name="FRNT_SMTRANS" id="9005002" createMethod="smTransitionCreate" getMethod="smTransitionGetListByParams" createKeyParam="TRANSITIONID" getKeyParam="TRANSITIONID" service="frontws2" isExtService="true">
        <attribute name="SYSNAME" valueType="java.lang.String" create="true" search="true">completeAutoChecks</attribute>
        <attribute name="NAME" valueType="java.lang.String" create="true" >Завершить автоматические проверки</attribute>
        <attribute name="PAGEFLOWNAME" valueType="java.lang.String" create="true" ></attribute>
        <attribute name="TRANSORDER" valueType="java.lang.Integer" create="true" >0</attribute>
        <attribute name="EVENTFLAG" valueType="java.lang.Integer" create="true" >1</attribute>
        <attribute name="FROMSTATEID" valueType="java.lang.Long"  create="true" search="true" entityID="2004240"/>
        <attribute name="TOSTATEID" valueType="java.lang.Long"  create="true" search="true" entityID="2004248"/>
        <attribute name="TYPEID" valueType="java.lang.Long"  create="true" search="true">1013</attribute>
    </entity>

    <!-- Переход МС «Отклонить» -->
    <entity name="FRNT_SMTRANS" id="90015005" createMethod="smTransitionCreate" getMethod="smTransitionGetListByParams" createKeyParam="TRANSITIONID" getKeyParam="TRANSITIONID" service="frontws2" isExtService="true">
        <attribute name="SYSNAME" valueType="java.lang.String" create="true" search="true">makeIgnored</attribute>
        <attribute name="NAME" valueType="java.lang.String" create="true" >Отклонить</attribute>
        <attribute name="PAGEFLOWNAME" valueType="java.lang.String" create="true" ></attribute>
        <attribute name="TRANSORDER" valueType="java.lang.Integer" create="true" >0</attribute>
        <attribute name="EVENTFLAG" valueType="java.lang.Integer" create="true" >0</attribute>
        <attribute name="FROMSTATEID" valueType="java.lang.Long"  create="true" search="true" entityID="2004240"/>
        <attribute name="TOSTATEID" valueType="java.lang.Long"  create="true" search="true" entityID="2009012"/>
        <attribute name="TYPEID" valueType="java.lang.Long"  create="true" search="true">1013</attribute>
    </entity>

    <!-- Переход МС «Вернуть на доработку» -->
    <entity name="FRNT_SMTRANS" id="90015006" createMethod="smTransitionCreate" getMethod="smTransitionGetListByParams" createKeyParam="TRANSITIONID" getKeyParam="TRANSITIONID" service="frontws2" isExtService="true">
        <attribute name="SYSNAME" valueType="java.lang.String" create="true" search="true">sendToRework</attribute>
        <attribute name="NAME" valueType="java.lang.String" create="true" >Вернуть на доработку</attribute>
        <attribute name="PAGEFLOWNAME" valueType="java.lang.String" create="true" ></attribute>
        <attribute name="TRANSORDER" valueType="java.lang.Integer" create="true" >0</attribute>
        <attribute name="EVENTFLAG" valueType="java.lang.Integer" create="true" >0</attribute>
        <attribute name="FROMSTATEID" valueType="java.lang.Long"  create="true" search="true" entityID="2004240"/>
        <attribute name="TOSTATEID" valueType="java.lang.Long"  create="true" search="true" entityID="2009011"/>
        <attribute name="TYPEID" valueType="java.lang.Long"  create="true" search="true">1013</attribute>
    </entity>

    <!-- Маршрут -->
    <entity name="DMS_ROUTING" id="1107007" createMethod="routingCreate" getMethod="routingGetListByParams" createKeyParam="ROUTINGID" getKeyParam="ROUTINGID" service="dmsws" >
        <attribute name="POINTID" valueType="java.lang.Long" create="true" search="true" entityID="8006008"/>
        <attribute name="TRANSITIONID" valueType="java.lang.Long" create="true" search="true" entityID="90015005"/>
        <attribute name="RULELINK" valueType="java.lang.String" create="true" search="true">ruleRouteOnMicroLoanScoring</attribute>
        <attribute name="RULEPRIORITY" valueType="java.lang.Integer" create="true" search="true">1</attribute>
        <attribute name="DESCRIPTION" valueType="java.lang.String" create="true"></attribute>
    </entity>

    <!-- Маршрут -->
    <entity name="DMS_ROUTING" id="1109001" createMethod="routingCreate" getMethod="routingGetListByParams" createKeyParam="ROUTINGID" getKeyParam="ROUTINGID" service="dmsws" >
        <attribute name="POINTID" valueType="java.lang.Long" create="true" search="true" entityID="8001006"/>
        <attribute name="TRANSITIONID" valueType="java.lang.Long" create="true" search="true" entityID="90015005"/>
        <attribute name="RULELINK" valueType="java.lang.String" create="true" search="true">ruleCheckDeny</attribute>
        <attribute name="RULEPRIORITY" valueType="java.lang.Integer" create="true" search="true">1</attribute>
        <attribute name="DESCRIPTION" valueType="java.lang.String" create="true"></attribute>
    </entity>

    <!-- Маршрут -->
    <entity name="DMS_ROUTING" id="1109002" createMethod="routingCreate" getMethod="routingGetListByParams" createKeyParam="ROUTINGID" getKeyParam="ROUTINGID" service="dmsws" >
        <attribute name="POINTID" valueType="java.lang.Long" create="true" search="true" entityID="8001008"/>
        <attribute name="TRANSITIONID" valueType="java.lang.Long" create="true" search="true" entityID="90015006"/>
        <attribute name="RULELINK" valueType="java.lang.String" create="true" search="true">ruleCheckDeny</attribute>
        <attribute name="RULEPRIORITY" valueType="java.lang.Integer" create="true" search="true">1</attribute>
        <attribute name="DESCRIPTION" valueType="java.lang.String" create="true"></attribute>
    </entity>

    <!-- Маршрут -->
    <entity name="DMS_ROUTING" id="1102007" createMethod="routingCreate" getMethod="routingGetListByParams" createKeyParam="ROUTINGID" getKeyParam="ROUTINGID" service="dmsws" >
        <attribute name="POINTID" valueType="java.lang.Long" create="true" search="true" entityID="8002004"/>
        <attribute name="TRANSITIONID" valueType="java.lang.Long" create="true" search="true" entityID="9005002"/>
        <attribute name="RULELINK" valueType="java.lang.String" create="true" search="true">ruleCheckAccept</attribute>
        <attribute name="RULEPRIORITY" valueType="java.lang.Integer" create="true" search="true">1</attribute>
        <attribute name="DESCRIPTION" valueType="java.lang.String" create="true"></attribute>
    </entity>

    <!-- Маршрут -->
    <entity name="DMS_ROUTING" id="1102008" createMethod="routingCreate" getMethod="routingGetListByParams" createKeyParam="ROUTINGID" getKeyParam="ROUTINGID" service="dmsws" >
        <attribute name="POINTID" valueType="java.lang.Long" create="true" search="true" entityID="8002004"/>
        <attribute name="TRANSITIONID" valueType="java.lang.Long" create="true" search="true" entityID="9004874"/>
        <attribute name="RULELINK" valueType="java.lang.String" create="true" search="true">ruleCheckDeny</attribute>
        <attribute name="RULEPRIORITY" valueType="java.lang.Integer" create="true" search="true">2</attribute>
        <attribute name="DESCRIPTION" valueType="java.lang.String" create="true"></attribute>
    </entity>

    <!-- Маршрут -->
    <entity name="DMS_ROUTING" id="1107006" createMethod="routingCreate" getMethod="routingGetListByParams" createKeyParam="ROUTINGID" getKeyParam="ROUTINGID" service="dmsws" >
        <attribute name="POINTID" valueType="java.lang.Long" create="true" search="true" entityID="8006007"/>
        <attribute name="TRANSITIONID" valueType="java.lang.Long" create="true" search="true" entityID="90015006"/>
        <attribute name="RULELINK" valueType="java.lang.String" create="true" search="true">ruleRouteOnMicroLoanScoring</attribute>
        <attribute name="RULEPRIORITY" valueType="java.lang.Integer" create="true" search="true">1</attribute>
        <attribute name="DESCRIPTION" valueType="java.lang.String" create="true"></attribute>
    </entity>

</root>