﻿<?xml version="1.0" encoding="UTF-8"?>
<root>

	<!-- Общее для всех модулей -->
	<entity name="AUTO_PK_SUPPORT" id="0" createMethod="setAutoPkSupportValues" getMethod="" createKeyParam="Result" getKeyParam="" service="">
		<attribute name="DMS_RULEGROUP" valueType="java.lang.String">RULEGROUPID</attribute>
		<attribute name="DMS_DATASET" valueType="java.lang.String">DATASETID</attribute>
		<attribute name="DMS_DATASETPARAM" valueType="java.lang.String">DATASETPARAMID</attribute>
		<attribute name="CORE_PROCESSTYPE" valueType="java.lang.String">PROCESSTYPEID</attribute>
		<attribute name="DOC_DOCPROCTYPE" valueType="java.lang.String">DOCPROCTYPEID</attribute>
		<attribute name="PRD_PARAMGROUP" valueType="java.lang.String">PARAMGROUPID</attribute>
	</entity>
	
	<!---Проекты -->
	
	<entity name="CORE_PROJECT" id="2" createMethod="admProjectAdd" getMethod="admProjectBySysname" additionalProcessMethod="admProjectBySysname" processKeyParam="PROJECTID" createKeyParam="PROJECTID" getKeyParam="PROJECTID" service="adminws">
        <attribute name="PROJECTSYSNAME" valueType="java.lang.String" create="true" process="true" search="true">FTDS</attribute>
        <attribute name="PROJECTNAME" valueType="java.lang.String">FLEXTERA "Поддержка принятия решения"</attribute>
    </entity>	
	
	<!-- Группы правил --> 

	<entity name="DMS_RULEGROUP" id="3001" createMethod="ruleGroupCreate" getMethod="ruleGroupGetListByParams" createKeyParam="RULEGROUPID" getKeyParam="RULEGROUPID" service="dmsws">
		<attribute name="SYSNAME" valueType="java.lang.String" create="true" search="true">changeInterestRateRules</attribute>
		<attribute name="NAME" valueType="java.lang.String" create="true" search="true">Правила изменения процентной ставки</attribute>
		<attribute name="DESCRIPTION" valueType="java.lang.String">Правила изменения процентной ставки</attribute>
	</entity>

	<!-- Группы параметров правил (Dataset) --> 
	
	<entity name="DMS_DATASET" id="4001" createMethod="ruleDatasetCreate" getMethod="ruleDatasetGetListByParams" createKeyParam="DATASETID" getKeyParam="DATASETID" service="dmsws">
		<attribute name="SYSNAME" valueType="java.lang.String" create="true" search="true">changeInterestRateParam</attribute>
		<attribute name="FULLNAME" valueType="java.lang.String">Параметры правил изменения процентной ставки</attribute>
	</entity>

	<!-- Параметры правил -->

	<entity name="DMS_DATASETPARAM" id="83012" createMethod="ruleDatasetParamCreate" getMethod="ruleDatasetParamGetListByParams" createKeyParam="DATASETPARAMID" getKeyParam="DATASETPARAMID" service="dmsws">
		<attribute name="DATASETID" valueType="java.lang.Long" create="true" search="true" entityID="4001"/>
		<attribute name="PARAMTYPE" valueType="java.lang.Integer" create="true" search="true">0</attribute>
		<attribute name="SYSNAME" valueType="java.lang.String" create="true" search="true">loanTerm</attribute>
		<attribute name="FULLNAME" valueType="java.lang.String" create="true">Срок кредита</attribute>
		<attribute name="PARAMVALUETYPE" valueType="java.lang.String" create="true">java.lang.Integer</attribute>
		<attribute name="ISREQUIRED" valueType="java.lang.Integer" create="true">0</attribute>
		<attribute name="NAME" valueType="java.lang.String" create="true">Срок кредита</attribute>
	</entity>
	<entity name="DMS_DATASETPARAM" id="83013" createMethod="ruleDatasetParamCreate" getMethod="ruleDatasetParamGetListByParams" createKeyParam="DATASETPARAMID" getKeyParam="DATASETPARAMID" service="dmsws">
		<attribute name="DATASETID" valueType="java.lang.Long" create="true" search="true" entityID="4001"/>
		<attribute name="PARAMTYPE" valueType="java.lang.Integer" create="true" search="true">0</attribute>
		<attribute name="SYSNAME" valueType="java.lang.String" create="true" search="true">clientRegAddressRegion</attribute>
		<attribute name="FULLNAME" valueType="java.lang.String" create="true">Регион регистрации клиента</attribute>
		<attribute name="PARAMVALUETYPE" valueType="java.lang.String" create="true">java.lang.String</attribute>
		<attribute name="ISREQUIRED" valueType="java.lang.Integer" create="true">0</attribute>
		<attribute name="NAME" valueType="java.lang.String" create="true">Регион регистрации клиента</attribute>
	</entity>
	<entity name="DMS_DATASETPARAM" id="83014" createMethod="ruleDatasetParamCreate" getMethod="ruleDatasetParamGetListByParams" createKeyParam="DATASETPARAMID" getKeyParam="DATASETPARAMID" service="dmsws">
		<attribute name="DATASETID" valueType="java.lang.Long" create="true" search="true" entityID="4001"/>
		<attribute name="PARAMTYPE" valueType="java.lang.Integer" create="true" search="true">0</attribute>
		<attribute name="SYSNAME" valueType="java.lang.String" create="true" search="true">loanCurrency</attribute>
		<attribute name="FULLNAME" valueType="java.lang.String" create="true">Валюта кредита</attribute>
		<attribute name="PARAMVALUETYPE" valueType="java.lang.String" create="true">java.lang.String</attribute>
		<attribute name="ISREQUIRED" valueType="java.lang.Integer" create="true">0</attribute>
		<attribute name="NAME" valueType="java.lang.String" create="true">Валюта кредита</attribute>
	</entity>
	<entity name="DMS_DATASETPARAM" id="83015" createMethod="ruleDatasetParamCreate" getMethod="ruleDatasetParamGetListByParams" createKeyParam="DATASETPARAMID" getKeyParam="DATASETPARAMID" service="dmsws">
		<attribute name="DATASETID" valueType="java.lang.Long" create="true" search="true" entityID="4001"/>
		<attribute name="PARAMTYPE" valueType="java.lang.Integer" create="true" search="true">0</attribute>
		<attribute name="SYSNAME" valueType="java.lang.String" create="true" search="true">firstPaymentPercent</attribute>
		<attribute name="FULLNAME" valueType="java.lang.String" create="true">Процент первоначального взноса</attribute>
		<attribute name="PARAMVALUETYPE" valueType="java.lang.String" create="true">java.lang.Double</attribute>
		<attribute name="ISREQUIRED" valueType="java.lang.Integer" create="true">0</attribute>
		<attribute name="NAME" valueType="java.lang.String" create="true">Процент первоначального взноса</attribute>
	</entity>
	<entity name="DMS_DATASETPARAM" id="83016" createMethod="ruleDatasetParamCreate" getMethod="ruleDatasetParamGetListByParams" createKeyParam="DATASETPARAMID" getKeyParam="DATASETPARAMID" service="dmsws">
		<attribute name="DATASETID" valueType="java.lang.Long" create="true" search="true" entityID="4001"/>
		<attribute name="PARAMTYPE" valueType="java.lang.Integer" create="true" search="true">0</attribute>
		<attribute name="SYSNAME" valueType="java.lang.String" create="true" search="true">clientFactLiveAddressRegion</attribute>
		<attribute name="FULLNAME" valueType="java.lang.String" create="true">Регион фактического проживания клиента</attribute>
		<attribute name="PARAMVALUETYPE" valueType="java.lang.String" create="true">java.lang.String</attribute>
		<attribute name="ISREQUIRED" valueType="java.lang.Integer" create="true">0</attribute>
		<attribute name="NAME" valueType="java.lang.String" create="true">Регион фактического проживания клиента</attribute>
	</entity>
	<entity name="DMS_DATASETPARAM" id="83017" createMethod="ruleDatasetParamCreate" getMethod="ruleDatasetParamGetListByParams" createKeyParam="DATASETPARAMID" getKeyParam="DATASETPARAMID" service="dmsws">
		<attribute name="DATASETID" valueType="java.lang.Long" create="true" search="true" entityID="4001"/>
		<attribute name="PARAMTYPE" valueType="java.lang.Integer" create="true" search="true">0</attribute>
		<attribute name="SYSNAME" valueType="java.lang.String" create="true" search="true">loanObjName</attribute>
		<attribute name="FULLNAME" valueType="java.lang.String" create="true">Модель автомобиля (без учета комплектации)</attribute>
		<attribute name="PARAMVALUETYPE" valueType="java.lang.String" create="true">java.lang.String</attribute>
		<attribute name="ISREQUIRED" valueType="java.lang.Integer" create="true">0</attribute>
		<attribute name="NAME" valueType="java.lang.String" create="true">Модель автомобиля (без учета комплектации)</attribute>
	</entity>
	<entity name="DMS_DATASETPARAM" id="83018" createMethod="ruleDatasetParamCreate" getMethod="ruleDatasetParamGetListByParams" createKeyParam="DATASETPARAMID" getKeyParam="DATASETPARAMID" service="dmsws">
		<attribute name="DATASETID" valueType="java.lang.Long" create="true" search="true" entityID="4001"/>
		<attribute name="PARAMTYPE" valueType="java.lang.Integer" create="true" search="true">0</attribute>
		<attribute name="SYSNAME" valueType="java.lang.String" create="true" search="true">comissionPercent</attribute>
		<attribute name="FULLNAME" valueType="java.lang.String" create="true">% комиссии</attribute>
		<attribute name="PARAMVALUETYPE" valueType="java.lang.String" create="true">java.lang.Double</attribute>
		<attribute name="ISREQUIRED" valueType="java.lang.Integer" create="true">0</attribute>
		<attribute name="NAME" valueType="java.lang.String" create="true">% комиссии</attribute>
	</entity>
	<entity name="DMS_DATASETPARAM" id="83019" createMethod="ruleDatasetParamCreate" getMethod="ruleDatasetParamGetListByParams" createKeyParam="DATASETPARAMID" getKeyParam="DATASETPARAMID" service="dmsws">
		<attribute name="DATASETID" valueType="java.lang.Long" create="true" search="true" entityID="4001"/>
		<attribute name="PARAMTYPE" valueType="java.lang.Integer" create="true" search="true">0</attribute>
		<attribute name="SYSNAME" valueType="java.lang.String" create="true" search="true">comissionAmount</attribute>
		<attribute name="FULLNAME" valueType="java.lang.String" create="true">Фиксированная комиссия в рублях</attribute>
		<attribute name="PARAMVALUETYPE" valueType="java.lang.String" create="true">java.lang.Double</attribute>
		<attribute name="ISREQUIRED" valueType="java.lang.Integer" create="true">0</attribute>
		<attribute name="NAME" valueType="java.lang.String" create="true">Фиксированная комиссия в рублях</attribute>
	</entity>
	<entity name="DMS_DATASETPARAM" id="83020" createMethod="ruleDatasetParamCreate" getMethod="ruleDatasetParamGetListByParams" createKeyParam="DATASETPARAMID" getKeyParam="DATASETPARAMID" service="dmsws">
		<attribute name="DATASETID" valueType="java.lang.Long" create="true" search="true" entityID="4001"/>
		<attribute name="PARAMTYPE" valueType="java.lang.Integer" create="true" search="true">0</attribute>
		<attribute name="SYSNAME" valueType="java.lang.String" create="true" search="true">CREATIONDATE</attribute>
		<attribute name="FULLNAME" valueType="java.lang.String" create="true">Дата создания заявки</attribute>
		<attribute name="PARAMVALUETYPE" valueType="java.lang.String" create="true">java.util.Date</attribute>
		<attribute name="ISREQUIRED" valueType="java.lang.Integer" create="true">0</attribute>
		<attribute name="NAME" valueType="java.lang.String" create="true">Дата создания заявки</attribute>
	</entity>
	<!--entity name="DMS_DATASETPARAM" id="83021" createMethod="ruleDatasetParamCreate" getMethod="ruleDatasetParamGetListByParams" createKeyParam="DATASETPARAMID" getKeyParam="DATASETPARAMID" service="dmsws">
		<attribute name="DATASETID" valueType="java.lang.Long" create="true" search="true" entityID="4001"/>
		<attribute name="PARAMTYPE" valueType="java.lang.Integer" create="true" search="true">0</attribute>
		<attribute name="SYSNAME" valueType="java.lang.String" create="true" search="true">isPositiveCreditHistory</attribute>
		<attribute name="FULLNAME" valueType="java.lang.String" create="true">Положительная кредитная история за исключением повторных клиентов</attribute>
		<attribute name="PARAMVALUETYPE" valueType="java.lang.String" create="true">java.lang.String</attribute>
		<attribute name="ISREQUIRED" valueType="java.lang.Integer" create="true">0</attribute>
		<attribute name="NAME" valueType="java.lang.String" create="true">Положительная кредитная история за исключением повторных клиентов</attribute>
	</entity>
	<entity name="DMS_DATASETPARAM" id="83022" createMethod="ruleDatasetParamCreate" getMethod="ruleDatasetParamGetListByParams" createKeyParam="DATASETPARAMID" getKeyParam="DATASETPARAMID" service="dmsws">
		<attribute name="DATASETID" valueType="java.lang.Long" create="true" search="true" entityID="4001"/>
		<attribute name="PARAMTYPE" valueType="java.lang.Integer" create="true" search="true">0</attribute>
		<attribute name="SYSNAME" valueType="java.lang.String" create="true" search="true">isRepeatedClient</attribute>
		<attribute name="FULLNAME" valueType="java.lang.String" create="true">Повторный клиент</attribute>
		<attribute name="PARAMVALUETYPE" valueType="java.lang.String" create="true">java.lang.String</attribute>
		<attribute name="ISREQUIRED" valueType="java.lang.Integer" create="true">0</attribute>
		<attribute name="NAME" valueType="java.lang.String" create="true">Повторный клиент</attribute>
	</entity>
	<entity name="DMS_DATASETPARAM" id="83023" createMethod="ruleDatasetParamCreate" getMethod="ruleDatasetParamGetListByParams" createKeyParam="DATASETPARAMID" getKeyParam="DATASETPARAMID" service="dmsws">
		<attribute name="DATASETID" valueType="java.lang.Long" create="true" search="true" entityID="4001"/>
		<attribute name="PARAMTYPE" valueType="java.lang.Integer" create="true" search="true">0</attribute>
		<attribute name="SYSNAME" valueType="java.lang.String" create="true" search="true">isProvideJobConfirmDoc</attribute>
		<attribute name="FULLNAME" valueType="java.lang.String" create="true">Предоставлен документ, подтверждающий занятость</attribute>
		<attribute name="PARAMVALUETYPE" valueType="java.lang.String" create="true">java.lang.String</attribute>
		<attribute name="ISREQUIRED" valueType="java.lang.Integer" create="true">0</attribute>
		<attribute name="NAME" valueType="java.lang.String" create="true">Предоставлен документ, подтверждающий занятость</attribute>
	</entity>
	<entity name="DMS_DATASETPARAM" id="83024" createMethod="ruleDatasetParamCreate" getMethod="ruleDatasetParamGetListByParams" createKeyParam="DATASETPARAMID" getKeyParam="DATASETPARAMID" service="dmsws">
		<attribute name="DATASETID" valueType="java.lang.Long" create="true" search="true" entityID="4001"/>
		<attribute name="PARAMTYPE" valueType="java.lang.Integer" create="true" search="true">0</attribute>
		<attribute name="SYSNAME" valueType="java.lang.String" create="true" search="true">isProlongedGuarantee</attribute>
		<attribute name="FULLNAME" valueType="java.lang.String" create="true">Продленная гарантия, включенная в кредит</attribute>
		<attribute name="PARAMVALUETYPE" valueType="java.lang.String" create="true">java.lang.String</attribute>
		<attribute name="ISREQUIRED" valueType="java.lang.Integer" create="true">0</attribute>
		<attribute name="NAME" valueType="java.lang.String" create="true">Продленная гарантия, включенная в кредит</attribute>
	</entity>
	<entity name="DMS_DATASETPARAM" id="83025" createMethod="ruleDatasetParamCreate" getMethod="ruleDatasetParamGetListByParams" createKeyParam="DATASETPARAMID" getKeyParam="DATASETPARAMID" service="dmsws">
		<attribute name="DATASETID" valueType="java.lang.Long" create="true" search="true" entityID="4001"/>
		<attribute name="PARAMTYPE" valueType="java.lang.Integer" create="true" search="true">0</attribute>
		<attribute name="SYSNAME" valueType="java.lang.String" create="true" search="true">isGAPInsurance</attribute>
		<attribute name="FULLNAME" valueType="java.lang.String" create="true">Наличие GAP-страхования, включенного в кредит</attribute>
		<attribute name="PARAMVALUETYPE" valueType="java.lang.String" create="true">java.lang.String</attribute>
		<attribute name="ISREQUIRED" valueType="java.lang.Integer" create="true">0</attribute>
		<attribute name="NAME" valueType="java.lang.String" create="true">Наличие GAP-страхования, включенного в кредит</attribute>
	</entity>
	<entity name="DMS_DATASETPARAM" id="83026" createMethod="ruleDatasetParamCreate" getMethod="ruleDatasetParamGetListByParams" createKeyParam="DATASETPARAMID" getKeyParam="DATASETPARAMID" service="dmsws">
		<attribute name="DATASETID" valueType="java.lang.Long" create="true" search="true" entityID="4001"/>
		<attribute name="PARAMTYPE" valueType="java.lang.Integer" create="true" search="true">0</attribute>
		<attribute name="SYSNAME" valueType="java.lang.String" create="true" search="true">isPPIInsurance</attribute>
		<attribute name="FULLNAME" valueType="java.lang.String" create="true">Наличие PPI, включенного в кредит</attribute>
		<attribute name="PARAMVALUETYPE" valueType="java.lang.String" create="true">java.lang.String</attribute>
		<attribute name="ISREQUIRED" valueType="java.lang.Integer" create="true">0</attribute>
		<attribute name="NAME" valueType="java.lang.String" create="true">Наличие PPI, включенного в кредит</attribute>
	</entity>
	<entity name="DMS_DATASETPARAM" id="83027" createMethod="ruleDatasetParamCreate" getMethod="ruleDatasetParamGetListByParams" createKeyParam="DATASETPARAMID" getKeyParam="DATASETPARAMID" service="dmsws">
		<attribute name="DATASETID" valueType="java.lang.Long" create="true" search="true" entityID="4001"/>
		<attribute name="PARAMTYPE" valueType="java.lang.Integer" create="true" search="true">0</attribute>
		<attribute name="SYSNAME" valueType="java.lang.String" create="true" search="true">isKASKOInsurance</attribute>
		<attribute name="FULLNAME" valueType="java.lang.String" create="true">Наличие КАСКО, включенного в кредит</attribute>
		<attribute name="PARAMVALUETYPE" valueType="java.lang.String" create="true">java.lang.String</attribute>
		<attribute name="ISREQUIRED" valueType="java.lang.Integer" create="true">0</attribute>
		<attribute name="NAME" valueType="java.lang.String" create="true">Наличие КАСКО, включенного в кредит</attribute>
	</entity-->
	
	<!-- Регистрация серверных процессов-->		
	
	<entity name="CORE_PROCESSTYPE" id="1401" createMethod="shdaddjobtype" getMethod="shdJobTypes" createKeyParam="Result" getKeyParam="PROCESSTYPEID" service="corews">
		<attribute name="PROJECTSYSNAME" valueType="java.lang.String" search="true">FTDS</attribute>
		<attribute name="PROCTYPENAME" valueType="java.lang.String" create="true" search="true">dmsChangeInterestRate</attribute>
		<attribute name="PROCFILE" valueType="java.lang.String">dmsChangeInterestRate</attribute>
		<attribute name="DESCRIPTION" valueType="java.lang.String">Требование проверки СЭБ</attribute>
		<attribute name="PROJECTID" valueType="java.lang.Long" create="true" search="true" entityID="2"/>
	</entity>	
	<entity name="CORE_PROCESSTYPE" id="1402" createMethod="shdaddjobtype" getMethod="shdJobTypes" createKeyParam="Result" getKeyParam="PROCESSTYPEID" service="corews">
		<attribute name="PROJECTSYSNAME" valueType="java.lang.String" search="true">FTDS</attribute>
		<attribute name="PROCTYPENAME" valueType="java.lang.String" create="true" search="true">additionalParamsForChangeInterestRate</attribute>
		<attribute name="PROCFILE" valueType="java.lang.String">additionalParamsForChangeInterestRate</attribute>
		<attribute name="DESCRIPTION" valueType="java.lang.String">Получение дополнительных параметров для правил определения коэффициента изменения % ставки</attribute>
		<attribute name="PROJECTID" valueType="java.lang.Long" create="true" search="true" entityID="2"/>
	</entity>
	<entity name="CORE_PROCESSTYPE" id="1403" createMethod="shdaddjobtype" getMethod="shdJobTypes" createKeyParam="Result" getKeyParam="PROCESSTYPEID" service="corews">
		<attribute name="PROJECTSYSNAME" valueType="java.lang.String" search="true">FTDS</attribute>
		<attribute name="PROCTYPENAME" valueType="java.lang.String" create="true" search="true">getBaseInterestRate</attribute>
		<attribute name="PROCFILE" valueType="java.lang.String">getBaseInterestRate</attribute>
		<attribute name="DESCRIPTION" valueType="java.lang.String">Получение базовой % ставки</attribute>
		<attribute name="PROJECTID" valueType="java.lang.Long" create="true" search="true" entityID="2"/>
	</entity>
	<entity name="CORE_PROCESSTYPE" id="1404" createMethod="shdaddjobtype" getMethod="shdJobTypes" createKeyParam="Result" getKeyParam="PROCESSTYPEID" service="corews">
		<attribute name="PROJECTSYSNAME" valueType="java.lang.String" search="true">FTDS</attribute>
		<attribute name="PROCTYPENAME" valueType="java.lang.String" create="true" search="true">parseProtocolForChangeInterestRate</attribute>
		<attribute name="PROCFILE" valueType="java.lang.String">parseProtocolForChangeInterestRate</attribute>
		<attribute name="DESCRIPTION" valueType="java.lang.String">Разбор протокола правил определения корректирующего коэффициента для изменения % ставки</attribute>
		<attribute name="PROJECTID" valueType="java.lang.Long" create="true" search="true" entityID="2"/>
	</entity>
	
	<!-- Типы этапов обработки -->
	
	<entity name="DOC_DOCPROCTYPE" id="610" createMethod="docProcessingTypeCreate" getMethod="docProcessingTypeGetByDocTypeAndSysname" createKeyParam="DOCPROCTYPEID" getKeyParam="DOCPROCTYPEID" service="frontws2" isExtService="true">
		<attribute name="DOCUMENTTYPE" valueType="java.lang.Long" create="true" search="true">1002</attribute>
		<attribute name="SYSNAME" valueType="java.lang.String" create="true" search="true">changeInterestRate</attribute>
		<attribute name="NAME" valueType="java.lang.String" create="true">Применение условий изменения % ставки</attribute>
		<attribute name="PAGEFLOWNAME" valueType="java.lang.String" create="true"></attribute>
	</entity>	
	<entity name="DOC_DOCPROCTYPE" id="620" createMethod="docProcessingTypeCreate" getMethod="docProcessingTypeGetByDocTypeAndSysname" createKeyParam="DOCPROCTYPEID" getKeyParam="DOCPROCTYPEID" service="frontws2" isExtService="true">
		<attribute name="DOCUMENTTYPE" valueType="java.lang.Long" create="true" search="true">1003</attribute>
		<attribute name="SYSNAME" valueType="java.lang.String" create="true" search="true">changeInterestRate</attribute>
		<attribute name="NAME" valueType="java.lang.String" create="true">Применение условий изменения % ставки</attribute>
		<attribute name="PAGEFLOWNAME" valueType="java.lang.String" create="true"></attribute>
	</entity>
	<entity name="DOC_DOCPROCTYPE" id="630" createMethod="docProcessingTypeCreate" getMethod="docProcessingTypeGetByDocTypeAndSysname" createKeyParam="DOCPROCTYPEID" getKeyParam="DOCPROCTYPEID" service="frontws2" isExtService="true">
		<attribute name="DOCUMENTTYPE" valueType="java.lang.Long" create="true" search="true">1004</attribute>
		<attribute name="SYSNAME" valueType="java.lang.String" create="true" search="true">changeInterestRate</attribute>
		<attribute name="NAME" valueType="java.lang.String" create="true">Применение условий изменения % ставки</attribute>
		<attribute name="PAGEFLOWNAME" valueType="java.lang.String" create="true"></attribute>
	</entity>
	<entity name="DOC_DOCPROCTYPE" id="640" createMethod="docProcessingTypeCreate" getMethod="docProcessingTypeGetByDocTypeAndSysname" createKeyParam="DOCPROCTYPEID" getKeyParam="DOCPROCTYPEID" service="frontws2" isExtService="true">
		<attribute name="DOCUMENTTYPE" valueType="java.lang.Long" create="true" search="true">1005</attribute>
		<attribute name="SYSNAME" valueType="java.lang.String" create="true" search="true">changeInterestRate</attribute>
		<attribute name="NAME" valueType="java.lang.String" create="true">Применение условий изменения % ставки</attribute>
		<attribute name="PAGEFLOWNAME" valueType="java.lang.String" create="true"></attribute>
	</entity>
	<entity name="DOC_DOCPROCTYPE" id="650" createMethod="docProcessingTypeCreate" getMethod="docProcessingTypeGetByDocTypeAndSysname" createKeyParam="DOCPROCTYPEID" getKeyParam="DOCPROCTYPEID" service="frontws2" isExtService="true">
		<attribute name="DOCUMENTTYPE" valueType="java.lang.Long" create="true" search="true">1010</attribute>
		<attribute name="SYSNAME" valueType="java.lang.String" create="true" search="true">changeInterestRate</attribute>
		<attribute name="NAME" valueType="java.lang.String" create="true">Применение условий изменения % ставки</attribute>
		<attribute name="PAGEFLOWNAME" valueType="java.lang.String" create="true"></attribute>
	</entity>	
	
	<!-- Группы параметров банковских продуктов -->
	
	<entity name="PRD_PARAMGROUP" id="2777" createMethod="bankProductParamGroupCreate" getMethod="bankProductParamGroupGetListByParams" createKeyParam="PARAMGROUPID" getKeyParam="PARAMGROUPID" service="frontws2" isExtService="true">
		<attribute name="GROUPNAME" valueType="java.lang.String" create="true" search="true">Кредитные</attribute>
		<attribute name="DESCRIPTION" valueType="java.lang.String" create="true"></attribute>
		<attribute name="PARENTGROUPID" valueType="java.lang.Long" create="true" search="true">0</attribute>
	</entity>

	<!-- Типы параметров банковских продуктов-->
	
	<entity name="PRD_PARAMTYPE" id="2781" createMethod="bankProductParamTypeCreate" getMethod="bankProductParamTypeGetBySysname" createKeyParam="PTYPESYSNAME" getKeyParam="PTYPESYSNAME" service="frontws2" isExtService="true">
		<attribute name="PTYPESYSNAME" valueType="java.lang.String" create="true" search="true">ChangeInterestRateRuleSysName</attribute>
		<attribute name="PTYPETITLE" valueType="java.lang.String" create="true">Правило изменения процентной ставки</attribute>
		<attribute name="DESCRIPTION" valueType="java.lang.String" create="true">Правило изменения процентной ставки</attribute>
		<attribute name="PARAMGROUPID" valueType="java.lang.Long" create="true" search="true" entityID="2777"/>
	</entity>	
	
</root>