﻿<?xml version="1.0" encoding="UTF-8"?>
<root>

	<!-- Общее для всех модулей -->
	<entity name="AUTO_PK_SUPPORT" id="0" createMethod="setAutoPkSupportValues" getMethod="" createKeyParam="Result" getKeyParam="" service="">
		<attribute name="DMS_RULEGROUP" valueType="java.lang.String">RULEGROUPID</attribute>
		<attribute name="DMS_DATASET" valueType="java.lang.String">DATASETID</attribute>
		<attribute name="DMS_RULE" valueType="java.lang.String">RULEID</attribute>
		<attribute name="DMS_RULENODE" valueType="java.lang.String">RULENODEID</attribute>
		<attribute name="CORE_PROCESSTYPE" valueType="java.lang.String">PROCESSTYPEID</attribute>
	</entity>
	
	<!---Проекты -->
	
	<entity name="CORE_PROJECT" id="2" createMethod="admProjectAdd" getMethod="admProjectBySysname" additionalProcessMethod="admProjectBySysname" processKeyParam="PROJECTID" createKeyParam="PROJECTID" getKeyParam="PROJECTID" service="adminws">
        <attribute name="PROJECTSYSNAME" valueType="java.lang.String" create="true" process="true" search="true">FTDS</attribute>
        <attribute name="PROJECTNAME" valueType="java.lang.String">FLEXTERA "Поддержка принятия решения"</attribute>
    </entity>	
	
	<!-- Группы правил --> 

	<entity name="DMS_RULEGROUP" id="3001" createMethod="ruleGroupCreate" getMethod="ruleGroupGetListByParams" createKeyParam="RULEGROUPID" getKeyParam="RULEGROUPID" service="dmsws">
		<attribute name="SYSNAME" valueType="java.lang.String" create="true" search="true">decisionMakerCheckRulesGroup</attribute>
		<attribute name="NAME" valueType="java.lang.String" create="true" search="true">Проверки лиц принимающих решение</attribute>
		<attribute name="DESCRIPTION" valueType="java.lang.String">Проверки лиц принимающих решение</attribute>
	</entity>

	<entity name="DMS_RULEGROUP" id="3002" createMethod="ruleGroupCreate" getMethod="ruleGroupGetListByParams" createKeyParam="RULEGROUPID" getKeyParam="RULEGROUPID" service="dmsws">
		<attribute name="SYSNAME" valueType="java.lang.String" create="true" search="true">routeRules</attribute>
		<attribute name="NAME" valueType="java.lang.String" create="true" search="true">Правила маршрутизации</attribute>
		<attribute name="DESCRIPTION" valueType="java.lang.String">Правила для точек маршрутизации</attribute>
	</entity>	
	
	<!-- Группы параметров правил (Dataset) --> 
	
	<entity name="DMS_DATASET" id="4001" createMethod="ruleDatasetCreate" getMethod="ruleDatasetGetListByParams" createKeyParam="DATASETID" getKeyParam="DATASETID" service="dmsws">
		<attribute name="SYSNAME" valueType="java.lang.String" create="true" search="true">decisionMakerCheckParams</attribute>
		<attribute name="FULLNAME" valueType="java.lang.String">Параметры проверки лиц принимающих решение</attribute>
	</entity>

	<entity name="DMS_DATASET" id="4002" createMethod="ruleDatasetCreate" getMethod="ruleDatasetGetListByParams" createKeyParam="DATASETID" getKeyParam="DATASETID" service="dmsws">
		<attribute name="SYSNAME" valueType="java.lang.String" create="true" search="true">checkStageResults</attribute>
		<attribute name="FULLNAME" valueType="java.lang.String">Результаты проверки решения</attribute>
	</entity>

	<!-- Параметры для набора данных (правила для проверок) -->
	
	<entity name="DMS_DATASETPARAM" id="1886" createMethod="ruleDatasetParamCreate" getMethod="ruleDatasetParamGetListByParams" createKeyParam="DATASETPARAMID" getKeyParam="DATASETPARAMID" service="dmsws" isIntService="true">
		<attribute name="DATASETID" valueType="java.lang.Long" create="true" search="true" entityID="4002"/>
		<attribute name="PARAMTYPE" valueType="java.lang.Integer" create="true" search="true">0</attribute>
		<attribute name="SYSNAME" valueType="java.lang.String" create="true" search="true">checkResult</attribute>
		<attribute name="NAME" valueType="java.lang.String" create="true"></attribute>
		<attribute name="FULLNAME" valueType="java.lang.String" create="true">Результат</attribute>
		<attribute name="PARAMVALUETYPE" valueType="java.lang.String" create="true" search="true">java.lang.String</attribute>
		<attribute name="ISREQUIRED" valueType="java.lang.Integer" create="true">0</attribute>
	</entity>
	
	<!-- Правила -->
	
	<entity name="DMS_RULE" id="5001" createMethod="ruleCreate" getMethod="ruleGetListByParams" createKeyParam="RULEID" getKeyParam="RULEID" service="dmsws" isIntService="true">
		<attribute name="SYSNAME" valueType="java.lang.String" create="true" search="true">ruleCheckNext</attribute>
		<attribute name="NAME" valueType="java.lang.String" create="true">Переход далее по процессу по результатам проверки</attribute>
		<attribute name="DESCRIPTION" valueType="java.lang.String" create="true">Правило для перехода далее по процессу по результатам проверки</attribute>
		<attribute name="RULEGROUPID" valueType="java.lang.Long" create="true" search="true" entityID="3002"/>
		<attribute name="DATASETID" valueType="java.lang.Long" create="true" search="true" entityID="4002"/>
	</entity>
	<entity name="DMS_RULE" id="5002" createMethod="ruleCreate" getMethod="ruleGetListByParams" createKeyParam="RULEID" getKeyParam="RULEID" service="dmsws" isIntService="true">
		<attribute name="SYSNAME" valueType="java.lang.String" create="true" search="true">ruleCheckBack</attribute>
		<attribute name="NAME" valueType="java.lang.String" create="true">Переход назад по процессу по результатам проверки</attribute>
		<attribute name="DESCRIPTION" valueType="java.lang.String" create="true">Правило для перехода назад по процессу по результатам проверки</attribute>
		<attribute name="RULEGROUPID" valueType="java.lang.Long" create="true" search="true" entityID="3002"/>
		<attribute name="DATASETID" valueType="java.lang.Long" create="true" search="true" entityID="4002"/>
	</entity>
	<entity name="DMS_RULE" id="5003" createMethod="ruleCreate" getMethod="ruleGetListByParams" createKeyParam="RULEID" getKeyParam="RULEID" service="dmsws" isIntService="true">
		<attribute name="SYSNAME" valueType="java.lang.String" create="true" search="true">ruleCheckError</attribute>
		<attribute name="NAME" valueType="java.lang.String" create="true">Переход по ошибке по результатам проверки</attribute>
		<attribute name="DESCRIPTION" valueType="java.lang.String" create="true">Правило для перехода по ошибке по результатам проверки</attribute>
		<attribute name="RULEGROUPID" valueType="java.lang.Long" create="true" search="true" entityID="3002"/>
		<attribute name="DATASETID" valueType="java.lang.Long" create="true" search="true" entityID="4002"/>
	</entity>	
	
	<!-- Операции -->
	
	<entity name="DMS_OPERATION" id="1911" createMethod="ruleOperationCreate" getMethod="ruleOperationGetListByParams" createKeyParam="OPERATIONID" getKeyParam="OPERATIONID" service="dmsws" isIntService="true">
		<attribute name="SYSNAME" valueType="java.lang.String" create="true" search="true">EQUAL</attribute>
		<attribute name="NAME" valueType="java.lang.String" create="true">==</attribute>
		<attribute name="DESCRIPTION" valueType="java.lang.String" create="true"></attribute>
		<attribute name="GROUPSYSNAME" valueType="java.lang.String" create="true" search="true">CHK</attribute>
	</entity>
	
	<!-- Элементы правил -->
	
	<entity name="DMS_RULENODE" id="111001" createMethod="ruleNodeCreate" getMethod="ruleNodeGetListByParams" createKeyParam="RULENODEID" getKeyParam="RULENODEID" service="dmsws" isIntService="true">
		<attribute name="PARENTRULENODEID" valueType="java.lang.Integer" create="true" search="true">0</attribute>
		<attribute name="RULEID" valueType="java.lang.Long" create="true" search="true" entityID="5001"/>
		<attribute name="NODETYPE" valueType="java.lang.Integer" create="true">0</attribute>
		<attribute name="VALUEID" valueType="java.lang.Long" create="true" search="true" entityID="1911"/>
		<attribute name="NODEVALUE" valueType="java.util.Map" create="true"><![CDATA[<?xml version="1.0" encoding="UTF-8"?><content version="1.0"/>]]></attribute>
		<attribute name="DEFAULTVALUE" valueType="java.lang.String" create="true"></attribute>
		<attribute name="ISUSEDEFAULT" valueType="java.lang.Integer" create="true">0</attribute>
		<attribute name="ORDERNO" valueType="java.lang.Integer" create="true" search="true">1</attribute>
		<attribute name="MARK" valueType="java.lang.Integer" create="true" search="true"></attribute>
		<attribute name="SYSNAME" valueType="java.lang.String" create="true"></attribute>
		<attribute name="NAME" valueType="java.lang.String" create="true"></attribute>
	</entity>
	<entity name="DMS_RULENODE" id="111002" createMethod="ruleNodeCreate" getMethod="ruleNodeGetListByParams" createKeyParam="RULENODEID" getKeyParam="RULENODEID" service="dmsws" isIntService="true">
		<attribute name="PARENTRULENODEID" valueType="java.lang.Integer" create="true" search="true" entityID="111001"/>
		<attribute name="RULEID" valueType="java.lang.Long" create="true" search="true" entityID="5001"/>
		<attribute name="NODETYPE" valueType="java.lang.Integer" create="true">1</attribute>
		<attribute name="VALUEID" valueType="java.lang.Long" create="true" search="true" entityID="1886"/>
		<attribute name="DEFAULTVALUE" valueType="java.lang.String" create="true">ERROR</attribute>
		<attribute name="ISUSEDEFAULT" valueType="java.lang.Integer" create="true">1</attribute>
		<attribute name="ORDERNO" valueType="java.lang.Integer" create="true" search="true">1</attribute>
		<attribute name="MARK" valueType="java.lang.Integer" create="true" search="true"></attribute>
		<attribute name="SYSNAME" valueType="java.lang.String" create="true"></attribute>
		<attribute name="NAME" valueType="java.lang.String" create="true"></attribute>
	</entity>
	<entity name="DMS_RULENODE" id="111003" createMethod="ruleNodeCreate" getMethod="ruleNodeGetListByParams" createKeyParam="RULENODEID" getKeyParam="RULENODEID" service="dmsws" isIntService="true">
		<attribute name="PARENTRULENODEID" valueType="java.lang.Integer" create="true" search="true" entityID="111001"/>
		<attribute name="RULEID" valueType="java.lang.Long" create="true" search="true" entityID="5001"/>
		<attribute name="NODETYPE" valueType="java.lang.Integer" create="true">3</attribute>
		<attribute name="NODEVALUE" valueType="java.util.Map" create="true"><![CDATA[<?xml version="1.0" encoding="UTF-8"?><content version="1.0"><param name="VALUE" value="NEXT" valueClass="java.lang.String"/><param name="VALUETYPE" value="java.lang.String" valueClass="java.lang.String"/></content>]]></attribute>
		<attribute name="DEFAULTVALUE" valueType="java.lang.String" create="true"></attribute>
		<attribute name="ISUSEDEFAULT" valueType="java.lang.Integer" create="true">0</attribute>
		<attribute name="ORDERNO" valueType="java.lang.Integer" create="true" search="true">2</attribute>
		<attribute name="MARK" valueType="java.lang.Integer" create="true" search="true">0</attribute>
		<attribute name="SYSNAME" valueType="java.lang.String" create="true"></attribute>
		<attribute name="NAME" valueType="java.lang.String" create="true"></attribute>
	</entity>

	<entity name="DMS_RULENODE" id="111011" createMethod="ruleNodeCreate" getMethod="ruleNodeGetListByParams" createKeyParam="RULENODEID" getKeyParam="RULENODEID" service="dmsws" isIntService="true">
		<attribute name="PARENTRULENODEID" valueType="java.lang.Integer" create="true" search="true">0</attribute>
		<attribute name="RULEID" valueType="java.lang.Long" create="true" search="true" entityID="5002"/>
		<attribute name="NODETYPE" valueType="java.lang.Integer" create="true">0</attribute>
		<attribute name="VALUEID" valueType="java.lang.Long" create="true" search="true" entityID="1911"/>
		<attribute name="NODEVALUE" valueType="java.util.Map" create="true"><![CDATA[<?xml version="1.0" encoding="UTF-8"?><content version="1.0"/>]]></attribute>
		<attribute name="DEFAULTVALUE" valueType="java.lang.String" create="true"></attribute>
		<attribute name="ISUSEDEFAULT" valueType="java.lang.Integer" create="true">0</attribute>
		<attribute name="ORDERNO" valueType="java.lang.Integer" create="true" search="true">1</attribute>
		<attribute name="MARK" valueType="java.lang.Integer" create="true" search="true"></attribute>
		<attribute name="SYSNAME" valueType="java.lang.String" create="true"></attribute>
		<attribute name="NAME" valueType="java.lang.String" create="true"></attribute>
	</entity>
	<entity name="DMS_RULENODE" id="111012" createMethod="ruleNodeCreate" getMethod="ruleNodeGetListByParams" createKeyParam="RULENODEID" getKeyParam="RULENODEID" service="dmsws" isIntService="true">
		<attribute name="PARENTRULENODEID" valueType="java.lang.Integer" create="true" search="true" entityID="111011"/>
		<attribute name="RULEID" valueType="java.lang.Long" create="true" search="true" entityID="5002"/>
		<attribute name="NODETYPE" valueType="java.lang.Integer" create="true">1</attribute>
		<attribute name="VALUEID" valueType="java.lang.Long" create="true" search="true" entityID="1886"/>
		<attribute name="DEFAULTVALUE" valueType="java.lang.String" create="true">ERROR</attribute>
		<attribute name="ISUSEDEFAULT" valueType="java.lang.Integer" create="true">1</attribute>
		<attribute name="ORDERNO" valueType="java.lang.Integer" create="true" search="true">1</attribute>
		<attribute name="MARK" valueType="java.lang.Integer" create="true" search="true"></attribute>
		<attribute name="SYSNAME" valueType="java.lang.String" create="true"></attribute>
		<attribute name="NAME" valueType="java.lang.String" create="true"></attribute>
	</entity>
	<entity name="DMS_RULENODE" id="111013" createMethod="ruleNodeCreate" getMethod="ruleNodeGetListByParams" createKeyParam="RULENODEID" getKeyParam="RULENODEID" service="dmsws" isIntService="true">
		<attribute name="PARENTRULENODEID" valueType="java.lang.Integer" create="true" search="true" entityID="111011"/>
		<attribute name="RULEID" valueType="java.lang.Long" create="true" search="true" entityID="5002"/>
		<attribute name="NODETYPE" valueType="java.lang.Integer" create="true">3</attribute>
		<attribute name="NODEVALUE" valueType="java.util.Map" create="true"><![CDATA[<?xml version="1.0" encoding="UTF-8"?><content version="1.0"><param name="VALUE" value="BACK" valueClass="java.lang.String"/><param name="VALUETYPE" value="java.lang.String" valueClass="java.lang.String"/></content>]]></attribute>
		<attribute name="DEFAULTVALUE" valueType="java.lang.String" create="true"></attribute>
		<attribute name="ISUSEDEFAULT" valueType="java.lang.Integer" create="true">0</attribute>
		<attribute name="ORDERNO" valueType="java.lang.Integer" create="true" search="true">2</attribute>
		<attribute name="MARK" valueType="java.lang.Integer" create="true" search="true">0</attribute>
		<attribute name="SYSNAME" valueType="java.lang.String" create="true"></attribute>
		<attribute name="NAME" valueType="java.lang.String" create="true"></attribute>
	</entity>

	<entity name="DMS_RULENODE" id="111021" createMethod="ruleNodeCreate" getMethod="ruleNodeGetListByParams" createKeyParam="RULENODEID" getKeyParam="RULENODEID" service="dmsws" isIntService="true">
		<attribute name="PARENTRULENODEID" valueType="java.lang.Integer" create="true" search="true">0</attribute>
		<attribute name="RULEID" valueType="java.lang.Long" create="true" search="true" entityID="5003"/>
		<attribute name="NODETYPE" valueType="java.lang.Integer" create="true">0</attribute>
		<attribute name="VALUEID" valueType="java.lang.Long" create="true" search="true" entityID="1911"/>
		<attribute name="NODEVALUE" valueType="java.util.Map" create="true"><![CDATA[<?xml version="1.0" encoding="UTF-8"?><content version="1.0"/>]]></attribute>
		<attribute name="DEFAULTVALUE" valueType="java.lang.String" create="true"></attribute>
		<attribute name="ISUSEDEFAULT" valueType="java.lang.Integer" create="true">0</attribute>
		<attribute name="ORDERNO" valueType="java.lang.Integer" create="true" search="true">1</attribute>
		<attribute name="MARK" valueType="java.lang.Integer" create="true" search="true"></attribute>
		<attribute name="SYSNAME" valueType="java.lang.String" create="true"></attribute>
		<attribute name="NAME" valueType="java.lang.String" create="true"></attribute>
	</entity>
	<entity name="DMS_RULENODE" id="111022" createMethod="ruleNodeCreate" getMethod="ruleNodeGetListByParams" createKeyParam="RULENODEID" getKeyParam="RULENODEID" service="dmsws" isIntService="true">
		<attribute name="PARENTRULENODEID" valueType="java.lang.Integer" create="true" search="true" entityID="111021"/>
		<attribute name="RULEID" valueType="java.lang.Long" create="true" search="true" entityID="5003"/>
		<attribute name="NODETYPE" valueType="java.lang.Integer" create="true">1</attribute>
		<attribute name="VALUEID" valueType="java.lang.Long" create="true" search="true" entityID="1886"/>
		<attribute name="DEFAULTVALUE" valueType="java.lang.String" create="true">ERROR</attribute>
		<attribute name="ISUSEDEFAULT" valueType="java.lang.Integer" create="true">1</attribute>
		<attribute name="ORDERNO" valueType="java.lang.Integer" create="true" search="true">1</attribute>
		<attribute name="MARK" valueType="java.lang.Integer" create="true" search="true"></attribute>
		<attribute name="SYSNAME" valueType="java.lang.String" create="true"></attribute>
		<attribute name="NAME" valueType="java.lang.String" create="true"></attribute>
	</entity>
	<entity name="DMS_RULENODE" id="111023" createMethod="ruleNodeCreate" getMethod="ruleNodeGetListByParams" createKeyParam="RULENODEID" getKeyParam="RULENODEID" service="dmsws" isIntService="true">
		<attribute name="PARENTRULENODEID" valueType="java.lang.Integer" create="true" search="true" entityID="111021"/>
		<attribute name="RULEID" valueType="java.lang.Long" create="true" search="true" entityID="5003"/>
		<attribute name="NODETYPE" valueType="java.lang.Integer" create="true">3</attribute>
		<attribute name="NODEVALUE" valueType="java.util.Map" create="true"><![CDATA[<?xml version="1.0" encoding="UTF-8"?><content version="1.0"><param name="VALUE" value="ERROR" valueClass="java.lang.String"/><param name="VALUETYPE" value="java.lang.String" valueClass="java.lang.String"/></content>]]></attribute>
		<attribute name="DEFAULTVALUE" valueType="java.lang.String" create="true"></attribute>
		<attribute name="ISUSEDEFAULT" valueType="java.lang.Integer" create="true">0</attribute>
		<attribute name="ORDERNO" valueType="java.lang.Integer" create="true" search="true">2</attribute>
		<attribute name="MARK" valueType="java.lang.Integer" create="true" search="true">0</attribute>
		<attribute name="SYSNAME" valueType="java.lang.String" create="true"></attribute>
		<attribute name="NAME" valueType="java.lang.String" create="true"></attribute>
	</entity>
	
	<!-- Регистрация серверных процессов-->		
	
	<entity name="CORE_PROCESSTYPE" id="1401" createMethod="shdaddjobtype" getMethod="shdJobTypes" createKeyParam="Result" getKeyParam="PROCESSTYPEID" service="corews">
		<attribute name="PROJECTSYSNAME" valueType="java.lang.String" search="true">FTDS</attribute>
		<attribute name="PROCTYPENAME" valueType="java.lang.String" create="true" search="true">dmsEmpoweredPersonCheck</attribute>
		<attribute name="PROCFILE" valueType="java.lang.String">dmsEmpoweredPersonCheck</attribute>
		<attribute name="DESCRIPTION" valueType="java.lang.String">Проверка получения лица, принимающего решения</attribute>
		<attribute name="PROJECTID" valueType="java.lang.Long" create="true" search="true" entityID="2"/>
	</entity>	
	<entity name="CORE_PROCESSTYPE" id="1402" createMethod="shdaddjobtype" getMethod="shdJobTypes" createKeyParam="Result" getKeyParam="PROCESSTYPEID" service="corews">
		<attribute name="PROJECTSYSNAME" valueType="java.lang.String" search="true">FTDS</attribute>
		<attribute name="PROCTYPENAME" valueType="java.lang.String" create="true" search="true">getLPRUsersList</attribute>
		<attribute name="PROCFILE" valueType="java.lang.String">getLPRUsersList</attribute>
		<attribute name="DESCRIPTION" valueType="java.lang.String">Чтение списка пользователей по лимитам</attribute>
		<attribute name="PROJECTID" valueType="java.lang.Long" create="true" search="true" entityID="2"/>
	</entity>
	<entity name="CORE_PROCESSTYPE" id="1403" createMethod="shdaddjobtype" getMethod="shdJobTypes" createKeyParam="Result" getKeyParam="PROCESSTYPEID" service="corews">
		<attribute name="PROJECTSYSNAME" valueType="java.lang.String" search="true">FTDS</attribute>
		<attribute name="PROCTYPENAME" valueType="java.lang.String" create="true" search="true">getUsersList</attribute>
		<attribute name="PROCFILE" valueType="java.lang.String">getUsersList</attribute>
		<attribute name="DESCRIPTION" valueType="java.lang.String">Чтение списка пользователей по роли</attribute>
		<attribute name="PROJECTID" valueType="java.lang.Long" create="true" search="true" entityID="2"/>
	</entity>
	
</root>