<?xml version="1.0" encoding="UTF-8"?>
<root>
    <!-- Группа правил «Правила маршрутизации» -->
    <entity name="DMS_RULEGROUP" id="10002" createMethod="ruleGroupCreate" getMethod="ruleGroupGetListByParams" createKeyParam="RULEGROUPID" getKeyParam="RULEGROUPID" service="dmsws">
        <attribute name="SYSNAME" valueType="java.lang.String" create="true" search="true">routeRules</attribute>
        <attribute name="NAME" valueType="java.lang.String" create="true">Правила маршрутизации</attribute>
        <attribute name="DESCRIPTION" valueType="java.lang.String" create="true">Правила для точек маршрутизации</attribute>
    </entity>

    <!-- Набор данных Результаты проверок -->
    <entity name="DMS_DATASET" id="20003" createMethod="ruleDatasetCreate" getMethod="ruleDatasetGetListByParams" createKeyParam="DATASETID" getKeyParam="DATASETID" service="dmsws">
        <attribute name="SYSNAME" valueType="java.lang.String" create="true" search="true">checkResults</attribute>
        <attribute name="FULLNAME" valueType="java.lang.String" create="true">Результаты проверок</attribute>
    </entity>

    <!-- Параметр «checkResult» -->
    <entity name="DMS_DATASETPARAM" id="300011" createMethod="ruleDatasetParamCreate" getMethod="ruleDatasetParamGetListByParams" createKeyParam="DATASETPARAMID" getKeyParam="DATASETPARAMID" service="dmsws">
        <attribute name="DATASETID" valueType="java.lang.Long" create="true" search="true" entityID="20003"/>
        <attribute name="PARAMTYPE" valueType="java.lang.Integer" create="true" search="true">0</attribute>
        <attribute name="SYSNAME" valueType="java.lang.String" create="true" search="true">checkResult</attribute>
        <attribute name="FULLNAME" valueType="java.lang.String" create="true">Результат проверки</attribute>
        <attribute name="PARAMVALUETYPE" valueType="java.lang.String" create="true" search="true">java.lang.Integer</attribute>
        <attribute name="ISREQUIRED" valueType="java.lang.Integer" create="true">0</attribute>
    </entity>

    <!-- Операция EQUAL -->
    <entity name="DMS_OPERATION" id="400011" createMethod="ruleOperationCreate" getMethod="ruleOperationGetListByParams" createKeyParam="OPERATIONID" getKeyParam="OPERATIONID" service="dmsws">
        <attribute name="SYSNAME" valueType="java.lang.String" create="true" search="true">EQUAL</attribute>
        <attribute name="NAME" valueType="java.lang.String" create="true"><![CDATA[==]]></attribute>
        <attribute name="DESCRIPTION" valueType="java.lang.String" create="true"></attribute>
        <attribute name="GROUPSYSNAME" valueType="java.lang.String" create="true" search="true">CHK</attribute>
    </entity>

    <!-- Правило «Отказ по результатам проверки» -->
    <entity name="DMS_RULE" id="50007" createMethod="ruleCreate" getMethod="ruleGetListByParams" createKeyParam="RULEID" getKeyParam="RULEID" service="dmsws">
        <attribute name="SYSNAME" valueType="java.lang.String" create="true" search="true">ruleCheckDeny</attribute>
        <attribute name="NAME" valueType="java.lang.String" create="true">Отказ по результатам проверки</attribute>
        <attribute name="DESCRIPTION" valueType="java.lang.String" create="true">Правило для отказа по результатам проверки</attribute>
        <attribute name="RULEGROUPID" valueType="java.lang.Long" create="true" search="true" entityID="10002"/>
        <attribute name="DATASETID" valueType="java.lang.Long" create="true" search="true" entityID="20003"/>
    </entity>

    <!-- Узел правила «Отказ по результатам проверки» -->
    <entity name="DMS_RULENODE" id="600027" createMethod="ruleNodeCreate" getMethod="ruleNodeGetListByParams" createKeyParam="RULENODEID" getKeyParam="RULENODEID" service="dmsws">
        <attribute name="PARENTRULENODEID" valueType="java.lang.Integer" create="true" search="true">0</attribute>
        <attribute name="RULEID" valueType="java.lang.Long" create="true" search="true" entityID="50007"/>
        <attribute name="NODETYPE" valueType="java.lang.Integer" create="true">0</attribute>
        <attribute name="VALUEID" valueType="java.lang.Long" create="true" search="true" entityID="400011"/>
        <attribute name="DEFAULTVALUE" valueType="java.lang.String" create="true"></attribute>
        <attribute name="ISUSEDEFAULT" valueType="java.lang.Integer" create="true">0</attribute>
        <attribute name="ORDERNO" valueType="java.lang.Integer" create="true" search="true">1</attribute>
        <attribute name="MARK" valueType="java.lang.Integer" create="true" search="true">0</attribute>
    </entity>

    <!-- Узел правила «Отказ по результатам проверки» -->
    <entity name="DMS_RULENODE" id="600037" createMethod="ruleNodeCreate" getMethod="ruleNodeGetListByParams" createKeyParam="RULENODEID" getKeyParam="RULENODEID" service="dmsws">
        <attribute name="PARENTRULENODEID" valueType="java.lang.Long" create="true" search="true" entityID="600027"/>
        <attribute name="RULEID" valueType="java.lang.Long" create="true" search="true" entityID="50007"/>
        <attribute name="NODETYPE" valueType="java.lang.Integer" create="true">1</attribute>
        <attribute name="VALUEID" valueType="java.lang.Long" create="true" search="true" entityID="300011"/>
        <attribute name="DEFAULTVALUE" valueType="java.lang.String" create="true">0</attribute>
        <attribute name="ISUSEDEFAULT" valueType="java.lang.Integer" create="true">1</attribute>
        <attribute name="ORDERNO" valueType="java.lang.Integer" create="true" search="true">1</attribute>
        <attribute name="MARK" valueType="java.lang.Integer" create="true" search="true">0</attribute>
    </entity>

    <!-- Узел правила «Отказ по результатам проверки» -->
    <entity name="DMS_RULENODE" id="600086" createMethod="ruleNodeCreate" getMethod="ruleNodeGetListByParams" createKeyParam="RULENODEID" getKeyParam="RULENODEID" service="dmsws">
        <attribute name="PARENTRULENODEID" valueType="java.lang.Long" create="true" search="true" entityID="600027"/>
        <attribute name="RULEID" valueType="java.lang.Long" create="true" search="true" entityID="50007"/>
        <attribute name="NODETYPE" valueType="java.lang.Integer" create="true">3</attribute>
        <attribute name="NODEVALUE" valueType="java.util.Map" create="true"><![CDATA[<?xml version="1.0" encoding="UTF-8"?><content version="1.0"><param name="VALUE" value="0" valueClass="java.lang.Integer"/><param name="VALUETYPE" value="java.lang.Integer" valueClass="java.lang.String"/></content>]]></attribute>
        <attribute name="DEFAULTVALUE" valueType="java.lang.String" create="true"></attribute>
        <attribute name="ISUSEDEFAULT" valueType="java.lang.Integer" create="true">0</attribute>
        <attribute name="ORDERNO" valueType="java.lang.Integer" create="true" search="true">2</attribute>
        <attribute name="MARK" valueType="java.lang.Integer" create="true" search="true">0</attribute>
    </entity>

</root>