﻿<?xml version="1.0" encoding="UTF-8"?>
<root>

	<!-- Проект -->

	<entity name="CORE_PROJECT" id="1" createMethod="admProjectAdd" getMethod="admProjectBySysname" additionalProcessMethod="admProjectBySysname" processKeyParam="PROJECTID" createKeyParam="PROJECTID" getKeyParam="PROJECTID" service="adminws">
		<attribute name="PROJECTSYSNAME" valueType="java.lang.String" create="true" process="true" search="true">FTDS</attribute>
		<attribute name="PROJECTNAME" valueType="java.lang.String">FLEXTERA "Поддержка принятия решения"</attribute>
		<attribute name="METADATAURL" valueType="java.lang.String">c:\FLEXTERA\FTDS\metadata</attribute>
		<attribute name="USERMETADATAURL" valueType="java.lang.String">c:\FLEXTERA\FTDS\metadata</attribute>
	</entity>

	<entity name="CORE_PROJECT" id="2" createMethod="admProjectAdd" getMethod="admProjectBySysname" additionalProcessMethod="admProjectBySysname" processKeyParam="PROJECTID" createKeyParam="PROJECTID" getKeyParam="PROJECTID" service="adminws">
		<attribute name="PROJECTSYSNAME" valueType="java.lang.String" create="true" process="true" search="true">FTFLOANS</attribute>
		<attribute name="PROJECTNAME" valueType="java.lang.String">FLEXTERA "Кредитная заявка и обслуживание заемщиков"</attribute>
		<attribute name="METADATAURL" valueType="java.lang.String">c:\FLEXTERA\FTFLOANS\metadata</attribute>
		<attribute name="USERMETADATAURL" valueType="java.lang.String">c:\FLEXTERA\FTFLOANS\metadata</attribute>
	</entity>
	
	<!-- Группы банковских продуктов -->

	<entity name="PRD_PRODUCTGROUP" id="10" createMethod="bankProductGroupCreate" getMethod="bankProductGroupGetListByParams" createKeyParam="PRODUCTGROUPID" getKeyParam="PRODUCTGROUPID" service="frontws2" isExtService="true">
		<attribute name="PARENTGROUPID" valueType="java.lang.Long" create="true" search="true">0</attribute>
		<attribute name="GROUPNAME" valueType="java.lang.String" create="true" search="true">Кредитные продукты</attribute>
		<attribute name="DESCRIPTION" valueType="java.lang.String" create="true"></attribute>
	</entity>

	<entity name="PRD_PRODUCTGROUP" id="11" createMethod="bankProductGroupCreate" getMethod="bankProductGroupGetListByParams" createKeyParam="PRODUCTGROUPID" getKeyParam="PRODUCTGROUPID" service="frontws2" isExtService="true">
		<attribute name="PARENTGROUPID" valueType="java.lang.Long" create="true" search="true" entityID="10"/>
		<attribute name="GROUPNAME" valueType="java.lang.String" create="true" search="true">Автокредиты</attribute>
		<attribute name="DESCRIPTION" valueType="java.lang.String" create="true"></attribute>
	</entity>
	
	<!-- Банковские продукты -->

	<entity name="PRD_PRODUCT" id="20" createMethod="bankProductCreate" getMethod="bankProductGetListByParam" createKeyParam="PRODUCTID" getKeyParam="PRODUCTID" service="frontws2" isExtService="true">
		<attribute name="PRODUCTGROUPID" valueType="java.lang.Long" create="true" search="true" entityID="11"/>
		<attribute name="PRODUCTNAME" valueType="java.lang.String" create="true" search="true">Кредит на новый автомобиль (с обязательным страхованием Автокаско)</attribute>
		<attribute name="STATUS" valueType="java.lang.String" create="true">ACTIVE</attribute>
		<attribute name="VALIDFROM" valueType="java.lang.Float" create="true">40228.0000002</attribute>
		<attribute name="VALIDTO" valueType="java.lang.Float" create="true">43879.8750002</attribute>
		<attribute name="DESCRIPTION1" valueType="java.lang.String" create="true">Кредит на новый автомобиль (с обязательным страхованием Автокаско)</attribute>
	</entity>

	<!-- Машина состояний (состояния)-->
	
	<entity name="FRNT_SMSTATE" id="50" createMethod="smStateCreate" getMethod="smStateGetListByParams" createKeyParam="STATEID" getKeyParam="STATEID" service="frontws2" isExtService="true">
		<attribute name="SYSNAME" valueType="java.lang.String" create="true" search="true">clientDeny</attribute>
		<attribute name="NAME" valueType="java.lang.String" create="true">Отказ клиента</attribute>
		<attribute name="TYPEID" valueType="java.lang.Long" create="true" search="true">1002</attribute>
		<attribute name="PROJECTID" valueType="java.lang.Long" create="true" search="true" entityID="2"/>
	</entity>
	
	<entity name="FRNT_SMSTATE" id="51" createMethod="smStateCreate" getMethod="smStateGetListByParams" createKeyParam="STATEID" getKeyParam="STATEID" service="frontws2" isExtService="true">
		<attribute name="SYSNAME" valueType="java.lang.String" create="true" search="true">annul</attribute>
		<attribute name="NAME" valueType="java.lang.String" create="true">Аннулировано</attribute>
		<attribute name="TYPEID" valueType="java.lang.Long" create="true" search="true">1002</attribute>
		<attribute name="PROJECTID" valueType="java.lang.Long" create="true" search="true" entityID="2"/>
	</entity>
	
	<entity name="FRNT_SMSTATE" id="52" createMethod="smStateCreate" getMethod="smStateGetListByParams" createKeyParam="STATEID" getKeyParam="STATEID" service="frontws2" isExtService="true">
		<attribute name="SYSNAME" valueType="java.lang.String" create="true" search="true">clientNotificationRefuse</attribute>
		<attribute name="NAME" valueType="java.lang.String" create="true">Уведомление клиента об отказе</attribute>
		<attribute name="TYPEID" valueType="java.lang.Long" create="true" search="true">1002</attribute>
		<attribute name="PROJECTID" valueType="java.lang.Long" create="true" search="true" entityID="2"/>
	</entity>

	<entity name="FRNT_SMSTATE" id="60" createMethod="smStateCreate" getMethod="smStateGetListByParams" createKeyParam="STATEID" getKeyParam="STATEID" service="frontws2" isExtService="true">
		<attribute name="SYSNAME" valueType="java.lang.String" create="true" search="true">limitControl</attribute>
		<attribute name="NAME" valueType="java.lang.String" create="true">Контроль лимитов</attribute>
		<attribute name="TYPEID" valueType="java.lang.Long" create="true" search="true">1002</attribute>
		<attribute name="PROJECTID" valueType="java.lang.Long" create="true" search="true" entityID="1"/>
	</entity>

	<entity name="FRNT_SMSTATE" id="63" createMethod="smStateCreate" getMethod="smStateGetListByParams" createKeyParam="STATEID" getKeyParam="STATEID" service="frontws2" isExtService="true">
		<attribute name="SYSNAME" valueType="java.lang.String" create="true" search="true">autoChecks</attribute>
		<attribute name="NAME" valueType="java.lang.String" create="true">Автоматические проверки</attribute>
		<attribute name="TYPEID" valueType="java.lang.Long" create="true" search="true">1002</attribute>
		<attribute name="PROJECTID" valueType="java.lang.Long" create="true" search="true" entityID="1"/>
	</entity>

	<!-- Машина состояний (переходы) -->
	
    <entity name="FRNT_SMTRANS" id="80" createMethod="smTransitionCreate" getMethod="smTransitionGetListByParams" createKeyParam="TRANSITIONID" getKeyParam="TRANSITIONID"  service="frontws2" isExtService="true">
        <attribute name="SYSNAME" valueType="java.lang.String" create="true" search="true">completeLimitControl</attribute>
        <attribute name="NAME" valueType="java.lang.String" create="true">Завершить контроль лимитов</attribute>
        <attribute name="FROMSTATEID" valueType="java.lang.Long" create="true" search="true" entityID="60"/>
        <attribute name="TOSTATEID" valueType="java.lang.Long" create="true" search="true" entityID="63"/>
        <attribute name="TYPEID" valueType="java.lang.Long" create="true" search="true">1002</attribute>
        <attribute name="PAGEFLOWNAME" valueType="java.lang.String" create="true">loanApp/autoLoanApp/sendToProcessing/showOperationDoneAndTransfer</attribute>
        <attribute name="TRANSORDER" valueType="java.lang.Integer" create="true">2</attribute>
        <attribute name="EVENTFLAG" valueType="java.lang.Integer" create="true">1</attribute>
    </entity>

    <entity name="FRNT_SMTRANS" id="83" createMethod="smTransitionCreate" getMethod="smTransitionGetListByParams" createKeyParam="TRANSITIONID" getKeyParam="TRANSITIONID"  service="frontws2" isExtService="true">
        <attribute name="SYSNAME" valueType="java.lang.String" create="true" search="true">makeIgnored</attribute>
        <attribute name="NAME" valueType="java.lang.String" create="true">Отклонить</attribute>
        <attribute name="FROMSTATEID" valueType="java.lang.Long" create="true" search="true" entityID="63"/>
        <attribute name="TOSTATEID" valueType="java.lang.Long" create="true" search="true" entityID="52"/> <!-- Уведомление клиента об отказе -->
        <attribute name="TYPEID" valueType="java.lang.Long" create="true" search="true">1002</attribute>
        <attribute name="PAGEFLOWNAME" valueType="java.lang.String" create="true">loanApp/autoLoanApp/sendToProcessing/sendToProcessing</attribute>
        <attribute name="TRANSORDER" valueType="java.lang.Integer" create="true">9</attribute>
        <attribute name="EVENTFLAG" valueType="java.lang.Integer" create="true">1</attribute>
    </entity>

	<!-- Группы правил -->
	
	<entity name="DMS_RULEGROUP" id="100" createMethod="ruleGroupCreate" getMethod="ruleGroupGetListByParams" createKeyParam="RULEGROUPID" getKeyParam="RULEGROUPID" service="dmsws" isIntService="true">
		<attribute name="SYSNAME" valueType="java.lang.String" create="true" search="true">routeRules</attribute>
		<attribute name="NAME" valueType="java.lang.String" create="true">Правила маршрутизации</attribute>
		<attribute name="DESCRIPTION" valueType="java.lang.String" create="true">Правила для точек маршрутизации</attribute>
	</entity>	

	<!-- Наборы данных для правил-->

	<entity name="DMS_DATASET" id="120" createMethod="ruleDatasetCreate" getMethod="ruleDatasetGetListByParams" createKeyParam="DATASETID" getKeyParam="DATASETID" service="dmsws" isIntService="true">
		<attribute name="SYSNAME" valueType="java.lang.String" create="true" search="true">checkResults</attribute>
		<attribute name="FULLNAME" valueType="java.lang.String" create="true">Результаты проверок</attribute>
	</entity>

	<!-- Правила -->
	
	<entity name="DMS_RULE" id="200" createMethod="ruleCreate" getMethod="ruleGetListByParams" createKeyParam="RULEID" getKeyParam="RULEID" service="dmsws" isIntService="true">
		<attribute name="SYSNAME" valueType="java.lang.String" create="true" search="true">ruleLimitAccept</attribute>
		<attribute name="NAME" valueType="java.lang.String" create="true">Контроль лимитов пройден</attribute>
		<attribute name="DESCRIPTION" valueType="java.lang.String" create="true">Успешное выполнение серверного процесса</attribute>
		<attribute name="RULEGROUPID" valueType="java.lang.Long" create="true" search="true" entityID="100"/>
		<attribute name="DATASETID" valueType="java.lang.Long" create="true" search="true" entityID="120"/>
	</entity>

	<entity name="DMS_RULE" id="201" createMethod="ruleCreate" getMethod="ruleGetListByParams" createKeyParam="RULEID" getKeyParam="RULEID" service="dmsws" isIntService="true">
		<attribute name="SYSNAME" valueType="java.lang.String" create="true" search="true">ruleLimitDeny</attribute>
		<attribute name="NAME" valueType="java.lang.String" create="true">Контроль лимитов не пройден</attribute>
		<attribute name="DESCRIPTION" valueType="java.lang.String" create="true">Отрицательный результат выполнения серверного процесса</attribute>
		<attribute name="RULEGROUPID" valueType="java.lang.Long" create="true" search="true" entityID="100"/>
		<attribute name="DATASETID" valueType="java.lang.Long" create="true" search="true" entityID="120"/>
	</entity>

    <!-- Параметры для набора данных (правила для проверок) -->	

	<entity name="DMS_DATASETPARAM" id="240" createMethod="ruleDatasetParamCreate" getMethod="ruleDatasetParamGetListByParams" createKeyParam="DATASETPARAMID" getKeyParam="DATASETPARAMID" service="dmsws" isIntService="true">
		<attribute name="DATASETID" valueType="java.lang.Long" create="true" search="true" entityID="120"/>
		<attribute name="PARAMTYPE" valueType="java.lang.Integer" create="true" search="true">0</attribute>
		<attribute name="SYSNAME" valueType="java.lang.String" create="true" search="true">checkResult</attribute>
		<attribute name="NAME" valueType="java.lang.String" create="true"></attribute>
		<attribute name="FULLNAME" valueType="java.lang.String" create="true">Результат проверки</attribute>
		<attribute name="PARAMVALUETYPE" valueType="java.lang.String" create="true" search="true">java.lang.Integer</attribute>
		<attribute name="ISREQUIRED" valueType="java.lang.Integer" create="true">0</attribute>
	</entity>

	<!-- Операции для правил -->
	
	<entity name="DMS_OPERATION" id="270" createMethod="ruleOperationCreate" getMethod="ruleOperationGetListByParams" createKeyParam="OPERATIONID" getKeyParam="OPERATIONID" service="dmsws" isIntService="true">
		<attribute name="SYSNAME" valueType="java.lang.String" create="true" search="true">EQUAL</attribute>
		<attribute name="NAME" valueType="java.lang.String" create="true">==</attribute>
		<attribute name="DESCRIPTION" valueType="java.lang.String" create="true"></attribute>
		<attribute name="GROUPSYSNAME" valueType="java.lang.String" create="true" search="true">CHK</attribute>
	</entity>

	<!-- Узлы правил --> 
	
	<entity name="DMS_RULENODE" id="300" createMethod="ruleNodeCreate" getMethod="ruleNodeGetListByParams" createKeyParam="RULENODEID" getKeyParam="RULENODEID" service="dmsws" isIntService="true">
		<attribute name="PARENTRULENODEID" valueType="java.lang.Integer" create="true" search="true">0</attribute>
		<attribute name="RULEID" valueType="java.lang.Long" create="true" search="true" entityID="200"/> <!-- Правило -->
		<attribute name="NODETYPE" valueType="java.lang.Integer" create="true">0</attribute>
		<attribute name="VALUEID" valueType="java.lang.Long" create="true" search="true" entityID="270"/> <!-- Операция -->
		<attribute name="DEFAULTVALUE" valueType="java.lang.String" create="true"></attribute>
		<attribute name="ISUSEDEFAULT" valueType="java.lang.Integer" create="true">0</attribute>
		<attribute name="ORDERNO" valueType="java.lang.Integer" create="true" search="true">94</attribute>
		<attribute name="MARK" valueType="java.lang.Integer" create="true" search="true"></attribute>
		<attribute name="SYSNAME" valueType="java.lang.String" create="true"></attribute>
		<attribute name="NAME" valueType="java.lang.String" create="true"></attribute>
	</entity>
	
	<entity name="DMS_RULENODE" id="301" createMethod="ruleNodeCreate" getMethod="ruleNodeGetListByParams" createKeyParam="RULENODEID" getKeyParam="RULENODEID" service="dmsws" isIntService="true">
		<attribute name="PARENTRULENODEID" valueType="java.lang.Integer" create="true" search="true" entityID="300"/>
		<attribute name="RULEID" valueType="java.lang.Long" create="true" search="true" entityID="200"/> <!-- Правило -->
		<attribute name="NODETYPE" valueType="java.lang.Integer" create="true">1</attribute>
		<attribute name="VALUEID" valueType="java.lang.Long" create="true" search="true" entityID="240"/> <!-- Операция или Набор данных-->
		<attribute name="DEFAULTVALUE" valueType="java.lang.String" create="true">-1</attribute>
		<attribute name="ISUSEDEFAULT" valueType="java.lang.Integer" create="true">1</attribute>
		<attribute name="ORDERNO" valueType="java.lang.Integer" create="true" search="true">1</attribute>
		<attribute name="MARK" valueType="java.lang.Integer" create="true" search="true"></attribute>
		<attribute name="SYSNAME" valueType="java.lang.String" create="true"></attribute>
		<attribute name="NAME" valueType="java.lang.String" create="true"></attribute>
	</entity>

	<entity name="DMS_RULENODE" id="302" createMethod="ruleNodeCreate" getMethod="ruleNodeGetListByParams" createKeyParam="RULENODEID" getKeyParam="RULENODEID" service="dmsws" isIntService="true">
		<attribute name="PARENTRULENODEID" valueType="java.lang.Integer" create="true" search="true" entityID="300"/>
		<attribute name="RULEID" valueType="java.lang.Long" create="true" search="true" entityID="200"/> <!-- Правило -->
		<attribute name="NODETYPE" valueType="java.lang.Integer" create="true">3</attribute>
		<attribute name="VALUEID" valueType="java.lang.Long" create="true" search="true">null</attribute>
		<attribute name="NODEVALUE" valueType="java.util.Map" create="true"><![CDATA[<?xml version="1.0" encoding="UTF-8"?><content version="1.0"><param name="VALUETYPE" value="java.lang.Integer" valueClass="java.lang.String"/><param name="VALUE" value="0" valueClass="java.lang.Integer"/></content>]]></attribute>
		<attribute name="DEFAULTVALUE" valueType="java.lang.String" create="true"></attribute>
		<attribute name="ISUSEDEFAULT" valueType="java.lang.Integer" create="true">0</attribute>
		<attribute name="ORDERNO" valueType="java.lang.Integer" create="true" search="true">2</attribute>
		<attribute name="MARK" valueType="java.lang.Integer" create="true" search="true">0</attribute>
		<attribute name="SYSNAME" valueType="java.lang.String" create="true"></attribute>
		<attribute name="NAME" valueType="java.lang.String" create="true"></attribute>
	</entity>

	<entity name="DMS_RULENODE" id="305" createMethod="ruleNodeCreate" getMethod="ruleNodeGetListByParams" createKeyParam="RULENODEID" getKeyParam="RULENODEID" service="dmsws" isIntService="true">
		<attribute name="PARENTRULENODEID" valueType="java.lang.Integer" create="true" search="true">0</attribute>
		<attribute name="RULEID" valueType="java.lang.Long" create="true" search="true" entityID="201"/> <!-- Правило -->
		<attribute name="NODETYPE" valueType="java.lang.Integer" create="true">0</attribute>
		<attribute name="VALUEID" valueType="java.lang.Long" create="true" search="true" entityID="270"/> <!-- Операция -->
		<attribute name="DEFAULTVALUE" valueType="java.lang.String" create="true"></attribute>
		<attribute name="ISUSEDEFAULT" valueType="java.lang.Integer" create="true">0</attribute>
		<attribute name="ORDERNO" valueType="java.lang.Integer" create="true" search="true">95</attribute>
		<attribute name="MARK" valueType="java.lang.Integer" create="true" search="true"></attribute>
		<attribute name="SYSNAME" valueType="java.lang.String" create="true"></attribute>
		<attribute name="NAME" valueType="java.lang.String" create="true"></attribute>
	</entity>
	
	<entity name="DMS_RULENODE" id="306" createMethod="ruleNodeCreate" getMethod="ruleNodeGetListByParams" createKeyParam="RULENODEID" getKeyParam="RULENODEID" service="dmsws" isIntService="true">
		<attribute name="PARENTRULENODEID" valueType="java.lang.Integer" create="true" search="true" entityID="305"/>
		<attribute name="RULEID" valueType="java.lang.Long" create="true" search="true" entityID="201"/> <!-- Правило -->
		<attribute name="NODETYPE" valueType="java.lang.Integer" create="true">1</attribute>
		<attribute name="VALUEID" valueType="java.lang.Long" create="true" search="true" entityID="240"/> <!-- Операция или Набор данных-->
		<attribute name="DEFAULTVALUE" valueType="java.lang.String" create="true">-1</attribute>
		<attribute name="ISUSEDEFAULT" valueType="java.lang.Integer" create="true">1</attribute>
		<attribute name="ORDERNO" valueType="java.lang.Integer" create="true" search="true">1</attribute>
		<attribute name="MARK" valueType="java.lang.Integer" create="true" search="true"></attribute>
		<attribute name="SYSNAME" valueType="java.lang.String" create="true"></attribute>
		<attribute name="NAME" valueType="java.lang.String" create="true"></attribute>
	</entity>

	<entity name="DMS_RULENODE" id="307" createMethod="ruleNodeCreate" getMethod="ruleNodeGetListByParams" createKeyParam="RULENODEID" getKeyParam="RULENODEID" service="dmsws" isIntService="true">
		<attribute name="PARENTRULENODEID" valueType="java.lang.Integer" create="true" search="true" entityID="305"/>
		<attribute name="RULEID" valueType="java.lang.Long" create="true" search="true" entityID="201"/> <!-- Правило -->
		<attribute name="NODETYPE" valueType="java.lang.Integer" create="true">3</attribute>
		<attribute name="VALUEID" valueType="java.lang.Long" create="true" search="true">null</attribute>
		<attribute name="NODEVALUE" valueType="java.util.Map" create="true"><![CDATA[<?xml version="1.0" encoding="UTF-8"?><content version="1.0"><param name="VALUETYPE" value="java.lang.Integer" valueClass="java.lang.String"/><param name="VALUE" value="1" valueClass="java.lang.Integer"/></content>]]></attribute>
		<attribute name="DEFAULTVALUE" valueType="java.lang.String" create="true"></attribute>
		<attribute name="ISUSEDEFAULT" valueType="java.lang.Integer" create="true">0</attribute>
		<attribute name="ORDERNO" valueType="java.lang.Integer" create="true" search="true">2</attribute>
		<attribute name="MARK" valueType="java.lang.Integer" create="true" search="true">0</attribute>
		<attribute name="SYSNAME" valueType="java.lang.String" create="true"></attribute>
		<attribute name="NAME" valueType="java.lang.String" create="true"></attribute>
	</entity>

	<!-- Типы проверок -->
	
	<entity name="DMS_CHECKTYPE" id="500" createMethod="checkTypeCreate" getMethod="checkTypeGetByIdOrSysname" createKeyParam="CHECKTYPEID" getKeyParam="CHECKTYPEID" service="dmsws" isIntService="true">
		<attribute name="TYPESYSNAME" valueType="java.lang.String" create="true" search="true">subjDemands</attribute>
		<attribute name="TYPENAME" valueType="java.lang.String" create="true">Требования к субъекту</attribute>
		<attribute name="DESCRIPTION" valueType="java.lang.String" create="true">Требования к субъекту</attribute>
	</entity>

	<!-- Проверки -->
	
	<entity name="DMS_CHECK" id="600" createMethod="checkCreate" getMethod="checkGetByIdOrSysname" createKeyParam="CHECKID" getKeyParam="CHECKID" service="dmsws" isIntService="true">
		<attribute name="CHECKTYPEID" valueType="java.lang.Long" create="true" search="true" entityID="500"/>
		<attribute name="OBJECTTYPEID" valueType="java.lang.Long" create="true">50000</attribute>
		<attribute name="CHECKNAME" valueType="java.lang.String" create="true">Проверка лимита</attribute>
		<attribute name="CHECKSYSNAME" valueType="java.lang.String" create="true" search="true">checkLimit</attribute>
		<attribute name="RULELINK" valueType="java.lang.String" create="true">checkLimit</attribute>
		<attribute name="RULETYPE" valueType="java.lang.Integer" create="true">2</attribute>
		<attribute name="EXPIRATIONTERM" valueType="java.lang.Integer" create="true"></attribute>
		<attribute name="MULTIFLAG" valueType="java.lang.Integer" create="true">0</attribute>
	</entity>
	
	<entity name="DMS_CHECK" id="601" createMethod="checkCreate" getMethod="checkGetByIdOrSysname" createKeyParam="CHECKID" getKeyParam="CHECKID" service="dmsws" isIntService="true">
		<attribute name="CHECKTYPEID" valueType="java.lang.Long" create="true" search="true" entityID="500"/>
		<attribute name="OBJECTTYPEID" valueType="java.lang.Long" create="true">50000</attribute>
		<attribute name="CHECKNAME" valueType="java.lang.String" create="true">Снятие бронирования лимитов</attribute>
		<attribute name="CHECKSYSNAME" valueType="java.lang.String" create="true" search="true">cancelLimit</attribute>
		<attribute name="RULELINK" valueType="java.lang.String" create="true">cancelLimit</attribute>
		<attribute name="RULETYPE" valueType="java.lang.Integer" create="true">2</attribute>
		<attribute name="EXPIRATIONTERM" valueType="java.lang.Integer" create="true"></attribute>
		<attribute name="MULTIFLAG" valueType="java.lang.Integer" create="true">0</attribute>
	</entity>

	<!-- Сценарии проверок -->
	
	<entity name="DMS_SCRIPT" id="650" createMethod="checkScriptCreate" getMethod="checkScriptGetByIdOrSysname" createKeyParam="SCRIPTID" getKeyParam="SCRIPTID" service="dmsws" isIntService="true">
		<attribute name="SCRIPTSYSNAME" valueType="java.lang.String" create="true" search="true">limitControl</attribute>
		<attribute name="SCRIPTNAME" valueType="java.lang.String" create="true">Контроль лимитов</attribute>
		<attribute name="DESCRIPTION" valueType="java.lang.String" create="true">Контроль лимитов</attribute>
	</entity>

	<entity name="DMS_SCRIPT" id="651" createMethod="checkScriptCreate" getMethod="checkScriptGetByIdOrSysname" createKeyParam="SCRIPTID" getKeyParam="SCRIPTID" service="dmsws" isIntService="true">
		<attribute name="SCRIPTSYSNAME" valueType="java.lang.String" create="true" search="true">cancelLimit</attribute>
		<attribute name="SCRIPTNAME" valueType="java.lang.String" create="true">Снятие бронирования лимитов</attribute>
		<attribute name="DESCRIPTION" valueType="java.lang.String" create="true">Снятие бронирования лимитов</attribute>
	</entity>

	<!-- Связь проверок и сценариев -->
	
	<entity name="DMS_CHECKSCRLINK" id="700" createMethod="checkScrLinkCreate" getMethod="checkScrLinkGetListByParams" createKeyParam="LINKID" getKeyParam="LINKID" service="dmsws" isIntService="true">
		<attribute name="SCRIPTID" valueType="java.lang.Long" create="true" search="true" entityID="650"/>
		<attribute name="CHECKID" valueType="java.lang.Long" create="true" search="true" entityID="600"/>
		<attribute name="CHECKORDER" valueType="java.lang.Integer" create="true" search="true">1</attribute>
	</entity>
	
	<entity name="DMS_CHECKSCRLINK" id="701" createMethod="checkScrLinkCreate" getMethod="checkScrLinkGetListByParams" createKeyParam="LINKID" getKeyParam="LINKID" service="dmsws" isIntService="true">
		<attribute name="SCRIPTID" valueType="java.lang.Long" create="true" search="true" entityID="651"/>
		<attribute name="CHECKID" valueType="java.lang.Long" create="true" search="true" entityID="601"/>
		<attribute name="CHECKORDER" valueType="java.lang.Integer" create="true" search="true">1</attribute>
	</entity>

	<!-- Связь сценариев и состояний -->
	
	<entity name="DMS_SCRPTSTATELINK" id="800" createMethod="scriptStateLinkCreate" getMethod="scriptStateLinkGetListByParams" createKeyParam="LINKID" getKeyParam="LINKID" service="dmsws" isIntService="true">
		<attribute name="SCRIPTID" valueType="java.lang.Long" create="true" search="true" entityID="650"/>
		<attribute name="STATEID" valueType="java.lang.Long" create="true" search="true" entityID="60"/>
		<attribute name="OBJECTTYPEID" valueType="java.lang.Long" create="true" search="true">1002</attribute>
	</entity>

	<entity name="DMS_SCRPTSTATELINK" id="803" createMethod="scriptStateLinkCreate" getMethod="scriptStateLinkGetListByParams" createKeyParam="LINKID" getKeyParam="LINKID" service="dmsws" isIntService="true">
		<attribute name="SCRIPTID" valueType="java.lang.Long" create="true" search="true" entityID="651"/>
		<attribute name="STATEID" valueType="java.lang.Long" create="true" search="true" entityID="50"/>
		<attribute name="OBJECTTYPEID" valueType="java.lang.Long" create="true" search="true">1002</attribute>
	</entity>
	
	<entity name="DMS_SCRPTSTATELINK" id="804" createMethod="scriptStateLinkCreate" getMethod="scriptStateLinkGetListByParams" createKeyParam="LINKID" getKeyParam="LINKID" service="dmsws" isIntService="true">
		<attribute name="SCRIPTID" valueType="java.lang.Long" create="true" search="true" entityID="651"/>
		<attribute name="STATEID" valueType="java.lang.Long" create="true" search="true" entityID="51"/>
		<attribute name="OBJECTTYPEID" valueType="java.lang.Long" create="true" search="true">1002</attribute>
	</entity>
	
	<entity name="DMS_SCRPTSTATELINK" id="805" createMethod="scriptStateLinkCreate" getMethod="scriptStateLinkGetListByParams" createKeyParam="LINKID" getKeyParam="LINKID" service="dmsws" isIntService="true">
		<attribute name="SCRIPTID" valueType="java.lang.Long" create="true" search="true" entityID="651"/>
		<attribute name="STATEID" valueType="java.lang.Long" create="true" search="true" entityID="52"/>
		<attribute name="OBJECTTYPEID" valueType="java.lang.Long" create="true" search="true">1002</attribute>
	</entity>

	<!-- Связь сценариев и продуктов -->
	
	<entity name="DMS_SCRIPTPRDLINK" id="900" createMethod="scriptPrdLinkCreate" getMethod="scriptPrdLinkGetListByParams" createKeyParam="LINKID" getKeyParam="LINKID" service="dmsws" isIntService="true">
		<attribute name="SCRIPTID" valueType="java.lang.Long" create="true" search="true" entityID="650"/>
		<attribute name="PRODUCTID" valueType="java.lang.Long" create="true" search="true" entityID="20"/>
	</entity>
		
	<entity name="DMS_SCRIPTPRDLINK" id="905" createMethod="scriptPrdLinkCreate" getMethod="scriptPrdLinkGetListByParams" createKeyParam="LINKID" getKeyParam="LINKID" service="dmsws" isIntService="true">
		<attribute name="SCRIPTID" valueType="java.lang.Long" create="true" search="true" entityID="651"/>
		<attribute name="PRODUCTID" valueType="java.lang.Long" create="true" search="true" entityID="20"/>
	</entity>
	
	<!-- Точки маршрутизации -->

	<entity name="DMS_ROUTINGPOINT" id="1000" createMethod="routingPointCreate" getMethod="routingPointGetListByParams" createKeyParam="POINTID" getKeyParam="POINTID" service="dmsws" isIntService="true">
		<attribute name="POINTSYSNAME" valueType="java.lang.String" create="true" search="true">checkLimitAuto</attribute>
		<attribute name="POINTNAME" valueType="java.lang.String" create="true">Контроль лимитов</attribute>
		<attribute name="SCRIPTID" valueType="java.lang.Long" create="true" search="true" entityID="650"/>
		<attribute name="CHECKID" valueType="java.lang.Long" create="true" search="true" entityID="600"/>
		<attribute name="OBJECTTYPEID" valueType="java.lang.Long" create="true">1002</attribute>
		<attribute name="STATEID" valueType="java.lang.Long" create="true" search="true" entityID="60"/>
		<attribute name="DESCRIPTION" valueType="java.lang.String" create="true"></attribute>
	</entity>

	<!-- Параметры маршрутизации -->

	<entity name="DMS_ROUTING" id="1202" createMethod="routingCreate" getMethod="routingGetListByParams" createKeyParam="ROUTINGID" getKeyParam="ROUTINGID" service="dmsws" isIntService="true">
		<attribute name="POINTID" valueType="java.lang.Long" create="true" search="true" entityID="1002"/>
		<attribute name="TRANSITIONID" valueType="java.lang.Long" create="true" search="true" entityID="82"/>
		<attribute name="RULELINK" valueType="java.lang.String" create="true" search="true">ruleLimitAccept</attribute>
		<attribute name="RULEPRIORITY" valueType="java.lang.Integer" create="true" search="true">2</attribute>
		<attribute name="DESCRIPTION" valueType="java.lang.String" create="true"></attribute>
	</entity>	

	<entity name="DMS_ROUTING" id="1205" createMethod="routingCreate" getMethod="routingGetListByParams" createKeyParam="ROUTINGID" getKeyParam="ROUTINGID" service="dmsws" isIntService="true">
		<attribute name="POINTID" valueType="java.lang.Long" create="true" search="true" entityID="1002"/>
		<attribute name="TRANSITIONID" valueType="java.lang.Long" create="true" search="true" entityID="85"/>
		<attribute name="RULELINK" valueType="java.lang.String" create="true" search="true">ruleLimitDeny</attribute>
		<attribute name="RULEPRIORITY" valueType="java.lang.Integer" create="true" search="true">1</attribute>
		<attribute name="DESCRIPTION" valueType="java.lang.String" create="true"></attribute>
	</entity>	

</root>