<?xml version="1.0" encoding="UTF-8"?><root>
    <!--Сценарий "Automatic Notification of Customer"-->
    <entity createKeyParam="SCRIPTID" createMethod="checkScriptCreate" getKeyParam="SCRIPTID" getMethod="checkScriptGetByIdOrSysname" id="1" isIntService="true" name="DMS_SCRIPT" service="dmsws">
        <attribute create="true" name="SCRIPTSYSNAME" search="true" valueType="java.lang.String">autoCustomerNotificationINT</attribute>
        <attribute create="true" name="SCRIPTNAME" valueType="java.lang.String">Automatic Notification of Customer</attribute>
        <attribute create="true" name="DESCRIPTION" valueType="java.lang.String"/>
    </entity>

    <!--Состояния-->
    <entity createKeyParam="STATEID" createMethod="smStateCreate" getKeyParam="STATEID" getMethod="smStateGetListByParams" id="17" isExtService="true" name="FRNT_SMSTATE" service="frontws2">
        <attribute create="true" name="SYSNAME" search="true" valueType="java.lang.String">LOSCustomerNotificationOnRejection</attribute>
        <attribute create="true" name="NAME" search="true" valueType="java.lang.String">Customer Notification on Rejection</attribute>
        <attribute create="true" name="TYPEID" search="true" valueType="java.lang.Long">1108</attribute>
    </entity>
    <entity createKeyParam="STATEID" createMethod="smStateCreate" getKeyParam="STATEID" getMethod="smStateGetListByParams" id="18" isExtService="true" name="FRNT_SMSTATE" service="frontws2">
        <attribute create="true" name="SYSNAME" search="true" valueType="java.lang.String">LOSCustomerNotificationOnApproval</attribute>
        <attribute create="true" name="NAME" search="true" valueType="java.lang.String">Customer Notification on Approval</attribute>
        <attribute create="true" name="TYPEID" search="true" valueType="java.lang.Long">1108</attribute>
    </entity>
    <entity createKeyParam="STATEID" createMethod="smStateCreate" getKeyParam="STATEID" getMethod="smStateGetListByParams" id="19" isExtService="true" name="FRNT_SMSTATE" service="frontws2">
        <attribute create="true" name="SYSNAME" search="true" valueType="java.lang.String">ignored</attribute>
        <attribute create="true" name="NAME" search="true" valueType="java.lang.String">Rejected</attribute>
        <attribute create="true" name="TYPEID" search="true" valueType="java.lang.Long">1108</attribute>
    </entity>
    <entity createKeyParam="STATEID" createMethod="smStateCreate" getKeyParam="STATEID" getMethod="smStateGetListByParams" id="20" isExtService="true" name="FRNT_SMSTATE" service="frontws2">
        <attribute create="true" name="SYSNAME" search="true" valueType="java.lang.String">LOSManualNotificationOnRejection</attribute>
        <attribute create="true" name="NAME" search="true" valueType="java.lang.String">Manual Notification On Rejection</attribute>
        <attribute create="true" name="TYPEID" search="true" valueType="java.lang.Long">1108</attribute>
    </entity>
    <entity createKeyParam="STATEID" createMethod="smStateCreate" getKeyParam="STATEID" getMethod="smStateGetListByParams" id="21" isExtService="true" name="FRNT_SMSTATE" service="frontws2">
        <attribute create="true" name="SYSNAME" search="true" valueType="java.lang.String">LOSContractProcessingAndArchiving</attribute>
        <attribute create="true" name="NAME" search="true" valueType="java.lang.String">Contract Processing and Archiving</attribute>
        <attribute create="true" name="TYPEID" search="true" valueType="java.lang.Long">1108</attribute>
    </entity>
    <entity createKeyParam="STATEID" createMethod="smStateCreate" getKeyParam="STATEID" getMethod="smStateGetListByParams" id="22" isExtService="true" name="FRNT_SMSTATE" service="frontws2">
        <attribute create="true" name="SYSNAME" search="true" valueType="java.lang.String">LOSManualNotificationOnApproval</attribute>
        <attribute create="true" name="NAME" search="true" valueType="java.lang.String">Manual Notification On Approval</attribute>
        <attribute create="true" name="TYPEID" search="true" valueType="java.lang.Long">1108</attribute>
    </entity>
    <!--Связь сценариев и состояний-->
    <entity createKeyParam="LINKID" createMethod="scriptStateLinkCreate" getKeyParam="LINKID" getMethod="scriptStateLinkGetListByParams" id="3" isIntService="true" name="DMS_SCRPTSTATELINK" service="dmsws">
        <attribute create="true" entityID="1" name="SCRIPTID" search="true" valueType="java.lang.Long"/>
        <attribute create="true" entityID="17" name="STATEID" search="true" valueType="java.lang.Long"/>
        <attribute create="true" name="OBJECTTYPEID" search="true" valueType="java.lang.Long">1108</attribute>
    </entity>
    <entity createKeyParam="LINKID" createMethod="scriptStateLinkCreate" getKeyParam="LINKID" getMethod="scriptStateLinkGetListByParams" id="4" isIntService="true" name="DMS_SCRPTSTATELINK" service="dmsws">
        <attribute create="true" entityID="1" name="SCRIPTID" search="true" valueType="java.lang.Long"/>
        <attribute create="true" entityID="18" name="STATEID" search="true" valueType="java.lang.Long"/>
        <attribute create="true" name="OBJECTTYPEID" search="true" valueType="java.lang.Long">1108</attribute>
    </entity>
    <!--Типы проверок-->
    <entity createKeyParam="CHECKTYPEID" createMethod="checkTypeCreate" getKeyParam="CHECKTYPEID" getMethod="checkTypeGetByIdOrSysname" id="5" isIntService="true" name="DMS_CHECKTYPE" service="dmsws">
        <attribute create="true" name="TYPESYSNAME" search="true" valueType="java.lang.String">decisionResult</attribute>
        <attribute create="true" name="TYPENAME" valueType="java.lang.String">Decision Result</attribute>
        <attribute create="true" name="DESCRIPTION" valueType="java.lang.String">Decision Result</attribute>
    </entity>
    <entity createKeyParam="CHECKTYPEID" createMethod="checkTypeCreate" getKeyParam="CHECKTYPEID" getMethod="checkTypeGetByIdOrSysname" id="6" isIntService="true" name="DMS_CHECKTYPE" service="dmsws">
        <attribute create="true" name="TYPESYSNAME" search="true" valueType="java.lang.String">subjDemands</attribute>
        <attribute create="true" name="TYPENAME" valueType="java.lang.String">Demands to Subject</attribute>
        <attribute create="true" name="DESCRIPTION" valueType="java.lang.String">Demands to Subject</attribute>
    </entity>
    <!--Проверки-->
    <entity createKeyParam="CHECKID" createMethod="checkCreate" getKeyParam="CHECKID" getMethod="checkGetByIdOrSysname" id="23" isIntService="true" name="DMS_CHECK" service="dmsws">
        <attribute create="true" entityID="6" name="CHECKTYPEID" search="true" valueType="java.lang.Long"/>
        <attribute create="true" name="OBJECTTYPEID" valueType="java.lang.Long">50000</attribute>
        <attribute create="true" name="CHECKNAME" valueType="java.lang.String">Customer Automatic Notification</attribute>
        <attribute create="true" name="CHECKSYSNAME" search="true" valueType="java.lang.String">customerAutoNotification</attribute>
        <attribute create="true" name="RULELINK" valueType="java.lang.String">dmsAutoNotificationCustomerINT</attribute>
        <attribute create="true" name="RULETYPE" valueType="java.lang.Integer">2</attribute>
        <attribute create="true" name="EXPIRATIONTERM" valueType="java.lang.Integer">0</attribute>
        <attribute create="true" name="MULTIFLAG" valueType="java.lang.Integer">0</attribute>
    </entity>
    <!--Связанные проверки-->
    <entity createKeyParam="LINKID" createMethod="checkScrLinkCreate" getKeyParam="LINKID" getMethod="checkScrLinkGetListByParams" id="2" isIntService="true" name="DMS_CHECKSCRLINK" service="dmsws">
        <attribute create="true" entityID="1" name="SCRIPTID" search="true" valueType="java.lang.Long"/>
        <attribute create="true" entityID="23" name="CHECKID" search="true" valueType="java.lang.Long"/>
        <attribute create="true" name="CHECKORDER" search="true" valueType="java.lang.Integer">1</attribute>
    </entity>
    <!--Точки маршрутизации-->
    <entity createKeyParam="POINTID" createMethod="routingPointCreate" getKeyParam="POINTID" getMethod="routingPointGetListByParams" id="7" isIntService="true" name="DMS_ROUTINGPOINT" service="dmsws">
        <attribute create="true" entityID="1" name="SCRIPTID" search="true" valueType="java.lang.Long"/>
        <attribute create="true" entityID="23" name="CHECKID" search="true" valueType="java.lang.Long"/>
        <attribute create="true" entityID="17" name="STATEID" search="true" valueType="java.lang.Long"/>
        <attribute create="true" name="POINTSYSNAME" search="true" valueType="java.lang.String">notificationOnRejectionUnsLoanAppINT</attribute>
        <attribute create="true" name="POINTNAME" valueType="java.lang.String">notificationOnRejectionUnsLoanAppINT</attribute>
        <attribute create="true" name="OBJECTTYPEID" valueType="java.lang.Long">1108</attribute>
        <attribute create="true" name="DESCRIPTION" valueType="java.lang.String"/>
    </entity>
    <entity createKeyParam="POINTID" createMethod="routingPointCreate" getKeyParam="POINTID" getMethod="routingPointGetListByParams" id="8" isIntService="true" name="DMS_ROUTINGPOINT" service="dmsws">
        <attribute create="true" entityID="1" name="SCRIPTID" search="true" valueType="java.lang.Long"/>
        <attribute create="true" entityID="23" name="CHECKID" search="true" valueType="java.lang.Long"/>
        <attribute create="true" entityID="18" name="STATEID" search="true" valueType="java.lang.Long"/>
        <attribute create="true" name="POINTSYSNAME" search="true" valueType="java.lang.String">notificationOnApprovalUnsLoanAppINT</attribute>
        <attribute create="true" name="POINTNAME" valueType="java.lang.String">notificationOnApprovalUnsLoanAppINT</attribute>
        <attribute create="true" name="OBJECTTYPEID" valueType="java.lang.Long">1108</attribute>
        <attribute create="true" name="DESCRIPTION" valueType="java.lang.String"/>
    </entity>
    <!--Маршруты-->
    <entity createKeyParam="ROUTINGID" createMethod="routingCreate" getKeyParam="ROUTINGID" getMethod="routingGetListByParams" id="13" isIntService="true" name="DMS_ROUTING" service="dmsws">
        <attribute create="true" entityID="7" name="POINTID" search="true" valueType="java.lang.Long"/>
        <attribute create="true" name="RULELINK" search="true" valueType="java.lang.String">ruleAutoNotificationSuccsess</attribute>
        <attribute create="true" name="RULEPRIORITY" search="true" valueType="java.lang.Integer">1</attribute>
    </entity>
    <entity createKeyParam="ROUTINGID" createMethod="routingCreate" getKeyParam="ROUTINGID" getMethod="routingGetListByParams" id="14" isIntService="true" name="DMS_ROUTING" service="dmsws">
        <attribute create="true" entityID="7" name="POINTID" search="true" valueType="java.lang.Long"/>
        <attribute create="true" name="RULELINK" search="true" valueType="java.lang.String">ruleAutoNotificationError</attribute>
        <attribute create="true" name="RULEPRIORITY" search="true" valueType="java.lang.Integer">2</attribute>
    </entity>
    <entity createKeyParam="ROUTINGID" createMethod="routingCreate" getKeyParam="ROUTINGID" getMethod="routingGetListByParams" id="15" isIntService="true" name="DMS_ROUTING" service="dmsws">
        <attribute create="true" entityID="8" name="POINTID" search="true" valueType="java.lang.Long"/>
        <attribute create="true" name="RULELINK" search="true" valueType="java.lang.String">ruleAutoNotificationSuccsess</attribute>
        <attribute create="true" name="RULEPRIORITY" search="true" valueType="java.lang.Integer">1</attribute>
    </entity>
    <entity createKeyParam="ROUTINGID" createMethod="routingCreate" getKeyParam="ROUTINGID" getMethod="routingGetListByParams" id="16" isIntService="true" name="DMS_ROUTING" service="dmsws">
        <attribute create="true" entityID="8" name="POINTID" search="true" valueType="java.lang.Long"/>
        <attribute create="true" name="RULELINK" search="true" valueType="java.lang.String">ruleAutoNotificationError</attribute>
        <attribute create="true" name="RULEPRIORITY" search="true" valueType="java.lang.Integer">2</attribute>
    </entity>
    <!--Переходы-->
    <entity createKeyParam="TRANSITIONID" createMethod="smTransitionCreate" getKeyParam="TRANSITIONID" getMethod="smTransitionGetListByParams" id="24" isExtService="true" name="FRNT_SMTRANS" service="frontws2">
        <attribute create="true" entityID="17" name="FROMSTATEID" search="true" valueType="java.lang.Long"/>
        <attribute create="true" entityID="19" name="TOSTATEID" search="true" valueType="java.lang.Long"/>
        <attribute create="true" name="SYSNAME" search="true" valueType="java.lang.String">LOSRejectApp</attribute>
        <attribute create="true" name="NAME" valueType="java.lang.String">Reject Application</attribute>
        <attribute create="true" name="TYPEID" search="true" valueType="java.lang.String">1108</attribute>
    </entity>
    <entity createKeyParam="TRANSITIONID" createMethod="smTransitionCreate" getKeyParam="TRANSITIONID" getMethod="smTransitionGetListByParams" id="25" isExtService="true" name="FRNT_SMTRANS" service="frontws2">
        <attribute create="true" entityID="17" name="FROMSTATEID" search="true" valueType="java.lang.Long"/>
        <attribute create="true" entityID="20" name="TOSTATEID" search="true" valueType="java.lang.Long"/>
        <attribute create="true" name="SYSNAME" search="true" valueType="java.lang.String">LOSCustomerNotification</attribute>
        <attribute create="true" name="NAME" valueType="java.lang.String">Customer Notification</attribute>
        <attribute create="true" name="TYPEID" search="true" valueType="java.lang.String">1108</attribute>
    </entity>
    <entity createKeyParam="TRANSITIONID" createMethod="smTransitionCreate" getKeyParam="TRANSITIONID" getMethod="smTransitionGetListByParams" id="26" isExtService="true" name="FRNT_SMTRANS" service="frontws2">
        <attribute create="true" entityID="18" name="FROMSTATEID" search="true" valueType="java.lang.Long"/>
        <attribute create="true" entityID="21" name="TOSTATEID" search="true" valueType="java.lang.Long"/>
        <attribute create="true" name="SYSNAME" search="true" valueType="java.lang.String">LOSApproveApp</attribute>
        <attribute create="true" name="NAME" valueType="java.lang.String">Approve Application</attribute>
        <attribute create="true" name="TYPEID" search="true" valueType="java.lang.String">1108</attribute>
    </entity>
    <entity createKeyParam="TRANSITIONID" createMethod="smTransitionCreate" getKeyParam="TRANSITIONID" getMethod="smTransitionGetListByParams" id="27" isExtService="true" name="FRNT_SMTRANS" service="frontws2">
        <attribute create="true" entityID="18" name="FROMSTATEID" search="true" valueType="java.lang.Long"/>
        <attribute create="true" entityID="22" name="TOSTATEID" search="true" valueType="java.lang.Long"/>
        <attribute create="true" name="SYSNAME" search="true" valueType="java.lang.String">LOSCustomerNotification</attribute>
        <attribute create="true" name="NAME" valueType="java.lang.String">Customer Notification</attribute>
        <attribute create="true" name="TYPEID" search="true" valueType="java.lang.String">1108</attribute>
    </entity>
    <!--Маршрутизация объектов-->
    <entity createKeyParam="ROUTINGOBJECTID" createMethod="routingObjectCreate" getKeyParam="ROUTINGOBJECTID" getMethod="routingObjectGetListByParams" id="9" isIntService="true" name="DMS_ROUTINGOBJECT" service="dmsws">
        <attribute create="true" entityID="13" name="ROUTINGID" search="true" valueType="java.lang.Long"/>
        <attribute create="true" entityID="24" name="TRANSITIONID" search="true" valueType="java.lang.Long"/>
        <attribute create="true" name="OBJECTTYPEID" search="true" valueType="java.lang.Integer">1108</attribute>
        <attribute create="true" name="MAINOBJECTFLAG" search="true" valueType="java.lang.Integer">1</attribute>
    </entity>
    <entity createKeyParam="ROUTINGOBJECTID" createMethod="routingObjectCreate" getKeyParam="ROUTINGOBJECTID" getMethod="routingObjectGetListByParams" id="10" isIntService="true" name="DMS_ROUTINGOBJECT" service="dmsws">
        <attribute create="true" entityID="14" name="ROUTINGID" search="true" valueType="java.lang.Long"/>
        <attribute create="true" entityID="25" name="TRANSITIONID" search="true" valueType="java.lang.Long"/>
        <attribute create="true" name="OBJECTTYPEID" search="true" valueType="java.lang.Integer">1108</attribute>
        <attribute create="true" name="MAINOBJECTFLAG" search="true" valueType="java.lang.Integer">1</attribute>
    </entity>
    <entity createKeyParam="ROUTINGOBJECTID" createMethod="routingObjectCreate" getKeyParam="ROUTINGOBJECTID" getMethod="routingObjectGetListByParams" id="11" isIntService="true" name="DMS_ROUTINGOBJECT" service="dmsws">
        <attribute create="true" entityID="15" name="ROUTINGID" search="true" valueType="java.lang.Long"/>
        <attribute create="true" entityID="26" name="TRANSITIONID" search="true" valueType="java.lang.Long"/>
        <attribute create="true" name="OBJECTTYPEID" search="true" valueType="java.lang.Integer">1108</attribute>
        <attribute create="true" name="MAINOBJECTFLAG" search="true" valueType="java.lang.Integer">1</attribute>
    </entity>
    <entity createKeyParam="ROUTINGOBJECTID" createMethod="routingObjectCreate" getKeyParam="ROUTINGOBJECTID" getMethod="routingObjectGetListByParams" id="12" isIntService="true" name="DMS_ROUTINGOBJECT" service="dmsws">
        <attribute create="true" entityID="16" name="ROUTINGID" search="true" valueType="java.lang.Long"/>
        <attribute create="true" entityID="27" name="TRANSITIONID" search="true" valueType="java.lang.Long"/>
        <attribute create="true" name="OBJECTTYPEID" search="true" valueType="java.lang.Integer">1108</attribute>
        <attribute create="true" name="MAINOBJECTFLAG" search="true" valueType="java.lang.Integer">1</attribute>
    </entity>
</root>