<?xml version="1.0" encoding="UTF-8"?><root>
    <!--Сценарий "Automatic Checks for Unsecured Loan"-->
    <entity createKeyParam="SCRIPTID" createMethod="checkScriptCreate" getKeyParam="SCRIPTID" getMethod="checkScriptGetByIdOrSysname" id="1" isIntService="true" name="DMS_SCRIPT" service="dmsws">
        <attribute create="true" name="SCRIPTSYSNAME" search="true" valueType="java.lang.String">autoChecksUnsecuredLoan</attribute>
        <attribute create="true" name="SCRIPTNAME" valueType="java.lang.String">Automatic Checks for Unsecured Loan</attribute>
        <attribute create="true" name="DESCRIPTION" valueType="java.lang.String"/>
    </entity>

    <!--Состояния-->
    <entity createKeyParam="STATEID" createMethod="smStateCreate" getKeyParam="STATEID" getMethod="smStateGetListByParams" id="15" isExtService="true" name="FRNT_SMSTATE" service="frontws2">
        <attribute create="true" name="SYSNAME" search="true" valueType="java.lang.String">LOSAutoPolicyChecks</attribute>
        <attribute create="true" name="NAME" search="true" valueType="java.lang.String">Automatic Policy Checks</attribute>
        <attribute create="true" name="TYPEID" search="true" valueType="java.lang.Long">1108</attribute>
    </entity>
    <entity createKeyParam="STATEID" createMethod="smStateCreate" getKeyParam="STATEID" getMethod="smStateGetListByParams" id="16" isExtService="true" name="FRNT_SMSTATE" service="frontws2">
        <attribute create="true" name="SYSNAME" search="true" valueType="java.lang.String">LOSDocsCheck</attribute>
        <attribute create="true" name="NAME" search="true" valueType="java.lang.String">Document Check</attribute>
        <attribute create="true" name="TYPEID" search="true" valueType="java.lang.Long">1108</attribute>
    </entity>
    <entity createKeyParam="STATEID" createMethod="smStateCreate" getKeyParam="STATEID" getMethod="smStateGetListByParams" id="17" isExtService="true" name="FRNT_SMSTATE" service="frontws2">
        <attribute create="true" name="SYSNAME" search="true" valueType="java.lang.String">LOSCustomerCreation</attribute>
        <attribute create="true" name="NAME" search="true" valueType="java.lang.String">Customer Creation</attribute>
        <attribute create="true" name="TYPEID" search="true" valueType="java.lang.Long">1108</attribute>
    </entity>
    <!--Связь сценариев и состояний-->
    <entity createKeyParam="LINKID" createMethod="scriptStateLinkCreate" getKeyParam="LINKID" getMethod="scriptStateLinkGetListByParams" id="5" isIntService="true" name="DMS_SCRPTSTATELINK" service="dmsws">
        <attribute create="true" entityID="1" name="SCRIPTID" search="true" valueType="java.lang.Long"/>
        <attribute create="true" entityID="15" name="STATEID" search="true" valueType="java.lang.Long"/>
        <attribute create="true" name="OBJECTTYPEID" search="true" valueType="java.lang.Long">1108</attribute>
    </entity>
    <!--Типы проверок-->
    <entity createKeyParam="CHECKTYPEID" createMethod="checkTypeCreate" getKeyParam="CHECKTYPEID" getMethod="checkTypeGetByIdOrSysname" id="6" isIntService="true" name="DMS_CHECKTYPE" service="dmsws">
        <attribute create="true" name="TYPESYSNAME" search="true" valueType="java.lang.String">decisionResult</attribute>
        <attribute create="true" name="TYPENAME" valueType="java.lang.String">Decision Result</attribute>
        <attribute create="true" name="DESCRIPTION" valueType="java.lang.String">Decision Result</attribute>
    </entity>
    <entity createKeyParam="CHECKTYPEID" createMethod="checkTypeCreate" getKeyParam="CHECKTYPEID" getMethod="checkTypeGetByIdOrSysname" id="7" isIntService="true" name="DMS_CHECKTYPE" service="dmsws">
        <attribute create="true" name="TYPESYSNAME" search="true" valueType="java.lang.String">subjDemands</attribute>
        <attribute create="true" name="TYPENAME" valueType="java.lang.String">Demands to Subject</attribute>
        <attribute create="true" name="DESCRIPTION" valueType="java.lang.String">Demands to Subject</attribute>
    </entity>
    <!--Проверки-->
    <entity createKeyParam="CHECKID" createMethod="checkCreate" getKeyParam="CHECKID" getMethod="checkGetByIdOrSysname" id="18" isIntService="true" name="DMS_CHECK" service="dmsws">
        <attribute create="true" entityID="6" name="CHECKTYPEID" search="true" valueType="java.lang.Long"/>
        <attribute create="true" name="OBJECTTYPEID" valueType="java.lang.Long">50000</attribute>
        <attribute create="true" name="CHECKNAME" valueType="java.lang.String">Check Existing Active Applications</attribute>
        <attribute create="true" name="CHECKSYSNAME" search="true" valueType="java.lang.String">checkExistingActiveApplications</attribute>
        <attribute create="true" name="RULELINK" valueType="java.lang.String">CHECKS/dmsCheckExistingActiveApplications</attribute>
        <attribute create="true" name="RULETYPE" valueType="java.lang.Integer">2</attribute>
        <attribute create="true" name="EXPIRATIONTERM" valueType="java.lang.Integer">0</attribute>
        <attribute create="true" name="MULTIFLAG" valueType="java.lang.Integer">0</attribute>
    </entity>
    <entity createKeyParam="CHECKID" createMethod="checkCreate" getKeyParam="CHECKID" getMethod="checkGetByIdOrSysname" id="19" isIntService="true" name="DMS_CHECK" service="dmsws">
        <attribute create="true" entityID="6" name="CHECKTYPEID" search="true" valueType="java.lang.Long"/>
        <attribute create="true" name="OBJECTTYPEID" valueType="java.lang.Long">50000</attribute>
        <attribute create="true" name="CHECKNAME" valueType="java.lang.String">Check Rejected Applications 6 months</attribute>
        <attribute create="true" name="CHECKSYSNAME" search="true" valueType="java.lang.String">checkRejectedApplications6months</attribute>
        <attribute create="true" name="RULELINK" valueType="java.lang.String">CHECKS/dmsCheckRejectedApplications6months</attribute>
        <attribute create="true" name="RULETYPE" valueType="java.lang.Integer">2</attribute>
        <attribute create="true" name="EXPIRATIONTERM" valueType="java.lang.Integer">0</attribute>
        <attribute create="true" name="MULTIFLAG" valueType="java.lang.Integer">0</attribute>
    </entity>
    <entity createKeyParam="CHECKID" createMethod="checkCreate" getKeyParam="CHECKID" getMethod="checkGetByIdOrSysname" id="20" isIntService="true" name="DMS_CHECK" service="dmsws">
        <attribute create="true" entityID="6" name="CHECKTYPEID" search="true" valueType="java.lang.Long"/>
        <attribute create="true" name="OBJECTTYPEID" valueType="java.lang.Long">1108</attribute>
        <attribute create="true" name="CHECKNAME" valueType="java.lang.String">Verification of all check results</attribute>
        <attribute create="true" name="CHECKSYSNAME" search="true" valueType="java.lang.String">dmsCheckResultsRouting</attribute>
        <attribute create="true" name="RULELINK" valueType="java.lang.String">CHECKS/dmsCheckResultsRouting</attribute>
        <attribute create="true" name="RULETYPE" valueType="java.lang.Integer">2</attribute>
        <attribute create="true" name="EXPIRATIONTERM" valueType="java.lang.Integer">0</attribute>
        <attribute create="true" name="MULTIFLAG" valueType="java.lang.Integer">0</attribute>
    </entity>
    <!--Связанные проверки-->
    <entity createKeyParam="LINKID" createMethod="checkScrLinkCreate" getKeyParam="LINKID" getMethod="checkScrLinkGetListByParams" id="2" isIntService="true" name="DMS_CHECKSCRLINK" service="dmsws">
        <attribute create="true" entityID="1" name="SCRIPTID" search="true" valueType="java.lang.Long"/>
        <attribute create="true" entityID="18" name="CHECKID" search="true" valueType="java.lang.Long"/>
        <attribute create="true" name="CHECKORDER" search="true" valueType="java.lang.Integer">1</attribute>
    </entity>
    <entity createKeyParam="LINKID" createMethod="checkScrLinkCreate" getKeyParam="LINKID" getMethod="checkScrLinkGetListByParams" id="3" isIntService="true" name="DMS_CHECKSCRLINK" service="dmsws">
        <attribute create="true" entityID="1" name="SCRIPTID" search="true" valueType="java.lang.Long"/>
        <attribute create="true" entityID="19" name="CHECKID" search="true" valueType="java.lang.Long"/>
        <attribute create="true" name="CHECKORDER" search="true" valueType="java.lang.Integer">2</attribute>
    </entity>
    <entity createKeyParam="LINKID" createMethod="checkScrLinkCreate" getKeyParam="LINKID" getMethod="checkScrLinkGetListByParams" id="4" isIntService="true" name="DMS_CHECKSCRLINK" service="dmsws">
        <attribute create="true" entityID="1" name="SCRIPTID" search="true" valueType="java.lang.Long"/>
        <attribute create="true" entityID="20" name="CHECKID" search="true" valueType="java.lang.Long"/>
        <attribute create="true" name="CHECKORDER" search="true" valueType="java.lang.Integer">3</attribute>
    </entity>
    <!--Точки маршрутизации-->
    <entity createKeyParam="POINTID" createMethod="routingPointCreate" getKeyParam="POINTID" getMethod="routingPointGetListByParams" id="10" isIntService="true" name="DMS_ROUTINGPOINT" service="dmsws">
        <attribute create="true" entityID="1" name="SCRIPTID" search="true" valueType="java.lang.Long"/>
        <attribute create="true" entityID="20" name="CHECKID" search="true" valueType="java.lang.Long"/>
        <attribute create="true" entityID="15" name="STATEID" search="true" valueType="java.lang.Long"/>
        <attribute create="true" name="POINTSYSNAME" search="true" valueType="java.lang.String">autoPolicyChecksUnsLoanINT</attribute>
        <attribute create="true" name="POINTNAME" valueType="java.lang.String">autoPolicyChecksUnsLoanINT</attribute>
        <attribute create="true" name="OBJECTTYPEID" valueType="java.lang.Long">1108</attribute>
        <attribute create="true" name="DESCRIPTION" valueType="java.lang.String"/>
    </entity>
    <!--Маршруты-->
    <entity createKeyParam="ROUTINGID" createMethod="routingCreate" getKeyParam="ROUTINGID" getMethod="routingGetListByParams" id="13" isIntService="true" name="DMS_ROUTING" service="dmsws">
        <attribute create="true" entityID="10" name="POINTID" search="true" valueType="java.lang.Long"/>
        <attribute create="true" name="RULELINK" search="true" valueType="java.lang.String">ruleCheckAccept</attribute>
        <attribute create="true" name="RULEPRIORITY" search="true" valueType="java.lang.Integer">1</attribute>
    </entity>
    <entity createKeyParam="ROUTINGID" createMethod="routingCreate" getKeyParam="ROUTINGID" getMethod="routingGetListByParams" id="14" isIntService="true" name="DMS_ROUTING" service="dmsws">
        <attribute create="true" entityID="10" name="POINTID" search="true" valueType="java.lang.Long"/>
        <attribute create="true" name="RULELINK" search="true" valueType="java.lang.String">ruleCheckDeny</attribute>
        <attribute create="true" name="RULEPRIORITY" search="true" valueType="java.lang.Integer">2</attribute>
    </entity>
    <!--Переходы-->
    <entity createKeyParam="TRANSITIONID" createMethod="smTransitionCreate" getKeyParam="TRANSITIONID" getMethod="smTransitionGetListByParams" id="21" isExtService="true" name="FRNT_SMTRANS" service="frontws2">
        <attribute create="true" entityID="15" name="FROMSTATEID" search="true" valueType="java.lang.Long"/>
        <attribute create="true" entityID="16" name="TOSTATEID" search="true" valueType="java.lang.Long"/>
        <attribute create="true" name="SYSNAME" search="true" valueType="java.lang.String">LOSApproveApp</attribute>
        <attribute create="true" name="NAME" valueType="java.lang.String">Approve Application</attribute>
        <attribute create="true" name="TYPEID" search="true" valueType="java.lang.String">1108</attribute>
    </entity>
    <entity createKeyParam="TRANSITIONID" createMethod="smTransitionCreate" getKeyParam="TRANSITIONID" getMethod="smTransitionGetListByParams" id="22" isExtService="true" name="FRNT_SMTRANS" service="frontws2">
        <attribute create="true" entityID="15" name="FROMSTATEID" search="true" valueType="java.lang.Long"/>
        <attribute create="true" entityID="17" name="TOSTATEID" search="true" valueType="java.lang.Long"/>
        <attribute create="true" name="SYSNAME" search="true" valueType="java.lang.String">LOSCustomerCreation</attribute>
        <attribute create="true" name="NAME" valueType="java.lang.String">Customer Creation</attribute>
        <attribute create="true" name="TYPEID" search="true" valueType="java.lang.String">1108</attribute>
    </entity>
    <!--Маршрутизация объектов-->
    <entity createKeyParam="ROUTINGOBJECTID" createMethod="routingObjectCreate" getKeyParam="ROUTINGOBJECTID" getMethod="routingObjectGetListByParams" id="11" isIntService="true" name="DMS_ROUTINGOBJECT" service="dmsws">
        <attribute create="true" entityID="13" name="ROUTINGID" search="true" valueType="java.lang.Long"/>
        <attribute create="true" entityID="21" name="TRANSITIONID" search="true" valueType="java.lang.Long"/>
        <attribute create="true" name="OBJECTTYPEID" search="true" valueType="java.lang.Integer">1108</attribute>
        <attribute create="true" name="MAINOBJECTFLAG" search="true" valueType="java.lang.Integer">1</attribute>
    </entity>
    <entity createKeyParam="ROUTINGOBJECTID" createMethod="routingObjectCreate" getKeyParam="ROUTINGOBJECTID" getMethod="routingObjectGetListByParams" id="12" isIntService="true" name="DMS_ROUTINGOBJECT" service="dmsws">
        <attribute create="true" entityID="14" name="ROUTINGID" search="true" valueType="java.lang.Long"/>
        <attribute create="true" entityID="22" name="TRANSITIONID" search="true" valueType="java.lang.Long"/>
        <attribute create="true" name="OBJECTTYPEID" search="true" valueType="java.lang.Integer">1108</attribute>
        <attribute create="true" name="MAINOBJECTFLAG" search="true" valueType="java.lang.Integer">1</attribute>
    </entity>
</root>