<?xml version="1.0" encoding="UTF-8"?>
<root>
	<entity name="CORE_PROJECT" id="1" createMethod="admProjectAdd" getMethod="admProjectBySysname" additionalProcessMethod="admProjectBySysname" processKeyParam="PROJECTID" createKeyParam="PROJECTID" getKeyParam="PROJECTID" service="adminws">
		<attribute name="PROJECTSYSNAME" valueType="java.lang.String" create="true" process="true" search="true">FTDS</attribute>
		<attribute name="PROJECTNAME" valueType="java.lang.String">FLEXTERA "Поддержка принятия решения"</attribute>
		<attribute name="METADATAURL" valueType="java.lang.String">D:\METADATA\TEST\dms\</attribute>
		<attribute name="USERMETADATAURL" valueType="java.lang.String">D:\METADATA\TEST\dms\</attribute>
	</entity>

	<!--Этапы-->
	<entity name="FRNT_SMSTATE" id="136" createMethod="smStateCreate" getMethod="smStateGetListByParams" createKeyParam="STATEID" getKeyParam="STATEID" service="frontws2" isExtService="true">
		<attribute name="SYSNAME" valueType="java.lang.String" create="true" search="true">manualVerificationSEB</attribute>
		<attribute name="NAME" valueType="java.lang.String" create="true">Ручная проверка СЭБ</attribute>
		<attribute name="TYPEID" valueType="java.lang.Long" create="true" search="true">1004</attribute>
		<attribute name="PROJECTID" valueType="java.lang.Long" create="true" search="true" entityID="1"/>
	</entity>
	
	<entity name="FRNT_SMSTATE" id="133" createMethod="smStateCreate" getMethod="smStateGetListByParams" createKeyParam="STATEID" getKeyParam="STATEID" service="frontws2" isExtService="true">
		<attribute name="SYSNAME" valueType="java.lang.String" create="true" search="true">underwriterDecision</attribute>
		<attribute name="NAME" valueType="java.lang.String" create="true">Принятие решения андеррайтером</attribute>
		<attribute name="TYPEID" valueType="java.lang.Long" create="true" search="true">1004</attribute>
		<attribute name="PROJECTID" valueType="java.lang.Long" create="true" search="true" entityID="1"/>
	</entity>

	<entity name="FRNT_SMSTATE" id="158" createMethod="smStateCreate" getMethod="smStateGetListByParams" createKeyParam="STATEID" getKeyParam="STATEID" service="frontws2" isExtService="true">
		<attribute name="SYSNAME" valueType="java.lang.String" create="true" search="true">underwriterDecision</attribute>
		<attribute name="NAME" valueType="java.lang.String" create="true">Принятие решения андеррайтером</attribute>
		<attribute name="TYPEID" valueType="java.lang.Long" create="true" search="true">2220</attribute>
		<attribute name="PROJECTID" valueType="java.lang.Long" create="true" search="true" entityID="1"/>
	</entity>		

	<!--исправление путей к pageflow в переходах-->
	<entity name="FRNT_SMTRANS" id="196" createMethod="" updateMethod="smTransitionModify" getMethod="smTransitionGetListByParams" createKeyParam="TRANSITIONID" getKeyParam="TRANSITIONID" service="frontws2" isExtService="true">
		<attribute name="SYSNAME" valueType="java.lang.String" search="true">reviewApplication</attribute>
		<attribute name="FROMSTATEID" valueType="java.lang.Long" search="true" entityID="133"/>
		<attribute name="TOSTATEID" valueType="java.lang.Long" search="true" entityID="133"/>
		<attribute name="TYPEID" valueType="java.lang.Long" search="true">1004</attribute>
		<attribute name="PAGEFLOWNAME" valueType="java.lang.String" create="true">loanApp/consumerLoanApp/viewApplication/viewApplication</attribute>
	</entity>

	<entity name="FRNT_SMTRANS" id="223" createMethod="" updateMethod="smTransitionModify" getMethod="smTransitionGetListByParams" createKeyParam="TRANSITIONID" getKeyParam="TRANSITIONID" service="frontws2" isExtService="true">
		<attribute name="SYSNAME" valueType="java.lang.String" search="true">reviewApplication</attribute>
		<attribute name="FROMSTATEID" valueType="java.lang.Long" search="true" entityID="136"/>
		<attribute name="TOSTATEID" valueType="java.lang.Long" search="true" entityID="136"/>
		<attribute name="TYPEID" valueType="java.lang.Long" search="true">1004</attribute>
		<attribute name="PAGEFLOWNAME" valueType="java.lang.String" create="true">loanApp/consumerLoanApp/viewApplication/viewApplication</attribute>
	</entity>

	<entity name="FRNT_SMTRANS" id="355" createMethod="" updateMethod="smTransitionModify" getMethod="smTransitionGetListByParams" createKeyParam="TRANSITIONID" getKeyParam="TRANSITIONID" service="frontws2" isExtService="true">
		<attribute name="SYSNAME" valueType="java.lang.String" search="true">reviewApplication</attribute>
		<attribute name="FROMSTATEID" valueType="java.lang.Long" search="true" entityID="158"/>
		<attribute name="TOSTATEID" valueType="java.lang.Long" search="true" entityID="158"/>
		<attribute name="TYPEID" valueType="java.lang.Long" search="true">2220</attribute>
		<attribute name="PAGEFLOWNAME" valueType="java.lang.String" create="true">loanApp/consumerLoanApp/viewApplication/viewApplication</attribute>
	</entity>

</root>