<?xml version="1.0" encoding="UTF-8"?>
<root>
    
    <!-- Проект -->

    <entity name="CORE_PROJECT" id="0" createMethod="admProjectAdd" getMethod="admProjectBySysname" additionalProcessMethod="admProjectBySysname" processKeyParam="PROJECTID" createKeyParam="PROJECTID" getKeyParam="PROJECTID" service="adminws">
        <attribute name="PROJECTSYSNAME" valueType="java.lang.String" create="true" process="true" search="true">FTDS</attribute>
        <attribute name="PROJECTNAME" valueType="java.lang.String">FLEXTERA "Поддержка принятия решения"</attribute>
        <attribute name="METADATAURL" valueType="java.lang.String">D:\METADATA\TEST\dms\</attribute>
        <attribute name="USERMETADATAURL" valueType="java.lang.String">D:\METADATA\TEST\dms\</attribute>
    </entity>
    
    <!-- Группы расчетных параметров -->
    
    <entity name="FRNT_QUOTIENTGROUP" id="1" createMethod="quotientGroupCreate" getMethod="quotientGroupGetListByParams" createKeyParam="QUOTIENTGROUPID" getKeyParam="QUOTIENTGROUPID" service="frontws2">
        <attribute name="PARENTGROUPID" valueType="java.lang.Long" create="true" search="true">NULL</attribute>
        <attribute name="GROUPNAME" valueType="java.lang.String" create="true" search="true">creditCard</attribute>
        <attribute name="DESCRIPTION" valueType="java.lang.String" create="true"> Кредитные карты</attribute>
    </entity>

    <entity name="FRNT_QUOTIENTGROUP" id="2" createMethod="quotientGroupCreate" getMethod="quotientGroupGetListByParams" createKeyParam="QUOTIENTGROUPID" getKeyParam="QUOTIENTGROUPID" service="frontws2">
        <attribute name="PARENTGROUPID" valueType="java.lang.Long" create="true" search="true">NULL</attribute>
        <attribute name="GROUPNAME" valueType="java.lang.String" create="true" search="true">overdraft</attribute>
        <attribute name="DESCRIPTION" valueType="java.lang.String" create="true">Расчетные карты с овердрафтом</attribute>
    </entity>
    
    <!-- Расчетные параметры -->
    
    <entity name="FRNT_QUOTIENT" id="3" createMethod="quotientCreate" getMethod="quotientGetListByParams" createKeyParam="QUOTIENTID" getKeyParam="QUOTIENTID" service="frontws2">
        <attribute name="QUOTIENTSYSNAME" valueType="java.lang.String" create="true" search="true">MIR</attribute>
        <attribute name="QUOTIENTNAME" valueType="java.lang.String" create="true">Процентная ставка в месяц</attribute>
        <attribute name="FORMULAFORVIEW" valueType="java.lang.String" create="true">loanInterestRate / ( 12.0 * 100.0 )</attribute>
        <attribute name="FORMULA" valueType="java.lang.String" create="true">$$0$$loanInterestRate$$ / ( 12.0 * 100.0 )</attribute>
        <attribute name="MINVALUE" valueType="java.lang.String" create="true"> </attribute>
        <attribute name="MAXVALUE" valueType="java.lang.String" create="true"> </attribute>
    </entity>
  
    <entity name="FRNT_QUOTIENT" id="4" createMethod="quotientCreate" getMethod="quotientGetListByParams" createKeyParam="QUOTIENTID" getKeyParam="QUOTIENTID" service="frontws2">
        <attribute name="QUOTIENTSYSNAME" valueType="java.lang.String" create="true" search="true">clientTotalIncome</attribute>
        <attribute name="QUOTIENTNAME" valueType="java.lang.String" create="true">Общая сумма среднемесячных доходов</attribute>
        <attribute name="FORMULAFORVIEW" valueType="java.lang.String" create="true">clientTotalIncome</attribute>
        <attribute name="FORMULA" valueType="java.lang.String" create="true">$$0$$clientTotalIncome$$</attribute>
        <attribute name="MINVALUE" valueType="java.lang.String" create="true"> </attribute>
        <attribute name="MAXVALUE" valueType="java.lang.String" create="true"> </attribute>
    </entity>
  
    <entity name="FRNT_QUOTIENT" id="5" createMethod="quotientCreate" getMethod="quotientGetListByParams" createKeyParam="QUOTIENTID" getKeyParam="QUOTIENTID" service="frontws2">
        <attribute name="QUOTIENTSYSNAME" valueType="java.lang.String" create="true" search="true">clientTotalCreditLiability</attribute>
        <attribute name="QUOTIENTNAME" valueType="java.lang.String" create="true">Общая сумма ежемесячных платежей по обязательствам </attribute>
        <attribute name="FORMULAFORVIEW" valueType="java.lang.String" create="true">clientTotalCreditLiability</attribute>
        <attribute name="FORMULA" valueType="java.lang.String" create="true">$$0$$clientTotalCreditLiability$$</attribute>
        <attribute name="MINVALUE" valueType="java.lang.String" create="true"> </attribute>
        <attribute name="MAXVALUE" valueType="java.lang.String" create="true"> </attribute>
    </entity>
  
    <entity name="FRNT_QUOTIENT" id="6" createMethod="quotientCreate" getMethod="quotientGetListByParams" createKeyParam="QUOTIENTID" getKeyParam="QUOTIENTID" service="frontws2">
        <attribute name="QUOTIENTSYSNAME" valueType="java.lang.String" create="true" search="true">clientTotalPureIncome</attribute>
        <attribute name="QUOTIENTNAME" valueType="java.lang.String" create="true">Общий чистый среднемесячный доход</attribute>
        <attribute name="FORMULAFORVIEW" valueType="java.lang.String" create="true">clientTotalIncome - clientTotalCreditLiability - clientTotalExpense</attribute>
        <attribute name="FORMULA" valueType="java.lang.String" create="true">$$0$$clientTotalIncome$$ - $$0$$clientTotalCreditLiability$$ - $$0$$clientTotalExpense$$</attribute>
        <attribute name="MINVALUE" valueType="java.lang.String" create="true"> </attribute>
        <attribute name="MAXVALUE" valueType="java.lang.String" create="true"> </attribute>
    </entity>
  
    <entity name="FRNT_QUOTIENT" id="7" createMethod="quotientCreate" getMethod="quotientGetListByParams" createKeyParam="QUOTIENTID" getKeyParam="QUOTIENTID" service="frontws2">
        <attribute name="QUOTIENTSYSNAME" valueType="java.lang.String" create="true" search="true">expenseIncome</attribute>
        <attribute name="QUOTIENTNAME" valueType="java.lang.String" create="true">Расход /доход</attribute>
        <attribute name="FORMULAFORVIEW" valueType="java.lang.String" create="true">( clientTotalCreditLiability + clientTotalExpense ) / clientTotalIncome</attribute>
        <attribute name="FORMULA" valueType="java.lang.String" create="true">( $$0$$clientTotalCreditLiability$$ + $$0$$clientTotalExpense$$ ) / $$0$$clientTotalIncome$$</attribute>
        <attribute name="MINVALUE" valueType="java.lang.String" create="true"> </attribute>
        <attribute name="MAXVALUE" valueType="java.lang.String" create="true"> </attribute>
    </entity>
 
    <entity name="FRNT_QUOTIENT" id="8" createMethod="quotientCreate" getMethod="quotientGetListByParams" createKeyParam="QUOTIENTID" getKeyParam="QUOTIENTID" service="frontws2">
        <attribute name="QUOTIENTSYSNAME" valueType="java.lang.String" create="true" search="true">UD</attribute>
        <attribute name="QUOTIENTNAME" valueType="java.lang.String" create="true">Дисконтирующий коэффициент чистого дохода</attribute>
        <attribute name="FORMULAFORVIEW" valueType="java.lang.String" create="true">0.4 + 0.05 * ( 1 - 0 ^ ( clientTotalIncome - clientTotalIncome % 30001 ) ) + 0.05 * ( 1 - 0 ^ ( clientTotalIncome - clientTotalIncome % 100001 ) )</attribute>
        <attribute name="FORMULA" valueType="java.lang.String" create="true">0.4 + 0.05 * ( 1 - 0 pow ( $$0$$clientTotalIncome$$ - $$0$$clientTotalIncome$$ % 30001 ) ) + 0.05 * ( 1 - 0 pow ( $$0$$clientTotalIncome$$ - $$0$$clientTotalIncome$$ % 100001 ) )</attribute>
        <attribute name="MINVALUE" valueType="java.lang.String" create="true">0.4</attribute>
        <attribute name="MAXVALUE" valueType="java.lang.String" create="true"> 0.5</attribute>
    </entity>

    <entity name="FRNT_QUOTIENT" id="9" createMethod="quotientCreate" getMethod="quotientGetListByParams" createKeyParam="QUOTIENTID" getKeyParam="QUOTIENTID" service="frontws2">
        <attribute name="QUOTIENTSYSNAME" valueType="java.lang.String" create="true" search="true">maxAnnuitet</attribute>
        <attribute name="QUOTIENTNAME" valueType="java.lang.String" create="true">Максимальная величина ежемесячного платежа</attribute>
        <attribute name="FORMULAFORVIEW" valueType="java.lang.String" create="true">( clientTotalIncome - clientTotalExpense - clientTotalCreditLiability ) * UD</attribute>
        <attribute name="FORMULA" valueType="java.lang.String" create="true">( $$0$$clientTotalIncome$$ - $$0$$clientTotalExpense$$ - $$0$$clientTotalCreditLiability$$ ) * $$1$$UD$$</attribute>
        <attribute name="MINVALUE" valueType="java.lang.String" create="true"> </attribute>
        <attribute name="MAXVALUE" valueType="java.lang.String" create="true"> </attribute>
    </entity>

    <entity name="FRNT_QUOTIENT" id="10" createMethod="quotientCreate" getMethod="quotientGetListByParams" createKeyParam="QUOTIENTID" getKeyParam="QUOTIENTID" service="frontws2">
        <attribute name="QUOTIENTSYSNAME" valueType="java.lang.String" create="true" search="true">maxOverdraftLimitFromIncome</attribute>
        <attribute name="QUOTIENTNAME" valueType="java.lang.String" create="true">Максимальный лимит овердрафта исходя из дохода</attribute>
        <attribute name="FORMULAFORVIEW" valueType="java.lang.String" create="true">maxAnnuitet * ( ( 1 + MIR ) - 1 ) / ( MIR * ( 1 + MIR ) )</attribute>
        <attribute name="FORMULA" valueType="java.lang.String" create="true">$$1$$maxAnnuitet$$ * ( ( 1 + $$1$$MIR$$ ) - 1 ) / ( $$1$$MIR$$ * ( 1 + $$1$$MIR$$ ) )</attribute>
        <attribute name="MINVALUE" valueType="java.lang.String" create="true"> </attribute>
        <attribute name="MAXVALUE" valueType="java.lang.String" create="true"> </attribute>
    </entity>

    <entity name="FRNT_QUOTIENT" id="11" createMethod="quotientCreate" getMethod="quotientGetListByParams" createKeyParam="QUOTIENTID" getKeyParam="QUOTIENTID" service="frontws2">
        <attribute name="QUOTIENTSYSNAME" valueType="java.lang.String" create="true" search="true">maxCreditCardLimitFromIncome</attribute>
        <attribute name="QUOTIENTNAME" valueType="java.lang.String" create="true">Максимальный кредитный лимит по карте</attribute>
        <attribute name="FORMULAFORVIEW" valueType="java.lang.String" create="true">maxAnnuitet * ( ( 1 + MIR ) ^ ( loanTerm * 12 ) - 1 ) / ( MIR * ( ( 1 + MIR ) ^ ( loanTerm * 12 ) ) )</attribute>
        <attribute name="FORMULA" valueType="java.lang.String" create="true">$$1$$maxAnnuitet$$ * ( ( 1 + $$1$$MIR$$ ) pow ( $$0$$loanTerm$$ * 12 ) - 1 ) / ( $$1$$MIR$$ * ( ( 1 + $$1$$MIR$$ ) pow ( $$0$$loanTerm$$ * 12 ) ) )</attribute>
        <attribute name="MINVALUE" valueType="java.lang.String" create="true"> </attribute>
        <attribute name="MAXVALUE" valueType="java.lang.String" create="true"> </attribute>
    </entity>    
    
    <!-- Атрибуты объектов-->
    
    <entity name="OBJ_OBJATTRIBUTE" id="12" createMethod="objectAttributeCreate" getMethod="objectAttributeGetListByParams" createKeyParam="OBJATTRIBUTEID" getKeyParam="OBJATTRIBUTEID" service="frontws2">
        <attribute name="OBJECTTYPEID" valueType="java.lang.String" create="true" search="true">50001</attribute>
        <attribute name="FIELDNAME" valueType="java.lang.String">clientTotalCreditLiability</attribute>
        <attribute name="NAME" valueType="java.lang.String">Общая сумма среднемесячных расходов по кредитным обязательствам</attribute>
        <attribute name="DESCRIPTION" valueType="java.lang.String">Общая сумма среднемесячных расходов по кредитным обязательствам</attribute>
        <attribute name="FILTERFIELDID" valueType="java.lang.Long"></attribute>
        <attribute name="FILTERVALUE" valueType="java.lang.String"></attribute>
        <attribute name="VALUETYPE" valueType="java.lang.Integer">5</attribute>
        <attribute name="SYSNAME" valueType="java.lang.String" create="true" search="true">clientTotalCreditLiability</attribute>
        <attribute name="TABLEID" valueType="java.lang.Long"></attribute>
        <attribute name="ATTRTYPE" valueType="java.lang.Integer">0</attribute>
    </entity>
       
    <entity name="OBJ_OBJATTRIBUTE" id="13" createMethod="objectAttributeCreate" getMethod="objectAttributeGetListByParams" createKeyParam="OBJATTRIBUTEID" getKeyParam="OBJATTRIBUTEID" service="frontws2">
        <attribute name="OBJECTTYPEID" valueType="java.lang.String" create="true" search="true">50001</attribute>
        <attribute name="FIELDNAME" valueType="java.lang.String">clientTotalExpense</attribute>
        <attribute name="NAME" valueType="java.lang.String">Общая сумма среднемесячных расходов</attribute>
        <attribute name="DESCRIPTION" valueType="java.lang.String">Общая сумма среднемесячных расходов</attribute>
        <attribute name="FILTERFIELDID" valueType="java.lang.Long"></attribute>
        <attribute name="FILTERVALUE" valueType="java.lang.String"></attribute>
        <attribute name="VALUETYPE" valueType="java.lang.Integer">5</attribute>
        <attribute name="SYSNAME" valueType="java.lang.String" create="true" search="true">clientTotalExpense</attribute>
        <attribute name="TABLEID" valueType="java.lang.Long"></attribute>
        <attribute name="ATTRTYPE" valueType="java.lang.Integer">0</attribute>
    </entity>
       
    <entity name="OBJ_OBJATTRIBUTE" id="14" createMethod="objectAttributeCreate" getMethod="objectAttributeGetListByParams" createKeyParam="OBJATTRIBUTEID" getKeyParam="OBJATTRIBUTEID" service="frontws2">
        <attribute name="OBJECTTYPEID" valueType="java.lang.String" create="true" search="true">1001</attribute>
        <attribute name="FIELDNAME" valueType="java.lang.String">loanInterestRate</attribute>
        <attribute name="NAME" valueType="java.lang.String">Процентная ставка</attribute>
        <attribute name="DESCRIPTION" valueType="java.lang.String">Процентная ставка</attribute>
        <attribute name="FILTERFIELDID" valueType="java.lang.Long"></attribute>
        <attribute name="FILTERVALUE" valueType="java.lang.String"></attribute>
        <attribute name="VALUETYPE" valueType="java.lang.Integer">5</attribute>
        <attribute name="SYSNAME" valueType="java.lang.String" create="true" search="true">loanInterestRate</attribute>
        <attribute name="TABLEID" valueType="java.lang.Long"></attribute>
        <attribute name="ATTRTYPE" valueType="java.lang.Integer">0</attribute>
    </entity>
       
    <entity name="OBJ_OBJATTRIBUTE" id="15" createMethod="objectAttributeCreate" getMethod="objectAttributeGetListByParams" createKeyParam="OBJATTRIBUTEID" getKeyParam="OBJATTRIBUTEID" service="frontws2">
        <attribute name="OBJECTTYPEID" valueType="java.lang.String" create="true" search="true">1001</attribute>
        <attribute name="FIELDNAME" valueType="java.lang.String">loanTerm</attribute>
        <attribute name="NAME" valueType="java.lang.String">Срок кредита, мес.</attribute>
        <attribute name="DESCRIPTION" valueType="java.lang.String">Срок кредита, мес.:</attribute>
        <attribute name="FILTERFIELDID" valueType="java.lang.Long"></attribute>
        <attribute name="FILTERVALUE" valueType="java.lang.String"></attribute>
        <attribute name="VALUETYPE" valueType="java.lang.Integer">2</attribute>
        <attribute name="SYSNAME" valueType="java.lang.String" create="true" search="true">loanTerm</attribute>
        <attribute name="TABLEID" valueType="java.lang.Long"></attribute>
        <attribute name="ATTRTYPE" valueType="java.lang.Integer">0</attribute>
    </entity>
       
    <entity name="OBJ_OBJATTRIBUTE" id="16" createMethod="objectAttributeCreate" getMethod="objectAttributeGetListByParams" createKeyParam="OBJATTRIBUTEID" getKeyParam="OBJATTRIBUTEID" service="frontws2">
        <attribute name="OBJECTTYPEID" valueType="java.lang.String" create="true" search="true">50001</attribute>
        <attribute name="FIELDNAME" valueType="java.lang.String">clientTotalIncome</attribute>
        <attribute name="NAME" valueType="java.lang.String">Ежемесячный доход клиента</attribute>
        <attribute name="DESCRIPTION" valueType="java.lang.String">Ежемесячный доход клиента</attribute>
        <attribute name="FILTERFIELDID" valueType="java.lang.Long"></attribute>
        <attribute name="FILTERVALUE" valueType="java.lang.String"></attribute>
        <attribute name="VALUETYPE" valueType="java.lang.Integer">5</attribute>
        <attribute name="SYSNAME" valueType="java.lang.String" create="true" search="true">clientTotalIncome</attribute>
        <attribute name="TABLEID" valueType="java.lang.Long">398</attribute>
        <attribute name="ATTRTYPE" valueType="java.lang.Integer">0</attribute>
    </entity>
        
    <!-- Связь расчетных параметров и атрибутов -->
    
    <entity name="FRNT_QTNTFORMULA" id="17" createMethod="quotientFormulaCreate" getMethod="quotientFormulaGetListByParams" createKeyParam="LINKID" getKeyParam="LINKID" service="frontws2">
        <attribute name="QUOTIENTID" valueType="java.lang.Long" create="true" search="true" entityID="9"/>
        <attribute name="PARAMID" valueType="java.lang.Long" create="true" search="true" entityID="16"/>
        <attribute name="PARAMTYPE" valueType="java.lang.Integer" create="true" search="true">0</attribute>
    </entity>
  
    <entity name="FRNT_QTNTFORMULA" id="18" createMethod="quotientFormulaCreate" getMethod="quotientFormulaGetListByParams" createKeyParam="LINKID" getKeyParam="LINKID" service="frontws2">
        <attribute name="QUOTIENTID" valueType="java.lang.Long" create="true" search="true" entityID="9"/>
        <attribute name="PARAMID" valueType="java.lang.Long" create="true" search="true" entityID="13"/>
        <attribute name="PARAMTYPE" valueType="java.lang.Integer" create="true" search="true">0</attribute>
    </entity>
  
    <entity name="FRNT_QTNTFORMULA" id="19" createMethod="quotientFormulaCreate" getMethod="quotientFormulaGetListByParams" createKeyParam="LINKID" getKeyParam="LINKID" service="frontws2">
        <attribute name="QUOTIENTID" valueType="java.lang.Long" create="true" search="true" entityID="9"/>
        <attribute name="PARAMID" valueType="java.lang.Long" create="true" search="true" entityID="12"/>
        <attribute name="PARAMTYPE" valueType="java.lang.Integer" create="true" search="true">0</attribute>
    </entity>
  
    <entity name="FRNT_QTNTFORMULA" id="20" createMethod="quotientFormulaCreate" getMethod="quotientFormulaGetListByParams" createKeyParam="LINKID" getKeyParam="LINKID" service="frontws2">
        <attribute name="QUOTIENTID" valueType="java.lang.Long" create="true" search="true" entityID="9"/>
        <attribute name="PARAMID" valueType="java.lang.Long" create="true" search="true" entityID="8"/>
        <attribute name="PARAMTYPE" valueType="java.lang.Integer" create="true" search="true">1</attribute>
    </entity>
  
    <entity name="FRNT_QTNTFORMULA" id="21" createMethod="quotientFormulaCreate" getMethod="quotientFormulaGetListByParams" createKeyParam="LINKID" getKeyParam="LINKID" service="frontws2">
        <attribute name="QUOTIENTID" valueType="java.lang.Long" create="true" search="true" entityID="4"/>
        <attribute name="PARAMID" valueType="java.lang.Long" create="true" search="true" entityID="16"/>
        <attribute name="PARAMTYPE" valueType="java.lang.Integer" create="true" search="true">0</attribute>
    </entity>
  
    <entity name="FRNT_QTNTFORMULA" id="22" createMethod="quotientFormulaCreate" getMethod="quotientFormulaGetListByParams" createKeyParam="LINKID" getKeyParam="LINKID" service="frontws2">
        <attribute name="QUOTIENTID" valueType="java.lang.Long" create="true" search="true" entityID="5"/>
        <attribute name="PARAMID" valueType="java.lang.Long" create="true" search="true" entityID="12"/>
        <attribute name="PARAMTYPE" valueType="java.lang.Integer" create="true" search="true">0</attribute>
    </entity>
  
    <entity name="FRNT_QTNTFORMULA" id="23" createMethod="quotientFormulaCreate" getMethod="quotientFormulaGetListByParams" createKeyParam="LINKID" getKeyParam="LINKID" service="frontws2">
        <attribute name="QUOTIENTID" valueType="java.lang.Long" create="true" search="true" entityID="6"/>
        <attribute name="PARAMID" valueType="java.lang.Long" create="true" search="true" entityID="16"/>
        <attribute name="PARAMTYPE" valueType="java.lang.Integer" create="true" search="true">0</attribute>
    </entity>
  
    <entity name="FRNT_QTNTFORMULA" id="24" createMethod="quotientFormulaCreate" getMethod="quotientFormulaGetListByParams" createKeyParam="LINKID" getKeyParam="LINKID" service="frontws2">
        <attribute name="QUOTIENTID" valueType="java.lang.Long" create="true" search="true" entityID="6"/>
        <attribute name="PARAMID" valueType="java.lang.Long" create="true" search="true" entityID="12"/>
        <attribute name="PARAMTYPE" valueType="java.lang.Integer" create="true" search="true">0</attribute>
    </entity>
  
    <entity name="FRNT_QTNTFORMULA" id="25" createMethod="quotientFormulaCreate" getMethod="quotientFormulaGetListByParams" createKeyParam="LINKID" getKeyParam="LINKID" service="frontws2">
        <attribute name="QUOTIENTID" valueType="java.lang.Long" create="true" search="true" entityID="6"/>
        <attribute name="PARAMID" valueType="java.lang.Long" create="true" search="true" entityID="13"/>
        <attribute name="PARAMTYPE" valueType="java.lang.Integer" create="true" search="true">0</attribute>
    </entity>
  
    <entity name="FRNT_QTNTFORMULA" id="26" createMethod="quotientFormulaCreate" getMethod="quotientFormulaGetListByParams" createKeyParam="LINKID" getKeyParam="LINKID" service="frontws2">
        <attribute name="QUOTIENTID" valueType="java.lang.Long" create="true" search="true" entityID="7"/>
        <attribute name="PARAMID" valueType="java.lang.Long" create="true" search="true" entityID="12"/>
        <attribute name="PARAMTYPE" valueType="java.lang.Integer" create="true" search="true">0</attribute>
    </entity>
  
    <entity name="FRNT_QTNTFORMULA" id="27" createMethod="quotientFormulaCreate" getMethod="quotientFormulaGetListByParams" createKeyParam="LINKID" getKeyParam="LINKID" service="frontws2">
        <attribute name="QUOTIENTID" valueType="java.lang.Long" create="true" search="true" entityID="7"/>
        <attribute name="PARAMID" valueType="java.lang.Long" create="true" search="true" entityID="13"/>
        <attribute name="PARAMTYPE" valueType="java.lang.Integer" create="true" search="true">0</attribute>
    </entity>
  
    <entity name="FRNT_QTNTFORMULA" id="28" createMethod="quotientFormulaCreate" getMethod="quotientFormulaGetListByParams" createKeyParam="LINKID" getKeyParam="LINKID" service="frontws2">
        <attribute name="QUOTIENTID" valueType="java.lang.Long" create="true" search="true" entityID="7"/>
        <attribute name="PARAMID" valueType="java.lang.Long" create="true" search="true" entityID="16"/>
        <attribute name="PARAMTYPE" valueType="java.lang.Integer" create="true" search="true">0</attribute>
    </entity>
  
    <entity name="FRNT_QTNTFORMULA" id="29" createMethod="quotientFormulaCreate" getMethod="quotientFormulaGetListByParams" createKeyParam="LINKID" getKeyParam="LINKID" service="frontws2">
        <attribute name="QUOTIENTID" valueType="java.lang.Long" create="true" search="true" entityID="3"/>
        <attribute name="PARAMID" valueType="java.lang.Long" create="true" search="true" entityID="14"/>
        <attribute name="PARAMTYPE" valueType="java.lang.Integer" create="true" search="true">0</attribute>
    </entity>
  
    <entity name="FRNT_QTNTFORMULA" id="30" createMethod="quotientFormulaCreate" getMethod="quotientFormulaGetListByParams" createKeyParam="LINKID" getKeyParam="LINKID" service="frontws2">
        <attribute name="QUOTIENTID" valueType="java.lang.Long" create="true" search="true" entityID="8"/>
        <attribute name="PARAMID" valueType="java.lang.Long" create="true" search="true" entityID="16"/>
        <attribute name="PARAMTYPE" valueType="java.lang.Integer" create="true" search="true">0</attribute>
    </entity>
  
    <entity name="FRNT_QTNTFORMULA" id="31" createMethod="quotientFormulaCreate" getMethod="quotientFormulaGetListByParams" createKeyParam="LINKID" getKeyParam="LINKID" service="frontws2">
        <attribute name="QUOTIENTID" valueType="java.lang.Long" create="true" search="true" entityID="8"/>
        <attribute name="PARAMID" valueType="java.lang.Long" create="true" search="true" entityID="16"/>
        <attribute name="PARAMTYPE" valueType="java.lang.Integer" create="true" search="true">0</attribute>
    </entity>
  
    <entity name="FRNT_QTNTFORMULA" id="32" createMethod="quotientFormulaCreate" getMethod="quotientFormulaGetListByParams" createKeyParam="LINKID" getKeyParam="LINKID" service="frontws2">
        <attribute name="QUOTIENTID" valueType="java.lang.Long" create="true" search="true" entityID="8"/>
        <attribute name="PARAMID" valueType="java.lang.Long" create="true" search="true" entityID="16"/>
        <attribute name="PARAMTYPE" valueType="java.lang.Integer" create="true" search="true">0</attribute>
    </entity>
  
    <entity name="FRNT_QTNTFORMULA" id="33" createMethod="quotientFormulaCreate" getMethod="quotientFormulaGetListByParams" createKeyParam="LINKID" getKeyParam="LINKID" service="frontws2">
        <attribute name="QUOTIENTID" valueType="java.lang.Long" create="true" search="true" entityID="8"/>
        <attribute name="PARAMID" valueType="java.lang.Long" create="true" search="true" entityID="16"/>
        <attribute name="PARAMTYPE" valueType="java.lang.Integer" create="true" search="true">0</attribute>
    </entity>
  
    <entity name="FRNT_QTNTFORMULA" id="34" createMethod="quotientFormulaCreate" getMethod="quotientFormulaGetListByParams" createKeyParam="LINKID" getKeyParam="LINKID" service="frontws2">
        <attribute name="QUOTIENTID" valueType="java.lang.Long" create="true" search="true" entityID="11"/>
        <attribute name="PARAMID" valueType="java.lang.Long" create="true" search="true" entityID="3"/>
        <attribute name="PARAMTYPE" valueType="java.lang.Integer" create="true" search="true">1</attribute>
    </entity>
  
    <entity name="FRNT_QTNTFORMULA" id="35" createMethod="quotientFormulaCreate" getMethod="quotientFormulaGetListByParams" createKeyParam="LINKID" getKeyParam="LINKID" service="frontws2">
        <attribute name="QUOTIENTID" valueType="java.lang.Long" create="true" search="true" entityID="10"/>
        <attribute name="PARAMID" valueType="java.lang.Long" create="true" search="true" entityID="9"/>
        <attribute name="PARAMTYPE" valueType="java.lang.Integer" create="true" search="true">1</attribute>
    </entity>
  
    <entity name="FRNT_QTNTFORMULA" id="36" createMethod="quotientFormulaCreate" getMethod="quotientFormulaGetListByParams" createKeyParam="LINKID" getKeyParam="LINKID" service="frontws2">
        <attribute name="QUOTIENTID" valueType="java.lang.Long" create="true" search="true" entityID="11"/>
        <attribute name="PARAMID" valueType="java.lang.Long" create="true" search="true" entityID="15"/>
        <attribute name="PARAMTYPE" valueType="java.lang.Integer" create="true" search="true">0</attribute>
    </entity>
  
    <entity name="FRNT_QTNTFORMULA" id="37" createMethod="quotientFormulaCreate" getMethod="quotientFormulaGetListByParams" createKeyParam="LINKID" getKeyParam="LINKID" service="frontws2">
        <attribute name="QUOTIENTID" valueType="java.lang.Long" create="true" search="true" entityID="11"/>
        <attribute name="PARAMID" valueType="java.lang.Long" create="true" search="true" entityID="3"/>
        <attribute name="PARAMTYPE" valueType="java.lang.Integer" create="true" search="true">1</attribute>
    </entity>
  
    <entity name="FRNT_QTNTFORMULA" id="38" createMethod="quotientFormulaCreate" getMethod="quotientFormulaGetListByParams" createKeyParam="LINKID" getKeyParam="LINKID" service="frontws2">
        <attribute name="QUOTIENTID" valueType="java.lang.Long" create="true" search="true" entityID="11"/>
        <attribute name="PARAMID" valueType="java.lang.Long" create="true" search="true" entityID="3"/>
        <attribute name="PARAMTYPE" valueType="java.lang.Integer" create="true" search="true">1</attribute>
    </entity>
  
    <entity name="FRNT_QTNTFORMULA" id="39" createMethod="quotientFormulaCreate" getMethod="quotientFormulaGetListByParams" createKeyParam="LINKID" getKeyParam="LINKID" service="frontws2">
        <attribute name="QUOTIENTID" valueType="java.lang.Long" create="true" search="true" entityID="11"/>
        <attribute name="PARAMID" valueType="java.lang.Long" create="true" search="true" entityID="15"/>
        <attribute name="PARAMTYPE" valueType="java.lang.Integer" create="true" search="true">0</attribute>
    </entity>
  
    <entity name="FRNT_QTNTFORMULA" id="40" createMethod="quotientFormulaCreate" getMethod="quotientFormulaGetListByParams" createKeyParam="LINKID" getKeyParam="LINKID" service="frontws2">
        <attribute name="QUOTIENTID" valueType="java.lang.Long" create="true" search="true" entityID="10"/>
        <attribute name="PARAMID" valueType="java.lang.Long" create="true" search="true" entityID="3"/>
        <attribute name="PARAMTYPE" valueType="java.lang.Integer" create="true" search="true">1</attribute>
    </entity>
  
    <entity name="FRNT_QTNTFORMULA" id="41" createMethod="quotientFormulaCreate" getMethod="quotientFormulaGetListByParams" createKeyParam="LINKID" getKeyParam="LINKID" service="frontws2">
        <attribute name="QUOTIENTID" valueType="java.lang.Long" create="true" search="true" entityID="10"/>
        <attribute name="PARAMID" valueType="java.lang.Long" create="true" search="true" entityID="3"/>
        <attribute name="PARAMTYPE" valueType="java.lang.Integer" create="true" search="true">1</attribute>
    </entity>
  
    <entity name="FRNT_QTNTFORMULA" id="42" createMethod="quotientFormulaCreate" getMethod="quotientFormulaGetListByParams" createKeyParam="LINKID" getKeyParam="LINKID" service="frontws2">
        <attribute name="QUOTIENTID" valueType="java.lang.Long" create="true" search="true" entityID="10"/>
        <attribute name="PARAMID" valueType="java.lang.Long" create="true" search="true" entityID="3"/>
        <attribute name="PARAMTYPE" valueType="java.lang.Integer" create="true" search="true">1</attribute>
    </entity>
  
    <entity name="FRNT_QTNTFORMULA" id="43" createMethod="quotientFormulaCreate" getMethod="quotientFormulaGetListByParams" createKeyParam="LINKID" getKeyParam="LINKID" service="frontws2">
        <attribute name="QUOTIENTID" valueType="java.lang.Long" create="true" search="true" entityID="11"/>
        <attribute name="PARAMID" valueType="java.lang.Long" create="true" search="true" entityID="9"/>
        <attribute name="PARAMTYPE" valueType="java.lang.Integer" create="true" search="true">1</attribute>
    </entity>  
    
    <!-- Распределение расчетных параметров по группам -->
    
    <entity name="FRNT_QTNTGRPLINK" id="45" createMethod="quotientGroupLinkCreate" getMethod="quotientGroupLinkGetListByParams" createKeyParam="LINKID" getKeyParam="LINKID" service="frontws2">
        <attribute name="QUOTIENTGROUPID" valueType="java.lang.Long" create="true" search="true" entityID="1"/>
        <attribute name="QUOTIENTID" valueType="java.lang.Long" create="true" search="true" entityID="8"/>
    </entity>
  
    <entity name="FRNT_QTNTGRPLINK" id="46" createMethod="quotientGroupLinkCreate" getMethod="quotientGroupLinkGetListByParams" createKeyParam="LINKID" getKeyParam="LINKID" service="frontws2">
        <attribute name="QUOTIENTGROUPID" valueType="java.lang.Long" create="true" search="true" entityID="2"/>
        <attribute name="QUOTIENTID" valueType="java.lang.Long" create="true" search="true" entityID="8"/>
    </entity>
  
    <entity name="FRNT_QTNTGRPLINK" id="47" createMethod="quotientGroupLinkCreate" getMethod="quotientGroupLinkGetListByParams" createKeyParam="LINKID" getKeyParam="LINKID" service="frontws2">
        <attribute name="QUOTIENTGROUPID" valueType="java.lang.Long" create="true" search="true" entityID="2"/>
        <attribute name="QUOTIENTID" valueType="java.lang.Long" create="true" search="true" entityID="10"/>
    </entity>
  
    <entity name="FRNT_QTNTGRPLINK" id="48" createMethod="quotientGroupLinkCreate" getMethod="quotientGroupLinkGetListByParams" createKeyParam="LINKID" getKeyParam="LINKID" service="frontws2">
        <attribute name="QUOTIENTGROUPID" valueType="java.lang.Long" create="true" search="true" entityID="1"/>
        <attribute name="QUOTIENTID" valueType="java.lang.Long" create="true" search="true" entityID="11"/>
    </entity>
  
    <entity name="FRNT_QTNTGRPLINK" id="49" createMethod="quotientGroupLinkCreate" getMethod="quotientGroupLinkGetListByParams" createKeyParam="LINKID" getKeyParam="LINKID" service="frontws2">
        <attribute name="QUOTIENTGROUPID" valueType="java.lang.Long" create="true" search="true" entityID="1"/>
        <attribute name="QUOTIENTID" valueType="java.lang.Long" create="true" search="true" entityID="3"/>
    </entity>
  
    <entity name="FRNT_QTNTGRPLINK" id="50" createMethod="quotientGroupLinkCreate" getMethod="quotientGroupLinkGetListByParams" createKeyParam="LINKID" getKeyParam="LINKID" service="frontws2">
        <attribute name="QUOTIENTGROUPID" valueType="java.lang.Long" create="true" search="true" entityID="1"/>
        <attribute name="QUOTIENTID" valueType="java.lang.Long" create="true" search="true" entityID="9"/>
    </entity>
  
    <entity name="FRNT_QTNTGRPLINK" id="51" createMethod="quotientGroupLinkCreate" getMethod="quotientGroupLinkGetListByParams" createKeyParam="LINKID" getKeyParam="LINKID" service="frontws2">
        <attribute name="QUOTIENTGROUPID" valueType="java.lang.Long" create="true" search="true" entityID="2"/>
        <attribute name="QUOTIENTID" valueType="java.lang.Long" create="true" search="true" entityID="4"/>
    </entity>
  
    <entity name="FRNT_QTNTGRPLINK" id="52" createMethod="quotientGroupLinkCreate" getMethod="quotientGroupLinkGetListByParams" createKeyParam="LINKID" getKeyParam="LINKID" service="frontws2">
        <attribute name="QUOTIENTGROUPID" valueType="java.lang.Long" create="true" search="true" entityID="1"/>
        <attribute name="QUOTIENTID" valueType="java.lang.Long" create="true" search="true" entityID="4"/>
    </entity>
  
    <entity name="FRNT_QTNTGRPLINK" id="53" createMethod="quotientGroupLinkCreate" getMethod="quotientGroupLinkGetListByParams" createKeyParam="LINKID" getKeyParam="LINKID" service="frontws2">
        <attribute name="QUOTIENTGROUPID" valueType="java.lang.Long" create="true" search="true" entityID="2"/>
        <attribute name="QUOTIENTID" valueType="java.lang.Long" create="true" search="true" entityID="6"/>
    </entity>
  
    <entity name="FRNT_QTNTGRPLINK" id="54" createMethod="quotientGroupLinkCreate" getMethod="quotientGroupLinkGetListByParams" createKeyParam="LINKID" getKeyParam="LINKID" service="frontws2">
        <attribute name="QUOTIENTGROUPID" valueType="java.lang.Long" create="true" search="true" entityID="1"/>
        <attribute name="QUOTIENTID" valueType="java.lang.Long" create="true" search="true" entityID="6"/>
    </entity>
  
    <entity name="FRNT_QTNTGRPLINK" id="55" createMethod="quotientGroupLinkCreate" getMethod="quotientGroupLinkGetListByParams" createKeyParam="LINKID" getKeyParam="LINKID" service="frontws2">
        <attribute name="QUOTIENTGROUPID" valueType="java.lang.Long" create="true" search="true" entityID="2"/>
        <attribute name="QUOTIENTID" valueType="java.lang.Long" create="true" search="true" entityID="5"/>
    </entity>
  
    <entity name="FRNT_QTNTGRPLINK" id="56" createMethod="quotientGroupLinkCreate" getMethod="quotientGroupLinkGetListByParams" createKeyParam="LINKID" getKeyParam="LINKID" service="frontws2">
        <attribute name="QUOTIENTGROUPID" valueType="java.lang.Long" create="true" search="true" entityID="1"/>
        <attribute name="QUOTIENTID" valueType="java.lang.Long" create="true" search="true" entityID="5"/>
    </entity>
  
    <entity name="FRNT_QTNTGRPLINK" id="57" createMethod="quotientGroupLinkCreate" getMethod="quotientGroupLinkGetListByParams" createKeyParam="LINKID" getKeyParam="LINKID" service="frontws2">
        <attribute name="QUOTIENTGROUPID" valueType="java.lang.Long" create="true" search="true" entityID="2"/>
        <attribute name="QUOTIENTID" valueType="java.lang.Long" create="true" search="true" entityID="7"/>
    </entity>
  
    <entity name="FRNT_QTNTGRPLINK" id="58" createMethod="quotientGroupLinkCreate" getMethod="quotientGroupLinkGetListByParams" createKeyParam="LINKID" getKeyParam="LINKID" service="frontws2">
        <attribute name="QUOTIENTGROUPID" valueType="java.lang.Long" create="true" search="true" entityID="1"/>
        <attribute name="QUOTIENTID" valueType="java.lang.Long" create="true" search="true" entityID="7"/>
    </entity>
  
    <entity name="FRNT_QTNTGRPLINK" id="59" createMethod="quotientGroupLinkCreate" getMethod="quotientGroupLinkGetListByParams" createKeyParam="LINKID" getKeyParam="LINKID" service="frontws2">
        <attribute name="QUOTIENTGROUPID" valueType="java.lang.Long" create="true" search="true" entityID="2"/>
        <attribute name="QUOTIENTID" valueType="java.lang.Long" create="true" search="true" entityID="3"/>
    </entity>
  
    <entity name="FRNT_QTNTGRPLINK" id="60" createMethod="quotientGroupLinkCreate" getMethod="quotientGroupLinkGetListByParams" createKeyParam="LINKID" getKeyParam="LINKID" service="frontws2">
        <attribute name="QUOTIENTGROUPID" valueType="java.lang.Long" create="true" search="true" entityID="2"/>
        <attribute name="QUOTIENTID" valueType="java.lang.Long" create="true" search="true" entityID="9"/>
    </entity>
    
    <!-- Группы форм + фикс ошибки-->
    
    <entity name="FRNT_FORMGROUP" id="67" createMethod="formGroupCreate" getMethod="formGroupGetListByParams" createKeyParam="FORMGROUPID" getKeyParam="FORMGROUPID" service="frontws2">
        <attribute name="PARENTGROUPID" valueType="java.lang.Long" create="true" search="true">0</attribute>
        <attribute name="NAME" valueType="java.lang.String" create="true" search="true">Общие</attribute>
        <attribute name="DESCRIPTION" valueType="java.lang.String">Общие формы</attribute>
    </entity>

    <entity name="FRNT_FORMGROUP" id="68" createMethod="formGroupCreate" getMethod="formGroupGetListByParams" createKeyParam="FORMGROUPID" getKeyParam="FORMGROUPID" service="frontws2">
        <attribute name="PARENTGROUPID" valueType="java.lang.Long" create="true" search="true">0</attribute>
        <attribute name="NAME" valueType="java.lang.String" create="true" search="true">Поддержка принятия решений</attribute>
        <attribute name="DESCRIPTION" valueType="java.lang.String">Формы модуля FLEXTERA "Поддержка принятия решений"</attribute>
    </entity>

    <entity name="FRNT_FORMGROUP" id="69" createMethod="formGroupCreate" getMethod="formGroupGetListByParams" createKeyParam="FORMGROUPID" getKeyParam="FORMGROUPID" service="frontws2">
        <attribute name="PARENTGROUPID" valueType="java.lang.Long" create="true" search="true" entityID="68"/>
        <attribute name="NAME" valueType="java.lang.String" create="true" search="true">Верификация автоматических проверок</attribute>
        <attribute name="DESCRIPTION" valueType="java.lang.String">Верификация автоматических проверок (кредитование МСБ)</attribute>
    </entity>  

    <entity name="FRNT_FORMGROUP" id="70" createMethod="formGroupCreate" getMethod="formGroupGetListByParams" createKeyParam="FORMGROUPID" getKeyParam="FORMGROUPID" service="frontws2">
        <attribute name="PARENTGROUPID" valueType="java.lang.Long" create="true" search="true" entityID="68"/>
        <attribute name="NAME" valueType="java.lang.String" create="true" search="true">Передача на следующий этап</attribute>
        <attribute name="DESCRIPTION" valueType="java.lang.String">Передача заявки на следующий этап</attribute>
    </entity>  
    
    <!-- Справочник форм + фикс ошибки -->
    
    <entity name="FRNT_FORM" id="71" createMethod="" updateMethod="formModify" getMethod="formGetListByParams" createKeyParam="FORMID" getKeyParam="FORMID" service="frontws2">
        <attribute name="FORMGROUPID" valueType="java.lang.Long" search="true" create="true" entityID="67"/>
        <attribute name="PROJECTID" valueType="java.lang.Long" search="true" entityID="0"/>
        <attribute name="SYSNAME" valueType="java.lang.String" search="true">errorMessage</attribute>
        <attribute name="NAME" valueType="java.lang.String" search="true">Сообщение об ошибке</attribute>
        <attribute name="DESCRIPTION" valueType="java.lang.String">Форма с сообщением об ошибке</attribute>
        <attribute name="PAGEFLOW" valueType="java.lang.String" search="true">FORMLIB/errorMessage</attribute>
    </entity>

    <entity name="FRNT_FORM" id="72" createMethod="" updateMethod="formModify" getMethod="formGetListByParams" createKeyParam="FORMID" getKeyParam="FORMID" service="frontws2">
        <attribute name="FORMGROUPID" valueType="java.lang.Long" search="true" create="true" entityID="68"/>
        <attribute name="PROJECTID" valueType="java.lang.Long" search="true" entityID="0"/>
        <attribute name="SYSNAME" valueType="java.lang.String" search="true">decisionMaking</attribute>
        <attribute name="NAME" valueType="java.lang.String" search="true">Стандартная форма принятия решения</attribute>
        <attribute name="DESCRIPTION" valueType="java.lang.String">Стандартная форма принятия решения</attribute>
        <attribute name="PAGEFLOW" valueType="java.lang.String" search="true">FORMLIB/decisionMaking/decisionMaking</attribute>
    </entity>

    <entity name="FRNT_FORM" id="73" createMethod="" updateMethod="formModify" getMethod="formGetListByParams" createKeyParam="FORMID" getKeyParam="FORMID" service="frontws2">
        <attribute name="FORMGROUPID" valueType="java.lang.Long" search="true" create="true" entityID="69"/>
        <attribute name="PROJECTID" valueType="java.lang.Long" search="true" entityID="0"/>
        <attribute name="SYSNAME" valueType="java.lang.String" search="true">checkFSFM</attribute>
        <attribute name="NAME" valueType="java.lang.String" search="true">Верификация проверок ФСФМ</attribute>
        <attribute name="DESCRIPTION" valueType="java.lang.String">Верификация проверок ФСФМ (кредитование МСБ)</attribute>
        <attribute name="PAGEFLOW" valueType="java.lang.String" search="true">FORMLIB/juristicLoanVerification/checkFSFM</attribute>
    </entity>

    <entity name="FRNT_FORM" id="74" createMethod="" updateMethod="formModify" getMethod="formGetListByParams" createKeyParam="FORMID" getKeyParam="FORMID" service="frontws2">
        <attribute name="FORMGROUPID" valueType="java.lang.Long" search="true" create="true" entityID="69"/>
        <attribute name="PROJECTID" valueType="java.lang.Long" search="true" entityID="0"/>
        <attribute name="SYSNAME" valueType="java.lang.String" search="true">checkCreditHistory5NT</attribute>
        <attribute name="NAME" valueType="java.lang.String" search="true">Верификация проверок кредитной истории в 5NT</attribute>
        <attribute name="DESCRIPTION" valueType="java.lang.String">Верификация проверок кредитной истории в 5NT(кредитование МСБ)</attribute>
        <attribute name="PAGEFLOW" valueType="java.lang.String" search="true">FORMLIB/juristicLoanVerification/checkCreditHistory5NT</attribute>
    </entity>

    <entity name="FRNT_FORM" id="75" createMethod="" updateMethod="formModify" getMethod="formGetListByParams" createKeyParam="FORMID" getKeyParam="FORMID" service="frontws2">
        <attribute name="FORMGROUPID" valueType="java.lang.Long" search="true" create="true" entityID="69"/>
        <attribute name="PROJECTID" valueType="java.lang.Long" search="true" entityID="0"/>
        <attribute name="SYSNAME" valueType="java.lang.String" search="true">checkExpert</attribute>
        <attribute name="NAME" valueType="java.lang.String" search="true">Верификация проверок в ПК Эксперт</attribute>
        <attribute name="DESCRIPTION" valueType="java.lang.String">Верификация проверок в ПК Эксперт (кредитование МСБ)</attribute>
        <attribute name="PAGEFLOW" valueType="java.lang.String" search="true">FORMLIB/juristicLoanVerification/checkExpert</attribute>
    </entity>

    <entity name="FRNT_FORM" id="76" createMethod="formCreate" getMethod="formGetListByParams" createKeyParam="FORMID" getKeyParam="FORMID" service="frontws2">
        <attribute name="FORMGROUPID" valueType="java.lang.Long" create="true" search="true" entityID="70"/>
        <attribute name="PROJECTID" valueType="java.lang.Long" create="true" search="true" entityID="0"/>
        <attribute name="SYSNAME" valueType="java.lang.String" create="true" search="true">dmsSendToProcessing_card</attribute>
        <attribute name="NAME" valueType="java.lang.String">Стандартная форма передачи заявки на следующий этап (карты)</attribute>
        <attribute name="DESCRIPTION" valueType="java.lang.String">Стандартная форма передачи заявки на следующий этап (карты)</attribute>
        <attribute name="PAGEFLOW" valueType="java.lang.String">FORMLIB/sendToProcessing/sendToProcessing_card</attribute>
        <attribute name="SCRPATH" valueType="java.lang.String"></attribute>
    </entity>    
    
    <!-- Мастер ввода -->
    
    <entity name="FRNT_WIZARD" id="77" createMethod="wizardCreate" getMethod="wizardGetListByParams" createKeyParam="WIZARDID" getKeyParam="WIZARDID" service="frontws2">
        <attribute name="NAME" valueType="java.lang.String">Проверки службы безопасности</attribute>
        <attribute name="SYSNAME" valueType="java.lang.String" create="true" search="true">checkRiskManager</attribute>
        <attribute name="DESCRIPTION" valueType="java.lang.String">Проверки службы безопасности включают чеклисты для проверки данных анкеты и форму принятия решения по заявке</attribute>
    </entity>    
    
    <entity name="FRNT_WIZFORM" id="78" createMethod="wizFormCreate" getMethod="wizFormGetListByParams" createKeyParam="WIZFORMID" getKeyParam="WIZFORMID" service="frontws2">
        <attribute name="WIZARDID" valueType="java.lang.Long" create="true" search="true" entityID="77"/>
        <attribute name="FORMID" valueType="java.lang.Long" create="true" search="true">7</attribute>
        <attribute name="FORMKIND" valueType="java.lang.Integer">1</attribute>
        <attribute name="FORMORDER" valueType="java.lang.Long" create="true" search="true">4</attribute>
        <attribute name="NAME" valueType="java.lang.String">Сведения о супруге</attribute>
    </entity>
    
    <!-- Атрибуты форм мастера ввода -->

    <entity name="FRNT_WIZFORMATTR" id="79" createMethod="wizFormAttrCreate" getMethod="wizFormAttrGetListByParams" createKeyParam="ATTRIBUTEID" getKeyParam="ATTRIBUTEID" service="frontws2">
        <attribute name="WIZFORMID" valueType="java.lang.Long" create="true" search="true" entityID="78"/>
        <attribute name="SYSNAME" valueType="java.lang.String" create="true" search="true">TYPESYSNAME</attribute>
        <attribute name="NAME" valueType="java.lang.String">Тип заявки</attribute>
    </entity>

    <entity name="FRNT_WIZFORMATTVAL" id="80" createMethod="wizFormAttrValueCreate" updateMethod="wizFormAttrValueModify" getMethod="wizFormAttrValueGetListByParams" createKeyParam="ATTRVALUEID" getKeyParam="ATTRVALUEID" service="frontws2">
        <attribute name="ATTRIBUTEID" valueType="java.lang.Long" create="true" search="true" entityID="79"/>
        <attribute name="VALUE" valueType="java.lang.String" create="true" search="true">creditCardApp</attribute>
        <attribute name="VALUE" valueType="java.lang.String" create="true">issueCardApp</attribute>
        <attribute name="EXCLUDE" valueType="java.lang.Integer">1</attribute>
    </entity>

</root>