<?xml version="1.0" encoding="UTF-8"?>
<root>	
	<!-- Проект -->

	<entity name="CORE_PROJECT" id="1" createMethod="" getMethod="admProjectBySysname" additionalProcessMethod="admProjectBySysname" processKeyParam="PROJECTID" createKeyParam="PROJECTID" getKeyParam="PROJECTID" service="adminws">
		<attribute name="PROJECTSYSNAME" valueType="java.lang.String" create="true" process="true" search="true">FTDS</attribute>
	</entity>	
	<!-- Роли -->
	<entity name="CORE_USERROLE" id="2" createMethod="admUserRoleAdd" getMethod="admUserRoleBySysname" createKeyParam="ROLEID" getKeyParam="ROLEID" service="adminws">
		<attribute name="ROLESYSNAME" valueType="java.lang.String" create="true" search="true">DmsAdmin</attribute>
		<attribute name="ROLENAME" valueType="java.lang.String">Admin of Decision Support Module</attribute>
		<attribute name="DESCRIPTION" valueType="java.lang.String">Admin of Decision Support Module</attribute>
	</entity>
	</root>