<?xml version="1.0" encoding="UTF-8"?>
<root>
    <!-- Проекты -->
    <entity name="CORE_PROJECT" id="15" getMethod="admProjectBySysname" additionalProcessMethod="admProjectBySysname" processKeyParam="PROJECTID" createKeyParam="PROJECTID" getKeyParam="PROJECTID" service="adminws">
        <attribute name="PROJECTSYSNAME" valueType="java.lang.String" create="true" search="true">FTDSMVC</attribute>
        <attribute name="PROJECTNAME" valueType="java.lang.String">FLEXTERA Decision Making Support</attribute>
    </entity>

    <entity name="CORE_PROCESSTYPE" id="1001" createMethod="shdaddjobtype" getMethod="shdJobTypes" createKeyParam="Result" getKeyParam="PROCESSTYPEID" service="corews">
        <attribute name="PROJECTSYSNAME" valueType="java.lang.String" search="true">FTDSMVC</attribute>
        <attribute name="PROCTYPENAME" valueType="java.lang.String" create="true" search="true">processMVCCreateOrModifyPerson</attribute>
        <attribute name="PROCFILE" valueType="java.lang.String">CLIENT/processMVCCreateOrModifyPerson</attribute>
        <attribute name="DESCRIPTION" valueType="java.lang.String">processMVCCreateOrModifyPerson</attribute>
        <attribute name="PROJECTID" valueType="java.lang.Long" create="true" search="true" entityID="15"/>
    </entity>
	
</root>