<?xml version="1.0" encoding="UTF-8"?>
<root>
    <!-- Проекты -->
    <entity name="CORE_PROJECT" id="15" getMethod="admProjectBySysname" additionalProcessMethod="admProjectBySysname" processKeyParam="PROJECTID" createKeyParam="PROJECTID" getKeyParam="PROJECTID" service="adminws">
        <attribute name="PROJECTSYSNAME" valueType="java.lang.String" create="true" search="true">FTDSMVC</attribute>
        <attribute name="PROJECTNAME" valueType="java.lang.String">FLEXTERA Decision Making Support</attribute>
    </entity>

    <entity name="CORE_PROCESSTYPE" id="1001" createMethod="shdaddjobtype" getMethod="shdJobTypes" createKeyParam="Result" getKeyParam="PROCESSTYPEID" service="corews">
        <attribute name="PROJECTSYSNAME" valueType="java.lang.String" search="true">FTDSMVC</attribute>
        <attribute name="PROCTYPENAME" valueType="java.lang.String" create="true" search="true">dmsCheckResultsRouting</attribute>
        <attribute name="PROCFILE" valueType="java.lang.String">CHECKS/dmsCheckResultsRouting</attribute>
        <attribute name="DESCRIPTION" valueType="java.lang.String">dmsCheckResultsRouting</attribute>
        <attribute name="PROJECTID" valueType="java.lang.Long" create="true" search="true" entityID="15"/>
    </entity>
	
	<entity name="CORE_PROCESSTYPE" id="1002" createMethod="shdaddjobtype" getMethod="shdJobTypes" createKeyParam="Result" getKeyParam="PROCESSTYPEID" service="corews">
        <attribute name="PROJECTSYSNAME" valueType="java.lang.String" search="true">FTDSMVC</attribute>
        <attribute name="PROCTYPENAME" valueType="java.lang.String" create="true" search="true">dmsCheckExistingActiveApplications</attribute>
        <attribute name="PROCFILE" valueType="java.lang.String">CHECKS/dmsCheckExistingActiveApplications</attribute>
        <attribute name="DESCRIPTION" valueType="java.lang.String">dmsCheckExistingActiveApplications</attribute>
        <attribute name="PROJECTID" valueType="java.lang.Long" create="true" search="true" entityID="15"/>
    </entity>
</root>