<?xml version="1.0" encoding="UTF-8"?>
<!--DSMETA version = "5.10.01-23121202" hash = "606b55b9f7f8e6c73c84f3140aec4b51c951f939"-->
<Menu>
    <Items>
        <!--Tasks and Applications-->
        <Item>
            <ItemSysname>taskAndApp</ItemSysname>
            <ItemCaption>Tasks and Applications</ItemCaption>
            <ItemDescription/>
            <ItemAction>NONE</ItemAction>
            <ItemActionParams/>
            <ItemExpanded>1</ItemExpanded>
            <ItemOpenMulti/>
            <ItemOpenNewPage/>
            <Items>
                <Item>
                    <ItemSysname>createLoanApplication</ItemSysname>
                    <ItemCaption>Create Loan Application</ItemCaption>
                    <ItemDescription></ItemDescription>
                    <ItemAction>NEWPAGEFLOW</ItemAction>
                    <ItemActionParams>COMMON/APPLICATION/applicationMainProcess</ItemActionParams>
                    <ItemExpanded>0</ItemExpanded>
                    <ItemOpenMulti>0</ItemOpenMulti>
                    <ItemOpenNewPage>1</ItemOpenNewPage>
                    <ItemIconData>color6 icon-loan</ItemIconData>
                    <AccessOrder>DENY</AccessOrder>
                    <Allow>#LOSRelationshipManager</Allow>
                </Item>
                <Item>
                    <ItemSysname>createUnsecuredLoanApplication</ItemSysname>
                    <ItemCaption>Create Unsecured Loan Application</ItemCaption>
                    <ItemDescription></ItemDescription>
                    <ItemAction>NEWPAGEFLOW</ItemAction>
                    <ItemActionParams>loanApp/unsecuredLoanAppINT/inputApplication/inputApplication</ItemActionParams>
                    <ItemExpanded>0</ItemExpanded>
                    <ItemOpenMulti>0</ItemOpenMulti>
                    <ItemOpenNewPage>1</ItemOpenNewPage>
                    <ItemIconData>color6 icon-loan</ItemIconData>
                    <AccessOrder>DENY</AccessOrder>
                    <Allow>#LOSRegionalScanningOfficer</Allow>
                </Item>
                <Item>
                    <ItemSysname>taskList</ItemSysname>
                    <ItemCaption>Task List</ItemCaption>
                    <ItemDescription></ItemDescription>
                    <ItemAction>NEWPAGEFLOW</ItemAction>
                    <ItemActionParams>COMMON/TASK/taskList</ItemActionParams>
                    <ItemExpanded>0</ItemExpanded>
                    <ItemOpenMulti>0</ItemOpenMulti>
                    <ItemOpenNewPage>1</ItemOpenNewPage>
                    <ItemIconData>color5 icon-tasks</ItemIconData>
                    <AccessOrder>DENY</AccessOrder>
                    <Allow>#LOSSalesPerson;#LOSSalesPersonAssistant;#LOSTeamLeaderOfSalesPerson;#LOSBranchManager;#LOSRelationshipManager;#LOSReappraisalAdmin;#LOSUnderwriter;#LOSUnderwriterManager;#LOSTeamleaderOfUnderwriter;#LOSFieldCheckInspector;#LOSFieldCheckControllr;#LOSApproverHO;#LOSCreditAdminBranch;#LOSCreditAdminHeadOffice#LOSCADocumetPrep;#LOSCADocumentChecker;#LOSDocumentsCollector;#LOSBranchApproval;#LOSApproverBranch;#LOSSalesPersonTaskManager;#LOSSalesPersonAssistantTaskManager;#LSTeamLeaderOfSalesPersonTaskManager;#LOSBranchManagerTaskManager;#LOSRelationshipManagerTaskManager;#LOSReappraisalAdminTaskManager;#LOSUnderwriterTaskManager;#LOSUnderwriterManagerTaskManager;#LOSTeamleaderOfUnderwriterTaskManage;#LOSFieldCheckInspectorTaskManager;#LOSFieldCheckControllerTaskManager;#LOSApproverHOTaskManager;#LOSCreditAdminBranchTaskManager;#LOSCreditAdminHeadOfficeTaskManager;#LOSCADocumetPrepTaskManager;#LOSCADocumentCheckerTaskManager;#LOSDocumentsCollectorTaskManager;#LOSRegionalScanningOfficer;#LOSRegionalScanningOfficerTaskManager;#LOSDataEntryOfficer;#LOSDataEntryOfficerTaskManager;#LOSDocumentChecker;#LOSDocumentCheckerTaskManager;#LOSPolicyChecker;#LOSPolicyCheckerTaskManager;#LOSPhoneVerifier;#LOSPhoneVerifierTaskManager;#LOSFieldVerificationAdmin;#LOSFieldVerificationAdminTaskManager;#LOSUnderwriterDL;#LOSUnderwriterDLTaskManager;#LOSContractProcessingOfficer;#LOSContractPrcessingOfficerTaskManager;#LOSNotificationOfficer;#LOSNotificationOfficerTaskManager;#LOSDisburcementOfficer;#LOSDisburcementOfficerTaskManager;#LOSAccountManager;#LOSAccountManageranager;#LOSSuperuser</Allow>
                </Item>
                <Item>
                    <ItemSysname>applicationList</ItemSysname>
                    <ItemCaption>Application List</ItemCaption>
                    <ItemDescription></ItemDescription>
                    <ItemAction>NEWPAGEFLOW</ItemAction>
                    <ItemActionParams>COMMON/APPLICATION/applicationMainProcess</ItemActionParams>
                    <ItemExpanded>0</ItemExpanded>
                    <ItemOpenMulti>0</ItemOpenMulti>
                    <ItemOpenNewPage>1</ItemOpenNewPage>
                    <ItemIconData>color5 icon-blanks</ItemIconData>
                    <AccessOrder>DENY</AccessOrder>
                    <Allow>#LOSSalesPerson;#LOSSalesPersonAssistant;#LOSTeamLeaderOfSalesPerson;#LOSBranchManager;#LOSRelationshipManager;#LOSUnderwriterManager;#LOSTeamleaderOfUnderwriter;#LOSFieldCheckInspector;#LOSFildCheckController;#LOSApproverHO;#LOSCreditAdminBranch;#LOSCreditAdminHeadOffice;#LOSCADocumetPrep;#LOSCADocumentChecker;#LOSDocumentsCollector;#LOSBranchApproval;#LOSApproverBranch;#LOSSalesPersonTaskManager;#LOSSalesPersonAssistantTskManager;#LOSTeamLeaderOfSalesPersonTaskManager;#LOSBranchManagerTaskManager;#LOSRelationshipManagerTaskManager;#LOSUnderwriterManagerTaskManager;#LOSTeamleaderOfUnderwriteTaskManager;#LOSFieldCheckInspectorTaskManager;#LOSFieldCheckControllerTaskManager;#LOSApproverHOTaskManager;#LOSCreditAdminBranchTaskManager;#LOSCreditAdminHeadOfficeTaskManager;#LOSCADocumetPrepTaskManager;#LOSCADocumentCheckerTasManager;#LOSDocumentsCollectorTaskManager;#LOSAccountManager;#LOSAccountManageranager;#LOSSuperuser;#LOSContractProcessingOfficer;#LOSContractProcessingOfficerTaskManager;#LOSAppSuperviser</Allow>
                    <ItemInputParams>
                        <InputParam key="clientCardEFO">true</InputParam>
                        <InputParam key="searchAppListFlag">true</InputParam>
                        <InputParam key="ACTION">NEXT</InputParam>
                        <InputParam key="curPage">APPLIST</InputParam>
                    </ItemInputParams>
                </Item>
                <Item>
                    <ItemSysname>userDistributionTasksList</ItemSysname>
                    <ItemCaption>Users for Task Assign</ItemCaption>
                    <ItemDescription></ItemDescription>
                    <ItemAction>NEWPAGEFLOW</ItemAction>
                    <ItemActionParams>COMMON/TASK/userDistributionTasksList</ItemActionParams>
                    <ItemExpanded>0</ItemExpanded>
                    <ItemOpenMulti>0</ItemOpenMulti>
                    <ItemOpenNewPage>1</ItemOpenNewPage>
                    <ItemIconData>color 6 icon-account-business-group</ItemIconData>
                    <AccessOrder>DENY</AccessOrder>
                    <Allow>#LOSUnderwriterTaskManager</Allow>
                </Item>
            </Items>
        </Item>
    </Items>
</Menu>

