<?xml version="1.0" encoding="UTF-8"?>
<root>

    <entity createKeyParam="SCRIPTID" createMethod="" getKeyParam="SCRIPTID" getMethod="checkScriptGetByIdOrSysname" id="1" isIntService="true" name="DMS_SCRIPT" service="dmsws">
        <attribute create="true" name="SCRIPTSYSNAME" search="true" valueType="java.lang.String">decisionCheckINT</attribute>
        <attribute create="true" name="SCRIPTNAME" valueType="java.lang.String">Routing by the Decision</attribute>
        <attribute create="true" name="DESCRIPTION" valueType="java.lang.String"/>
    </entity>

    <entity createKeyParam="SCRIPTID" createMethod="" getKeyParam="SCRIPTID" getMethod="checkScriptGetByIdOrSysname" id="2" isIntService="true" name="DMS_SCRIPT" service="dmsws">
        <attribute create="true" name="SCRIPTSYSNAME" search="true" valueType="java.lang.String">decisionCheckCardINT</attribute>
        <attribute create="true" name="SCRIPTNAME" valueType="java.lang.String">Routing by the Decision (for Cardit Card)</attribute>
        <attribute create="true" name="DESCRIPTION" valueType="java.lang.String"/>
    </entity>
	
	<entity name="DMS_CHECKTYPE" id="18" createMethod="" getMethod="checkTypeGetByIdOrSysname" createKeyParam="CHECKTYPEID" getKeyParam="CHECKTYPEID" service="dmsws" isIntService="true">
		<attribute name="TYPESYSNAME" valueType="java.lang.String" create="true" search="true">subjDemands</attribute>
		<attribute name="TYPENAME" valueType="java.lang.String" create="true">Demands to Subject</attribute>
		<attribute name="DESCRIPTION" valueType="java.lang.String" create="true">Demands to Subject</attribute>
	</entity>
	
    <entity createKeyParam="CHECKID" createMethod="" getKeyParam="CHECKID" getMethod="checkGetByIdOrSysname" id="117" isIntService="true" name="DMS_CHECK" service="dmsws">
        <attribute create="true" entityID="18" name="CHECKTYPEID" search="true" valueType="java.lang.Long"/>
        <attribute create="true" name="OBJECTTYPEID" valueType="java.lang.Long">50000</attribute>
        <attribute create="true" name="CHECKNAME" valueType="java.lang.String">The result of the current stage</attribute>
        <attribute create="true" name="CHECKSYSNAME" search="true" valueType="java.lang.String">currentStageResultAutoINT</attribute>
        <attribute create="true" name="RULELINK" valueType="java.lang.String">dmsCurrentStageResult</attribute>
        <attribute create="true" name="RULETYPE" valueType="java.lang.Integer">2</attribute>
        <attribute create="true" name="EXPIRATIONTERM" valueType="java.lang.Integer">0</attribute>
        <attribute create="true" name="MULTIFLAG" valueType="java.lang.Integer">0</attribute>
    </entity>
	
	<entity createKeyParam="STATEID" getKeyParam="STATEID"  createMethod="" getMethod="smStateGetListByParams" id="92" isExtService="true" name="FRNT_SMSTATE" service="frontws2">
        <attribute create="true" name="SYSNAME" search="true" valueType="java.lang.String">LOSApprovalResultNotif</attribute>
        <attribute create="true" name="TYPEID" search="true" valueType="java.lang.Long">1103</attribute>
    </entity>
	<entity createKeyParam="STATEID" getKeyParam="STATEID"  createMethod="" getMethod="smStateGetListByParams" id="95" isExtService="true" name="FRNT_SMSTATE" service="frontws2">
        <attribute create="true" name="SYSNAME" search="true" valueType="java.lang.String">LOSMakeDecisionApproverHO</attribute>
        <attribute create="true" name="NAME" search="true" valueType="java.lang.String">Make Decision</attribute>
        <attribute create="true" name="TYPEID" search="true" valueType="java.lang.Long">1103</attribute>
    </entity>
    <entity createKeyParam="STATEID" getKeyParam="STATEID"  createMethod="" getMethod="smStateGetListByParams" id="96" isExtService="true" name="FRNT_SMSTATE" service="frontws2">
        <attribute create="true" name="SYSNAME" search="true" valueType="java.lang.String">LOSMakeDecisionApproverBranch</attribute>
        <attribute create="true" name="NAME" search="true" valueType="java.lang.String">Make Decision by Branch Manager</attribute>
        <attribute create="true" name="TYPEID" search="true" valueType="java.lang.Long">1103</attribute>
    </entity>
    <entity createKeyParam="STATEID" getKeyParam="STATEID"  createMethod="" getMethod="smStateGetListByParams" id="108" isExtService="true" name="FRNT_SMSTATE" service="frontws2">
        <attribute create="true" name="SYSNAME" search="true" valueType="java.lang.String">LOSAutoApprovalResultNotif</attribute>
        <attribute create="true" name="NAME" search="true" valueType="java.lang.String">Automatic Approval Result Notification</attribute>
        <attribute create="true" name="TYPEID" search="true" valueType="java.lang.Long">1103</attribute>
    </entity>
		<entity createKeyParam="TRANSITIONID"  createMethod="" getKeyParam="TRANSITIONID" getMethod="smTransitionGetListByParams" id="124" isExtService="true" name="FRNT_SMTRANS" service="frontws2">
			<attribute create="true" entityID="95" name="FROMSTATEID" search="true" valueType="java.lang.Long"/>
			<attribute create="true" entityID="108" name="TOSTATEID" search="true" valueType="java.lang.Long"/>
			<attribute create="true" name="SYSNAME" search="true" valueType="java.lang.String">LOSSendToAutomaticNotification</attribute>
			<attribute create="true" name="NAME" valueType="java.lang.String">Send Automatic Notification</attribute>
			<attribute create="true" name="TYPEID" search="true" valueType="java.lang.String">1103</attribute>
		</entity>
		<entity createKeyParam="TRANSITIONID"  createMethod="" getKeyParam="TRANSITIONID" getMethod="smTransitionGetListByParams" id="129" isExtService="true" name="FRNT_SMTRANS" service="frontws2">
			<attribute create="true" entityID="96" name="FROMSTATEID" search="true" valueType="java.lang.Long"/>
			<attribute create="true" entityID="108" name="TOSTATEID" search="true" valueType="java.lang.Long"/>
			<attribute create="true" name="SYSNAME" search="true" valueType="java.lang.String">LOSSendToAutomaticNotification</attribute>
			<attribute create="true" name="NAME" valueType="java.lang.String">Send Automatic Notification</attribute>
			<attribute create="true" name="TYPEID" search="true" valueType="java.lang.String">1103</attribute>
		</entity>
		<entity createKeyParam="TRANSITIONID"  createMethod="" getKeyParam="TRANSITIONID" getMethod="smTransitionGetListByParams" id="126" isExtService="true" name="FRNT_SMTRANS" service="frontws2">
			<attribute create="true" entityID="95" name="FROMSTATEID" search="true" valueType="java.lang.Long"/>
			<attribute create="true" entityID="92" name="TOSTATEID" search="true" valueType="java.lang.Long"/>
			<attribute create="true" name="SYSNAME" search="true" valueType="java.lang.String">LOSSendToNotification</attribute>
			<attribute create="true" name="NAME" valueType="java.lang.String">Send to Notification</attribute>
			<attribute create="true" name="TYPEID" search="true" valueType="java.lang.String">1103</attribute>
		</entity>
		<entity createKeyParam="TRANSITIONID"  createMethod="" getKeyParam="TRANSITIONID" getMethod="smTransitionGetListByParams" id="130" isExtService="true" name="FRNT_SMTRANS" service="frontws2">
			<attribute create="true" entityID="96" name="FROMSTATEID" search="true" valueType="java.lang.Long"/>
			<attribute create="true" entityID="92" name="TOSTATEID" search="true" valueType="java.lang.Long"/>
			<attribute create="true" name="SYSNAME" search="true" valueType="java.lang.String">LOSSendToNotification</attribute>
			<attribute create="true" name="TYPEID" search="true" valueType="java.lang.String">1103</attribute>
		</entity>
		
	<entity createKeyParam="STATEID" getKeyParam="STATEID"  createMethod="" getMethod="smStateGetListByParams" id="192" isExtService="true" name="FRNT_SMSTATE" service="frontws2">
        <attribute create="true" name="SYSNAME" search="true" valueType="java.lang.String">LOSApprovalResultNotif</attribute>
        <attribute create="true" name="TYPEID" search="true" valueType="java.lang.Long">1107</attribute>
    </entity>
	<entity createKeyParam="STATEID" getKeyParam="STATEID"  createMethod="" getMethod="smStateGetListByParams" id="195" isExtService="true" name="FRNT_SMSTATE" service="frontws2">
        <attribute create="true" name="SYSNAME" search="true" valueType="java.lang.String">LOSMakeDecisionApproverHO</attribute>
        <attribute create="true" name="NAME" search="true" valueType="java.lang.String">Make Decision</attribute>
        <attribute create="true" name="TYPEID" search="true" valueType="java.lang.Long">1107</attribute>
    </entity>
    <entity createKeyParam="STATEID" getKeyParam="STATEID"  createMethod="" getMethod="smStateGetListByParams" id="196" isExtService="true" name="FRNT_SMSTATE" service="frontws2">
        <attribute create="true" name="SYSNAME" search="true" valueType="java.lang.String">LOSMakeDecisionBM</attribute>
        <attribute create="true" name="NAME" search="true" valueType="java.lang.String">Make Decision by Branch Manager</attribute>
        <attribute create="true" name="TYPEID" search="true" valueType="java.lang.Long">1107</attribute>
    </entity>
    <entity createKeyParam="STATEID" getKeyParam="STATEID"  createMethod="" getMethod="smStateGetListByParams" id="1108" isExtService="true" name="FRNT_SMSTATE" service="frontws2">
        <attribute create="true" name="SYSNAME" search="true" valueType="java.lang.String">LOSAutoApprovalResultNotif</attribute>
        <attribute create="true" name="NAME" search="true" valueType="java.lang.String">Automatic Approval Result Notification</attribute>
        <attribute create="true" name="TYPEID" search="true" valueType="java.lang.Long">1107</attribute>
    </entity>
		<entity createKeyParam="TRANSITIONID"  createMethod="" getKeyParam="TRANSITIONID" getMethod="smTransitionGetListByParams" id="1124" isExtService="true" name="FRNT_SMTRANS" service="frontws2">
			<attribute create="true" entityID="195" name="FROMSTATEID" search="true" valueType="java.lang.Long"/>
			<attribute create="true" entityID="1108" name="TOSTATEID" search="true" valueType="java.lang.Long"/>
			<attribute create="true" name="SYSNAME" search="true" valueType="java.lang.String">LOSSendToAutomaticNotification</attribute>
			<attribute create="true" name="NAME" valueType="java.lang.String">Send Automatic Notification</attribute>
			<attribute create="true" name="TYPEID" search="true" valueType="java.lang.String">1107</attribute>
		</entity>
		<entity createKeyParam="TRANSITIONID"  createMethod="" getKeyParam="TRANSITIONID" getMethod="smTransitionGetListByParams" id="1129" isExtService="true" name="FRNT_SMTRANS" service="frontws2">
			<attribute create="true" entityID="196" name="FROMSTATEID" search="true" valueType="java.lang.Long"/>
			<attribute create="true" entityID="1108" name="TOSTATEID" search="true" valueType="java.lang.Long"/>
			<attribute create="true" name="SYSNAME" search="true" valueType="java.lang.String">LOSSendToAutomaticNotification</attribute>
			<attribute create="true" name="NAME" valueType="java.lang.String">Send Automatic Notification</attribute>
			<attribute create="true" name="TYPEID" search="true" valueType="java.lang.String">1107</attribute>
		</entity>
		<entity createKeyParam="TRANSITIONID"  createMethod="" getKeyParam="TRANSITIONID" getMethod="smTransitionGetListByParams" id="1126" isExtService="true" name="FRNT_SMTRANS" service="frontws2">
			<attribute create="true" entityID="195" name="FROMSTATEID" search="true" valueType="java.lang.Long"/>
			<attribute create="true" entityID="192" name="TOSTATEID" search="true" valueType="java.lang.Long"/>
			<attribute create="true" name="SYSNAME" search="true" valueType="java.lang.String">LOSSendToNotification</attribute>
			<attribute create="true" name="NAME" valueType="java.lang.String">Send to Notification</attribute>
			<attribute create="true" name="TYPEID" search="true" valueType="java.lang.String">1107</attribute>
		</entity>
		<entity createKeyParam="TRANSITIONID"  createMethod="" getKeyParam="TRANSITIONID" getMethod="smTransitionGetListByParams" id="1130" isExtService="true" name="FRNT_SMTRANS" service="frontws2">
			<attribute create="true" entityID="196" name="FROMSTATEID" search="true" valueType="java.lang.Long"/>
			<attribute create="true" entityID="192" name="TOSTATEID" search="true" valueType="java.lang.Long"/>
			<attribute create="true" name="SYSNAME" search="true" valueType="java.lang.String">LOSSendToNotification</attribute>
			<attribute create="true" name="TYPEID" search="true" valueType="java.lang.String">1107</attribute>
		</entity>
		
    <entity createKeyParam="POINTID" createMethod="" getKeyParam="POINTID" getMethod="routingPointGetListByParams" id="24" isIntService="true" name="DMS_ROUTINGPOINT" service="dmsws">
        <attribute create="true" entityID="1" name="SCRIPTID" search="true" valueType="java.lang.Long"/>
        <attribute create="true" entityID="117" name="CHECKID" search="true" valueType="java.lang.Long"/>
        <attribute create="true" entityID="95" name="STATEID" search="true" valueType="java.lang.Long"/>
        <attribute create="true" name="POINTSYSNAME" search="true" valueType="java.lang.String">routingToApproverHeadOffice</attribute>
        <attribute create="true" name="POINTNAME" valueType="java.lang.String">Routing to Approver Head Office</attribute>
        <attribute create="true" name="OBJECTTYPEID" valueType="java.lang.Long">1103</attribute>
        <attribute create="true" name="DESCRIPTION" valueType="java.lang.String"/>
    </entity>
	
	<entity createKeyParam="POINTID" createMethod="" getKeyParam="POINTID" getMethod="routingPointGetListByParams" id="224" isIntService="true" name="DMS_ROUTINGPOINT" service="dmsws">
        <attribute create="true" entityID="2" name="SCRIPTID" search="true" valueType="java.lang.Long"/>
        <attribute create="true" entityID="117" name="CHECKID" search="true" valueType="java.lang.Long"/>
        <attribute create="true" entityID="195" name="STATEID" search="true" valueType="java.lang.Long"/>
        <attribute create="true" name="POINTSYSNAME" search="true" valueType="java.lang.String">creditCardroutingToApproverHeadOffice</attribute>
        <attribute create="true" name="POINTNAME" valueType="java.lang.String">Routing to Approver Head Office</attribute>
        <attribute create="true" name="OBJECTTYPEID" valueType="java.lang.Long">1107</attribute>
        <attribute create="true" name="DESCRIPTION" valueType="java.lang.String"/>
    </entity>
	
    <entity createKeyParam="POINTID" createMethod="" getKeyParam="POINTID" getMethod="routingPointGetListByParams" id="25" isIntService="true" name="DMS_ROUTINGPOINT" service="dmsws">
        <attribute create="true" entityID="1" name="SCRIPTID" search="true" valueType="java.lang.Long"/>
        <attribute create="true" entityID="117" name="CHECKID" search="true" valueType="java.lang.Long"/>
        <attribute create="true" entityID="96" name="STATEID" search="true" valueType="java.lang.Long"/>
        <attribute create="true" name="POINTSYSNAME" search="true" valueType="java.lang.String">routingFromBranchManager</attribute>
        <attribute create="true" name="POINTNAME" valueType="java.lang.String">Routing From Branch Manager</attribute>
        <attribute create="true" name="OBJECTTYPEID" valueType="java.lang.Long">1103</attribute>
        <attribute create="true" name="DESCRIPTION" valueType="java.lang.String"/>
    </entity>
	
    <entity createKeyParam="POINTID" createMethod="" getKeyParam="POINTID" getMethod="routingPointGetListByParams" id="225" isIntService="true" name="DMS_ROUTINGPOINT" service="dmsws">
        <attribute create="true" entityID="2" name="SCRIPTID" search="true" valueType="java.lang.Long"/>
        <attribute create="true" entityID="117" name="CHECKID" search="true" valueType="java.lang.Long"/>
        <attribute create="true" entityID="196" name="STATEID" search="true" valueType="java.lang.Long"/>
        <attribute create="true" name="POINTSYSNAME" search="true" valueType="java.lang.String">creditCardroutingFromBranchManager</attribute>
        <attribute create="true" name="POINTNAME" valueType="java.lang.String">Routing From Branch Manager</attribute>
        <attribute create="true" name="OBJECTTYPEID" valueType="java.lang.Long">1107</attribute>
        <attribute create="true" name="DESCRIPTION" valueType="java.lang.String"/>
    </entity>
		
	<entity createKeyParam="ROUTINGID" createMethod="" getKeyParam="ROUTINGID" getMethod="routingGetListByParams" id="67" isIntService="true" name="DMS_ROUTING" service="dmsws">
        <attribute create="true" entityID="24" name="POINTID" search="true" valueType="java.lang.Long"/>
        <attribute create="true" name="RULELINK" search="true" valueType="java.lang.String">approveWithCondDecisionEqualCheckINT</attribute>
        <attribute create="true" name="RULEPRIORITY" search="true" valueType="java.lang.Integer">3</attribute>
    </entity>
	
	<entity createKeyParam="ROUTINGID" createMethod="" getKeyParam="ROUTINGID" getMethod="routingGetListByParams" id="267" isIntService="true" name="DMS_ROUTING" service="dmsws">
        <attribute create="true" entityID="224" name="POINTID" search="true" valueType="java.lang.Long"/>
        <attribute create="true" name="RULELINK" search="true" valueType="java.lang.String">approveWithCondDecisionEqualCheckINT</attribute>
        <attribute create="true" name="RULEPRIORITY" search="true" valueType="java.lang.Integer">1</attribute>
    </entity>
	
	<entity createKeyParam="ROUTINGID" createMethod="" getKeyParam="ROUTINGID" getMethod="routingGetListByParams" id="80" isIntService="true" name="DMS_ROUTING" service="dmsws">
        <attribute create="true" entityID="25" name="POINTID" search="true" valueType="java.lang.Long"/>
        <attribute create="true" name="RULELINK" search="true" valueType="java.lang.String">approveWithCondDecisionEqualCheckINT</attribute>
        <attribute create="true" name="RULEPRIORITY" search="true" valueType="java.lang.Integer">2</attribute>
    </entity>
	
	<entity createKeyParam="ROUTINGID" createMethod="" getKeyParam="ROUTINGID" getMethod="routingGetListByParams" id="280" isIntService="true" name="DMS_ROUTING" service="dmsws">
        <attribute create="true" entityID="225" name="POINTID" search="true" valueType="java.lang.Long"/>
        <attribute create="true" name="RULELINK" search="true" valueType="java.lang.String">approveWithCondDecisionEqualCheckINT</attribute>
        <attribute create="true" name="RULEPRIORITY" search="true" valueType="java.lang.Integer">2</attribute>
    </entity>
	
    <entity createKeyParam="ROUTINGOBJECTID" createMethod="" getKeyParam="ROUTINGOBJECTID" getMethod="routingObjectGetListByParams" updateMethod="routingObjectModify" id="39" isIntService="true" name="DMS_ROUTINGOBJECT" service="dmsws">
        <attribute create="true" entityID="67" name="ROUTINGID" search="true" valueType="java.lang.Long"/>
        <attribute create="false" entityID="124" name="TRANSITIONID" search="true" valueType="java.lang.Long"/>
		<attribute create="true" entityID="126" name="TRANSITIONID" search="false" valueType="java.lang.Long"/>
        <attribute create="true" name="OBJECTTYPEID" search="true" valueType="java.lang.Integer">1103</attribute>
        <attribute create="true" name="MAINOBJECTFLAG" search="true" valueType="java.lang.Integer">1</attribute>
    </entity>
	
    <entity createKeyParam="ROUTINGOBJECTID" createMethod="" getKeyParam="ROUTINGOBJECTID" getMethod="routingObjectGetListByParams" updateMethod="routingObjectModify" id="239" isIntService="true" name="DMS_ROUTINGOBJECT" service="dmsws">
        <attribute create="true" entityID="267" name="ROUTINGID" search="true" valueType="java.lang.Long"/>
        <attribute create="false" entityID="1124" name="TRANSITIONID" search="true" valueType="java.lang.Long"/>
		<attribute create="true" entityID="1126" name="TRANSITIONID" search="false" valueType="java.lang.Long"/>
        <attribute create="true" name="OBJECTTYPEID" search="true" valueType="java.lang.Integer">1107</attribute>
        <attribute create="true" name="MAINOBJECTFLAG" search="true" valueType="java.lang.Integer">1</attribute>
    </entity>
	
	<entity createKeyParam="ROUTINGOBJECTID" createMethod="" getKeyParam="ROUTINGOBJECTID" getMethod="routingObjectGetListByParams" updateMethod="routingObjectModify" id="45" isIntService="true" name="DMS_ROUTINGOBJECT" service="dmsws">
		<attribute create="true" entityID="80" name="ROUTINGID" search="true" valueType="java.lang.Long"/>
		<attribute create="false" entityID="129" name="TRANSITIONID" search="true" valueType="java.lang.Long"/>
		<attribute create="true" entityID="130" name="TRANSITIONID" search="false" valueType="java.lang.Long"/>
		<attribute create="true" name="OBJECTTYPEID" search="true" valueType="java.lang.Integer">1103</attribute>
		<attribute create="true" name="MAINOBJECTFLAG" search="true" valueType="java.lang.Integer">1</attribute>
	</entity>
	
	<entity createKeyParam="ROUTINGOBJECTID" createMethod="" getKeyParam="ROUTINGOBJECTID" getMethod="routingObjectGetListByParams" updateMethod="routingObjectModify" id="245" isIntService="true" name="DMS_ROUTINGOBJECT" service="dmsws">
		<attribute create="true" entityID="280" name="ROUTINGID" search="true" valueType="java.lang.Long"/>
		<attribute create="false" entityID="1129" name="TRANSITIONID" search="true" valueType="java.lang.Long"/>
		<attribute create="true" entityID="1130" name="TRANSITIONID" search="false" valueType="java.lang.Long"/>
		<attribute create="true" name="OBJECTTYPEID" search="true" valueType="java.lang.Integer">1107</attribute>
		<attribute create="true" name="MAINOBJECTFLAG" search="true" valueType="java.lang.Integer">1</attribute>
	</entity>
	
</root>