<?xml version="1.0" encoding="UTF-8"?><root>
    <!--Сценарий "Routing of decision at step"-->
    <entity createKeyParam="SCRIPTID" createMethod="checkScriptCreate" getKeyParam="SCRIPTID" getMethod="checkScriptGetByIdOrSysname" id="1" isIntService="true" name="DMS_SCRIPT" service="dmsws">
        <attribute create="true" name="SCRIPTSYSNAME" search="true" valueType="java.lang.String">decisionCheckINT</attribute>
        <attribute create="true" name="SCRIPTNAME" valueType="java.lang.String">Routing by the Decision</attribute>
        <attribute create="true" name="DESCRIPTION" valueType="java.lang.String"/>
    </entity>
    <!--Банковские продукты-->
    <!--Связь сценариев и продуктов-->
    <!--Состояния-->
	<entity createKeyParam="STATEID" getKeyParam="STATEID"  createMethod="" getMethod="smStateGetListByParams" id="898" isExtService="true" name="FRNT_SMSTATE" service="frontws2">
        <attribute create="true" name="SYSNAME" search="true" valueType="java.lang.String">LOSRouting</attribute>
		<attribute create="true" name="NAME" search="true" valueType="java.lang.String">Routing</attribute>
        <attribute create="true" name="TYPEID" search="true" valueType="java.lang.Long">1103</attribute>
    </entity>
    <entity createKeyParam="STATEID" getKeyParam="STATEID"  createMethod="" getMethod="smStateGetListByParams" id="90" isExtService="true" name="FRNT_SMSTATE" service="frontws2">
        <attribute create="true" name="SYSNAME" search="true" valueType="java.lang.String">LOSAutoCheckVerification</attribute>
        <attribute create="true" name="TYPEID" search="true" valueType="java.lang.Long">1103</attribute>
    </entity>
    <entity createKeyParam="STATEID" getKeyParam="STATEID"  createMethod="" getMethod="smStateGetListByParams" id="92" isExtService="true" name="FRNT_SMSTATE" service="frontws2">
        <attribute create="true" name="SYSNAME" search="true" valueType="java.lang.String">LOSApprovalResultNotif</attribute>
        <attribute create="true" name="TYPEID" search="true" valueType="java.lang.Long">1103</attribute>
    </entity>
    <entity createKeyParam="STATEID" getKeyParam="STATEID"  createMethod="" getMethod="smStateGetListByParams" id="94" isExtService="true" name="FRNT_SMSTATE" service="frontws2">
        <attribute create="true" name="SYSNAME" search="true" valueType="java.lang.String">LOSMakeRecommendations</attribute>
        <attribute create="true" name="NAME" search="true" valueType="java.lang.String">Make Recommendations</attribute>
        <attribute create="true" name="TYPEID" search="true" valueType="java.lang.Long">1103</attribute>
    </entity>
    <entity createKeyParam="STATEID" getKeyParam="STATEID"  createMethod="" getMethod="smStateGetListByParams" id="95" isExtService="true" name="FRNT_SMSTATE" service="frontws2">
        <attribute create="true" name="SYSNAME" search="true" valueType="java.lang.String">LOSMakeDecisionApproverHO</attribute>
        <attribute create="true" name="NAME" search="true" valueType="java.lang.String">Make Decision</attribute>
        <attribute create="true" name="TYPEID" search="true" valueType="java.lang.Long">1103</attribute>
    </entity>
    <entity createKeyParam="STATEID" getKeyParam="STATEID"  createMethod="" getMethod="smStateGetListByParams" id="96" isExtService="true" name="FRNT_SMSTATE" service="frontws2">
        <attribute create="true" name="SYSNAME" search="true" valueType="java.lang.String">LOSMakeDecisionApproverBranch</attribute>
        <attribute create="true" name="NAME" search="true" valueType="java.lang.String">Make Decision by Branch Manager</attribute>
        <attribute create="true" name="TYPEID" search="true" valueType="java.lang.Long">1103</attribute>
    </entity>
    <entity createKeyParam="STATEID" getKeyParam="STATEID"  createMethod="" getMethod="smStateGetListByParams" id="97" isExtService="true" name="FRNT_SMSTATE" service="frontws2">
        <attribute create="true" name="SYSNAME" search="true" valueType="java.lang.String">LOSReviewUnderwriterManager</attribute>
        <attribute create="true" name="NAME" search="true" valueType="java.lang.String">Review by Underwriter Manager</attribute>
        <attribute create="true" name="TYPEID" search="true" valueType="java.lang.Long">1103</attribute>
    </entity>
    <entity createKeyParam="STATEID" getKeyParam="STATEID"  createMethod="" getMethod="smStateGetListByParams" id="98" isExtService="true" name="FRNT_SMSTATE" service="frontws2">
        <attribute create="true" name="SYSNAME" search="true" valueType="java.lang.String">LOSReviewUnderwriterTL</attribute>
        <attribute create="true" name="NAME" search="true" valueType="java.lang.String">Review by Team-leader of underwriter</attribute>
        <attribute create="true" name="TYPEID" search="true" valueType="java.lang.Long">1103</attribute>
    </entity>
    <entity createKeyParam="STATEID" getKeyParam="STATEID"  createMethod="" getMethod="smStateGetListByParams" id="99" isExtService="true" name="FRNT_SMSTATE" service="frontws2">
        <attribute create="true" name="SYSNAME" search="true" valueType="java.lang.String">LOSRoutingControlMethod</attribute>
        <attribute create="true" name="NAME" search="true" valueType="java.lang.String">Routing of Control Method</attribute>
        <attribute create="true" name="TYPEID" search="true" valueType="java.lang.Long">1103</attribute>
    </entity>
    <entity createKeyParam="STATEID" getKeyParam="STATEID"  createMethod="" getMethod="smStateGetListByParams" id="100" isExtService="true" name="FRNT_SMSTATE" service="frontws2">
        <attribute create="true" name="SYSNAME" search="true" valueType="java.lang.String">LOSDocsCheck</attribute>
        <attribute create="true" name="NAME" search="true" valueType="java.lang.String">Document Check</attribute>
        <attribute create="true" name="TYPEID" search="true" valueType="java.lang.Long">1103</attribute>
    </entity>
    <entity createKeyParam="STATEID" getKeyParam="STATEID"  createMethod="" getMethod="smStateGetListByParams" id="102" isExtService="true" name="FRNT_SMSTATE" service="frontws2">
        <attribute create="true" name="SYSNAME" search="true" valueType="java.lang.String">LOSDataInputControl</attribute>
        <attribute create="true" name="TYPEID" search="true" valueType="java.lang.Long">1103</attribute>
    </entity>
    <entity createKeyParam="STATEID" getKeyParam="STATEID"  createMethod="" getMethod="smStateGetListByParams" id="103" isExtService="true" name="FRNT_SMSTATE" service="frontws2">
        <attribute create="true" name="SYSNAME" search="true" valueType="java.lang.String">LOSMMPreparation</attribute>
        <attribute create="true" name="NAME" search="true" valueType="java.lang.String">Meeting minutes preparation</attribute>
        <attribute create="true" name="TYPEID" search="true" valueType="java.lang.Long">1103</attribute>
    </entity>
    <entity createKeyParam="STATEID" getKeyParam="STATEID"  createMethod="" getMethod="smStateGetListByParams" id="104" isExtService="true" name="FRNT_SMSTATE" service="frontws2">
        <attribute create="true" name="SYSNAME" search="true" valueType="java.lang.String">LOSAppSupplement</attribute>
        <attribute create="true" name="TYPEID" search="true" valueType="java.lang.Long">1103</attribute>
    </entity>
    <entity createKeyParam="STATEID" getKeyParam="STATEID"  createMethod="" getMethod="smStateGetListByParams" id="105" isExtService="true" name="FRNT_SMSTATE" service="frontws2">
        <attribute create="true" name="SYSNAME" search="true" valueType="java.lang.String">LOSMMControl</attribute>
        <attribute create="true" name="TYPEID" search="true" valueType="java.lang.Long">1103</attribute>
    </entity>
	<entity createKeyParam="STATEID" getKeyParam="STATEID"  createMethod="" getMethod="smStateGetListByParams" id="106" isExtService="true" name="FRNT_SMSTATE" service="frontws2">
        <attribute create="true" name="SYSNAME" search="true" valueType="java.lang.String">LOSMMControlRouting</attribute>
        <attribute create="true" name="TYPEID" search="true" valueType="java.lang.Long">1103</attribute>
    </entity>
    <entity createKeyParam="STATEID" getKeyParam="STATEID"  createMethod="" getMethod="smStateGetListByParams" id="108" isExtService="true" name="FRNT_SMSTATE" service="frontws2">
        <attribute create="true" name="SYSNAME" search="true" valueType="java.lang.String">LOSAutoApprovalResultNotif</attribute>
        <attribute create="true" name="NAME" search="true" valueType="java.lang.String">Automatic Approval Result Notification</attribute>
        <attribute create="true" name="TYPEID" search="true" valueType="java.lang.Long">1103</attribute>
    </entity>
	<entity createKeyParam="STATEID" getKeyParam="STATEID"  createMethod="" getMethod="smStateGetListByParams" id="113" isExtService="true" name="FRNT_SMSTATE" service="frontws2">
        <attribute create="true" name="SYSNAME" search="true" valueType="java.lang.String">LOSDocsSupplement</attribute>
        <attribute create="true" name="NAME" search="true" valueType="java.lang.String">Document Supplement</attribute>
        <attribute create="true" name="TYPEID" search="true" valueType="java.lang.Long">1103</attribute>
    </entity>
    <entity createKeyParam="STATEID" getKeyParam="STATEID"  createMethod="" getMethod="smStateGetListByParams" id="115" isExtService="true" name="FRNT_SMSTATE" service="frontws2">
        <attribute create="true" name="SYSNAME" search="true" valueType="java.lang.String">LOSReviewUnderwriter</attribute>
        <attribute create="true" name="NAME" search="true" valueType="java.lang.String">Review by Underwriter</attribute>
        <attribute create="true" name="TYPEID" search="true" valueType="java.lang.Long">1103</attribute>
    </entity>
    <entity createKeyParam="STATEID" getKeyParam="STATEID"  createMethod="" getMethod="smStateGetListByParams" id="116" isExtService="true" name="FRNT_SMSTATE" service="frontws2">
        <attribute create="true" name="SYSNAME" search="true" valueType="java.lang.String">LOSRoutingHO</attribute>
        <attribute create="true" name="NAME" search="true" valueType="java.lang.String">Routing in the Head office</attribute>
        <attribute create="true" name="TYPEID" search="true" valueType="java.lang.Long">1103</attribute>
    </entity>
	<entity createKeyParam="STATEID" getKeyParam="STATEID"  createMethod="" getMethod="smStateGetListByParams" id="501" isExtService="true" name="FRNT_SMSTATE" service="frontws2">
        <attribute create="true" name="SYSNAME" search="true" valueType="java.lang.String">LOSReviewApproverHO</attribute>
        <attribute create="true" name="NAME" search="true" valueType="java.lang.String">Review by Approver</attribute>
        <attribute create="true" name="TYPEID" search="true" valueType="java.lang.Long">1103</attribute>
    </entity>
	<entity createKeyParam="STATEID" getKeyParam="STATEID"  createMethod="" getMethod="smStateGetListByParams" id="502" isExtService="true" name="FRNT_SMSTATE" service="frontws2">
        <attribute create="true" name="SYSNAME" search="true" valueType="java.lang.String">LOSCCommitteePreparation</attribute>
        <attribute create="true" name="NAME" search="true" valueType="java.lang.String">Preparation to Credit Committee</attribute>
        <attribute create="true" name="TYPEID" search="true" valueType="java.lang.Long">1103</attribute>
    </entity>

    <!--Связь сценариев и состояний-->
    <entity createKeyParam="LINKID" createMethod="scriptStateLinkCreate" getKeyParam="LINKID" getMethod="scriptStateLinkGetListByParams" id="3" isIntService="true" name="DMS_SCRPTSTATELINK" service="dmsws">
        <attribute create="true" entityID="1" name="SCRIPTID" search="true" valueType="java.lang.Long"/>
        <attribute create="true" entityID="90" name="STATEID" search="true" valueType="java.lang.Long"/>
        <attribute create="true" name="OBJECTTYPEID" search="true" valueType="java.lang.Long">1103</attribute>
    </entity>
	<entity createKeyParam="LINKID" createMethod="scriptStateLinkCreate" getKeyParam="LINKID" getMethod="scriptStateLinkGetListByParams" id="983" isIntService="true" name="DMS_SCRPTSTATELINK" service="dmsws">
        <attribute create="true" entityID="1" name="SCRIPTID" search="true" valueType="java.lang.Long"/>
        <attribute create="true" entityID="102" name="STATEID" search="true" valueType="java.lang.Long"/>
        <attribute create="true" name="OBJECTTYPEID" search="true" valueType="java.lang.Long">1103</attribute>
    </entity>
    <entity createKeyParam="LINKID" createMethod="scriptStateLinkCreate" getKeyParam="LINKID" getMethod="scriptStateLinkGetListByParams" id="7" isIntService="true" name="DMS_SCRPTSTATELINK" service="dmsws">
        <attribute create="true" entityID="1" name="SCRIPTID" search="true" valueType="java.lang.Long"/>
        <attribute create="true" entityID="94" name="STATEID" search="true" valueType="java.lang.Long"/>
        <attribute create="true" name="OBJECTTYPEID" search="true" valueType="java.lang.Long">1103</attribute>
    </entity>
    <entity createKeyParam="LINKID" createMethod="scriptStateLinkCreate" getKeyParam="LINKID" getMethod="scriptStateLinkGetListByParams" id="8" isIntService="true" name="DMS_SCRPTSTATELINK" service="dmsws">
        <attribute create="true" entityID="1" name="SCRIPTID" search="true" valueType="java.lang.Long"/>
        <attribute create="true" entityID="95" name="STATEID" search="true" valueType="java.lang.Long"/>
        <attribute create="true" name="OBJECTTYPEID" search="true" valueType="java.lang.Long">1103</attribute>
    </entity>
    <entity createKeyParam="LINKID" createMethod="scriptStateLinkCreate" getKeyParam="LINKID" getMethod="scriptStateLinkGetListByParams" id="9" isIntService="true" name="DMS_SCRPTSTATELINK" service="dmsws">
        <attribute create="true" entityID="1" name="SCRIPTID" search="true" valueType="java.lang.Long"/>
        <attribute create="true" entityID="96" name="STATEID" search="true" valueType="java.lang.Long"/>
        <attribute create="true" name="OBJECTTYPEID" search="true" valueType="java.lang.Long">1103</attribute>
    </entity>
    <entity createKeyParam="LINKID" createMethod="scriptStateLinkCreate" getKeyParam="LINKID" getMethod="scriptStateLinkGetListByParams" id="10" isIntService="true" name="DMS_SCRPTSTATELINK" service="dmsws">
        <attribute create="true" entityID="1" name="SCRIPTID" search="true" valueType="java.lang.Long"/>
        <attribute create="true" entityID="97" name="STATEID" search="true" valueType="java.lang.Long"/>
        <attribute create="true" name="OBJECTTYPEID" search="true" valueType="java.lang.Long">1103</attribute>
    </entity>
    <entity createKeyParam="LINKID" createMethod="scriptStateLinkCreate" getKeyParam="LINKID" getMethod="scriptStateLinkGetListByParams" id="11" isIntService="true" name="DMS_SCRPTSTATELINK" service="dmsws">
        <attribute create="true" entityID="1" name="SCRIPTID" search="true" valueType="java.lang.Long"/>
        <attribute create="true" entityID="98" name="STATEID" search="true" valueType="java.lang.Long"/>
        <attribute create="true" name="OBJECTTYPEID" search="true" valueType="java.lang.Long">1103</attribute>
    </entity>
    <entity createKeyParam="LINKID" createMethod="scriptStateLinkCreate" getKeyParam="LINKID" getMethod="scriptStateLinkGetListByParams" id="12" isIntService="true" name="DMS_SCRPTSTATELINK" service="dmsws">
        <attribute create="true" entityID="1" name="SCRIPTID" search="true" valueType="java.lang.Long"/>
        <attribute create="true" entityID="99" name="STATEID" search="true" valueType="java.lang.Long"/>
        <attribute create="true" name="OBJECTTYPEID" search="true" valueType="java.lang.Long">1103</attribute>
    </entity>
    <entity createKeyParam="LINKID" createMethod="scriptStateLinkCreate" getKeyParam="LINKID" getMethod="scriptStateLinkGetListByParams" id="13" isIntService="true" name="DMS_SCRPTSTATELINK" service="dmsws">
        <attribute create="true" entityID="1" name="SCRIPTID" search="true" valueType="java.lang.Long"/>
        <attribute create="true" entityID="100" name="STATEID" search="true" valueType="java.lang.Long"/>
        <attribute create="true" name="OBJECTTYPEID" search="true" valueType="java.lang.Long">1103</attribute>
    </entity>
	<entity createKeyParam="LINKID" createMethod="scriptStateLinkCreate" getKeyParam="LINKID" getMethod="scriptStateLinkGetListByParams" id="503" isIntService="true" name="DMS_SCRPTSTATELINK" service="dmsws">
        <attribute create="true" entityID="1" name="SCRIPTID" search="true" valueType="java.lang.Long"/>
        <attribute create="true" entityID="116" name="STATEID" search="true" valueType="java.lang.Long"/>
        <attribute create="true" name="OBJECTTYPEID" search="true" valueType="java.lang.Long">1103</attribute>
    </entity>
    <entity createKeyParam="LINKID" createMethod="scriptStateLinkCreate" getKeyParam="LINKID" getMethod="scriptStateLinkGetListByParams" id="16" isIntService="true" name="DMS_SCRPTSTATELINK" service="dmsws">
        <attribute create="true" entityID="1" name="SCRIPTID" search="true" valueType="java.lang.Long"/>
        <attribute create="true" entityID="103" name="STATEID" search="true" valueType="java.lang.Long"/>
        <attribute create="true" name="OBJECTTYPEID" search="true" valueType="java.lang.Long">1103</attribute>
    </entity>
	<entity createKeyParam="LINKID" createMethod="scriptStateLinkCreate" getKeyParam="LINKID" getMethod="scriptStateLinkGetListByParams" id="519" isIntService="true" name="DMS_SCRPTSTATELINK" service="dmsws">
        <attribute create="true" entityID="1" name="SCRIPTID" search="true" valueType="java.lang.Long"/>
        <attribute create="true" entityID="105" name="STATEID" search="true" valueType="java.lang.Long"/>
        <attribute create="true" name="OBJECTTYPEID" search="true" valueType="java.lang.Long">1103</attribute>
    </entity>
    <!--Типы проверок-->
    <entity name="DMS_CHECKTYPE" id="17" createMethod="checkTypeCreate" getMethod="checkTypeGetByIdOrSysname" createKeyParam="CHECKTYPEID" getKeyParam="CHECKTYPEID" service="dmsws" isIntService="true">
		<attribute name="TYPESYSNAME" valueType="java.lang.String" create="true" search="true">decisionResult</attribute>
		<attribute name="TYPENAME" valueType="java.lang.String" create="true">Decision Result</attribute>
		<attribute name="DESCRIPTION" valueType="java.lang.String" create="true">Decision Result</attribute>
	</entity>
	<entity name="DMS_CHECKTYPE" id="18" createMethod="checkTypeCreate" getMethod="checkTypeGetByIdOrSysname" createKeyParam="CHECKTYPEID" getKeyParam="CHECKTYPEID" service="dmsws" isIntService="true">
		<attribute name="TYPESYSNAME" valueType="java.lang.String" create="true" search="true">subjDemands</attribute>
		<attribute name="TYPENAME" valueType="java.lang.String" create="true">Demands to Subject</attribute>
		<attribute name="DESCRIPTION" valueType="java.lang.String" create="true">Demands to Subject</attribute>
	</entity>
    <!--Проверки-->
    <entity createKeyParam="CHECKID" createMethod="checkCreate" getKeyParam="CHECKID" getMethod="checkGetByIdOrSysname" id="117" isIntService="true" name="DMS_CHECK" service="dmsws">
        <attribute create="true" entityID="18" name="CHECKTYPEID" search="true" valueType="java.lang.Long"/>
        <attribute create="true" name="OBJECTTYPEID" valueType="java.lang.Long">50000</attribute>
        <attribute create="true" name="CHECKNAME" valueType="java.lang.String">The result of the current stage</attribute>
        <attribute create="true" name="CHECKSYSNAME" search="true" valueType="java.lang.String">currentStageResultAutoINT</attribute>
        <attribute create="true" name="RULELINK" valueType="java.lang.String">dmsCurrentStageResult</attribute>
        <attribute create="true" name="RULETYPE" valueType="java.lang.Integer">2</attribute>
        <attribute create="true" name="EXPIRATIONTERM" valueType="java.lang.Integer">0</attribute>
        <attribute create="true" name="MULTIFLAG" valueType="java.lang.Integer">0</attribute>
    </entity>
    <!--Связанные проверки-->
    <entity createKeyParam="LINKID" createMethod="checkScrLinkCreate" getKeyParam="LINKID" getMethod="checkScrLinkGetListByParams" id="2" isIntService="true" name="DMS_CHECKSCRLINK" service="dmsws">
        <attribute create="true" entityID="1" name="SCRIPTID" search="true" valueType="java.lang.Long"/>
        <attribute create="true" entityID="117" name="CHECKID" search="true" valueType="java.lang.Long"/>
        <attribute create="true" name="CHECKORDER" search="true" valueType="java.lang.Integer">1</attribute>
    </entity>
    <!--Точки маршрутизации-->
    <entity createKeyParam="POINTID" createMethod="routingPointCreate" getKeyParam="POINTID" getMethod="routingPointGetListByParams" id="19" isIntService="true" name="DMS_ROUTINGPOINT" service="dmsws">
        <attribute create="true" entityID="1" name="SCRIPTID" search="true" valueType="java.lang.Long"/>
        <attribute create="true" entityID="117" name="CHECKID" search="true" valueType="java.lang.Long"/>
        <attribute create="true" entityID="90" name="STATEID" search="true" valueType="java.lang.Long"/>
        <attribute create="true" name="POINTSYSNAME" search="true" valueType="java.lang.String">autoAutoChecksVerifyRouteINT</attribute>
        <attribute create="true" name="POINTNAME" valueType="java.lang.String">Routing on the result of verification of automatic checks</attribute>
        <attribute create="true" name="OBJECTTYPEID" valueType="java.lang.Long">1103</attribute>
        <attribute create="true" name="DESCRIPTION" valueType="java.lang.String"/>
    </entity>
    <entity createKeyParam="POINTID" createMethod="routingPointCreate" getKeyParam="POINTID" getMethod="routingPointGetListByParams" id="23" isIntService="true" name="DMS_ROUTINGPOINT" service="dmsws">
        <attribute create="true" entityID="1" name="SCRIPTID" search="true" valueType="java.lang.Long"/>
        <attribute create="true" entityID="117" name="CHECKID" search="true" valueType="java.lang.Long"/>
        <attribute create="true" entityID="94" name="STATEID" search="true" valueType="java.lang.Long"/>
        <attribute create="true" name="POINTSYSNAME" search="true" valueType="java.lang.String">makeRecomendation</attribute>
        <attribute create="true" name="POINTNAME" valueType="java.lang.String">Make Recommendation</attribute>
        <attribute create="true" name="OBJECTTYPEID" valueType="java.lang.Long">1103</attribute>
        <attribute create="true" name="DESCRIPTION" valueType="java.lang.String"/>
    </entity>
    <entity createKeyParam="POINTID" createMethod="routingPointCreate" getKeyParam="POINTID" getMethod="routingPointGetListByParams" id="24" isIntService="true" name="DMS_ROUTINGPOINT" service="dmsws">
        <attribute create="true" entityID="1" name="SCRIPTID" search="true" valueType="java.lang.Long"/>
        <attribute create="true" entityID="117" name="CHECKID" search="true" valueType="java.lang.Long"/>
        <attribute create="true" entityID="95" name="STATEID" search="true" valueType="java.lang.Long"/>
        <attribute create="true" name="POINTSYSNAME" search="true" valueType="java.lang.String">routingToApproverHeadOffice</attribute>
        <attribute create="true" name="POINTNAME" valueType="java.lang.String">Routing to Approver Head Office</attribute>
        <attribute create="true" name="OBJECTTYPEID" valueType="java.lang.Long">1103</attribute>
        <attribute create="true" name="DESCRIPTION" valueType="java.lang.String"/>
    </entity>
    <entity createKeyParam="POINTID" createMethod="routingPointCreate" getKeyParam="POINTID" getMethod="routingPointGetListByParams" id="25" isIntService="true" name="DMS_ROUTINGPOINT" service="dmsws">
        <attribute create="true" entityID="1" name="SCRIPTID" search="true" valueType="java.lang.Long"/>
        <attribute create="true" entityID="117" name="CHECKID" search="true" valueType="java.lang.Long"/>
        <attribute create="true" entityID="96" name="STATEID" search="true" valueType="java.lang.Long"/>
        <attribute create="true" name="POINTSYSNAME" search="true" valueType="java.lang.String">routingFromBranchManager</attribute>
        <attribute create="true" name="POINTNAME" valueType="java.lang.String">Routing From Branch Manager</attribute>
        <attribute create="true" name="OBJECTTYPEID" valueType="java.lang.Long">1103</attribute>
        <attribute create="true" name="DESCRIPTION" valueType="java.lang.String"/>
    </entity>
    <entity createKeyParam="POINTID" createMethod="routingPointCreate" getKeyParam="POINTID" getMethod="routingPointGetListByParams" id="26" isIntService="true" name="DMS_ROUTINGPOINT" service="dmsws">
        <attribute create="true" entityID="1" name="SCRIPTID" search="true" valueType="java.lang.Long"/>
        <attribute create="true" entityID="117" name="CHECKID" search="true" valueType="java.lang.Long"/>
        <attribute create="true" entityID="97" name="STATEID" search="true" valueType="java.lang.Long"/>
        <attribute create="true" name="POINTSYSNAME" search="true" valueType="java.lang.String">autoApprovalResultUnderwriter</attribute>
        <attribute create="true" name="POINTNAME" valueType="java.lang.String">Routing on the result of underwriter</attribute>
        <attribute create="true" name="OBJECTTYPEID" valueType="java.lang.Long">1103</attribute>
        <attribute create="true" name="DESCRIPTION" valueType="java.lang.String"/>
    </entity>
    <entity createKeyParam="POINTID" createMethod="routingPointCreate" getKeyParam="POINTID" getMethod="routingPointGetListByParams" id="27" isIntService="true" name="DMS_ROUTINGPOINT" service="dmsws">
        <attribute create="true" entityID="1" name="SCRIPTID" search="true" valueType="java.lang.Long"/>
        <attribute create="true" entityID="117" name="CHECKID" search="true" valueType="java.lang.Long"/>
        <attribute create="true" entityID="98" name="STATEID" search="true" valueType="java.lang.Long"/>
        <attribute create="true" name="POINTSYSNAME" search="true" valueType="java.lang.String">autoApprovalResultTeamLeadingUnderwriter</attribute>
        <attribute create="true" name="POINTNAME" valueType="java.lang.String">Routing on the result of team-leading underwriter</attribute>
        <attribute create="true" name="OBJECTTYPEID" valueType="java.lang.Long">1103</attribute>
        <attribute create="true" name="DESCRIPTION" valueType="java.lang.String"/>
    </entity>
    <entity createKeyParam="POINTID" createMethod="routingPointCreate" getKeyParam="POINTID" getMethod="routingPointGetListByParams" id="28" isIntService="true" name="DMS_ROUTINGPOINT" service="dmsws">
        <attribute create="true" entityID="1" name="SCRIPTID" search="true" valueType="java.lang.Long"/>
        <attribute create="true" entityID="117" name="CHECKID" search="true" valueType="java.lang.Long"/>
        <attribute create="true" entityID="99" name="STATEID" search="true" valueType="java.lang.Long"/>
        <attribute create="true" name="POINTSYSNAME" search="true" valueType="java.lang.String">sendToCheckOfControl</attribute>
        <attribute create="true" name="POINTNAME" valueType="java.lang.String">Send to Check of Control</attribute>
        <attribute create="true" name="OBJECTTYPEID" valueType="java.lang.Long">1103</attribute>
        <attribute create="true" name="DESCRIPTION" valueType="java.lang.String"/>
    </entity>
    <entity createKeyParam="POINTID" createMethod="routingPointCreate" getKeyParam="POINTID" getMethod="routingPointGetListByParams" id="29" isIntService="true" name="DMS_ROUTINGPOINT" service="dmsws">
        <attribute create="true" entityID="1" name="SCRIPTID" search="true" valueType="java.lang.Long"/>
        <attribute create="true" entityID="117" name="CHECKID" search="true" valueType="java.lang.Long"/>
        <attribute create="true" entityID="100" name="STATEID" search="true" valueType="java.lang.Long"/>
        <attribute create="true" name="POINTSYSNAME" search="true" valueType="java.lang.String">routingDocumentCheck</attribute>
        <attribute create="true" name="POINTNAME" valueType="java.lang.String">Document Check Routing</attribute>
        <attribute create="true" name="OBJECTTYPEID" valueType="java.lang.Long">1103</attribute>
        <attribute create="true" name="DESCRIPTION" valueType="java.lang.String"/>
    </entity>
    <entity createKeyParam="POINTID" createMethod="routingPointCreate" getKeyParam="POINTID" getMethod="routingPointGetListByParams" id="31" isIntService="true" name="DMS_ROUTINGPOINT" service="dmsws">
        <attribute create="true" entityID="1" name="SCRIPTID" search="true" valueType="java.lang.Long"/>
        <attribute create="true" entityID="117" name="CHECKID" search="true" valueType="java.lang.Long"/>
        <attribute create="true" entityID="102" name="STATEID" search="true" valueType="java.lang.Long"/>
        <attribute create="true" name="POINTSYSNAME" search="true" valueType="java.lang.String">DataInputControl</attribute>
        <attribute create="true" name="POINTNAME" valueType="java.lang.String">Data Input Control</attribute>
        <attribute create="true" name="OBJECTTYPEID" valueType="java.lang.Long">1103</attribute>
        <attribute create="true" name="DESCRIPTION" valueType="java.lang.String"/>
    </entity>
    <entity createKeyParam="POINTID" createMethod="routingPointCreate" getKeyParam="POINTID" getMethod="routingPointGetListByParams" id="32" isIntService="true" name="DMS_ROUTINGPOINT" service="dmsws">
        <attribute create="true" entityID="1" name="SCRIPTID" search="true" valueType="java.lang.Long"/>
        <attribute create="true" entityID="117" name="CHECKID" search="true" valueType="java.lang.Long"/>
        <attribute create="true" entityID="103" name="STATEID" search="true" valueType="java.lang.Long"/>
        <attribute create="true" name="POINTSYSNAME" search="true" valueType="java.lang.String">creditCommiteePointCommetee</attribute>
        <attribute create="true" name="POINTNAME" valueType="java.lang.String">creditCommiteePointCommetee</attribute>
        <attribute create="true" name="OBJECTTYPEID" valueType="java.lang.Long">1103</attribute>
        <attribute create="true" name="DESCRIPTION" valueType="java.lang.String"/>
    </entity>
	<entity createKeyParam="POINTID" createMethod="routingPointCreate" getKeyParam="POINTID" getMethod="routingPointGetListByParams" id="504" isIntService="true" name="DMS_ROUTINGPOINT" service="dmsws">
        <attribute create="true" entityID="1" name="SCRIPTID" search="true" valueType="java.lang.Long"/>
        <attribute create="true" entityID="117" name="CHECKID" search="true" valueType="java.lang.Long"/>
        <attribute create="true" entityID="116" name="STATEID" search="true" valueType="java.lang.Long"/>
        <attribute create="true" name="POINTSYSNAME" search="true" valueType="java.lang.String">routingToApproverHO</attribute>
        <attribute create="true" name="POINTNAME" valueType="java.lang.String">routingToApproverHO</attribute>
        <attribute create="true" name="OBJECTTYPEID" valueType="java.lang.Long">1103</attribute>
        <attribute create="true" name="DESCRIPTION" valueType="java.lang.String"/>
    </entity>
	<entity createKeyParam="POINTID" createMethod="routingPointCreate" getKeyParam="POINTID" getMethod="routingPointGetListByParams" id="520" isIntService="true" name="DMS_ROUTINGPOINT" service="dmsws">
        <attribute create="true" entityID="1" name="SCRIPTID" search="true" valueType="java.lang.Long"/>
        <attribute create="true" entityID="117" name="CHECKID" search="true" valueType="java.lang.Long"/>
        <attribute create="true" entityID="105" name="STATEID" search="true" valueType="java.lang.Long"/>
        <attribute create="true" name="POINTSYSNAME" search="true" valueType="java.lang.String">routingFromMMControl</attribute>
        <attribute create="true" name="POINTNAME" valueType="java.lang.String">routingFromMMControl</attribute>
        <attribute create="true" name="OBJECTTYPEID" valueType="java.lang.Long">1103</attribute>
        <attribute create="true" name="DESCRIPTION" valueType="java.lang.String"/>
    </entity>
    <!--Маршруты-->
    <entity createKeyParam="ROUTINGID" createMethod="routingCreate" getKeyParam="ROUTINGID" getMethod="routingGetListByParams" id="60" isIntService="true" name="DMS_ROUTING" service="dmsws">
        <attribute create="true" entityID="28" name="POINTID" search="true" valueType="java.lang.Long"/>
        <attribute create="true" name="RULELINK" search="true" valueType="java.lang.String">rule2StepsOfUnderwriterControl</attribute>
        <attribute create="true" name="RULEPRIORITY" search="true" valueType="java.lang.Integer">1</attribute>
    </entity>
    <entity createKeyParam="ROUTINGID" createMethod="routingCreate" getKeyParam="ROUTINGID" getMethod="routingGetListByParams" id="61" isIntService="true" name="DMS_ROUTING" service="dmsws">
        <attribute create="true" entityID="28" name="POINTID" search="true" valueType="java.lang.Long"/>
        <attribute create="true" name="RULELINK" search="true" valueType="java.lang.String">rule1StepsOfUnderwriterControl</attribute>
        <attribute create="true" name="RULEPRIORITY" search="true" valueType="java.lang.Integer">2</attribute>
    </entity>
    <entity createKeyParam="ROUTINGID" createMethod="routingCreate" getKeyParam="ROUTINGID" getMethod="routingGetListByParams" id="66" isIntService="true" name="DMS_ROUTING" service="dmsws">
        <attribute create="true" entityID="24" name="POINTID" search="true" valueType="java.lang.Long"/>
        <attribute create="true" name="RULELINK" search="true" valueType="java.lang.String">approveDecisionEqualCheckINT</attribute>
        <attribute create="true" name="RULEPRIORITY" search="true" valueType="java.lang.Integer">1</attribute>
    </entity>
    <entity createKeyParam="ROUTINGID" createMethod="routingCreate" getKeyParam="ROUTINGID" getMethod="routingGetListByParams" id="67" isIntService="true" name="DMS_ROUTING" service="dmsws">
        <attribute create="true" entityID="24" name="POINTID" search="true" valueType="java.lang.Long"/>
        <attribute create="true" name="RULELINK" search="true" valueType="java.lang.String">approveWithCondDecisionEqualCheckINT</attribute>
        <attribute create="true" name="RULEPRIORITY" search="true" valueType="java.lang.Integer">3</attribute>
    </entity>
    <entity createKeyParam="ROUTINGID" createMethod="routingCreate" getKeyParam="ROUTINGID" getMethod="routingGetListByParams" id="68" isIntService="true" name="DMS_ROUTING" service="dmsws">
        <attribute create="true" entityID="24" name="POINTID" search="true" valueType="java.lang.Long"/>
        <attribute create="true" name="RULELINK" search="true" valueType="java.lang.String">rejectDecisionEqualCheckINT</attribute>
        <attribute create="true" name="RULEPRIORITY" search="true" valueType="java.lang.Integer">1</attribute>
    </entity>
    <entity createKeyParam="ROUTINGID" createMethod="routingCreate" getKeyParam="ROUTINGID" getMethod="routingGetListByParams" id="73" isIntService="true" name="DMS_ROUTING" service="dmsws">
        <attribute create="true" entityID="29" name="POINTID" search="true" valueType="java.lang.Long"/>
        <attribute create="true" name="RULELINK" search="true" valueType="java.lang.String">docSupplementDecisionEqualCheckINT</attribute>
        <attribute create="true" name="RULEPRIORITY" search="true" valueType="java.lang.Integer">1</attribute>
    </entity>
    <entity createKeyParam="ROUTINGID" createMethod="routingCreate" getKeyParam="ROUTINGID" getMethod="routingGetListByParams" id="75" isIntService="true" name="DMS_ROUTING" service="dmsws">
        <attribute create="true" entityID="29" name="POINTID" search="true" valueType="java.lang.Long"/>
        <attribute create="true" name="RULELINK" search="true" valueType="java.lang.String">sendToUnderwriterDecisionEqualCheckINT</attribute>
        <attribute create="true" name="RULEPRIORITY" search="true" valueType="java.lang.Integer">3</attribute>
    </entity>
    <entity createKeyParam="ROUTINGID" createMethod="routingCreate" getKeyParam="ROUTINGID" getMethod="routingGetListByParams" id="76" isIntService="true" name="DMS_ROUTING" service="dmsws">
        <attribute create="true" entityID="19" name="POINTID" search="true" valueType="java.lang.Long"/>
        <attribute create="true" name="RULELINK" search="true" valueType="java.lang.String">returnToSupplementDecisionEqualCheckINT</attribute>
        <attribute create="true" name="RULEPRIORITY" search="true" valueType="java.lang.Integer">1</attribute>
    </entity>
    <entity createKeyParam="ROUTINGID" createMethod="routingCreate" getKeyParam="ROUTINGID" getMethod="routingGetListByParams" id="77" isIntService="true" name="DMS_ROUTING" service="dmsws">
        <attribute create="true" entityID="19" name="POINTID" search="true" valueType="java.lang.Long"/>
        <attribute create="true" name="RULELINK" search="true" valueType="java.lang.String">rejectDecisionEqualCheckINT</attribute>
        <attribute create="true" name="RULEPRIORITY" search="true" valueType="java.lang.Integer">2</attribute>
    </entity>
    <entity createKeyParam="ROUTINGID" createMethod="routingCreate" getKeyParam="ROUTINGID" getMethod="routingGetListByParams" id="78" isIntService="true" name="DMS_ROUTING" service="dmsws">
        <attribute create="true" entityID="19" name="POINTID" search="true" valueType="java.lang.Long"/>
        <attribute create="true" name="RULELINK" search="true" valueType="java.lang.String">continueDecisionEqualCheckINT</attribute>
        <attribute create="true" name="RULEPRIORITY" search="true" valueType="java.lang.Integer">3</attribute>
    </entity>
    <entity createKeyParam="ROUTINGID" createMethod="routingCreate" getKeyParam="ROUTINGID" getMethod="routingGetListByParams" id="79" isIntService="true" name="DMS_ROUTING" service="dmsws">
        <attribute create="true" entityID="25" name="POINTID" search="true" valueType="java.lang.Long"/>
        <attribute create="true" name="RULELINK" search="true" valueType="java.lang.String">approveDecisionEqualCheckINT</attribute>
        <attribute create="true" name="RULEPRIORITY" search="true" valueType="java.lang.Integer">1</attribute>
    </entity>
    <entity createKeyParam="ROUTINGID" createMethod="routingCreate" getKeyParam="ROUTINGID" getMethod="routingGetListByParams" id="80" isIntService="true" name="DMS_ROUTING" service="dmsws">
        <attribute create="true" entityID="25" name="POINTID" search="true" valueType="java.lang.Long"/>
        <attribute create="true" name="RULELINK" search="true" valueType="java.lang.String">approveWithCondDecisionEqualCheckINT</attribute>
        <attribute create="true" name="RULEPRIORITY" search="true" valueType="java.lang.Integer">2</attribute>
    </entity>
    <entity createKeyParam="ROUTINGID" createMethod="routingCreate" getKeyParam="ROUTINGID" getMethod="routingGetListByParams" id="81" isIntService="true" name="DMS_ROUTING" service="dmsws">
        <attribute create="true" entityID="25" name="POINTID" search="true" valueType="java.lang.Long"/>
        <attribute create="true" name="RULELINK" search="true" valueType="java.lang.String">rejectDecisionEqualCheckINT</attribute>
        <attribute create="true" name="RULEPRIORITY" search="true" valueType="java.lang.Integer">3</attribute>
    </entity>
    <entity createKeyParam="ROUTINGID" createMethod="routingCreate" getKeyParam="ROUTINGID" getMethod="routingGetListByParams" id="82" isIntService="true" name="DMS_ROUTING" service="dmsws">
        <attribute create="true" entityID="27" name="POINTID" search="true" valueType="java.lang.Long"/>
        <attribute create="true" name="RULELINK" search="true" valueType="java.lang.String">approveDecisionEqualCheckINT</attribute>
        <attribute create="true" name="RULEPRIORITY" search="true" valueType="java.lang.Integer">1</attribute>
    </entity>
    <entity createKeyParam="ROUTINGID" createMethod="routingCreate" getKeyParam="ROUTINGID" getMethod="routingGetListByParams" id="83" isIntService="true" name="DMS_ROUTING" service="dmsws">
        <attribute create="true" entityID="27" name="POINTID" search="true" valueType="java.lang.Long"/>
        <attribute create="true" name="RULELINK" search="true" valueType="java.lang.String">returnToUnderwriterDecisionEqualCheckINT</attribute>
        <attribute create="true" name="RULEPRIORITY" search="true" valueType="java.lang.Integer">2</attribute>
    </entity>
    <entity createKeyParam="ROUTINGID" createMethod="routingCreate" getKeyParam="ROUTINGID" getMethod="routingGetListByParams" id="84" isIntService="true" name="DMS_ROUTING" service="dmsws">
        <attribute create="true" entityID="23" name="POINTID" search="true" valueType="java.lang.Long"/>
        <attribute create="true" name="RULELINK" search="true" valueType="java.lang.String">continueDecisionEqualCheckINT</attribute>
        <attribute create="true" name="RULEPRIORITY" search="true" valueType="java.lang.Integer">1</attribute>
    </entity>
    <entity createKeyParam="ROUTINGID" createMethod="routingCreate" getKeyParam="ROUTINGID" getMethod="routingGetListByParams" id="85" isIntService="true" name="DMS_ROUTING" service="dmsws">
        <attribute create="true" entityID="32" name="POINTID" search="true" valueType="java.lang.Long"/>
        <attribute create="true" name="RULELINK" search="true" valueType="java.lang.String">continueDecisionEqualCheckINT</attribute>
        <attribute create="true" name="RULEPRIORITY" search="true" valueType="java.lang.Integer">1</attribute>
    </entity>
    <entity createKeyParam="ROUTINGID" createMethod="routingCreate" getKeyParam="ROUTINGID" getMethod="routingGetListByParams" id="86" isIntService="true" name="DMS_ROUTING" service="dmsws">
        <attribute create="true" entityID="26" name="POINTID" search="true" valueType="java.lang.Long"/>
        <attribute create="true" name="RULELINK" search="true" valueType="java.lang.String">approveDecisionEqualCheckINT</attribute>
        <attribute create="true" name="RULEPRIORITY" search="true" valueType="java.lang.Integer">1</attribute>
    </entity>
    <entity createKeyParam="ROUTINGID" createMethod="routingCreate" getKeyParam="ROUTINGID" getMethod="routingGetListByParams" id="87" isIntService="true" name="DMS_ROUTING" service="dmsws">
        <attribute create="true" entityID="26" name="POINTID" search="true" valueType="java.lang.Long"/>
        <attribute create="true" name="RULELINK" search="true" valueType="java.lang.String">returnToUnderwriterDecisionEqualCheckINT</attribute>
        <attribute create="true" name="RULEPRIORITY" search="true" valueType="java.lang.Integer">2</attribute>
    </entity>
    <entity createKeyParam="ROUTINGID" createMethod="routingCreate" getKeyParam="ROUTINGID" getMethod="routingGetListByParams" id="88" isIntService="true" name="DMS_ROUTING" service="dmsws">
        <attribute create="true" entityID="31" name="POINTID" search="true" valueType="java.lang.Long"/>
        <attribute create="true" name="RULELINK" search="true" valueType="java.lang.String">returnToSupplementDecisionEqualCheckINT</attribute>
        <attribute create="true" name="RULEPRIORITY" search="true" valueType="java.lang.Integer">1</attribute>
    </entity>
    <entity createKeyParam="ROUTINGID" createMethod="routingCreate" getKeyParam="ROUTINGID" getMethod="routingGetListByParams" id="89" isIntService="true" name="DMS_ROUTING" service="dmsws">
        <attribute create="true" entityID="31" name="POINTID" search="true" valueType="java.lang.Long"/>
        <attribute create="true" name="RULELINK" search="true" valueType="java.lang.String">approveDecisionEqualCheckINT</attribute>
        <attribute create="true" name="RULEPRIORITY" search="true" valueType="java.lang.Integer">2</attribute>
    </entity>
	<entity createKeyParam="ROUTINGID" createMethod="routingCreate" getKeyParam="ROUTINGID" getMethod="routingGetListByParams" id="505" isIntService="true" name="DMS_ROUTING" service="dmsws">
        <attribute create="true" entityID="504" name="POINTID" search="true" valueType="java.lang.Long"/>
        <attribute create="true" name="RULELINK" search="true" valueType="java.lang.String">ruleSentToApproverHeadOffice</attribute>
        <attribute create="true" name="RULEPRIORITY" search="true" valueType="java.lang.Integer">1</attribute>
    </entity>
	<entity createKeyParam="ROUTINGID" createMethod="routingCreate" getKeyParam="ROUTINGID" getMethod="routingGetListByParams" id="506" isIntService="true" name="DMS_ROUTING" service="dmsws">
        <attribute create="true" entityID="504" name="POINTID" search="true" valueType="java.lang.Long"/>
        <attribute create="true" name="RULELINK" search="true" valueType="java.lang.String">ruleSentToCreditCommittee</attribute>
        <attribute create="true" name="RULEPRIORITY" search="true" valueType="java.lang.Integer">2</attribute>
    </entity>
	<entity createKeyParam="ROUTINGID" createMethod="routingCreate" getKeyParam="ROUTINGID" getMethod="routingGetListByParams" id="523" isIntService="true" name="DMS_ROUTING" service="dmsws">
        <attribute create="true" entityID="504" name="POINTID" search="true" valueType="java.lang.Long"/>
        <attribute create="true" name="RULELINK" search="true" valueType="java.lang.String">returnToUnderwriterDecisionEqualCheckINT</attribute>
        <attribute create="true" name="RULEPRIORITY" search="true" valueType="java.lang.Integer">1</attribute>
    </entity>
	<!--entity createKeyParam="ROUTINGID" createMethod="routingCreate" getKeyParam="ROUTINGID" getMethod="routingGetListByParams" id="524" isIntService="true" name="DMS_ROUTING" service="dmsws">
        <attribute create="true" entityID="504" name="POINTID" search="true" valueType="java.lang.Long"/>
        <attribute create="true" name="RULELINK" search="true" valueType="java.lang.String">ruleSendToAutoNotificationMM</attribute>
        <attribute create="true" name="RULEPRIORITY" search="true" valueType="java.lang.Integer">2</attribute>
    </entity>
	<entity createKeyParam="ROUTINGID" createMethod="routingCreate" getKeyParam="ROUTINGID" getMethod="routingGetListByParams" id="525" isIntService="true" name="DMS_ROUTING" service="dmsws">
        <attribute create="true" entityID="504" name="POINTID" search="true" valueType="java.lang.Long"/>
        <attribute create="true" name="RULELINK" search="true" valueType="java.lang.String">ruleSendToNotificationMM</attribute>
        <attribute create="true" name="RULEPRIORITY" search="true" valueType="java.lang.Integer">3</attribute>
    </entity-->
	<entity createKeyParam="ROUTINGID" createMethod="routingCreate" getKeyParam="ROUTINGID" getMethod="routingGetListByParams" id="600" isIntService="true" name="DMS_ROUTING" service="dmsws">
        <attribute create="true" entityID="520" name="POINTID" search="true" valueType="java.lang.Long"/>
        <attribute create="true" name="RULELINK" search="true" valueType="java.lang.String">returnToUnderwriterDecisionEqualCheckINT</attribute>
        <attribute create="true" name="RULEPRIORITY" search="true" valueType="java.lang.Integer">1</attribute>
    </entity>
    <entity createKeyParam="ROUTINGID" createMethod="routingCreate" getKeyParam="ROUTINGID" getMethod="routingGetListByParams" id="610" isIntService="true" name="DMS_ROUTING" service="dmsws">
        <attribute create="true" entityID="520" name="POINTID" search="true" valueType="java.lang.Long"/>
        <attribute create="true" name="RULELINK" search="true" valueType="java.lang.String">ruleContinue</attribute>
        <attribute create="true" name="RULEPRIORITY" search="true" valueType="java.lang.Integer">2</attribute>
    </entity> 
	
	

    <!--Переходы-->
    <entity createKeyParam="TRANSITIONID"  createMethod="" getKeyParam="TRANSITIONID" getMethod="smTransitionGetListByParams" id="118" isExtService="true" name="FRNT_SMTRANS" service="frontws2">
        <attribute create="true" entityID="102" name="FROMSTATEID" search="true" valueType="java.lang.Long"/>
        <attribute create="true" entityID="104" name="TOSTATEID" search="true" valueType="java.lang.Long"/>
        <attribute create="true" name="SYSNAME" search="true" valueType="java.lang.String">LOSSendToAppSupplement</attribute>
        <attribute create="true" name="TYPEID" search="true" valueType="java.lang.String">1103</attribute>
    </entity>
	<entity createKeyParam="TRANSITIONID"  createMethod="" getKeyParam="TRANSITIONID" getMethod="smTransitionGetListByParams" id="918" isExtService="true" name="FRNT_SMTRANS" service="frontws2">
        <attribute create="true" entityID="102" name="FROMSTATEID" search="true" valueType="java.lang.Long"/>
        <attribute create="true" entityID="898" name="TOSTATEID" search="true" valueType="java.lang.Long"/>
        <attribute create="true" name="SYSNAME" search="true" valueType="java.lang.String">LOSSendToRouting</attribute>
        <attribute create="true" name="TYPEID" search="true" valueType="java.lang.String">1103</attribute>
    </entity>
    <entity createKeyParam="TRANSITIONID"  createMethod="" getKeyParam="TRANSITIONID" getMethod="smTransitionGetListByParams" id="119" isExtService="true" name="FRNT_SMTRANS" service="frontws2">
        <attribute create="true" entityID="103" name="FROMSTATEID" search="true" valueType="java.lang.Long"/>
        <attribute create="true" entityID="105" name="TOSTATEID" search="true" valueType="java.lang.Long"/>
        <attribute create="true" name="SYSNAME" search="true" valueType="java.lang.String">LOSSendToMMControl</attribute>
        <attribute create="true" name="NAME" valueType="java.lang.String">Send to Meeting Minutes Control</attribute>
        <attribute create="true" name="TYPEID" search="true" valueType="java.lang.String">1103</attribute>
    </entity>
    <entity createKeyParam="TRANSITIONID"  createMethod="" getKeyParam="TRANSITIONID" getMethod="smTransitionGetListByParams" id="120" isExtService="true" name="FRNT_SMTRANS" service="frontws2">
        <attribute create="true" entityID="97" name="FROMSTATEID" search="true" valueType="java.lang.Long"/>
        <attribute create="true" entityID="115" name="TOSTATEID" search="true" valueType="java.lang.Long"/>
        <attribute create="true" name="SYSNAME" search="true" valueType="java.lang.String">LOSReturnToUnderwriter</attribute>
        <attribute create="true" name="NAME" valueType="java.lang.String">Return to Underwriter</attribute>
        <attribute create="true" name="TYPEID" search="true" valueType="java.lang.String">1103</attribute>
    </entity>
    <entity createKeyParam="TRANSITIONID"  createMethod="" getKeyParam="TRANSITIONID" getMethod="smTransitionGetListByParams" id="123" isExtService="true" name="FRNT_SMTRANS" service="frontws2">
        <attribute create="true" entityID="94" name="FROMSTATEID" search="true" valueType="java.lang.Long"/>
        <attribute create="true" entityID="97" name="TOSTATEID" search="true" valueType="java.lang.Long"/>
        <attribute create="true" name="SYSNAME" search="true" valueType="java.lang.String">LOSSendToUnderwriterManager</attribute>
        <attribute create="true" name="NAME" valueType="java.lang.String">Send to Underwriter Manager</attribute>
        <attribute create="true" name="TYPEID" search="true" valueType="java.lang.String">1103</attribute>
    </entity>
    <entity createKeyParam="TRANSITIONID"  createMethod="" getKeyParam="TRANSITIONID" getMethod="smTransitionGetListByParams" id="124" isExtService="true" name="FRNT_SMTRANS" service="frontws2">
        <attribute create="true" entityID="95" name="FROMSTATEID" search="true" valueType="java.lang.Long"/>
        <attribute create="true" entityID="108" name="TOSTATEID" search="true" valueType="java.lang.Long"/>
        <attribute create="true" name="SYSNAME" search="true" valueType="java.lang.String">LOSSendToAutomaticNotification</attribute>
        <attribute create="true" name="NAME" valueType="java.lang.String">Send Automatic Notification</attribute>
        <attribute create="true" name="TYPEID" search="true" valueType="java.lang.String">1103</attribute>
    </entity>
    <entity createKeyParam="TRANSITIONID"  createMethod="" getKeyParam="TRANSITIONID" getMethod="smTransitionGetListByParams" id="126" isExtService="true" name="FRNT_SMTRANS" service="frontws2">
        <attribute create="true" entityID="95" name="FROMSTATEID" search="true" valueType="java.lang.Long"/>
        <attribute create="true" entityID="92" name="TOSTATEID" search="true" valueType="java.lang.Long"/>
        <attribute create="true" name="SYSNAME" search="true" valueType="java.lang.String">LOSSendToNotification</attribute>
        <attribute create="true" name="NAME" valueType="java.lang.String">Send to Notification</attribute>
        <attribute create="true" name="TYPEID" search="true" valueType="java.lang.String">1103</attribute>
    </entity>
    <entity createKeyParam="TRANSITIONID"  createMethod="" getKeyParam="TRANSITIONID" getMethod="smTransitionGetListByParams" id="129" isExtService="true" name="FRNT_SMTRANS" service="frontws2">
        <attribute create="true" entityID="96" name="FROMSTATEID" search="true" valueType="java.lang.Long"/>
        <attribute create="true" entityID="108" name="TOSTATEID" search="true" valueType="java.lang.Long"/>
        <attribute create="true" name="SYSNAME" search="true" valueType="java.lang.String">LOSSendToAutomaticNotification</attribute>
        <attribute create="true" name="NAME" valueType="java.lang.String">Send Automatic Notification</attribute>
        <attribute create="true" name="TYPEID" search="true" valueType="java.lang.String">1103</attribute>
    </entity>
    <entity createKeyParam="TRANSITIONID"  createMethod="" getKeyParam="TRANSITIONID" getMethod="smTransitionGetListByParams" id="130" isExtService="true" name="FRNT_SMTRANS" service="frontws2">
        <attribute create="true" entityID="96" name="FROMSTATEID" search="true" valueType="java.lang.Long"/>
        <attribute create="true" entityID="92" name="TOSTATEID" search="true" valueType="java.lang.Long"/>
        <attribute create="true" name="SYSNAME" search="true" valueType="java.lang.String">LOSSendToNotification</attribute>
        <attribute create="true" name="TYPEID" search="true" valueType="java.lang.String">1103</attribute>
    </entity>
    <entity createKeyParam="TRANSITIONID"  createMethod="" getKeyParam="TRANSITIONID" getMethod="smTransitionGetListByParams" id="133" isExtService="true" name="FRNT_SMTRANS" service="frontws2">
        <attribute create="true" entityID="100" name="FROMSTATEID" search="true" valueType="java.lang.Long"/>
        <attribute create="true" entityID="113" name="TOSTATEID" search="true" valueType="java.lang.Long"/>
        <attribute create="true" name="SYSNAME" search="true" valueType="java.lang.String">LOSSendToDocsSupplement</attribute>
        <attribute create="true" name="NAME" valueType="java.lang.String">Send to Document Supplement</attribute>
        <attribute create="true" name="TYPEID" search="true" valueType="java.lang.String">1103</attribute>
    </entity>
    <entity createKeyParam="TRANSITIONID"  createMethod="" getKeyParam="TRANSITIONID" getMethod="smTransitionGetListByParams" id="135" isExtService="true" name="FRNT_SMTRANS" service="frontws2">
        <attribute create="true" entityID="100" name="FROMSTATEID" search="true" valueType="java.lang.Long"/>
        <attribute create="true" entityID="115" name="TOSTATEID" search="true" valueType="java.lang.Long"/>
        <attribute create="true" name="SYSNAME" search="true" valueType="java.lang.String">LOSSendToRreviewUnderwriter</attribute>
        <attribute create="true" name="NAME" valueType="java.lang.String">Send to Review by Underwriter</attribute>
        <attribute create="true" name="TYPEID" search="true" valueType="java.lang.String">1103</attribute>
    </entity>
    <entity createKeyParam="TRANSITIONID"  createMethod="" getKeyParam="TRANSITIONID" getMethod="smTransitionGetListByParams" id="136" isExtService="true" name="FRNT_SMTRANS" service="frontws2">
        <attribute create="true" entityID="90" name="FROMSTATEID" search="true" valueType="java.lang.Long"/>
        <attribute create="true" entityID="104" name="TOSTATEID" search="true" valueType="java.lang.Long"/>
        <attribute create="true" name="SYSNAME" search="true" valueType="java.lang.String">LOSSendToAppSupplement</attribute>
        <attribute create="true" name="TYPEID" search="true" valueType="java.lang.String">1103</attribute>
    </entity>
    <entity createKeyParam="TRANSITIONID"  createMethod="" getKeyParam="TRANSITIONID" getMethod="smTransitionGetListByParams" id="137" isExtService="true" name="FRNT_SMTRANS" service="frontws2">
        <attribute create="true" entityID="97" name="FROMSTATEID" search="true" valueType="java.lang.Long"/>
        <attribute create="true" entityID="99" name="TOSTATEID" search="true" valueType="java.lang.Long"/>
        <attribute create="true" name="SYSNAME" search="true" valueType="java.lang.String">LOSSendToRouting</attribute>
        <attribute create="true" name="NAME" valueType="java.lang.String">Send to Routing</attribute>
        <attribute create="true" name="TYPEID" search="true" valueType="java.lang.String">1103</attribute>
    </entity>
    <entity createKeyParam="TRANSITIONID"  createMethod="" getKeyParam="TRANSITIONID" getMethod="smTransitionGetListByParams" id="138" isExtService="true" name="FRNT_SMTRANS" service="frontws2">
        <attribute create="true" entityID="90" name="FROMSTATEID" search="true" valueType="java.lang.Long"/>
        <attribute create="true" entityID="92" name="TOSTATEID" search="true" valueType="java.lang.Long"/>
        <attribute create="true" name="SYSNAME" search="true" valueType="java.lang.String">LOSSendToNotification</attribute>
        <attribute create="true" name="TYPEID" search="true" valueType="java.lang.String">1103</attribute>
    </entity>
    <entity createKeyParam="TRANSITIONID"  createMethod="" getKeyParam="TRANSITIONID" getMethod="smTransitionGetListByParams" id="139" isExtService="true" name="FRNT_SMTRANS" service="frontws2">
        <attribute create="true" entityID="90" name="FROMSTATEID" search="true" valueType="java.lang.Long"/>
        <attribute create="true" entityID="102" name="TOSTATEID" search="true" valueType="java.lang.Long"/>
        <attribute create="true" name="SYSNAME" search="true" valueType="java.lang.String">LOSSendToDataInputControl</attribute>
        <attribute create="true" name="TYPEID" search="true" valueType="java.lang.String">1103</attribute>
    </entity>
    <entity createKeyParam="TRANSITIONID"  createMethod="" getKeyParam="TRANSITIONID" getMethod="smTransitionGetListByParams" id="140" isExtService="true" name="FRNT_SMTRANS" service="frontws2">
        <attribute create="true" entityID="98" name="FROMSTATEID" search="true" valueType="java.lang.Long"/>
        <attribute create="true" entityID="115" name="TOSTATEID" search="true" valueType="java.lang.Long"/>
        <attribute create="true" name="SYSNAME" search="true" valueType="java.lang.String">LOSReturnToUnderwriter</attribute>
        <attribute create="true" name="NAME" valueType="java.lang.String">Return to Underwriter</attribute>
        <attribute create="true" name="TYPEID" search="true" valueType="java.lang.String">1103</attribute>
    </entity>
    <entity createKeyParam="TRANSITIONID"  createMethod="" getKeyParam="TRANSITIONID" getMethod="smTransitionGetListByParams" id="141" isExtService="true" name="FRNT_SMTRANS" service="frontws2">
        <attribute create="true" entityID="98" name="FROMSTATEID" search="true" valueType="java.lang.Long"/>
        <attribute create="true" entityID="116" name="TOSTATEID" search="true" valueType="java.lang.Long"/>
        <attribute create="true" name="SYSNAME" search="true" valueType="java.lang.String">LOSSendToCheckOfControl</attribute>
        <attribute create="true" name="NAME" valueType="java.lang.String">Send to Check of Control</attribute>
        <attribute create="true" name="TYPEID" search="true" valueType="java.lang.String">1103</attribute>
    </entity>
    <entity createKeyParam="TRANSITIONID"  createMethod="" getKeyParam="TRANSITIONID" getMethod="smTransitionGetListByParams" id="142" isExtService="true" name="FRNT_SMTRANS" service="frontws2">
        <attribute create="true" entityID="99" name="FROMSTATEID" search="true" valueType="java.lang.Long"/>
        <attribute create="true" entityID="98" name="TOSTATEID" search="true" valueType="java.lang.Long"/>
        <attribute create="true" name="SYSNAME" search="true" valueType="java.lang.String">LOSSendtoTLUnderwriter</attribute>
        <attribute create="true" name="NAME" valueType="java.lang.String">Send to Review by Team-leader of Underwriter</attribute>
        <attribute create="true" name="TYPEID" search="true" valueType="java.lang.String">1103</attribute>
    </entity>
    <entity createKeyParam="TRANSITIONID"  createMethod="" getKeyParam="TRANSITIONID" getMethod="smTransitionGetListByParams" id="143" isExtService="true" name="FRNT_SMTRANS" service="frontws2">
        <attribute create="true" entityID="99" name="FROMSTATEID" search="true" valueType="java.lang.Long"/>
        <attribute create="true" entityID="116" name="TOSTATEID" search="true" valueType="java.lang.Long"/>
        <attribute create="true" name="SYSNAME" search="true" valueType="java.lang.String">LOSSendToRouting</attribute>
        <attribute create="true" name="NAME" valueType="java.lang.String">Send to Routing</attribute>
        <attribute create="true" name="TYPEID" search="true" valueType="java.lang.String">1103</attribute>
    </entity>
	<entity createKeyParam="TRANSITIONID"  createMethod="" getKeyParam="TRANSITIONID" getMethod="smTransitionGetListByParams" id="507" isExtService="true" name="FRNT_SMTRANS" service="frontws2">
        <attribute create="true" entityID="116" name="FROMSTATEID" search="true" valueType="java.lang.Long"/>
        <attribute create="true" entityID="501" name="TOSTATEID" search="true" valueType="java.lang.Long"/>
        <attribute create="true" name="SYSNAME" search="true" valueType="java.lang.String">LOSSendToApprover</attribute>
        <attribute create="true" name="NAME" valueType="java.lang.String">Send to Approver</attribute>
        <attribute create="true" name="TYPEID" search="true" valueType="java.lang.String">1103</attribute>
    </entity>
	<entity createKeyParam="TRANSITIONID"  createMethod="" getKeyParam="TRANSITIONID" getMethod="smTransitionGetListByParams" id="508" isExtService="true" name="FRNT_SMTRANS" service="frontws2">
        <attribute create="true" entityID="116" name="FROMSTATEID" search="true" valueType="java.lang.Long"/>
        <attribute create="true" entityID="502" name="TOSTATEID" search="true" valueType="java.lang.Long"/>
        <attribute create="true" name="SYSNAME" search="true" valueType="java.lang.String">LOSSendTOCCommittee</attribute>
        <attribute create="true" name="NAME" valueType="java.lang.String">Send to Credit Committee</attribute>
        <attribute create="true" name="TYPEID" search="true" valueType="java.lang.String">1103</attribute>
    </entity>
	<entity createKeyParam="TRANSITIONID"  createMethod="" getKeyParam="TRANSITIONID" getMethod="smTransitionGetListByParams" id="612" isExtService="true" name="FRNT_SMTRANS" service="frontws2">
        <attribute create="true" entityID="105" name="FROMSTATEID" search="true" valueType="java.lang.Long"/>
        <attribute create="true" entityID="103" name="TOSTATEID" search="true" valueType="java.lang.Long"/>
        <attribute create="true" name="SYSNAME" search="true" valueType="java.lang.String">LOSReturnToUnderwriter</attribute>
        <attribute create="true" name="NAME" valueType="java.lang.String">Return to Underwriter</attribute>
        <attribute create="true" name="TYPEID" search="true" valueType="java.lang.String">1103</attribute>
    </entity>
	<entity createKeyParam="TRANSITIONID"  createMethod="" getKeyParam="TRANSITIONID" getMethod="smTransitionGetListByParams" id="613" isExtService="true" name="FRNT_SMTRANS" service="frontws2">
        <attribute create="true" entityID="105" name="FROMSTATEID" search="true" valueType="java.lang.Long"/>
        <attribute create="true" entityID="106" name="TOSTATEID" search="true" valueType="java.lang.Long"/>
        <attribute create="true" name="SYSNAME" search="true" valueType="java.lang.String">LOSSendToMCCRouting</attribute>
        <attribute create="true" name="TYPEID" search="true" valueType="java.lang.String">1103</attribute>
    </entity>	
	<entity createKeyParam="TRANSITIONID"  createMethod="" getKeyParam="TRANSITIONID" getMethod="smTransitionGetListByParams" id="526" isExtService="true" name="FRNT_SMTRANS" service="frontws2">
        <attribute create="true" entityID="99" name="FROMSTATEID" search="true" valueType="java.lang.Long"/>
        <attribute create="true" entityID="116" name="TOSTATEID" search="true" valueType="java.lang.Long"/>
        <attribute create="true" name="SYSNAME" search="true" valueType="java.lang.String">LOSSendToRouting</attribute>
        <attribute create="true" name="NAME" valueType="java.lang.String">Send to Routing</attribute>
        <attribute create="true" name="TYPEID" search="true" valueType="java.lang.String">1103</attribute>
    </entity>
    <!--Маршрутизация объектов-->
    <entity createKeyParam="ROUTINGOBJECTID" createMethod="routingObjectCreate" getKeyParam="ROUTINGOBJECTID" getMethod="routingObjectGetListByParams" id="33" isIntService="true" name="DMS_ROUTINGOBJECT" service="dmsws">
        <attribute create="true" entityID="88" name="ROUTINGID" search="true" valueType="java.lang.Long"/>
        <attribute create="true" entityID="118" name="TRANSITIONID" search="true" valueType="java.lang.Long"/>
        <attribute create="true" name="OBJECTTYPEID" search="true" valueType="java.lang.Integer">1103</attribute>
        <attribute create="true" name="MAINOBJECTFLAG" search="true" valueType="java.lang.Integer">1</attribute>
    </entity>
	<entity createKeyParam="ROUTINGOBJECTID" createMethod="routingObjectCreate" getKeyParam="ROUTINGOBJECTID" getMethod="routingObjectGetListByParams" id="933" isIntService="true" name="DMS_ROUTINGOBJECT" service="dmsws">
        <attribute create="true" entityID="89" name="ROUTINGID" search="true" valueType="java.lang.Long"/>
        <attribute create="true" entityID="918" name="TRANSITIONID" search="true" valueType="java.lang.Long"/>
        <attribute create="true" name="OBJECTTYPEID" search="true" valueType="java.lang.Integer">1103</attribute>
        <attribute create="true" name="MAINOBJECTFLAG" search="true" valueType="java.lang.Integer">1</attribute>
    </entity>
    <entity createKeyParam="ROUTINGOBJECTID" createMethod="routingObjectCreate" getKeyParam="ROUTINGOBJECTID" getMethod="routingObjectGetListByParams" id="34" isIntService="true" name="DMS_ROUTINGOBJECT" service="dmsws">
        <attribute create="true" entityID="85" name="ROUTINGID" search="true" valueType="java.lang.Long"/>
        <attribute create="true" entityID="119" name="TRANSITIONID" search="true" valueType="java.lang.Long"/>
        <attribute create="true" name="OBJECTTYPEID" search="true" valueType="java.lang.Integer">1103</attribute>
        <attribute create="true" name="MAINOBJECTFLAG" search="true" valueType="java.lang.Integer">1</attribute>
    </entity>
    <entity createKeyParam="ROUTINGOBJECTID" createMethod="routingObjectCreate" getKeyParam="ROUTINGOBJECTID" getMethod="routingObjectGetListByParams" id="35" isIntService="true" name="DMS_ROUTINGOBJECT" service="dmsws">
        <attribute create="true" entityID="87" name="ROUTINGID" search="true" valueType="java.lang.Long"/>
        <attribute create="true" entityID="120" name="TRANSITIONID" search="true" valueType="java.lang.Long"/>
        <attribute create="true" name="OBJECTTYPEID" search="true" valueType="java.lang.Integer">1103</attribute>
        <attribute create="true" name="MAINOBJECTFLAG" search="true" valueType="java.lang.Integer">1</attribute>
    </entity>
    <entity createKeyParam="ROUTINGOBJECTID" createMethod="routingObjectCreate" getKeyParam="ROUTINGOBJECTID" getMethod="routingObjectGetListByParams" id="38" isIntService="true" name="DMS_ROUTINGOBJECT" service="dmsws">
        <attribute create="true" entityID="84" name="ROUTINGID" search="true" valueType="java.lang.Long"/>
        <attribute create="true" entityID="123" name="TRANSITIONID" search="true" valueType="java.lang.Long"/>
        <attribute create="true" name="OBJECTTYPEID" search="true" valueType="java.lang.Integer">1103</attribute>
        <attribute create="true" name="MAINOBJECTFLAG" search="true" valueType="java.lang.Integer">1</attribute>
    </entity>
    <entity createKeyParam="ROUTINGOBJECTID" createMethod="routingObjectCreate" getKeyParam="ROUTINGOBJECTID" getMethod="routingObjectGetListByParams" id="39" isIntService="true" name="DMS_ROUTINGOBJECT" service="dmsws">
        <attribute create="true" entityID="67" name="ROUTINGID" search="true" valueType="java.lang.Long"/>
        <attribute create="true" entityID="124" name="TRANSITIONID" search="true" valueType="java.lang.Long"/>
        <attribute create="true" name="OBJECTTYPEID" search="true" valueType="java.lang.Integer">1103</attribute>
        <attribute create="true" name="MAINOBJECTFLAG" search="true" valueType="java.lang.Integer">1</attribute>
    </entity>
    <entity createKeyParam="ROUTINGOBJECTID" createMethod="routingObjectCreate" getKeyParam="ROUTINGOBJECTID" getMethod="routingObjectGetListByParams" id="41" isIntService="true" name="DMS_ROUTINGOBJECT" service="dmsws">
        <attribute create="true" entityID="68" name="ROUTINGID" search="true" valueType="java.lang.Long"/>
        <attribute create="true" entityID="126" name="TRANSITIONID" search="true" valueType="java.lang.Long"/>
        <attribute create="true" name="OBJECTTYPEID" search="true" valueType="java.lang.Integer">1103</attribute>
        <attribute create="true" name="MAINOBJECTFLAG" search="true" valueType="java.lang.Integer">1</attribute>
    </entity>
    <entity createKeyParam="ROUTINGOBJECTID" createMethod="routingObjectCreate" getKeyParam="ROUTINGOBJECTID" getMethod="routingObjectGetListByParams" id="44" isIntService="true" name="DMS_ROUTINGOBJECT" service="dmsws">
        <attribute create="true" entityID="79" name="ROUTINGID" search="true" valueType="java.lang.Long"/>
        <attribute create="true" entityID="129" name="TRANSITIONID" search="true" valueType="java.lang.Long"/>
        <attribute create="true" name="OBJECTTYPEID" search="true" valueType="java.lang.Integer">1103</attribute>
        <attribute create="true" name="MAINOBJECTFLAG" search="true" valueType="java.lang.Integer">1</attribute>
    </entity>
    <entity createKeyParam="ROUTINGOBJECTID" createMethod="routingObjectCreate" getKeyParam="ROUTINGOBJECTID" getMethod="routingObjectGetListByParams" id="45" isIntService="true" name="DMS_ROUTINGOBJECT" service="dmsws">
        <attribute create="true" entityID="80" name="ROUTINGID" search="true" valueType="java.lang.Long"/>
        <attribute create="true" entityID="129" name="TRANSITIONID" search="true" valueType="java.lang.Long"/>
        <attribute create="true" name="OBJECTTYPEID" search="true" valueType="java.lang.Integer">1103</attribute>
        <attribute create="true" name="MAINOBJECTFLAG" search="true" valueType="java.lang.Integer">1</attribute>
    </entity>
    <entity createKeyParam="ROUTINGOBJECTID" createMethod="routingObjectCreate" getKeyParam="ROUTINGOBJECTID" getMethod="routingObjectGetListByParams" id="47" isIntService="true" name="DMS_ROUTINGOBJECT" service="dmsws">
        <attribute create="true" entityID="81" name="ROUTINGID" search="true" valueType="java.lang.Long"/>
        <attribute create="true" entityID="130" name="TRANSITIONID" search="true" valueType="java.lang.Long"/>
        <attribute create="true" name="OBJECTTYPEID" search="true" valueType="java.lang.Integer">1103</attribute>
        <attribute create="true" name="MAINOBJECTFLAG" search="true" valueType="java.lang.Integer">1</attribute>
    </entity>
    <entity createKeyParam="ROUTINGOBJECTID" createMethod="routingObjectCreate" getKeyParam="ROUTINGOBJECTID" getMethod="routingObjectGetListByParams" id="48" isIntService="true" name="DMS_ROUTINGOBJECT" service="dmsws">
        <attribute create="true" entityID="73" name="ROUTINGID" search="true" valueType="java.lang.Long"/>
        <attribute create="true" entityID="133" name="TRANSITIONID" search="true" valueType="java.lang.Long"/>
        <attribute create="true" name="OBJECTTYPEID" search="true" valueType="java.lang.Integer">1103</attribute>
        <attribute create="true" name="MAINOBJECTFLAG" search="true" valueType="java.lang.Integer">1</attribute>
    </entity>
    <entity createKeyParam="ROUTINGOBJECTID" createMethod="routingObjectCreate" getKeyParam="ROUTINGOBJECTID" getMethod="routingObjectGetListByParams" id="50" isIntService="true" name="DMS_ROUTINGOBJECT" service="dmsws">
        <attribute create="true" entityID="75" name="ROUTINGID" search="true" valueType="java.lang.Long"/>
        <attribute create="true" entityID="135" name="TRANSITIONID" search="true" valueType="java.lang.Long"/>
        <attribute create="true" name="OBJECTTYPEID" search="true" valueType="java.lang.Integer">1103</attribute>
        <attribute create="true" name="MAINOBJECTFLAG" search="true" valueType="java.lang.Integer">1</attribute>
    </entity>
    <entity createKeyParam="ROUTINGOBJECTID" createMethod="routingObjectCreate" getKeyParam="ROUTINGOBJECTID" getMethod="routingObjectGetListByParams" id="52" isIntService="true" name="DMS_ROUTINGOBJECT" service="dmsws">
        <attribute create="true" entityID="76" name="ROUTINGID" search="true" valueType="java.lang.Long"/>
        <attribute create="true" entityID="136" name="TRANSITIONID" search="true" valueType="java.lang.Long"/>
        <attribute create="true" name="OBJECTTYPEID" search="true" valueType="java.lang.Integer">1103</attribute>
        <attribute create="true" name="MAINOBJECTFLAG" search="true" valueType="java.lang.Integer">1</attribute>
    </entity>
    <entity createKeyParam="ROUTINGOBJECTID" createMethod="routingObjectCreate" getKeyParam="ROUTINGOBJECTID" getMethod="routingObjectGetListByParams" id="53" isIntService="true" name="DMS_ROUTINGOBJECT" service="dmsws">
        <attribute create="true" entityID="86" name="ROUTINGID" search="true" valueType="java.lang.Long"/>
        <attribute create="true" entityID="137" name="TRANSITIONID" search="true" valueType="java.lang.Long"/>
        <attribute create="true" name="OBJECTTYPEID" search="true" valueType="java.lang.Integer">1103</attribute>
        <attribute create="true" name="MAINOBJECTFLAG" search="true" valueType="java.lang.Integer">1</attribute>
    </entity>
    <entity createKeyParam="ROUTINGOBJECTID" createMethod="routingObjectCreate" getKeyParam="ROUTINGOBJECTID" getMethod="routingObjectGetListByParams" id="54" isIntService="true" name="DMS_ROUTINGOBJECT" service="dmsws">
        <attribute create="true" entityID="77" name="ROUTINGID" search="true" valueType="java.lang.Long"/>
        <attribute create="true" entityID="138" name="TRANSITIONID" search="true" valueType="java.lang.Long"/>
        <attribute create="true" name="OBJECTTYPEID" search="true" valueType="java.lang.Integer">1103</attribute>
        <attribute create="true" name="MAINOBJECTFLAG" search="true" valueType="java.lang.Integer">1</attribute>
    </entity>
    <entity createKeyParam="ROUTINGOBJECTID" createMethod="routingObjectCreate" getKeyParam="ROUTINGOBJECTID" getMethod="routingObjectGetListByParams" id="55" isIntService="true" name="DMS_ROUTINGOBJECT" service="dmsws">
        <attribute create="true" entityID="78" name="ROUTINGID" search="true" valueType="java.lang.Long"/>
        <attribute create="true" entityID="139" name="TRANSITIONID" search="true" valueType="java.lang.Long"/>
        <attribute create="true" name="OBJECTTYPEID" search="true" valueType="java.lang.Integer">1103</attribute>
        <attribute create="true" name="MAINOBJECTFLAG" search="true" valueType="java.lang.Integer">1</attribute>
    </entity>
    <entity createKeyParam="ROUTINGOBJECTID" createMethod="routingObjectCreate" getKeyParam="ROUTINGOBJECTID" getMethod="routingObjectGetListByParams" id="56" isIntService="true" name="DMS_ROUTINGOBJECT" service="dmsws">
        <attribute create="true" entityID="82" name="ROUTINGID" search="true" valueType="java.lang.Long"/>
        <attribute create="true" entityID="141" name="TRANSITIONID" search="true" valueType="java.lang.Long"/>
        <attribute create="true" name="OBJECTTYPEID" search="true" valueType="java.lang.Integer">1103</attribute>
        <attribute create="true" name="MAINOBJECTFLAG" search="true" valueType="java.lang.Integer">1</attribute>
    </entity>
    <entity createKeyParam="ROUTINGOBJECTID" createMethod="routingObjectCreate" getKeyParam="ROUTINGOBJECTID" getMethod="routingObjectGetListByParams" id="57" isIntService="true" name="DMS_ROUTINGOBJECT" service="dmsws">
        <attribute create="true" entityID="83" name="ROUTINGID" search="true" valueType="java.lang.Long"/>
        <attribute create="true" entityID="140" name="TRANSITIONID" search="true" valueType="java.lang.Long"/>
        <attribute create="true" name="OBJECTTYPEID" search="true" valueType="java.lang.Integer">1103</attribute>
        <attribute create="true" name="MAINOBJECTFLAG" search="true" valueType="java.lang.Integer">1</attribute>
    </entity>
    <entity createKeyParam="ROUTINGOBJECTID" createMethod="routingObjectCreate" getKeyParam="ROUTINGOBJECTID" getMethod="routingObjectGetListByParams" id="58" isIntService="true" name="DMS_ROUTINGOBJECT" service="dmsws">
        <attribute create="true" entityID="60" name="ROUTINGID" search="true" valueType="java.lang.Long"/>
        <attribute create="true" entityID="142" name="TRANSITIONID" search="true" valueType="java.lang.Long"/>
        <attribute create="true" name="OBJECTTYPEID" search="true" valueType="java.lang.Integer">1103</attribute>
        <attribute create="true" name="MAINOBJECTFLAG" search="true" valueType="java.lang.Integer">1</attribute>
    </entity>
    <entity createKeyParam="ROUTINGOBJECTID" createMethod="routingObjectCreate" getKeyParam="ROUTINGOBJECTID" getMethod="routingObjectGetListByParams" id="59" isIntService="true" name="DMS_ROUTINGOBJECT" service="dmsws">
        <attribute create="true" entityID="61" name="ROUTINGID" search="true" valueType="java.lang.Long"/>
        <attribute create="true" entityID="143" name="TRANSITIONID" search="true" valueType="java.lang.Long"/>
        <attribute create="true" name="OBJECTTYPEID" search="true" valueType="java.lang.Integer">1103</attribute>
        <attribute create="true" name="MAINOBJECTFLAG" search="true" valueType="java.lang.Integer">1</attribute>
    </entity>
	<entity createKeyParam="ROUTINGOBJECTID" createMethod="routingObjectCreate" getKeyParam="ROUTINGOBJECTID" getMethod="routingObjectGetListByParams" id="509" isIntService="true" name="DMS_ROUTINGOBJECT" service="dmsws">
        <attribute create="true" entityID="505" name="ROUTINGID" search="true" valueType="java.lang.Long"/>
        <attribute create="true" entityID="507" name="TRANSITIONID" search="true" valueType="java.lang.Long"/>
        <attribute create="true" name="OBJECTTYPEID" search="true" valueType="java.lang.Integer">1103</attribute>
        <attribute create="true" name="MAINOBJECTFLAG" search="true" valueType="java.lang.Integer">1</attribute>
    </entity>
	<entity createKeyParam="ROUTINGOBJECTID" createMethod="routingObjectCreate" getKeyParam="ROUTINGOBJECTID" getMethod="routingObjectGetListByParams" id="510" isIntService="true" name="DMS_ROUTINGOBJECT" service="dmsws">
        <attribute create="true" entityID="506" name="ROUTINGID" search="true" valueType="java.lang.Long"/>
        <attribute create="true" entityID="508" name="TRANSITIONID" search="true" valueType="java.lang.Long"/>
        <attribute create="true" name="OBJECTTYPEID" search="true" valueType="java.lang.Integer">1103</attribute>
        <attribute create="true" name="MAINOBJECTFLAG" search="true" valueType="java.lang.Integer">1</attribute>
    </entity>
	<!--entity createKeyParam="ROUTINGOBJECTID" createMethod="routingObjectCreate" getKeyParam="ROUTINGOBJECTID" getMethod="routingObjectGetListByParams" id="528" isIntService="true" name="DMS_ROUTINGOBJECT" service="dmsws">
        <attribute create="true" entityID="524" name="ROUTINGID" search="true" valueType="java.lang.Long"/>
        <attribute create="true" entityID="526" name="TRANSITIONID" search="true" valueType="java.lang.Long"/>
        <attribute create="true" name="OBJECTTYPEID" search="true" valueType="java.lang.Integer">1103</attribute>
        <attribute create="true" name="MAINOBJECTFLAG" search="true" valueType="java.lang.Integer">1</attribute>
    </entity>
	<entity createKeyParam="ROUTINGOBJECTID" createMethod="routingObjectCreate" getKeyParam="ROUTINGOBJECTID" getMethod="routingObjectGetListByParams" id="529" isIntService="true" name="DMS_ROUTINGOBJECT" service="dmsws">
        <attribute create="true" entityID="525" name="ROUTINGID" search="true" valueType="java.lang.Long"/>
        <attribute create="true" entityID="527" name="TRANSITIONID" search="true" valueType="java.lang.Long"/>
        <attribute create="true" name="OBJECTTYPEID" search="true" valueType="java.lang.Integer">1103</attribute>
        <attribute create="true" name="MAINOBJECTFLAG" search="true" valueType="java.lang.Integer">1</attribute>
    </entity-->
	<entity createKeyParam="ROUTINGOBJECTID" createMethod="routingObjectCreate" getKeyParam="ROUTINGOBJECTID" getMethod="routingObjectGetListByParams" id="540" isIntService="true" name="DMS_ROUTINGOBJECT" service="dmsws">
        <attribute create="true" entityID="66" name="ROUTINGID" search="true" valueType="java.lang.Long"/>
        <attribute create="true" entityID="124" name="TRANSITIONID" search="true" valueType="java.lang.Long"/>
        <attribute create="true" name="OBJECTTYPEID" search="true" valueType="java.lang.Integer">1103</attribute>
        <attribute create="true" name="MAINOBJECTFLAG" search="true" valueType="java.lang.Integer">1</attribute>
    </entity>
	<!--entity createKeyParam="ROUTINGOBJECTID" createMethod="routingObjectCreate" getKeyParam="ROUTINGOBJECTID" getMethod="routingObjectGetListByParams" id="540" isIntService="true" name="DMS_ROUTINGOBJECT" service="dmsws">
        <attribute create="true" entityID="602" name="ROUTINGID" search="true" valueType="java.lang.Long"/>
        <attribute create="true" entityID="601" name="TRANSITIONID" search="true" valueType="java.lang.Long"/>
        <attribute create="true" name="OBJECTTYPEID" search="true" valueType="java.lang.Integer">1103</attribute>
        <attribute create="true" name="MAINOBJECTFLAG" search="true" valueType="java.lang.Integer">1</attribute>
    </entity-->
	
	   <entity createKeyParam="ROUTINGOBJECTID" createMethod="routingObjectCreate" getKeyParam="ROUTINGOBJECTID" getMethod="routingObjectGetListByParams" id="33000" isIntService="true" name="DMS_ROUTINGOBJECT" service="dmsws">
        <attribute create="true" entityID="600" name="ROUTINGID" search="true" valueType="java.lang.Long"/>
        <attribute create="true" entityID="612" name="TRANSITIONID" search="true" valueType="java.lang.Long"/>
        <attribute create="true" name="OBJECTTYPEID" search="true" valueType="java.lang.Integer">1103</attribute>
        <attribute create="true" name="MAINOBJECTFLAG" search="true" valueType="java.lang.Integer">1</attribute>
    </entity>
	 <entity createKeyParam="ROUTINGOBJECTID" createMethod="routingObjectCreate" getKeyParam="ROUTINGOBJECTID" getMethod="routingObjectGetListByParams" id="333000" isIntService="true" name="DMS_ROUTINGOBJECT" service="dmsws">
        <attribute create="true" entityID="610" name="ROUTINGID" search="true" valueType="java.lang.Long"/>
        <attribute create="true" entityID="613" name="TRANSITIONID" search="true" valueType="java.lang.Long"/>
        <attribute create="true" name="OBJECTTYPEID" search="true" valueType="java.lang.Integer">1103</attribute>
        <attribute create="true" name="MAINOBJECTFLAG" search="true" valueType="java.lang.Integer">1</attribute>
    </entity>
</root>