<?xml version="1.0" encoding="UTF-8"?><root>
    <!--Сценарий -->
    <entity createKeyParam="SCRIPTID" createMethod="checkScriptCreate" getKeyParam="SCRIPTID" getMethod="checkScriptGetByIdOrSysname" id="1" isIntService="true" name="DMS_SCRIPT" service="dmsws">
        <attribute create="true" name="SCRIPTSYSNAME" search="true" valueType="java.lang.String">escalationApprovalINT</attribute>
        <attribute create="true" name="SCRIPTNAME" valueType="java.lang.String">Routing by Escalation Approval Result </attribute>
        <attribute create="true" name="DESCRIPTION" valueType="java.lang.String"/>
    </entity>
    <!--Состояния-->
    <entity createKeyParam="STATEID" createMethod="" getKeyParam="STATEID" getMethod="smStateGetListByParams" id="11" isExtService="true" name="FRNT_SMSTATE" service="frontws2">
        <attribute create="true" name="SYSNAME" search="true" valueType="java.lang.String">LOSEscalationApproval</attribute>
        <attribute create="true" name="NAME" search="true" valueType="java.lang.String">Escalation Approval</attribute>
        <attribute create="true" name="TYPEID" search="true" valueType="java.lang.Long">1107</attribute>
    </entity>
    <entity createKeyParam="STATEID" createMethod="" getKeyParam="STATEID" getMethod="smStateGetListByParams" id="12" isExtService="true" name="FRNT_SMSTATE" service="frontws2">
        <attribute create="true" name="SYSNAME" search="true" valueType="java.lang.String">LOSTechnicalRouting</attribute>
        <attribute create="true" name="NAME" search="true" valueType="java.lang.String">Technical Routing</attribute>
        <attribute create="true" name="TYPEID" search="true" valueType="java.lang.Long">1107</attribute>
    </entity>
    <entity createKeyParam="STATEID" createMethod="" getKeyParam="STATEID" getMethod="smStateGetListByParams" id="13" isExtService="true" name="FRNT_SMSTATE" service="frontws2">
        <attribute create="true" name="SYSNAME" search="true" valueType="java.lang.String">LOSEscalationReject</attribute>
        <attribute create="true" name="NAME" search="true" valueType="java.lang.String">Escalation Request Notification (Reject)</attribute>
        <attribute create="true" name="TYPEID" search="true" valueType="java.lang.Long">1107</attribute>
    </entity>
    <!--Связь сценариев и состояний-->
    <entity createKeyParam="LINKID" createMethod="scriptStateLinkCreate" getKeyParam="LINKID" getMethod="scriptStateLinkGetListByParams" id="3" isIntService="true" name="DMS_SCRPTSTATELINK" service="dmsws">
        <attribute create="true" entityID="1" name="SCRIPTID" search="true" valueType="java.lang.Long"/>
        <attribute create="true" entityID="11" name="STATEID" search="true" valueType="java.lang.Long"/>
        <attribute create="true" name="OBJECTTYPEID" search="true" valueType="java.lang.Long">1107</attribute>
    </entity>
    <!--Типы проверок-->
   <entity name="DMS_CHECKTYPE" id="4" createMethod="checkTypeCreate" getMethod="checkTypeGetByIdOrSysname" createKeyParam="CHECKTYPEID" getKeyParam="CHECKTYPEID" service="dmsws" isIntService="true">
		<attribute name="TYPESYSNAME" valueType="java.lang.String" create="true" search="true">decisionResult</attribute>
		<attribute name="TYPENAME" valueType="java.lang.String" create="true">Decision Result</attribute>
		<attribute name="DESCRIPTION" valueType="java.lang.String" create="true">Decision Result</attribute>
	</entity>
	<entity name="DMS_CHECKTYPE" id="5" createMethod="checkTypeCreate" getMethod="checkTypeGetByIdOrSysname" createKeyParam="CHECKTYPEID" getKeyParam="CHECKTYPEID" service="dmsws" isIntService="true">
		<attribute name="TYPESYSNAME" valueType="java.lang.String" create="true" search="true">subjDemands</attribute>
		<attribute name="TYPENAME" valueType="java.lang.String" create="true">Demands to Subject</attribute>
		<attribute name="DESCRIPTION" valueType="java.lang.String" create="true">Demands to Subject</attribute>
	</entity>
	
    <!--Проверки-->
   <entity createKeyParam="CHECKID" createMethod="checkCreate" getKeyParam="CHECKID" getMethod="checkGetByIdOrSysname" id="14" isIntService="true" name="DMS_CHECK" service="dmsws">
        <attribute create="true" entityID="5" name="CHECKTYPEID" search="true" valueType="java.lang.Long"/>
        <attribute create="true" name="OBJECTTYPEID" valueType="java.lang.Long">50000</attribute>
        <attribute create="true" name="CHECKNAME" valueType="java.lang.String">The result of the current stage</attribute>
        <attribute create="true" name="CHECKSYSNAME" search="true" valueType="java.lang.String">currentStageResultAutoINT</attribute>
        <attribute create="true" name="RULELINK" valueType="java.lang.String">dmsCurrentStageResult</attribute>
        <attribute create="true" name="RULETYPE" valueType="java.lang.Integer">2</attribute>
        <attribute create="true" name="EXPIRATIONTERM" valueType="java.lang.Integer">0</attribute>
        <attribute create="true" name="MULTIFLAG" valueType="java.lang.Integer">0</attribute>
    </entity>
	
    <!--Связанные проверки-->
    <entity createKeyParam="LINKID" createMethod="checkScrLinkCreate" getKeyParam="LINKID" getMethod="checkScrLinkGetListByParams" id="2" isIntService="true" name="DMS_CHECKSCRLINK" service="dmsws">
        <attribute create="true" entityID="1" name="SCRIPTID" search="true" valueType="java.lang.Long"/>
        <attribute create="true" entityID="14" name="CHECKID" search="true" valueType="java.lang.Long"/>
        <attribute create="true" name="CHECKORDER" search="true" valueType="java.lang.Integer">1</attribute>
    </entity>
	
    <!--Точки маршрутизации-->
    <entity createKeyParam="POINTID" createMethod="routingPointCreate" getKeyParam="POINTID" getMethod="routingPointGetListByParams" id="6" isIntService="true" name="DMS_ROUTINGPOINT" service="dmsws">
        <attribute create="true" entityID="1" name="SCRIPTID" search="true" valueType="java.lang.Long"/>
        <attribute create="true" entityID="14" name="CHECKID" search="true" valueType="java.lang.Long"/>
        <attribute create="true" entityID="11" name="STATEID" search="true" valueType="java.lang.Long"/>
        <attribute create="true" name="POINTSYSNAME" search="true" valueType="java.lang.String">cardsEscalationRoute</attribute>
        <attribute create="true" name="POINTNAME" valueType="java.lang.String">cardsEscalationRoute</attribute>
        <attribute create="true" name="OBJECTTYPEID" valueType="java.lang.Long">1107</attribute>
        <attribute create="true" name="DESCRIPTION" valueType="java.lang.String"/>
    </entity>
    <!--Маршруты-->
    <entity createKeyParam="ROUTINGID" createMethod="routingCreate" getKeyParam="ROUTINGID" getMethod="routingGetListByParams" id="9" isIntService="true" name="DMS_ROUTING" service="dmsws">
        <attribute create="true" entityID="6" name="POINTID" search="true" valueType="java.lang.Long"/>
        <attribute create="true" name="RULELINK" search="true" valueType="java.lang.String">approveDecisionEqualCheckINT</attribute>
        <attribute create="true" name="RULEPRIORITY" search="true" valueType="java.lang.Integer">1</attribute>
    </entity>
    <entity createKeyParam="ROUTINGID" createMethod="routingCreate" getKeyParam="ROUTINGID" getMethod="routingGetListByParams" id="10" isIntService="true" name="DMS_ROUTING" service="dmsws">
        <attribute create="true" entityID="6" name="POINTID" search="true" valueType="java.lang.Long"/>
        <attribute create="true" name="RULELINK" search="true" valueType="java.lang.String">rejectDecisionEqualCheckINT</attribute>
        <attribute create="true" name="RULEPRIORITY" search="true" valueType="java.lang.Integer">2</attribute>
    </entity>
	
    <!--Переходы-->
    <entity createKeyParam="TRANSITIONID" createMethod="" getKeyParam="TRANSITIONID" getMethod="smTransitionGetListByParams" id="15" isExtService="true" name="FRNT_SMTRANS" service="frontws2">
        <attribute create="true" entityID="11" name="FROMSTATEID" search="true" valueType="java.lang.Long"/>
        <attribute create="true" entityID="12" name="TOSTATEID" search="true" valueType="java.lang.Long"/>
        <attribute create="true" name="SYSNAME" search="true" valueType="java.lang.String">LOSSendToRouting</attribute>
        <attribute create="true" name="NAME" valueType="java.lang.String">Send to Routing</attribute>
        <attribute create="true" name="TYPEID" search="true" valueType="java.lang.String">1107</attribute>
    </entity>
    <entity createKeyParam="TRANSITIONID" createMethod="" getKeyParam="TRANSITIONID" getMethod="smTransitionGetListByParams" id="16" isExtService="true" name="FRNT_SMTRANS" service="frontws2">
        <attribute create="true" entityID="11" name="FROMSTATEID" search="true" valueType="java.lang.Long"/>
        <attribute create="true" entityID="13" name="TOSTATEID" search="true" valueType="java.lang.Long"/>
        <attribute create="true" name="SYSNAME" search="true" valueType="java.lang.String">LOSSendToRequestNotifReject</attribute>
        <attribute create="true" name="NAME" valueType="java.lang.String">Send to Request Notification (Reject)</attribute>
        <attribute create="true" name="TYPEID" search="true" valueType="java.lang.String">1107</attribute>
    </entity>
    <!--Маршрутизация объектов-->
    <entity createKeyParam="ROUTINGOBJECTID" createMethod="routingObjectCreate" getKeyParam="ROUTINGOBJECTID" getMethod="routingObjectGetListByParams" id="7" isIntService="true" name="DMS_ROUTINGOBJECT" service="dmsws">
        <attribute create="true" entityID="9" name="ROUTINGID" search="true" valueType="java.lang.Long"/>
        <attribute create="true" entityID="15" name="TRANSITIONID" search="true" valueType="java.lang.Long"/>
        <attribute create="true" name="OBJECTTYPEID" search="true" valueType="java.lang.Integer">1107</attribute>
        <attribute create="true" name="MAINOBJECTFLAG" search="true" valueType="java.lang.Integer">1</attribute>
    </entity>
    <entity createKeyParam="ROUTINGOBJECTID" createMethod="routingObjectCreate" getKeyParam="ROUTINGOBJECTID" getMethod="routingObjectGetListByParams" id="8" isIntService="true" name="DMS_ROUTINGOBJECT" service="dmsws">
        <attribute create="true" entityID="10" name="ROUTINGID" search="true" valueType="java.lang.Long"/>
        <attribute create="true" entityID="16" name="TRANSITIONID" search="true" valueType="java.lang.Long"/>
        <attribute create="true" name="OBJECTTYPEID" search="true" valueType="java.lang.Integer">1107</attribute>
        <attribute create="true" name="MAINOBJECTFLAG" search="true" valueType="java.lang.Integer">1</attribute>
    </entity>	
</root>