<?xml version="1.0" encoding="UTF-8"?><root>
    <!--Сценарий "Routing of decision at step"-->
    <entity createKeyParam="SCRIPTID" createMethod="checkScriptCreate" getKeyParam="SCRIPTID" getMethod="checkScriptGetByIdOrSysname" id="1" name="DMS_SCRIPT" service="dmsws">
        <attribute create="true" name="SCRIPTSYSNAME" search="true" valueType="java.lang.String">decisionCheckINT</attribute>
        <attribute create="true" name="SCRIPTNAME" valueType="java.lang.String">Routing by the Decision</attribute>
        <attribute create="true" name="DESCRIPTION" valueType="java.lang.String"/>
    </entity>
    <!--Банковские продукты-->
    <!--Связь сценариев и продуктов-->
    <!--Состояния-->
	<entity createKeyParam="STATEID" getKeyParam="STATEID"  createMethod="" getMethod="smStateGetListByParams" id="110" isExtService="true" name="FRNT_SMSTATE" service="frontws2">
        <attribute create="true" name="SYSNAME" search="true" valueType="java.lang.String">LOSDocsCheckAfterEscalation</attribute>
        <attribute create="true" name="TYPEID" search="true" valueType="java.lang.Long"	>1103</attribute>
    </entity>
	<entity createKeyParam="STATEID" getKeyParam="STATEID"  createMethod="" getMethod="smStateGetListByParams" id="113" isExtService="true" name="FRNT_SMSTATE" service="frontws2">
        <attribute create="true" name="SYSNAME" search="true" valueType="java.lang.String">LOSDocsSupplement</attribute>
        <attribute create="true" name="TYPEID" search="true" valueType="java.lang.Long">1103</attribute>
    </entity>
	 <entity createKeyParam="STATEID" getKeyParam="STATEID"  createMethod="" getMethod="smStateGetListByParams" id="115" isExtService="true" name="FRNT_SMSTATE" service="frontws2">
        <attribute create="true" name="SYSNAME" search="true" valueType="java.lang.String">LOSReviewUnderwriter</attribute>
        <attribute create="true" name="TYPEID" search="true" valueType="java.lang.Long">1103</attribute>
    </entity>
	<entity createKeyParam="STATEID" getKeyParam="STATEID"  createMethod="" getMethod="smStateGetListByParams" id="116" isExtService="true" name="FRNT_SMSTATE" service="frontws2">
        <attribute create="true" name="SYSNAME" search="true" valueType="java.lang.String">LOSReviewApproverHO</attribute>
        <attribute create="true" name="TYPEID" search="true" valueType="java.lang.Long">1103</attribute>
    </entity>
	
    <!--Связь сценариев и состояний-->
    <entity createKeyParam="LINKID" createMethod="scriptStateLinkCreate" getKeyParam="LINKID" getMethod="scriptStateLinkGetListByParams" id="15"  name="DMS_SCRPTSTATELINK" service="dmsws">
        <attribute create="true" entityID="1" name="SCRIPTID" search="true" valueType="java.lang.Long"/>
        <attribute create="true" entityID="110" name="STATEID" search="true" valueType="java.lang.Long"/>
        <attribute create="true" name="OBJECTTYPEID" search="true" valueType="java.lang.Long">1103</attribute>
    </entity>
 <!--Типы проверок-->
    <entity name="DMS_CHECKTYPE" id="17" createMethod="checkTypeCreate" getMethod="checkTypeGetByIdOrSysname" createKeyParam="CHECKTYPEID" getKeyParam="CHECKTYPEID" service="dmsws" isIntService="true">
		<attribute name="TYPESYSNAME" valueType="java.lang.String" create="true" search="true">decisionResult</attribute>
		<attribute name="TYPENAME" valueType="java.lang.String" create="true">Decision Result</attribute>
		<attribute name="DESCRIPTION" valueType="java.lang.String" create="true">Decision Result</attribute>
	</entity>
	<entity name="DMS_CHECKTYPE" id="18" createMethod="checkTypeCreate" getMethod="checkTypeGetByIdOrSysname" createKeyParam="CHECKTYPEID" getKeyParam="CHECKTYPEID" service="dmsws" isIntService="true">
		<attribute name="TYPESYSNAME" valueType="java.lang.String" create="true" search="true">subjDemands</attribute>
		<attribute name="TYPENAME" valueType="java.lang.String" create="true">Demands to Subject</attribute>
		<attribute name="DESCRIPTION" valueType="java.lang.String" create="true">Demands to Subject</attribute>
	</entity>
	
    <!--Проверки-->
    <entity createKeyParam="CHECKID" createMethod="checkCreate" getKeyParam="CHECKID" getMethod="checkGetByIdOrSysname" id="20" isIntService="true" name="DMS_CHECK" service="dmsws">
        <attribute create="true" entityID="18" name="CHECKTYPEID" search="true" valueType="java.lang.Long"/>
        <attribute create="true" name="OBJECTTYPEID" valueType="java.lang.Long">50000</attribute>
        <attribute create="true" name="CHECKNAME" valueType="java.lang.String">The result of the current stage</attribute>
        <attribute create="true" name="CHECKSYSNAME" search="true" valueType="java.lang.String">currentStageResultAutoINT</attribute>
        <attribute create="true" name="RULELINK" valueType="java.lang.String">dmsCurrentStageResult</attribute>
        <attribute create="true" name="RULETYPE" valueType="java.lang.Integer">2</attribute>
        <attribute create="true" name="EXPIRATIONTERM" valueType="java.lang.Integer">0</attribute>
        <attribute create="true" name="MULTIFLAG" valueType="java.lang.Integer">0</attribute>
    </entity>
	
    <!--Связанные проверки-->
    <entity createKeyParam="LINKID" createMethod="checkScrLinkCreate" getKeyParam="LINKID" getMethod="checkScrLinkGetListByParams" id="21" isIntService="true" name="DMS_CHECKSCRLINK" service="dmsws">
        <attribute create="true" entityID="1" name="SCRIPTID" search="true" valueType="java.lang.Long"/>
        <attribute create="true" entityID="20" name="CHECKID" search="true" valueType="java.lang.Long"/>
        <attribute create="true" name="CHECKORDER" search="true" valueType="java.lang.Integer">1</attribute>
    </entity>
	
    <!--Точки маршрутизации-->
    <entity createKeyParam="POINTID" createMethod="routingPointCreate" getKeyParam="POINTID" getMethod="routingPointGetListByParams" id="22" isIntService="true" name="DMS_ROUTINGPOINT" service="dmsws">
        <attribute create="true" entityID="1" name="SCRIPTID" search="true" valueType="java.lang.Long"/>
        <attribute create="true" entityID="20" name="CHECKID" search="true" valueType="java.lang.Long"/>
        <attribute create="true" entityID="110" name="STATEID" search="true" valueType="java.lang.Long"/>
        <attribute create="true" name="POINTSYSNAME" search="true" valueType="java.lang.String">docCheckafterEsc</attribute>
        <attribute create="true" name="POINTNAME" valueType="java.lang.String">Routin after Document Check Escalation</attribute>
        <attribute create="true" name="OBJECTTYPEID" valueType="java.lang.Long">1103</attribute>
        <attribute create="true" name="DESCRIPTION" valueType="java.lang.String"/>
    </entity>
    
    <!--Маршруты-->
    <entity createKeyParam="ROUTINGID" createMethod="routingCreate" getKeyParam="ROUTINGID" getMethod="routingGetListByParams" id="25" isIntService="true" name="DMS_ROUTING" service="dmsws">
        <attribute create="true" entityID="22" name="POINTID" search="true" valueType="java.lang.Long"/>
        <attribute create="true" name="RULELINK" search="true" valueType="java.lang.String">docSupplementDecisionEqualCheckINT</attribute>
        <attribute create="true" name="RULEPRIORITY" search="true" valueType="java.lang.Integer">1</attribute>
    </entity>
	<entity createKeyParam="ROUTINGID" createMethod="routingCreate" getKeyParam="ROUTINGID" getMethod="routingGetListByParams" id="26" isIntService="true" name="DMS_ROUTING" service="dmsws">
        <attribute create="true" entityID="22" name="POINTID" search="true" valueType="java.lang.Long"/>
        <attribute create="true" name="RULELINK" search="true" valueType="java.lang.String">sendToUnderwriterDecisionEqualCheckINT</attribute>
        <attribute create="true" name="RULEPRIORITY" search="true" valueType="java.lang.Integer">2</attribute>
    </entity>
	<entity createKeyParam="ROUTINGID" createMethod="routingCreate" getKeyParam="ROUTINGID" getMethod="routingGetListByParams" id="27" isIntService="true" name="DMS_ROUTING" service="dmsws">
        <attribute create="true" entityID="22" name="POINTID" search="true" valueType="java.lang.Long"/>
        <attribute create="true" name="RULELINK" search="true" valueType="java.lang.String">sendToApproverDecisionEqualCheckINT</attribute>
        <attribute create="true" name="RULEPRIORITY" search="true" valueType="java.lang.Integer">3</attribute>
    </entity>
   
    <!--Переходы-->
    <entity createKeyParam="TRANSITIONID"  createMethod="" getKeyParam="TRANSITIONID" getMethod="smTransitionGetListByParams" id="31" isExtService="true" name="FRNT_SMTRANS" service="frontws2">
        <attribute create="true" entityID="110" name="FROMSTATEID" search="true" valueType="java.lang.Long"/>
        <attribute create="true" entityID="113" name="TOSTATEID" search="true" valueType="java.lang.Long"/>
        <attribute create="true" name="SYSNAME" search="true" valueType="java.lang.String">LOSSendToDocsSupplement</attribute>
        <attribute create="true" name="TYPEID" search="true" valueType="java.lang.String">1103</attribute>
    </entity>
	<entity createKeyParam="TRANSITIONID"  createMethod="" getKeyParam="TRANSITIONID" getMethod="smTransitionGetListByParams" id="32" isExtService="true" name="FRNT_SMTRANS" service="frontws2">
        <attribute create="true" entityID="110" name="FROMSTATEID" search="true" valueType="java.lang.Long"/>
        <attribute create="true" entityID="115" name="TOSTATEID" search="true" valueType="java.lang.Long"/>
        <attribute create="true" name="SYSNAME" search="true" valueType="java.lang.String">LOSSendToRreviewUnderwriter</attribute>
        <attribute create="true" name="TYPEID" search="true" valueType="java.lang.String">1103</attribute>
    </entity>
	<entity createKeyParam="TRANSITIONID"  createMethod="" getKeyParam="TRANSITIONID" getMethod="smTransitionGetListByParams" id="33" isExtService="true" name="FRNT_SMTRANS" service="frontws2">
        <attribute create="true" entityID="110" name="FROMSTATEID" search="true" valueType="java.lang.Long"/>
        <attribute create="true" entityID="116" name="TOSTATEID" search="true" valueType="java.lang.Long"/>
        <attribute create="true" name="SYSNAME" search="true" valueType="java.lang.String">LOSSendToApprover</attribute>
        <attribute create="true" name="TYPEID" search="true" valueType="java.lang.String">1103</attribute>
    </entity>
	
    <!--Маршрутизация объектов-->
    <entity createKeyParam="ROUTINGOBJECTID" createMethod="routingObjectCreate" getKeyParam="ROUTINGOBJECTID" getMethod="routingObjectGetListByParams" id="41" isIntService="true" name="DMS_ROUTINGOBJECT" service="dmsws">
        <attribute create="true" entityID="25" name="ROUTINGID" search="true" valueType="java.lang.Long"/>
        <attribute create="true" entityID="31" name="TRANSITIONID" search="true" valueType="java.lang.Long"/>
        <attribute create="true" name="OBJECTTYPEID" search="true" valueType="java.lang.Integer">1103</attribute>
        <attribute create="true" name="MAINOBJECTFLAG" search="true" valueType="java.lang.Integer">1</attribute>
    </entity>
	<entity createKeyParam="ROUTINGOBJECTID" createMethod="routingObjectCreate" getKeyParam="ROUTINGOBJECTID" getMethod="routingObjectGetListByParams" id="42" isIntService="true" name="DMS_ROUTINGOBJECT" service="dmsws">
        <attribute create="true" entityID="26" name="ROUTINGID" search="true" valueType="java.lang.Long"/>
        <attribute create="true" entityID="32" name="TRANSITIONID" search="true" valueType="java.lang.Long"/>
        <attribute create="true" name="OBJECTTYPEID" search="true" valueType="java.lang.Integer">1103</attribute>
        <attribute create="true" name="MAINOBJECTFLAG" search="true" valueType="java.lang.Integer">1</attribute>
    </entity>
   <entity createKeyParam="ROUTINGOBJECTID" createMethod="routingObjectCreate" getKeyParam="ROUTINGOBJECTID" getMethod="routingObjectGetListByParams" id="43" isIntService="true" name="DMS_ROUTINGOBJECT" service="dmsws">
        <attribute create="true" entityID="27" name="ROUTINGID" search="true" valueType="java.lang.Long"/>
        <attribute create="true" entityID="33" name="TRANSITIONID" search="true" valueType="java.lang.Long"/>
        <attribute create="true" name="OBJECTTYPEID" search="true" valueType="java.lang.Integer">1103</attribute>
        <attribute create="true" name="MAINOBJECTFLAG" search="true" valueType="java.lang.Integer">1</attribute>
    </entity>

   
</root>