<?xml version="1.0" encoding="UTF-8"?>
<root> 

<!-- Группы типов параметров банковских продуктов --> 
	<entity name="PRD_PARAMGROUP" id="2551140729884370400" createMethod="bankProductParamGroupCreate" getMethod="bankProductParamGroupGetListByParams" createKeyParam="PARAMGROUPID" getKeyParam="PARAMGROUPID" service="frontws2">
		<attribute name="GROUPNAME" valueType="java.lang.String" create="true" search="true">Общие</attribute>
		<attribute name="DESCRIPTION" valueType="java.lang.String" create="true"></attribute>
		<attribute name="PARENTGROUPID" valueType="java.lang.Long" create="true" search="true">0</attribute>
	</entity>

<!-- Типы параметров банковских продуктов--> 
<entity name="PRD_PARAMTYPE" id="5784315615314014000" createMethod="bankProductParamTypeCreate" getMethod="bankProductParamTypeGetBySysname" createKeyParam="PTYPESYSNAME" getKeyParam="PTYPESYSNAME" service="frontws2">
		<attribute name="PTYPESYSNAME" valueType="java.lang.String" create="true" search="true">MaxCreditAmountBusiness</attribute>
		<attribute name="PTYPETITLE" valueType="java.lang.String" create="true">Максимальная сумма кредитования для Собственников бизнеса и ИП</attribute>
		<attribute name="DESCRIPTION" valueType="java.lang.String" create="true"></attribute>
		<attribute name="PARAMGROUPID" valueType="java.lang.Long" create="true" search="true" entityID="2551140729884370400"/>
	</entity>
</root> 
