<?xml version="1.0" encoding="UTF-8"?>
<root>

	<entity name="AUTO_PK_SUPPORT" id="0" createMethod="setAutoPkSupportValues" getMethod="" createKeyParam="Result" getKeyParam="" service="">
		<attribute name="FRNT_SMTRANS" valueType="java.lang.String">TRANSITIONID</attribute>
		<attribute name="FRNT_RIGHT" valueType="java.lang.String">RIGHTID</attribute>
	</entity>
	
	<!-- Проект -->
	
	<entity name="CORE_PROJECT" id="1" createMethod="admProjectAdd" getMethod="admProjectBySysname" additionalProcessMethod="admProjectBySysname" processKeyParam="PROJECTID" createKeyParam="PROJECTID" getKeyParam="PROJECTID" service="adminws">
		<attribute name="PROJECTSYSNAME" valueType="java.lang.String" create="true" process="true" search="true">FTDS</attribute>
		<attribute name="PROJECTNAME" valueType="java.lang.String">FLEXTERA "Поддержка принятия решения"</attribute>
		<attribute name="METADATAURL" valueType="java.lang.String">c:\FLEXTERA\FTDS\metadata</attribute>
		<attribute name="USERMETADATAURL" valueType="java.lang.String">c:\FLEXTERA\FTDS\metadata</attribute>
	</entity>
	
	<!-- Роли -->

	<entity name="CORE_USERROLE" id="7" createMethod="admUserRoleAdd" getMethod="admUserRoleBySysname" createKeyParam="ROLEID" getKeyParam="ROLEID" service="adminws">
		<attribute name="ROLESYSNAME" valueType="java.lang.String" create="true" search="true">Operator</attribute>
		<attribute name="ROLENAME" valueType="java.lang.String">Менеджер по работе с клиентами</attribute>
		<attribute name="DESCRIPTION" valueType="java.lang.String">Менеджер по работе с клиентами</attribute>
	</entity>

	<entity name="CORE_USERROLE" id="8" createMethod="admUserRoleAdd" getMethod="admUserRoleBySysname" createKeyParam="ROLEID" getKeyParam="ROLEID" service="adminws">
		<attribute name="ROLESYSNAME" valueType="java.lang.String" create="true" search="true">SeniorOperator</attribute>
		<attribute name="ROLENAME" valueType="java.lang.String">Старший сотрудник ДО/ОО</attribute>
		<attribute name="DESCRIPTION" valueType="java.lang.String">Старший сотрудник ДО/ОО</attribute>
	</entity>
	
	<!-- Машина состояний (справочник состояний и переходов)-->

	<entity name="FRNT_SMREF" id="10" createMethod="smReferenceStateCreate" getMethod="smReferenceStateGetListByParams" createKeyParam="REFID" getKeyParam="REFID" service="frontws2">
		<attribute name="SYSNAME" valueType="java.lang.String" create="true" search="true">copyApplication</attribute>
		<attribute name="NAME" valueType="java.lang.String" create="true">Создать новую заявку на основе данной</attribute>
		<attribute name="REFTYPE" valueType="java.lang.String" create="true" search="true">TRANSFER</attribute>
	</entity>

	<!-- Машина состояний (состояния)-->
	
	<entity name="FRNT_SMSTATE" id="100" createMethod="smStateCreate" getMethod="smStateGetListByParams" createKeyParam="STATEID" getKeyParam="STATEID" service="frontws2">
		<attribute name="SYSNAME" valueType="java.lang.String" create="true" search="true">limitControl</attribute>
		<attribute name="NAME" valueType="java.lang.String" create="true">Контроль лимитов</attribute>
		<attribute name="TYPEID" valueType="java.lang.Long" create="true" search="true">1004</attribute>
		<attribute name="PROJECTID" valueType="java.lang.Long" create="true" search="true" entityID="1"/>
	</entity>	
	
	<entity name="FRNT_SMSTATE" id="101" createMethod="smStateCreate" getMethod="smStateGetListByParams" createKeyParam="STATEID" getKeyParam="STATEID" service="frontws2">
		<attribute name="SYSNAME" valueType="java.lang.String" create="true" search="true">routingMPR</attribute>
		<attribute name="NAME" valueType="java.lang.String" create="true">Маршрутизация по МПР</attribute>
		<attribute name="TYPEID" valueType="java.lang.Long" create="true" search="true">1004</attribute>
		<attribute name="PROJECTID" valueType="java.lang.Long" create="true" search="true" entityID="1"/>
	</entity>	
	
	<entity name="FRNT_SMSTATE" id="102" createMethod="smStateCreate" getMethod="smStateGetListByParams" createKeyParam="STATEID" getKeyParam="STATEID" service="frontws2">
		<attribute name="SYSNAME" valueType="java.lang.String" create="true" search="true">consEmpPerson</attribute>
		<attribute name="NAME" valueType="java.lang.String" create="true">Рассмотрение Уполномоченными лицами</attribute>
		<attribute name="TYPEID" valueType="java.lang.Long" create="true" search="true">1004</attribute>
		<attribute name="PROJECTID" valueType="java.lang.Long" create="true" search="true" entityID="1"/>
	</entity>

	<entity name="FRNT_SMSTATE" id="103" createMethod="smStateCreate" getMethod="smStateGetListByParams" createKeyParam="STATEID" getKeyParam="STATEID" service="frontws2">
		<attribute name="SYSNAME" valueType="java.lang.String" create="true" search="true">consEmpInst</attribute>
		<attribute name="NAME" valueType="java.lang.String" create="true">Рассмотрение Уполномоченным органом</attribute>
		<attribute name="TYPEID" valueType="java.lang.Long" create="true" search="true">1004</attribute>
		<attribute name="PROJECTID" valueType="java.lang.Long" create="true" search="true" entityID="1"/>
	</entity>

	<entity name="FRNT_SMSTATE" id="104" createMethod="smStateCreate" getMethod="smStateGetListByParams" createKeyParam="STATEID" getKeyParam="STATEID" service="frontws2">
		<attribute name="SYSNAME" valueType="java.lang.String" create="true" search="true">underwriterDecision</attribute>
		<attribute name="NAME" valueType="java.lang.String" create="true">Принятие решения андеррайтером</attribute>
		<attribute name="TYPEID" valueType="java.lang.Long" create="true" search="true">1004</attribute>
		<attribute name="PROJECTID" valueType="java.lang.Long" create="true" search="true" entityID="1"/>
	</entity>
	
	<entity name="FRNT_SMSTATE" id="105" createMethod="smStateCreate" getMethod="smStateGetListByParams" createKeyParam="STATEID" getKeyParam="STATEID" service="frontws2">
		<attribute name="SYSNAME" valueType="java.lang.String" create="true" search="true">manualVerificationSEB</attribute>
		<attribute name="NAME" valueType="java.lang.String" create="true">Ручная проверка СЭБ</attribute>
		<attribute name="TYPEID" valueType="java.lang.Long" create="true" search="true">1004</attribute>
		<attribute name="PROJECTID" valueType="java.lang.Long" create="true" search="true" entityID="1"/>
	</entity>	

	<entity name="FRNT_SMSTATE" id="106" createMethod="smStateCreate" getMethod="smStateGetListByParams" createKeyParam="STATEID" getKeyParam="STATEID" service="frontws2">
		<attribute name="SYSNAME" valueType="java.lang.String" create="true" search="true">primaryChecks</attribute>
		<attribute name="NAME" valueType="java.lang.String" create="true">Первичные проверки</attribute>
		<attribute name="TYPEID" valueType="java.lang.Long" create="true" search="true">1004</attribute>
		<attribute name="PROJECTID" valueType="java.lang.Long" create="true" search="true" entityID="1"/>
	</entity>

	<entity name="FRNT_SMSTATE" id="107" createMethod="smStateCreate" getMethod="smStateGetListByParams" createKeyParam="STATEID" getKeyParam="STATEID" service="frontws2">
		<attribute name="SYSNAME" valueType="java.lang.String" create="true" search="true">primaryChecksVerify</attribute>
		<attribute name="NAME" valueType="java.lang.String" create="true">Верификация первичных проверок</attribute>
		<attribute name="TYPEID" valueType="java.lang.Long" create="true" search="true">1004</attribute>
		<attribute name="PROJECTID" valueType="java.lang.Long" create="true" search="true" entityID="1"/>
	</entity>

	<entity name="FRNT_SMSTATE" id="108" createMethod="smStateCreate" getMethod="smStateGetListByParams" createKeyParam="STATEID" getKeyParam="STATEID" service="frontws2">
		<attribute name="SYSNAME" valueType="java.lang.String" create="true" search="true">autoChecks</attribute>
		<attribute name="NAME" valueType="java.lang.String" create="true">Автоматические проверки</attribute>
		<attribute name="TYPEID" valueType="java.lang.Long" create="true" search="true">1004</attribute>
		<attribute name="PROJECTID" valueType="java.lang.Long" create="true" search="true" entityID="1"/>
	</entity>

	<entity name="FRNT_SMSTATE" id="109" createMethod="smStateCreate" getMethod="smStateGetListByParams" createKeyParam="STATEID" getKeyParam="STATEID" service="frontws2">
		<attribute name="SYSNAME" valueType="java.lang.String" create="true" search="true">autoChecksVerify</attribute>
		<attribute name="NAME" valueType="java.lang.String" create="true">Верификация автоматических проверок</attribute>
		<attribute name="TYPEID" valueType="java.lang.Long" create="true" search="true">1004</attribute>
		<attribute name="PROJECTID" valueType="java.lang.Long" create="true" search="true" entityID="1"/>
	</entity>

	<entity name="FRNT_SMSTATE" id="110" createMethod="smStateCreate" getMethod="smStateGetListByParams" createKeyParam="STATEID" getKeyParam="STATEID" service="frontws2">
		<attribute name="SYSNAME" valueType="java.lang.String" create="true" search="true">calcCreditParams</attribute>
		<attribute name="NAME" valueType="java.lang.String" create="true">Расчет параметров кредита</attribute>
		<attribute name="TYPEID" valueType="java.lang.Long" create="true" search="true">1004</attribute>
		<attribute name="PROJECTID" valueType="java.lang.Long" create="true" search="true" entityID="1"/>
	</entity>

	<entity name="FRNT_SMSTATE" id="111" createMethod="smStateCreate" getMethod="smStateGetListByParams" createKeyParam="STATEID" getKeyParam="STATEID" service="frontws2">
		<attribute name="SYSNAME" valueType="java.lang.String" create="true" search="true">headCreditDepartmentDecision</attribute>
		<attribute name="NAME" valueType="java.lang.String" create="true">Рассмотрение руководителем кредитного отдела</attribute>
		<attribute name="TYPEID" valueType="java.lang.Long" create="true" search="true">1004</attribute>
		<attribute name="PROJECTID" valueType="java.lang.Long" create="true" search="true" entityID="1"/>
	</entity>

	<entity name="FRNT_SMSTATE" id="112" createMethod="smStateCreate" getMethod="smStateGetListByParams" createKeyParam="STATEID" getKeyParam="STATEID" service="frontws2">
		<attribute name="SYSNAME" valueType="java.lang.String" create="true" search="true">appApprovedByDebtor</attribute>
		<attribute name="NAME" valueType="java.lang.String" create="true">Заявка одобрена по заемщику</attribute>
		<attribute name="TYPEID" valueType="java.lang.Long" create="true" search="true">1004</attribute>
		<attribute name="PROJECTID" valueType="java.lang.Long" create="true" search="true" entityID="1"/>
	</entity>

	<entity name="FRNT_SMSTATE" id="113" createMethod="smStateCreate" getMethod="smStateGetListByParams" createKeyParam="STATEID" getKeyParam="STATEID" service="frontws2">
		<attribute name="SYSNAME" valueType="java.lang.String" create="true" search="true">expertCheckPledge</attribute>
		<attribute name="NAME" valueType="java.lang.String" create="true">Проверка залога специалистом</attribute>
		<attribute name="TYPEID" valueType="java.lang.Long" create="true" search="true">1004</attribute>
		<attribute name="PROJECTID" valueType="java.lang.Long" create="true" search="true" entityID="1"/>
	</entity>

	<entity name="FRNT_SMSTATE" id="114" createMethod="smStateCreate" getMethod="smStateGetListByParams" createKeyParam="STATEID" getKeyParam="STATEID" service="frontws2">
		<attribute name="SYSNAME" valueType="java.lang.String" create="true" search="true">juricalCheckPledge</attribute>
		<attribute name="NAME" valueType="java.lang.String" create="true">Юридическая проверка залога</attribute>
		<attribute name="TYPEID" valueType="java.lang.Long" create="true" search="true">1004</attribute>
		<attribute name="PROJECTID" valueType="java.lang.Long" create="true" search="true" entityID="1"/>
	</entity>

	<entity name="FRNT_SMSTATE" id="115" createMethod="smStateCreate" getMethod="smStateGetListByParams" createKeyParam="STATEID" getKeyParam="STATEID" service="frontws2">
		<attribute name="SYSNAME" valueType="java.lang.String" create="true" search="true">phoneCheck</attribute>
		<attribute name="NAME" valueType="java.lang.String" create="true">Телефонная верификация</attribute>
		<attribute name="TYPEID" valueType="java.lang.Long" create="true" search="true">1004</attribute>
		<attribute name="PROJECTID" valueType="java.lang.Long" create="true" search="true" entityID="1"/>
	</entity>

	<!-- Машина состояний (переходы) -->
	
	<entity name="FRNT_SMTRANS" id="1000" createMethod="smTransitionCreate" getMethod="smTransitionGetListByParams" createKeyParam="TRANSITIONID" getKeyParam="TRANSITIONID" service="frontws2">
		<attribute name="SYSNAME" valueType="java.lang.String" create="true" search="true">copyApplication</attribute>
		<attribute name="NAME" valueType="java.lang.String" create="true">Создать новую заявку на основе данной</attribute>
		<attribute name="FROMSTATEID" valueType="java.lang.Long" create="true" search="true" entityID="100"/>
		<attribute name="TOSTATEID" valueType="java.lang.Long" create="true" search="true" entityID="100"/>
		<attribute name="TYPEID" valueType="java.lang.Long" create="true" search="true">1004</attribute>
		<attribute name="PAGEFLOWNAME" valueType="java.lang.String" create="true">[FTFLOANS]loanApp/consumerLoanApp/copyApplication/copyApplication</attribute>
		<attribute name="TRANSORDER" valueType="java.lang.Integer" create="true">20</attribute>
		<attribute name="EVENTFLAG" valueType="java.lang.Integer" create="true"></attribute>
	</entity>
	
	<entity name="FRNT_SMTRANS" id="1001" createMethod="smTransitionCreate" getMethod="smTransitionGetListByParams" createKeyParam="TRANSITIONID" getKeyParam="TRANSITIONID" service="frontws2">
		<attribute name="SYSNAME" valueType="java.lang.String" create="true" search="true">copyApplication</attribute>
		<attribute name="NAME" valueType="java.lang.String" create="true">Создать новую заявку на основе данной</attribute>
		<attribute name="FROMSTATEID" valueType="java.lang.Long" create="true" search="true" entityID="101"/>
		<attribute name="TOSTATEID" valueType="java.lang.Long" create="true" search="true" entityID="101"/>
		<attribute name="TYPEID" valueType="java.lang.Long" create="true" search="true">1004</attribute>
		<attribute name="PAGEFLOWNAME" valueType="java.lang.String" create="true">[FTFLOANS]loanApp/consumerLoanApp/copyApplication/copyApplication</attribute>
		<attribute name="TRANSORDER" valueType="java.lang.Integer" create="true">20</attribute>
		<attribute name="EVENTFLAG" valueType="java.lang.Integer" create="true"></attribute>
	</entity>

	<entity name="FRNT_SMTRANS" id="1002" createMethod="smTransitionCreate" getMethod="smTransitionGetListByParams" createKeyParam="TRANSITIONID" getKeyParam="TRANSITIONID" service="frontws2">
		<attribute name="SYSNAME" valueType="java.lang.String" create="true" search="true">copyApplication</attribute>
		<attribute name="NAME" valueType="java.lang.String" create="true">Создать новую заявку на основе данной</attribute>
		<attribute name="FROMSTATEID" valueType="java.lang.Long" create="true" search="true" entityID="102"/>
		<attribute name="TOSTATEID" valueType="java.lang.Long" create="true" search="true" entityID="102"/>
		<attribute name="TYPEID" valueType="java.lang.Long" create="true" search="true">1004</attribute>
		<attribute name="PAGEFLOWNAME" valueType="java.lang.String" create="true">[FTFLOANS]loanApp/consumerLoanApp/copyApplication/copyApplication</attribute>
		<attribute name="TRANSORDER" valueType="java.lang.Integer" create="true">20</attribute>
		<attribute name="EVENTFLAG" valueType="java.lang.Integer" create="true"></attribute>
	</entity>

	<entity name="FRNT_SMTRANS" id="1003" createMethod="smTransitionCreate" getMethod="smTransitionGetListByParams" createKeyParam="TRANSITIONID" getKeyParam="TRANSITIONID" service="frontws2">
		<attribute name="SYSNAME" valueType="java.lang.String" create="true" search="true">copyApplication</attribute>
		<attribute name="NAME" valueType="java.lang.String" create="true">Создать новую заявку на основе данной</attribute>
		<attribute name="FROMSTATEID" valueType="java.lang.Long" create="true" search="true" entityID="103"/>
		<attribute name="TOSTATEID" valueType="java.lang.Long" create="true" search="true" entityID="103"/>
		<attribute name="TYPEID" valueType="java.lang.Long" create="true" search="true">1004</attribute>
		<attribute name="PAGEFLOWNAME" valueType="java.lang.String" create="true">[FTFLOANS]loanApp/consumerLoanApp/copyApplication/copyApplication</attribute>
		<attribute name="TRANSORDER" valueType="java.lang.Integer" create="true">20</attribute>
		<attribute name="EVENTFLAG" valueType="java.lang.Integer" create="true"></attribute>
	</entity>

	<entity name="FRNT_SMTRANS" id="1004" createMethod="smTransitionCreate" getMethod="smTransitionGetListByParams" createKeyParam="TRANSITIONID" getKeyParam="TRANSITIONID" service="frontws2">
		<attribute name="SYSNAME" valueType="java.lang.String" create="true" search="true">copyApplication</attribute>
		<attribute name="NAME" valueType="java.lang.String" create="true">Создать новую заявку на основе данной</attribute>
		<attribute name="FROMSTATEID" valueType="java.lang.Long" create="true" search="true" entityID="104"/>
		<attribute name="TOSTATEID" valueType="java.lang.Long" create="true" search="true" entityID="104"/>
		<attribute name="TYPEID" valueType="java.lang.Long" create="true" search="true">1004</attribute>
		<attribute name="PAGEFLOWNAME" valueType="java.lang.String" create="true">[FTFLOANS]loanApp/consumerLoanApp/copyApplication/copyApplication</attribute>
		<attribute name="TRANSORDER" valueType="java.lang.Integer" create="true">20</attribute>
		<attribute name="EVENTFLAG" valueType="java.lang.Integer" create="true"></attribute>
	</entity>

	<entity name="FRNT_SMTRANS" id="1005" createMethod="smTransitionCreate" getMethod="smTransitionGetListByParams" createKeyParam="TRANSITIONID" getKeyParam="TRANSITIONID" service="frontws2">
		<attribute name="SYSNAME" valueType="java.lang.String" create="true" search="true">copyApplication</attribute>
		<attribute name="NAME" valueType="java.lang.String" create="true">Создать новую заявку на основе данной</attribute>
		<attribute name="FROMSTATEID" valueType="java.lang.Long" create="true" search="true" entityID="105"/>
		<attribute name="TOSTATEID" valueType="java.lang.Long" create="true" search="true" entityID="105"/>
		<attribute name="TYPEID" valueType="java.lang.Long" create="true" search="true">1004</attribute>
		<attribute name="PAGEFLOWNAME" valueType="java.lang.String" create="true">[FTFLOANS]loanApp/consumerLoanApp/copyApplication/copyApplication</attribute>
		<attribute name="TRANSORDER" valueType="java.lang.Integer" create="true">20</attribute>
		<attribute name="EVENTFLAG" valueType="java.lang.Integer" create="true"></attribute>
	</entity>

	<entity name="FRNT_SMTRANS" id="1006" createMethod="smTransitionCreate" getMethod="smTransitionGetListByParams" createKeyParam="TRANSITIONID" getKeyParam="TRANSITIONID" service="frontws2">
		<attribute name="SYSNAME" valueType="java.lang.String" create="true" search="true">copyApplication</attribute>
		<attribute name="NAME" valueType="java.lang.String" create="true">Создать новую заявку на основе данной</attribute>
		<attribute name="FROMSTATEID" valueType="java.lang.Long" create="true" search="true" entityID="106"/>
		<attribute name="TOSTATEID" valueType="java.lang.Long" create="true" search="true" entityID="106"/>
		<attribute name="TYPEID" valueType="java.lang.Long" create="true" search="true">1004</attribute>
		<attribute name="PAGEFLOWNAME" valueType="java.lang.String" create="true">[FTFLOANS]loanApp/consumerLoanApp/copyApplication/copyApplication</attribute>
		<attribute name="TRANSORDER" valueType="java.lang.Integer" create="true">20</attribute>
		<attribute name="EVENTFLAG" valueType="java.lang.Integer" create="true"></attribute>
	</entity>

	<entity name="FRNT_SMTRANS" id="1007" createMethod="smTransitionCreate" getMethod="smTransitionGetListByParams" createKeyParam="TRANSITIONID" getKeyParam="TRANSITIONID" service="frontws2">
		<attribute name="SYSNAME" valueType="java.lang.String" create="true" search="true">copyApplication</attribute>
		<attribute name="NAME" valueType="java.lang.String" create="true">Создать новую заявку на основе данной</attribute>
		<attribute name="FROMSTATEID" valueType="java.lang.Long" create="true" search="true" entityID="107"/>
		<attribute name="TOSTATEID" valueType="java.lang.Long" create="true" search="true" entityID="107"/>
		<attribute name="TYPEID" valueType="java.lang.Long" create="true" search="true">1004</attribute>
		<attribute name="PAGEFLOWNAME" valueType="java.lang.String" create="true">[FTFLOANS]loanApp/consumerLoanApp/copyApplication/copyApplication</attribute>
		<attribute name="TRANSORDER" valueType="java.lang.Integer" create="true">20</attribute>
		<attribute name="EVENTFLAG" valueType="java.lang.Integer" create="true"></attribute>
	</entity>

	<entity name="FRNT_SMTRANS" id="1008" createMethod="smTransitionCreate" getMethod="smTransitionGetListByParams" createKeyParam="TRANSITIONID" getKeyParam="TRANSITIONID" service="frontws2">
		<attribute name="SYSNAME" valueType="java.lang.String" create="true" search="true">copyApplication</attribute>
		<attribute name="NAME" valueType="java.lang.String" create="true">Создать новую заявку на основе данной</attribute>
		<attribute name="FROMSTATEID" valueType="java.lang.Long" create="true" search="true" entityID="108"/>
		<attribute name="TOSTATEID" valueType="java.lang.Long" create="true" search="true" entityID="108"/>
		<attribute name="TYPEID" valueType="java.lang.Long" create="true" search="true">1004</attribute>
		<attribute name="PAGEFLOWNAME" valueType="java.lang.String" create="true">[FTFLOANS]loanApp/consumerLoanApp/copyApplication/copyApplication</attribute>
		<attribute name="TRANSORDER" valueType="java.lang.Integer" create="true">20</attribute>
		<attribute name="EVENTFLAG" valueType="java.lang.Integer" create="true"></attribute>
	</entity>

	<entity name="FRNT_SMTRANS" id="1009" createMethod="smTransitionCreate" getMethod="smTransitionGetListByParams" createKeyParam="TRANSITIONID" getKeyParam="TRANSITIONID" service="frontws2">
		<attribute name="SYSNAME" valueType="java.lang.String" create="true" search="true">copyApplication</attribute>
		<attribute name="NAME" valueType="java.lang.String" create="true">Создать новую заявку на основе данной</attribute>
		<attribute name="FROMSTATEID" valueType="java.lang.Long" create="true" search="true" entityID="109"/>
		<attribute name="TOSTATEID" valueType="java.lang.Long" create="true" search="true" entityID="109"/>
		<attribute name="TYPEID" valueType="java.lang.Long" create="true" search="true">1004</attribute>
		<attribute name="PAGEFLOWNAME" valueType="java.lang.String" create="true">[FTFLOANS]loanApp/consumerLoanApp/copyApplication/copyApplication</attribute>
		<attribute name="TRANSORDER" valueType="java.lang.Integer" create="true">20</attribute>
		<attribute name="EVENTFLAG" valueType="java.lang.Integer" create="true"></attribute>
	</entity>

	<entity name="FRNT_SMTRANS" id="1010" createMethod="smTransitionCreate" getMethod="smTransitionGetListByParams" createKeyParam="TRANSITIONID" getKeyParam="TRANSITIONID" service="frontws2">
		<attribute name="SYSNAME" valueType="java.lang.String" create="true" search="true">copyApplication</attribute>
		<attribute name="NAME" valueType="java.lang.String" create="true">Создать новую заявку на основе данной</attribute>
		<attribute name="FROMSTATEID" valueType="java.lang.Long" create="true" search="true" entityID="110"/>
		<attribute name="TOSTATEID" valueType="java.lang.Long" create="true" search="true" entityID="110"/>
		<attribute name="TYPEID" valueType="java.lang.Long" create="true" search="true">1004</attribute>
		<attribute name="PAGEFLOWNAME" valueType="java.lang.String" create="true">[FTFLOANS]loanApp/consumerLoanApp/copyApplication/copyApplication</attribute>
		<attribute name="TRANSORDER" valueType="java.lang.Integer" create="true">20</attribute>
		<attribute name="EVENTFLAG" valueType="java.lang.Integer" create="true"></attribute>
	</entity>

	<entity name="FRNT_SMTRANS" id="1011" createMethod="smTransitionCreate" getMethod="smTransitionGetListByParams" createKeyParam="TRANSITIONID" getKeyParam="TRANSITIONID" service="frontws2">
		<attribute name="SYSNAME" valueType="java.lang.String" create="true" search="true">copyApplication</attribute>
		<attribute name="NAME" valueType="java.lang.String" create="true">Создать новую заявку на основе данной</attribute>
		<attribute name="FROMSTATEID" valueType="java.lang.Long" create="true" search="true" entityID="111"/>
		<attribute name="TOSTATEID" valueType="java.lang.Long" create="true" search="true" entityID="111"/>
		<attribute name="TYPEID" valueType="java.lang.Long" create="true" search="true">1004</attribute>
		<attribute name="PAGEFLOWNAME" valueType="java.lang.String" create="true">[FTFLOANS]loanApp/consumerLoanApp/copyApplication/copyApplication</attribute>
		<attribute name="TRANSORDER" valueType="java.lang.Integer" create="true">20</attribute>
		<attribute name="EVENTFLAG" valueType="java.lang.Integer" create="true"></attribute>
	</entity>

	<entity name="FRNT_SMTRANS" id="1012" createMethod="smTransitionCreate" getMethod="smTransitionGetListByParams" createKeyParam="TRANSITIONID" getKeyParam="TRANSITIONID" service="frontws2">
		<attribute name="SYSNAME" valueType="java.lang.String" create="true" search="true">copyApplication</attribute>
		<attribute name="NAME" valueType="java.lang.String" create="true">Создать новую заявку на основе данной</attribute>
		<attribute name="FROMSTATEID" valueType="java.lang.Long" create="true" search="true" entityID="112"/>
		<attribute name="TOSTATEID" valueType="java.lang.Long" create="true" search="true" entityID="112"/>
		<attribute name="TYPEID" valueType="java.lang.Long" create="true" search="true">1004</attribute>
		<attribute name="PAGEFLOWNAME" valueType="java.lang.String" create="true">[FTFLOANS]loanApp/consumerLoanApp/copyApplication/copyApplication</attribute>
		<attribute name="TRANSORDER" valueType="java.lang.Integer" create="true">20</attribute>
		<attribute name="EVENTFLAG" valueType="java.lang.Integer" create="true"></attribute>
	</entity>

	<entity name="FRNT_SMTRANS" id="1013" createMethod="smTransitionCreate" getMethod="smTransitionGetListByParams" createKeyParam="TRANSITIONID" getKeyParam="TRANSITIONID" service="frontws2">
		<attribute name="SYSNAME" valueType="java.lang.String" create="true" search="true">copyApplication</attribute>
		<attribute name="NAME" valueType="java.lang.String" create="true">Создать новую заявку на основе данной</attribute>
		<attribute name="FROMSTATEID" valueType="java.lang.Long" create="true" search="true" entityID="113"/>
		<attribute name="TOSTATEID" valueType="java.lang.Long" create="true" search="true" entityID="113"/>
		<attribute name="TYPEID" valueType="java.lang.Long" create="true" search="true">1004</attribute>
		<attribute name="PAGEFLOWNAME" valueType="java.lang.String" create="true">[FTFLOANS]loanApp/consumerLoanApp/copyApplication/copyApplication</attribute>
		<attribute name="TRANSORDER" valueType="java.lang.Integer" create="true">20</attribute>
		<attribute name="EVENTFLAG" valueType="java.lang.Integer" create="true"></attribute>
	</entity>

	<entity name="FRNT_SMTRANS" id="1014" createMethod="smTransitionCreate" getMethod="smTransitionGetListByParams" createKeyParam="TRANSITIONID" getKeyParam="TRANSITIONID" service="frontws2">
		<attribute name="SYSNAME" valueType="java.lang.String" create="true" search="true">copyApplication</attribute>
		<attribute name="NAME" valueType="java.lang.String" create="true">Создать новую заявку на основе данной</attribute>
		<attribute name="FROMSTATEID" valueType="java.lang.Long" create="true" search="true" entityID="114"/>
		<attribute name="TOSTATEID" valueType="java.lang.Long" create="true" search="true" entityID="114"/>
		<attribute name="TYPEID" valueType="java.lang.Long" create="true" search="true">1004</attribute>
		<attribute name="PAGEFLOWNAME" valueType="java.lang.String" create="true">[FTFLOANS]loanApp/consumerLoanApp/copyApplication/copyApplication</attribute>
		<attribute name="TRANSORDER" valueType="java.lang.Integer" create="true">20</attribute>
		<attribute name="EVENTFLAG" valueType="java.lang.Integer" create="true"></attribute>
	</entity>

	<entity name="FRNT_SMTRANS" id="1015" createMethod="smTransitionCreate" getMethod="smTransitionGetListByParams" createKeyParam="TRANSITIONID" getKeyParam="TRANSITIONID" service="frontws2">
		<attribute name="SYSNAME" valueType="java.lang.String" create="true" search="true">copyApplication</attribute>
		<attribute name="NAME" valueType="java.lang.String" create="true">Создать новую заявку на основе данной</attribute>
		<attribute name="FROMSTATEID" valueType="java.lang.Long" create="true" search="true" entityID="115"/>
		<attribute name="TOSTATEID" valueType="java.lang.Long" create="true" search="true" entityID="115"/>
		<attribute name="TYPEID" valueType="java.lang.Long" create="true" search="true">1004</attribute>
		<attribute name="PAGEFLOWNAME" valueType="java.lang.String" create="true">[FTFLOANS]loanApp/consumerLoanApp/copyApplication/copyApplication</attribute>
		<attribute name="TRANSORDER" valueType="java.lang.Integer" create="true">20</attribute>
		<attribute name="EVENTFLAG" valueType="java.lang.Integer" create="true"></attribute>
	</entity>	
	
	<!-- Права на переходы -->
	
	<entity name="FRNT_RIGHT" id="2000" createMethod="rightCreate" getMethod="rightGetListByParams" createKeyParam="RIGHTID" getKeyParam="RIGHTID" service="frontws2">
		<attribute name="OBJID" valueType="java.lang.Long" create="true" search="true" entityID="1000"/>
		<attribute name="OBJTYPEID" valueType="java.lang.Long" create="true" search="true">66002</attribute>
		<attribute name="SUBJID" valueType="java.lang.Long" create="true" search="true" entityID="7"/>
		<attribute name="SUBJTYPE" valueType="java.lang.String" create="true" search="true">ROLE</attribute>
		<attribute name="ACCESSMODE" valueType="java.lang.String">full</attribute>
	</entity>

	<entity name="FRNT_RIGHT" id="2100" createMethod="rightCreate" getMethod="rightGetListByParams" createKeyParam="RIGHTID" getKeyParam="RIGHTID" service="frontws2">
		<attribute name="OBJID" valueType="java.lang.Long" create="true" search="true" entityID="1000"/>
		<attribute name="OBJTYPEID" valueType="java.lang.Long" create="true" search="true">66002</attribute>
		<attribute name="SUBJID" valueType="java.lang.Long" create="true" search="true" entityID="8"/>
		<attribute name="SUBJTYPE" valueType="java.lang.String" create="true" search="true">ROLE</attribute>
		<attribute name="ACCESSMODE" valueType="java.lang.String">full</attribute>
	</entity>
	
	<entity name="FRNT_RIGHT" id="2001" createMethod="rightCreate" getMethod="rightGetListByParams" createKeyParam="RIGHTID" getKeyParam="RIGHTID" service="frontws2">
		<attribute name="OBJID" valueType="java.lang.Long" create="true" search="true" entityID="1001"/>
		<attribute name="OBJTYPEID" valueType="java.lang.Long" create="true" search="true">66002</attribute>
		<attribute name="SUBJID" valueType="java.lang.Long" create="true" search="true" entityID="7"/>
		<attribute name="SUBJTYPE" valueType="java.lang.String" create="true" search="true">ROLE</attribute>
		<attribute name="ACCESSMODE" valueType="java.lang.String">full</attribute>
	</entity>

	<entity name="FRNT_RIGHT" id="2101" createMethod="rightCreate" getMethod="rightGetListByParams" createKeyParam="RIGHTID" getKeyParam="RIGHTID" service="frontws2">
		<attribute name="OBJID" valueType="java.lang.Long" create="true" search="true" entityID="1001"/>
		<attribute name="OBJTYPEID" valueType="java.lang.Long" create="true" search="true">66002</attribute>
		<attribute name="SUBJID" valueType="java.lang.Long" create="true" search="true" entityID="8"/>
		<attribute name="SUBJTYPE" valueType="java.lang.String" create="true" search="true">ROLE</attribute>
		<attribute name="ACCESSMODE" valueType="java.lang.String">full</attribute>
	</entity>

	<entity name="FRNT_RIGHT" id="2002" createMethod="rightCreate" getMethod="rightGetListByParams" createKeyParam="RIGHTID" getKeyParam="RIGHTID" service="frontws2">
		<attribute name="OBJID" valueType="java.lang.Long" create="true" search="true" entityID="1002"/>
		<attribute name="OBJTYPEID" valueType="java.lang.Long" create="true" search="true">66002</attribute>
		<attribute name="SUBJID" valueType="java.lang.Long" create="true" search="true" entityID="7"/>
		<attribute name="SUBJTYPE" valueType="java.lang.String" create="true" search="true">ROLE</attribute>
		<attribute name="ACCESSMODE" valueType="java.lang.String">full</attribute>
	</entity>

	<entity name="FRNT_RIGHT" id="2102" createMethod="rightCreate" getMethod="rightGetListByParams" createKeyParam="RIGHTID" getKeyParam="RIGHTID" service="frontws2">
		<attribute name="OBJID" valueType="java.lang.Long" create="true" search="true" entityID="1002"/>
		<attribute name="OBJTYPEID" valueType="java.lang.Long" create="true" search="true">66002</attribute>
		<attribute name="SUBJID" valueType="java.lang.Long" create="true" search="true" entityID="8"/>
		<attribute name="SUBJTYPE" valueType="java.lang.String" create="true" search="true">ROLE</attribute>
		<attribute name="ACCESSMODE" valueType="java.lang.String">full</attribute>
	</entity>
	
	<entity name="FRNT_RIGHT" id="2003" createMethod="rightCreate" getMethod="rightGetListByParams" createKeyParam="RIGHTID" getKeyParam="RIGHTID" service="frontws2">
		<attribute name="OBJID" valueType="java.lang.Long" create="true" search="true" entityID="1003"/>
		<attribute name="OBJTYPEID" valueType="java.lang.Long" create="true" search="true">66002</attribute>
		<attribute name="SUBJID" valueType="java.lang.Long" create="true" search="true" entityID="7"/>
		<attribute name="SUBJTYPE" valueType="java.lang.String" create="true" search="true">ROLE</attribute>
		<attribute name="ACCESSMODE" valueType="java.lang.String">full</attribute>
	</entity>

	<entity name="FRNT_RIGHT" id="2103" createMethod="rightCreate" getMethod="rightGetListByParams" createKeyParam="RIGHTID" getKeyParam="RIGHTID" service="frontws2">
		<attribute name="OBJID" valueType="java.lang.Long" create="true" search="true" entityID="1003"/>
		<attribute name="OBJTYPEID" valueType="java.lang.Long" create="true" search="true">66002</attribute>
		<attribute name="SUBJID" valueType="java.lang.Long" create="true" search="true" entityID="8"/>
		<attribute name="SUBJTYPE" valueType="java.lang.String" create="true" search="true">ROLE</attribute>
		<attribute name="ACCESSMODE" valueType="java.lang.String">full</attribute>
	</entity>	

	<entity name="FRNT_RIGHT" id="2004" createMethod="rightCreate" getMethod="rightGetListByParams" createKeyParam="RIGHTID" getKeyParam="RIGHTID" service="frontws2">
		<attribute name="OBJID" valueType="java.lang.Long" create="true" search="true" entityID="1004"/>
		<attribute name="OBJTYPEID" valueType="java.lang.Long" create="true" search="true">66002</attribute>
		<attribute name="SUBJID" valueType="java.lang.Long" create="true" search="true" entityID="7"/>
		<attribute name="SUBJTYPE" valueType="java.lang.String" create="true" search="true">ROLE</attribute>
		<attribute name="ACCESSMODE" valueType="java.lang.String">full</attribute>
	</entity>

	<entity name="FRNT_RIGHT" id="2104" createMethod="rightCreate" getMethod="rightGetListByParams" createKeyParam="RIGHTID" getKeyParam="RIGHTID" service="frontws2">
		<attribute name="OBJID" valueType="java.lang.Long" create="true" search="true" entityID="1004"/>
		<attribute name="OBJTYPEID" valueType="java.lang.Long" create="true" search="true">66002</attribute>
		<attribute name="SUBJID" valueType="java.lang.Long" create="true" search="true" entityID="8"/>
		<attribute name="SUBJTYPE" valueType="java.lang.String" create="true" search="true">ROLE</attribute>
		<attribute name="ACCESSMODE" valueType="java.lang.String">full</attribute>
	</entity>	

	<entity name="FRNT_RIGHT" id="2005" createMethod="rightCreate" getMethod="rightGetListByParams" createKeyParam="RIGHTID" getKeyParam="RIGHTID" service="frontws2">
		<attribute name="OBJID" valueType="java.lang.Long" create="true" search="true" entityID="1005"/>
		<attribute name="OBJTYPEID" valueType="java.lang.Long" create="true" search="true">66002</attribute>
		<attribute name="SUBJID" valueType="java.lang.Long" create="true" search="true" entityID="7"/>
		<attribute name="SUBJTYPE" valueType="java.lang.String" create="true" search="true">ROLE</attribute>
		<attribute name="ACCESSMODE" valueType="java.lang.String">full</attribute>
	</entity>

	<entity name="FRNT_RIGHT" id="2105" createMethod="rightCreate" getMethod="rightGetListByParams" createKeyParam="RIGHTID" getKeyParam="RIGHTID" service="frontws2">
		<attribute name="OBJID" valueType="java.lang.Long" create="true" search="true" entityID="1005"/>
		<attribute name="OBJTYPEID" valueType="java.lang.Long" create="true" search="true">66002</attribute>
		<attribute name="SUBJID" valueType="java.lang.Long" create="true" search="true" entityID="8"/>
		<attribute name="SUBJTYPE" valueType="java.lang.String" create="true" search="true">ROLE</attribute>
		<attribute name="ACCESSMODE" valueType="java.lang.String">full</attribute>
	</entity>	

	<entity name="FRNT_RIGHT" id="2006" createMethod="rightCreate" getMethod="rightGetListByParams" createKeyParam="RIGHTID" getKeyParam="RIGHTID" service="frontws2">
		<attribute name="OBJID" valueType="java.lang.Long" create="true" search="true" entityID="1006"/>
		<attribute name="OBJTYPEID" valueType="java.lang.Long" create="true" search="true">66002</attribute>
		<attribute name="SUBJID" valueType="java.lang.Long" create="true" search="true" entityID="7"/>
		<attribute name="SUBJTYPE" valueType="java.lang.String" create="true" search="true">ROLE</attribute>
		<attribute name="ACCESSMODE" valueType="java.lang.String">full</attribute>
	</entity>

	<entity name="FRNT_RIGHT" id="2106" createMethod="rightCreate" getMethod="rightGetListByParams" createKeyParam="RIGHTID" getKeyParam="RIGHTID" service="frontws2">
		<attribute name="OBJID" valueType="java.lang.Long" create="true" search="true" entityID="1006"/>
		<attribute name="OBJTYPEID" valueType="java.lang.Long" create="true" search="true">66002</attribute>
		<attribute name="SUBJID" valueType="java.lang.Long" create="true" search="true" entityID="8"/>
		<attribute name="SUBJTYPE" valueType="java.lang.String" create="true" search="true">ROLE</attribute>
		<attribute name="ACCESSMODE" valueType="java.lang.String">full</attribute>
	</entity>	

	<entity name="FRNT_RIGHT" id="2007" createMethod="rightCreate" getMethod="rightGetListByParams" createKeyParam="RIGHTID" getKeyParam="RIGHTID" service="frontws2">
		<attribute name="OBJID" valueType="java.lang.Long" create="true" search="true" entityID="1007"/>
		<attribute name="OBJTYPEID" valueType="java.lang.Long" create="true" search="true">66002</attribute>
		<attribute name="SUBJID" valueType="java.lang.Long" create="true" search="true" entityID="7"/>
		<attribute name="SUBJTYPE" valueType="java.lang.String" create="true" search="true">ROLE</attribute>
		<attribute name="ACCESSMODE" valueType="java.lang.String">full</attribute>
	</entity>

	<entity name="FRNT_RIGHT" id="2107" createMethod="rightCreate" getMethod="rightGetListByParams" createKeyParam="RIGHTID" getKeyParam="RIGHTID" service="frontws2">
		<attribute name="OBJID" valueType="java.lang.Long" create="true" search="true" entityID="1007"/>
		<attribute name="OBJTYPEID" valueType="java.lang.Long" create="true" search="true">66002</attribute>
		<attribute name="SUBJID" valueType="java.lang.Long" create="true" search="true" entityID="8"/>
		<attribute name="SUBJTYPE" valueType="java.lang.String" create="true" search="true">ROLE</attribute>
		<attribute name="ACCESSMODE" valueType="java.lang.String">full</attribute>
	</entity>	

	<entity name="FRNT_RIGHT" id="2008" createMethod="rightCreate" getMethod="rightGetListByParams" createKeyParam="RIGHTID" getKeyParam="RIGHTID" service="frontws2">
		<attribute name="OBJID" valueType="java.lang.Long" create="true" search="true" entityID="1008"/>
		<attribute name="OBJTYPEID" valueType="java.lang.Long" create="true" search="true">66002</attribute>
		<attribute name="SUBJID" valueType="java.lang.Long" create="true" search="true" entityID="7"/>
		<attribute name="SUBJTYPE" valueType="java.lang.String" create="true" search="true">ROLE</attribute>
		<attribute name="ACCESSMODE" valueType="java.lang.String">full</attribute>
	</entity>

	<entity name="FRNT_RIGHT" id="2108" createMethod="rightCreate" getMethod="rightGetListByParams" createKeyParam="RIGHTID" getKeyParam="RIGHTID" service="frontws2">
		<attribute name="OBJID" valueType="java.lang.Long" create="true" search="true" entityID="1008"/>
		<attribute name="OBJTYPEID" valueType="java.lang.Long" create="true" search="true">66002</attribute>
		<attribute name="SUBJID" valueType="java.lang.Long" create="true" search="true" entityID="8"/>
		<attribute name="SUBJTYPE" valueType="java.lang.String" create="true" search="true">ROLE</attribute>
		<attribute name="ACCESSMODE" valueType="java.lang.String">full</attribute>
	</entity>	

	<entity name="FRNT_RIGHT" id="2009" createMethod="rightCreate" getMethod="rightGetListByParams" createKeyParam="RIGHTID" getKeyParam="RIGHTID" service="frontws2">
		<attribute name="OBJID" valueType="java.lang.Long" create="true" search="true" entityID="1009"/>
		<attribute name="OBJTYPEID" valueType="java.lang.Long" create="true" search="true">66002</attribute>
		<attribute name="SUBJID" valueType="java.lang.Long" create="true" search="true" entityID="7"/>
		<attribute name="SUBJTYPE" valueType="java.lang.String" create="true" search="true">ROLE</attribute>
		<attribute name="ACCESSMODE" valueType="java.lang.String">full</attribute>
	</entity>

	<entity name="FRNT_RIGHT" id="2109" createMethod="rightCreate" getMethod="rightGetListByParams" createKeyParam="RIGHTID" getKeyParam="RIGHTID" service="frontws2">
		<attribute name="OBJID" valueType="java.lang.Long" create="true" search="true" entityID="1009"/>
		<attribute name="OBJTYPEID" valueType="java.lang.Long" create="true" search="true">66002</attribute>
		<attribute name="SUBJID" valueType="java.lang.Long" create="true" search="true" entityID="8"/>
		<attribute name="SUBJTYPE" valueType="java.lang.String" create="true" search="true">ROLE</attribute>
		<attribute name="ACCESSMODE" valueType="java.lang.String">full</attribute>
	</entity>	

	<entity name="FRNT_RIGHT" id="2010" createMethod="rightCreate" getMethod="rightGetListByParams" createKeyParam="RIGHTID" getKeyParam="RIGHTID" service="frontws2">
		<attribute name="OBJID" valueType="java.lang.Long" create="true" search="true" entityID="1010"/>
		<attribute name="OBJTYPEID" valueType="java.lang.Long" create="true" search="true">66002</attribute>
		<attribute name="SUBJID" valueType="java.lang.Long" create="true" search="true" entityID="7"/>
		<attribute name="SUBJTYPE" valueType="java.lang.String" create="true" search="true">ROLE</attribute>
		<attribute name="ACCESSMODE" valueType="java.lang.String">full</attribute>
	</entity>

	<entity name="FRNT_RIGHT" id="2110" createMethod="rightCreate" getMethod="rightGetListByParams" createKeyParam="RIGHTID" getKeyParam="RIGHTID" service="frontws2">
		<attribute name="OBJID" valueType="java.lang.Long" create="true" search="true" entityID="1010"/>
		<attribute name="OBJTYPEID" valueType="java.lang.Long" create="true" search="true">66002</attribute>
		<attribute name="SUBJID" valueType="java.lang.Long" create="true" search="true" entityID="8"/>
		<attribute name="SUBJTYPE" valueType="java.lang.String" create="true" search="true">ROLE</attribute>
		<attribute name="ACCESSMODE" valueType="java.lang.String">full</attribute>
	</entity>	

	<entity name="FRNT_RIGHT" id="2011" createMethod="rightCreate" getMethod="rightGetListByParams" createKeyParam="RIGHTID" getKeyParam="RIGHTID" service="frontws2">
		<attribute name="OBJID" valueType="java.lang.Long" create="true" search="true" entityID="1011"/>
		<attribute name="OBJTYPEID" valueType="java.lang.Long" create="true" search="true">66002</attribute>
		<attribute name="SUBJID" valueType="java.lang.Long" create="true" search="true" entityID="7"/>
		<attribute name="SUBJTYPE" valueType="java.lang.String" create="true" search="true">ROLE</attribute>
		<attribute name="ACCESSMODE" valueType="java.lang.String">full</attribute>
	</entity>

	<entity name="FRNT_RIGHT" id="2111" createMethod="rightCreate" getMethod="rightGetListByParams" createKeyParam="RIGHTID" getKeyParam="RIGHTID" service="frontws2">
		<attribute name="OBJID" valueType="java.lang.Long" create="true" search="true" entityID="1011"/>
		<attribute name="OBJTYPEID" valueType="java.lang.Long" create="true" search="true">66002</attribute>
		<attribute name="SUBJID" valueType="java.lang.Long" create="true" search="true" entityID="8"/>
		<attribute name="SUBJTYPE" valueType="java.lang.String" create="true" search="true">ROLE</attribute>
		<attribute name="ACCESSMODE" valueType="java.lang.String">full</attribute>
	</entity>	

	<entity name="FRNT_RIGHT" id="2012" createMethod="rightCreate" getMethod="rightGetListByParams" createKeyParam="RIGHTID" getKeyParam="RIGHTID" service="frontws2">
		<attribute name="OBJID" valueType="java.lang.Long" create="true" search="true" entityID="1012"/>
		<attribute name="OBJTYPEID" valueType="java.lang.Long" create="true" search="true">66002</attribute>
		<attribute name="SUBJID" valueType="java.lang.Long" create="true" search="true" entityID="7"/>
		<attribute name="SUBJTYPE" valueType="java.lang.String" create="true" search="true">ROLE</attribute>
		<attribute name="ACCESSMODE" valueType="java.lang.String">full</attribute>
	</entity>

	<entity name="FRNT_RIGHT" id="2112" createMethod="rightCreate" getMethod="rightGetListByParams" createKeyParam="RIGHTID" getKeyParam="RIGHTID" service="frontws2">
		<attribute name="OBJID" valueType="java.lang.Long" create="true" search="true" entityID="1012"/>
		<attribute name="OBJTYPEID" valueType="java.lang.Long" create="true" search="true">66002</attribute>
		<attribute name="SUBJID" valueType="java.lang.Long" create="true" search="true" entityID="8"/>
		<attribute name="SUBJTYPE" valueType="java.lang.String" create="true" search="true">ROLE</attribute>
		<attribute name="ACCESSMODE" valueType="java.lang.String">full</attribute>
	</entity>	

	<entity name="FRNT_RIGHT" id="2013" createMethod="rightCreate" getMethod="rightGetListByParams" createKeyParam="RIGHTID" getKeyParam="RIGHTID" service="frontws2">
		<attribute name="OBJID" valueType="java.lang.Long" create="true" search="true" entityID="1013"/>
		<attribute name="OBJTYPEID" valueType="java.lang.Long" create="true" search="true">66002</attribute>
		<attribute name="SUBJID" valueType="java.lang.Long" create="true" search="true" entityID="7"/>
		<attribute name="SUBJTYPE" valueType="java.lang.String" create="true" search="true">ROLE</attribute>
		<attribute name="ACCESSMODE" valueType="java.lang.String">full</attribute>
	</entity>

	<entity name="FRNT_RIGHT" id="2113" createMethod="rightCreate" getMethod="rightGetListByParams" createKeyParam="RIGHTID" getKeyParam="RIGHTID" service="frontws2">
		<attribute name="OBJID" valueType="java.lang.Long" create="true" search="true" entityID="1013"/>
		<attribute name="OBJTYPEID" valueType="java.lang.Long" create="true" search="true">66002</attribute>
		<attribute name="SUBJID" valueType="java.lang.Long" create="true" search="true" entityID="8"/>
		<attribute name="SUBJTYPE" valueType="java.lang.String" create="true" search="true">ROLE</attribute>
		<attribute name="ACCESSMODE" valueType="java.lang.String">full</attribute>
	</entity>	

	<entity name="FRNT_RIGHT" id="2014" createMethod="rightCreate" getMethod="rightGetListByParams" createKeyParam="RIGHTID" getKeyParam="RIGHTID" service="frontws2">
		<attribute name="OBJID" valueType="java.lang.Long" create="true" search="true" entityID="1014"/>
		<attribute name="OBJTYPEID" valueType="java.lang.Long" create="true" search="true">66002</attribute>
		<attribute name="SUBJID" valueType="java.lang.Long" create="true" search="true" entityID="7"/>
		<attribute name="SUBJTYPE" valueType="java.lang.String" create="true" search="true">ROLE</attribute>
		<attribute name="ACCESSMODE" valueType="java.lang.String">full</attribute>
	</entity>

	<entity name="FRNT_RIGHT" id="2114" createMethod="rightCreate" getMethod="rightGetListByParams" createKeyParam="RIGHTID" getKeyParam="RIGHTID" service="frontws2">
		<attribute name="OBJID" valueType="java.lang.Long" create="true" search="true" entityID="1014"/>
		<attribute name="OBJTYPEID" valueType="java.lang.Long" create="true" search="true">66002</attribute>
		<attribute name="SUBJID" valueType="java.lang.Long" create="true" search="true" entityID="8"/>
		<attribute name="SUBJTYPE" valueType="java.lang.String" create="true" search="true">ROLE</attribute>
		<attribute name="ACCESSMODE" valueType="java.lang.String">full</attribute>
	</entity>	

	<entity name="FRNT_RIGHT" id="2015" createMethod="rightCreate" getMethod="rightGetListByParams" createKeyParam="RIGHTID" getKeyParam="RIGHTID" service="frontws2">
		<attribute name="OBJID" valueType="java.lang.Long" create="true" search="true" entityID="1015"/>
		<attribute name="OBJTYPEID" valueType="java.lang.Long" create="true" search="true">66002</attribute>
		<attribute name="SUBJID" valueType="java.lang.Long" create="true" search="true" entityID="7"/>
		<attribute name="SUBJTYPE" valueType="java.lang.String" create="true" search="true">ROLE</attribute>
		<attribute name="ACCESSMODE" valueType="java.lang.String">full</attribute>
	</entity>

	<entity name="FRNT_RIGHT" id="2115" createMethod="rightCreate" getMethod="rightGetListByParams" createKeyParam="RIGHTID" getKeyParam="RIGHTID" service="frontws2">
		<attribute name="OBJID" valueType="java.lang.Long" create="true" search="true" entityID="1015"/>
		<attribute name="OBJTYPEID" valueType="java.lang.Long" create="true" search="true">66002</attribute>
		<attribute name="SUBJID" valueType="java.lang.Long" create="true" search="true" entityID="8"/>
		<attribute name="SUBJTYPE" valueType="java.lang.String" create="true" search="true">ROLE</attribute>
		<attribute name="ACCESSMODE" valueType="java.lang.String">full</attribute>
	</entity>	
	
</root>