<?xml version="1.0" encoding="UTF-8"?>
<root>

	<entity name="CORE_PROJECT" id="2"  createMethod="" getMethod="admProjectBySysname" additionalProcessMethod="admProjectBySysname" processKeyParam="PROJECTID" createKeyParam="PROJECTID" getKeyParam="PROJECTID" service="adminws">
		<attribute name="PROJECTSYSNAME" valueType="java.lang.String" create="true" search="true">FTDSMVC</attribute>
		</entity>
		
	<entity name="DMS_OBJECTTYPE" id="9" createMethod="" getMethod="dmsObjectTypeGetListByParams" createKeyParam="OBJECTTYPEID" getKeyParam="OBJECTTYPEID" service="dmsws" isIntService="true">
		<attribute name="OBJECTTYPEID" valueType="java.lang.Long" create="true" search="true">1108</attribute>
		<attribute name="SYSNAME" valueType="java.lang.String" create="true" search="true">unsecuredLoanAppINT</attribute>
	</entity>				
	
	<!-- User roles --> 
	<entity name="CORE_USERROLE" id="21" createMethod="" getMethod="admUserRoleBySysname" createKeyParam="ROLEID" getKeyParam="ROLEID" service="adminws">
		<attribute name="ROLESYSNAME" valueType="java.lang.String" create="true" search="true">LOSDocumentChecker</attribute>
		<attribute name="LOCALE" valueType="java.lang.String">en</attribute>
	</entity>	
	
	<!--Этапы машина состояний -->
	<entity name="FRNT_SMSTATE" id="2001" createMethod="" getMethod="smStateGetListByParams" createKeyParam="STATEID" getKeyParam="STATEID" service="frontws2" isExtService="true">
		<attribute name="SYSNAME" valueType="java.lang.String" create="true" search="true">LOSDocsCheck</attribute>
		<attribute name="NAME" valueType="java.lang.String" create="true">Document Check</attribute>
		<attribute name="TYPEID" valueType="java.lang.Long"  create="true" search="true" entityID="9"/>	
        <attribute name="ProjectID" valueType="java.lang.Long" entityID="2" search="true"/>	
	</entity>
	
	<!-- Этапы принятия решения -->
	<entity name="DMS_DECISIONSTAGE" id="3001" createMethod="decisionStageCreate" getMethod="decisionStageGetListByParams" createKeyParam="DECISIONSTAGEID" getKeyParam="DECISIONSTAGEID" service="dmsws" isIntService="true">
		<attribute name="STAGESYSNAME" valueType="java.lang.String" create="true" search="true">LOSdocumentCheckUnsecuredLoanINT</attribute>
		<attribute name="STAGENAME" valueType="java.lang.String" create="true">Document Check</attribute>
		<attribute name="DECISIONTERM" valueType="java.lang.Long" create="true">0</attribute>
		<attribute name="AUTHORIZEDTYPE" valueType="java.lang.Integer" create="true">2</attribute>
		<attribute name="AUTHORIZEDID" valueType="java.lang.Long" create="true" entityID="21"/>
		<attribute name="VALUELIST" valueType="java.util.Map" create="true" replaceID="9,2001"><![CDATA[<?xml version="1.0" encoding="UTF-8"?><content version="1.0"><param name="OBJECTSTATELINKLIST" valueClass="java.util.ArrayList"><param name="" valueClass="ru.diasoft.utils.DefaultedHashMap"><param name="OBJECTTYPEID" value="$entityID9$" valueClass="java.lang.Long"/><param name="STATEID" value="$entityID2001$" valueClass="java.lang.Long"/></param></param></content>]]></attribute>
		<attribute name="MapToExpand" valueType="java.lang.String" create="true">VALUELIST</attribute>
		<attribute name="PAGEFLOWNAME" valueType="java.lang.String" create="true">[FTDSMVC]COMMON\decisionMaking\unsecuredLoanAppINT\decisionMakingDocumentCheck</attribute>
		<attribute name="DESCRIPTION" valueType="java.lang.String" create="true"></attribute>
	</entity>
	
	<!--Связь решения и справочника решений-->
	<entity name="DMS_DECISIONREFLNK" id="4001" createMethod="decisionRefLinkCreate" getMethod="decisionRefLinkGetListByParams" createKeyParam="LINKID" getKeyParam="LINKID" service="dmsws" isIntService="true">
		<attribute name="DECISIONSTAGEID" valueType="java.lang.Long" create="true" search="true" entityID="3001"/>
		<attribute name="REFSYSNAME" valueType="java.lang.String" create="true" search="true">rejectApp</attribute>
	</entity>
	
	<entity name="DMS_DECISIONREFLNK" id="4002" createMethod="decisionRefLinkCreate" getMethod="decisionRefLinkGetListByParams" createKeyParam="LINKID" getKeyParam="LINKID" service="dmsws" isIntService="true">
		<attribute name="DECISIONSTAGEID" valueType="java.lang.Long" create="true" search="true" entityID="3001"/>
		<attribute name="REFSYSNAME" valueType="java.lang.String" create="true" search="true">submitApp</attribute>
	</entity>
	
	<entity name="DMS_DECISIONREFLNK" id="4003" createMethod="decisionRefLinkCreate" getMethod="decisionRefLinkGetListByParams" createKeyParam="LINKID" getKeyParam="LINKID" service="dmsws" isIntService="true">
		<attribute name="DECISIONSTAGEID" valueType="java.lang.Long" create="true" search="true" entityID="3001"/>
		<attribute name="REFSYSNAME" valueType="java.lang.String" create="true" search="true">returnToDataEntry</attribute>
	</entity>
	
	<entity name="DMS_DECISIONREFLNK" id="4004" createMethod="decisionRefLinkCreate" getMethod="decisionRefLinkGetListByParams" createKeyParam="LINKID" getKeyParam="LINKID" service="dmsws" isIntService="true">
		<attribute name="DECISIONSTAGEID" valueType="java.lang.Long" create="true" search="true" entityID="3001"/>
		<attribute name="REFSYSNAME" valueType="java.lang.String" create="true" search="true">returnToSupplement</attribute>
	</entity>
	
</root>