<?xml version="1.0" encoding="UTF-8"?>
<root>
    <!-- Группа «Дистрибутивные справочники» -->
    <entity name="REF_REFERENCEGROUP" id="1002005" createMethod="admReferenceGroupAdd" getMethod="admReferenceGroupChoose" createKeyParam="NEXT_ID" getKeyParam="REFERENCEGROUPID" service="adminws">
        <attribute name="GROUPNAME" valueType="java.lang.String" create="true" postSearch="true">Дистрибутивные справочники</attribute>
        <attribute name="PARENTGROUPID" valueType="java.lang.Long">0</attribute>
        <attribute name="DESCRIPTION" valueType="java.lang.String">Дистрибутивные справочники</attribute>
        <attribute name="LOCALE" valueType="java.lang.String" create="true" search="true">ru</attribute>
    </entity>

    <!-- Группа «Общие» -->
    <entity name="REF_REFERENCEGROUP" id="1002006" createMethod="admReferenceGroupAdd" getMethod="admReferenceGroupChoose" createKeyParam="NEXT_ID" getKeyParam="REFERENCEGROUPID" service="adminws">
        <attribute name="GROUPNAME" valueType="java.lang.String" create="true" postSearch="true">Общие</attribute>
        <attribute name="PARENTGROUPID" valueType="java.lang.Long" entityID="1002005"/>
        <attribute name="DESCRIPTION" valueType="java.lang.String">Общие</attribute>
        <attribute name="LOCALE" valueType="java.lang.String" create="true" search="true">ru</attribute>
    </entity>

    <!--Простой справочник «Способ оформления кредитной заявки» -->
    <entity name="REF_REFERENCE" id="2003021" createMethod="admReferenceAdd" getMethod="admReferenceList" createKeyParam="NEXT_ID" getKeyParam="REFERENCEID" service="adminws">
        <attribute name="LOCALE" valueType="java.lang.String" create="true" search="true">ru</attribute>
        <attribute name="REFERENCEGROUPID" valueType="java.lang.Long" create="true" search="true" entityID="1002006"/>
        <attribute name="REFERENCEGROUP" valueType="java.lang.Long" create="true" search="true" entityID="1002006"/>
        <attribute name="REFSYSNAME" valueType="java.lang.String" create="true" search="true" postSearch="true">applicationWay</attribute>
        <attribute name="REFERENCENAME" valueType="java.lang.String">Способ оформления кредитной заявки</attribute>
        <attribute name="DESCRIPTION" valueType="java.lang.String">Способ оформления кредитной заявки</attribute>
    </entity>

    <!--Локаль для простого справочника «Способ оформления кредитной заявки» -->
    <entity name="REF_REFERENCELNG" id="2203021" getMethod="admReferenceLngByID" createMethod="admReferenceAddLng" createKeyParam="REFERENCENAME" getKeyParam="REFERENCENAME" updateMethod="admReferenceUpdateLng"  service="adminws" silent="true">
        <attribute name="CharLocale" valueType="java.lang.String" create="true" search="true">ru        </attribute>
        <attribute name="LOCALE" valueType="java.lang.String" create="true" search="true">ru</attribute>
        <attribute name="DESCRIPTION" valueType="java.lang.String" create="true">Способ оформления кредитной заявки</attribute>
        <attribute name="REFERENCENAME" valueType="java.lang.String" create="true">Способ оформления кредитной заявки</attribute>
        <attribute name="REFERENCEID" valueType="java.lang.Long" search="true" create="true" entityID="2003021"/>
    </entity>

    <!--Элемент простого справочника «Способ оформления кредитной заявки» -->
    <entity name="REF_REFITEM" id="3004426" createMethod="admReferenceItemAdd" getMethod="admReferenceItems" createKeyParam="REFITEMID" getKeyParam="REFITEMID" service="adminws">
        <attribute name="REFERENCEID" valueType="java.lang.Long" create="true" search="true" entityID="2003021"/>
        <attribute name="CODE" valueType="java.lang.String" postSearch="true" create="true">1</attribute>
        <attribute name="LOCALE" valueType="java.lang.String" create="true" search="true">ru</attribute>
        <attribute name="SHORTVALUE" valueType="java.lang.String">Посреднический (через агента)</attribute>
        <attribute name="FULLVALUE" valueType="java.lang.String">Посреднический (через агента)</attribute>
        <attribute name="RICOMMENT" valueType="java.lang.String"/>
    </entity>

    <!--Локаль элемента простого справочника «Способ оформления кредитной заявки» -->
    <entity name="REF_REFITEMLNG" id="4004426" getMethod="admReferenceItemLngByID" createMethod="admReferenceItemAddLng" createKeyParam="SHORTVALUE" getKeyParam="SHORTVALUE" updateMethod="admReferenceItemUpdateLng"  service="adminws" silent="true">
        <attribute name="CharLocale" valueType="java.lang.String" create="true" search="true">ru        </attribute>
        <attribute name="LOCALE" valueType="java.lang.String" create="true" search="true">ru</attribute>
        <attribute name="REFITEMID" valueType="java.lang.Long" search="true" create="true" entityID="3004426"/>
        <attribute name="SHORTVALUE" valueType="java.lang.String" create="true" postSearch="true">Посреднический (через агента)</attribute>
        <attribute name="FULLVALUE" valueType="java.lang.String" create="true">Посреднический (через агента)</attribute>
        <attribute name="RICOMMENT" valueType="java.lang.String" create="true"/>
    </entity>
    <!--Элемент простого справочника «Способ оформления кредитной заявки» -->
    <entity name="REF_REFITEM" id="3004427" createMethod="admReferenceItemAdd" getMethod="admReferenceItems" createKeyParam="REFITEMID" getKeyParam="REFITEMID" service="adminws">
        <attribute name="REFERENCEID" valueType="java.lang.Long" create="true" search="true" entityID="2003021"/>
        <attribute name="CODE" valueType="java.lang.String" postSearch="true" create="true">2</attribute>
        <attribute name="LOCALE" valueType="java.lang.String" create="true" search="true">ru</attribute>
        <attribute name="SHORTVALUE" valueType="java.lang.String">Дистанционный (с использованием средств телекоммуникаций)</attribute>
        <attribute name="FULLVALUE" valueType="java.lang.String">Дистанционный (с использованием средств телекоммуникаций)</attribute>
        <attribute name="RICOMMENT" valueType="java.lang.String"/>
    </entity>

    <!--Локаль элемента простого справочника «Способ оформления кредитной заявки» -->
    <entity name="REF_REFITEMLNG" id="4004427" getMethod="admReferenceItemLngByID" createMethod="admReferenceItemAddLng" createKeyParam="SHORTVALUE" getKeyParam="SHORTVALUE" updateMethod="admReferenceItemUpdateLng"  service="adminws" silent="true">
        <attribute name="CharLocale" valueType="java.lang.String" create="true" search="true">ru        </attribute>
        <attribute name="LOCALE" valueType="java.lang.String" create="true" search="true">ru</attribute>
        <attribute name="REFITEMID" valueType="java.lang.Long" search="true" create="true" entityID="3004427"/>
        <attribute name="SHORTVALUE" valueType="java.lang.String" create="true" postSearch="true">Дистанционный (с использованием средств телекоммуникаций)</attribute>
        <attribute name="FULLVALUE" valueType="java.lang.String" create="true">Дистанционный (с использованием средств телекоммуникаций)</attribute>
        <attribute name="RICOMMENT" valueType="java.lang.String" create="true"/>
    </entity>
    <!--Элемент простого справочника «Способ оформления кредитной заявки» -->
    <entity name="REF_REFITEM" id="3004428" createMethod="admReferenceItemAdd" getMethod="admReferenceItems" createKeyParam="REFITEMID" getKeyParam="REFITEMID" service="adminws">
        <attribute name="REFERENCEID" valueType="java.lang.Long" create="true" search="true" entityID="2003021"/>
        <attribute name="CODE" valueType="java.lang.String" postSearch="true" create="true">3</attribute>
        <attribute name="LOCALE" valueType="java.lang.String" create="true" search="true">ru</attribute>
        <attribute name="SHORTVALUE" valueType="java.lang.String">Непосредственно (напрямую у займодавца)</attribute>
        <attribute name="FULLVALUE" valueType="java.lang.String">Default</attribute>
        <attribute name="RICOMMENT" valueType="java.lang.String"/>
    </entity>

    <!--Локаль элемента простого справочника «Способ оформления кредитной заявки» -->
    <entity name="REF_REFITEMLNG" id="4004428" getMethod="admReferenceItemLngByID" createMethod="admReferenceItemAddLng" createKeyParam="SHORTVALUE" getKeyParam="SHORTVALUE" updateMethod="admReferenceItemUpdateLng"  service="adminws" silent="true">
        <attribute name="CharLocale" valueType="java.lang.String" create="true" search="true">ru        </attribute>
        <attribute name="LOCALE" valueType="java.lang.String" create="true" search="true">ru</attribute>
        <attribute name="REFITEMID" valueType="java.lang.Long" search="true" create="true" entityID="3004428"/>
        <attribute name="SHORTVALUE" valueType="java.lang.String" create="true" postSearch="true">Непосредственно (напрямую у займодавца)</attribute>
        <attribute name="FULLVALUE" valueType="java.lang.String" create="true">Default</attribute>
        <attribute name="RICOMMENT" valueType="java.lang.String" create="true"/>
    </entity>
 </root>