<?xml version="1.0" encoding="UTF-8"?>
<root>
    <!-- Группа «Дистрибутивные справочники» -->
    <entity name="REF_REFERENCEGROUP" id="10025100" createMethod="admReferenceGroupAdd" getMethod="admReferenceGroupChoose" createKeyParam="NEXT_ID" getKeyParam="REFERENCEGROUPID" service="adminws">
        <attribute name="GROUPNAME" valueType="java.lang.String" create="true" postSearch="true">Дистрибутивные справочники</attribute>
        <attribute name="PARENTGROUPID" valueType="java.lang.Long">0</attribute>
        <attribute name="DESCRIPTION" valueType="java.lang.String">Дистрибутивные справочники</attribute>
        <attribute name="LOCALE" valueType="java.lang.String" create="true" search="true">ru</attribute>
    </entity>

    <!-- Группа «Общие» -->
    <entity name="REF_REFERENCEGROUP" id="10026100" createMethod="admReferenceGroupAdd" getMethod="admReferenceGroupChoose" createKeyParam="NEXT_ID" getKeyParam="REFERENCEGROUPID" service="adminws">
        <attribute name="GROUPNAME" valueType="java.lang.String" create="true" postSearch="true">Общие</attribute>
        <attribute name="PARENTGROUPID" valueType="java.lang.Long" entityID="10025100"/>
        <attribute name="DESCRIPTION" valueType="java.lang.String">Общие</attribute>
        <attribute name="LOCALE" valueType="java.lang.String" create="true" search="true">ru</attribute>
    </entity>

    <!--Простой справочник «Тип договора в CreditRegistry» -->
    <entity name="REF_REFERENCE" id="2003100" createMethod="admReferenceAdd" getMethod="admReferenceList" createKeyParam="NEXT_ID" getKeyParam="REFERENCEID" service="adminws">
        <attribute name="LOCALE" valueType="java.lang.String" create="true" search="true">ru</attribute>
        <attribute name="REFERENCEGROUPID" valueType="java.lang.Long" create="true" search="true" entityID="10026100"/>
        <attribute name="REFERENCEGROUP" valueType="java.lang.Long" create="true" search="true" entityID="10026100"/>
        <attribute name="REFSYSNAME" valueType="java.lang.String" create="true" search="true" postSearch="true">LoanTypeCRE</attribute>
        <attribute name="REFERENCENAME" valueType="java.lang.String">Тип договора в CreditRegistry</attribute>
        <attribute name="DESCRIPTION" valueType="java.lang.String">Тип договора в CreditRegistry</attribute>
    </entity>

    <!--Локаль для простого справочника «Тип договора в CreditRegistry» -->
    <entity name="REF_REFERENCELNG" id="2203100" getMethod="admReferenceLngByID" createMethod="admReferenceAddLng" createKeyParam="REFERENCENAME" getKeyParam="REFERENCENAME" updateMethod="admReferenceUpdateLng"  service="adminws" silent="true">
        <attribute name="CharLocale" valueType="java.lang.String" create="true" search="true">ru        </attribute>
        <attribute name="LOCALE" valueType="java.lang.String" create="true" search="true">ru</attribute>
        <attribute name="DESCRIPTION" valueType="java.lang.String" create="true">Тип договора в CreditRegistry</attribute>
        <attribute name="REFERENCENAME" valueType="java.lang.String" create="true">Тип договора в CreditRegistry</attribute>
        <attribute name="REFERENCEID" valueType="java.lang.Long" search="true" create="true" entityID="2003100"/>
    </entity>

    <!--Элемент простого справочника «Тип договора в CreditRegistry» -->
    <entity name="REF_REFITEM" id="3004426104" createMethod="admReferenceItemAdd" getMethod="admReferenceItems" createKeyParam="REFITEMID" getKeyParam="REFITEMID" service="adminws">
        <attribute name="REFERENCEID" valueType="java.lang.Long" create="true" search="true" entityID="2003100"/>
        <attribute name="CODE" valueType="java.lang.String" postSearch="true" create="true">1</attribute>
        <attribute name="LOCALE" valueType="java.lang.String" create="true" search="true">ru</attribute>
        <attribute name="SHORTVALUE" valueType="java.lang.String">Кредит на автомобиль</attribute>
        <attribute name="FULLVALUE" valueType="java.lang.String"/>
        <attribute name="RICOMMENT" valueType="java.lang.String"/>
    </entity>

    <!--Локаль элемента простого справочника «Тип договора в CreditRegistry» -->
    <entity name="REF_REFITEMLNG" id="40044261004" getMethod="admReferenceItemLngByID" createMethod="admReferenceItemAddLng" createKeyParam="SHORTVALUE" getKeyParam="SHORTVALUE" updateMethod="admReferenceItemUpdateLng"  service="adminws" silent="true">
        <attribute name="CharLocale" valueType="java.lang.String" create="true" search="true">ru        </attribute>
        <attribute name="LOCALE" valueType="java.lang.String" create="true" search="true">ru</attribute>
        <attribute name="REFITEMID" valueType="java.lang.Long" search="true" create="true" entityID="3004426104"/>
        <attribute name="SHORTVALUE" valueType="java.lang.String" create="true" postSearch="true">Кредит на автомобиль</attribute>
        <attribute name="FULLVALUE" valueType="java.lang.String" create="true"/>
        <attribute name="RICOMMENT" valueType="java.lang.String" create="true"/>
    </entity>
    <!--Элемент простого справочника «Тип договора в CreditRegistry» -->
    <entity name="REF_REFITEM" id="3004427105" createMethod="admReferenceItemAdd" getMethod="admReferenceItems" createKeyParam="REFITEMID" getKeyParam="REFITEMID" service="adminws">
        <attribute name="REFERENCEID" valueType="java.lang.Long" create="true" search="true" entityID="2003100"/>
        <attribute name="CODE" valueType="java.lang.String" postSearch="true" create="true">4</attribute>
        <attribute name="LOCALE" valueType="java.lang.String" create="true" search="true">ru</attribute>
        <attribute name="SHORTVALUE" valueType="java.lang.String">Лизинг</attribute>
        <attribute name="FULLVALUE" valueType="java.lang.String"/>
        <attribute name="RICOMMENT" valueType="java.lang.String"/>
    </entity>

    <!--Локаль элемента простого справочника «Тип договора в CreditRegistry» -->
    <entity name="REF_REFITEMLNG" id="4004427105" getMethod="admReferenceItemLngByID" createMethod="admReferenceItemAddLng" createKeyParam="SHORTVALUE" getKeyParam="SHORTVALUE" updateMethod="admReferenceItemUpdateLng"  service="adminws" silent="true">
        <attribute name="CharLocale" valueType="java.lang.String" create="true" search="true">ru        </attribute>
        <attribute name="LOCALE" valueType="java.lang.String" create="true" search="true">ru</attribute>
        <attribute name="REFITEMID" valueType="java.lang.Long" search="true" create="true" entityID="3004427105"/>
        <attribute name="SHORTVALUE" valueType="java.lang.String" create="true" postSearch="true">Лизинг</attribute>
        <attribute name="FULLVALUE" valueType="java.lang.String" create="true"/>
        <attribute name="RICOMMENT" valueType="java.lang.String" create="true"/>
    </entity>
    <!--Элемент простого справочника «Тип договора в CreditRegistry» -->
    <entity name="REF_REFITEM" id="3004428106" createMethod="admReferenceItemAdd" getMethod="admReferenceItems" createKeyParam="REFITEMID" getKeyParam="REFITEMID" service="adminws">
        <attribute name="REFERENCEID" valueType="java.lang.Long" create="true" search="true" entityID="2003100"/>
        <attribute name="CODE" valueType="java.lang.String" postSearch="true" create="true">6</attribute>
        <attribute name="LOCALE" valueType="java.lang.String" create="true" search="true">ru</attribute>
        <attribute name="SHORTVALUE" valueType="java.lang.String">Ипотека</attribute>
        <attribute name="FULLVALUE" valueType="java.lang.String"/>
        <attribute name="RICOMMENT" valueType="java.lang.String"/>
    </entity>

    <!--Локаль элемента простого справочника «Тип договора в CreditRegistry» -->
    <entity name="REF_REFITEMLNG" id="4004428106" getMethod="admReferenceItemLngByID" createMethod="admReferenceItemAddLng" createKeyParam="SHORTVALUE" getKeyParam="SHORTVALUE" updateMethod="admReferenceItemUpdateLng"  service="adminws" silent="true">
        <attribute name="CharLocale" valueType="java.lang.String" create="true" search="true">ru        </attribute>
        <attribute name="LOCALE" valueType="java.lang.String" create="true" search="true">ru</attribute>
        <attribute name="REFITEMID" valueType="java.lang.Long" search="true" create="true" entityID="3004428106"/>
        <attribute name="SHORTVALUE" valueType="java.lang.String" create="true" postSearch="true">Ипотека</attribute>
        <attribute name="FULLVALUE" valueType="java.lang.String" create="true"/>
        <attribute name="RICOMMENT" valueType="java.lang.String" create="true"/>
    </entity>
	
	    <!--Элемент простого справочника «Тип договора в CreditRegistry» -->
    <entity name="REF_REFITEM" id="3004428107" createMethod="admReferenceItemAdd" getMethod="admReferenceItems" createKeyParam="REFITEMID" getKeyParam="REFITEMID" service="adminws">
        <attribute name="REFERENCEID" valueType="java.lang.Long" create="true" search="true" entityID="2003100"/>
        <attribute name="CODE" valueType="java.lang.String" postSearch="true" create="true">7</attribute>
        <attribute name="LOCALE" valueType="java.lang.String" create="true" search="true">ru</attribute>
        <attribute name="SHORTVALUE" valueType="java.lang.String">Кредитная карта</attribute>
        <attribute name="FULLVALUE" valueType="java.lang.String"/>
        <attribute name="RICOMMENT" valueType="java.lang.String"/>
    </entity>

    <!--Локаль элемента простого справочника «Тип договора в CreditRegistry» -->
    <entity name="REF_REFITEMLNG" id="4004428107" getMethod="admReferenceItemLngByID" createMethod="admReferenceItemAddLng" createKeyParam="SHORTVALUE" getKeyParam="SHORTVALUE" updateMethod="admReferenceItemUpdateLng"  service="adminws" silent="true">
        <attribute name="CharLocale" valueType="java.lang.String" create="true" search="true">ru        </attribute>
        <attribute name="LOCALE" valueType="java.lang.String" create="true" search="true">ru</attribute>
        <attribute name="REFITEMID" valueType="java.lang.Long" search="true" create="true" entityID="3004428107"/>
        <attribute name="SHORTVALUE" valueType="java.lang.String" create="true" postSearch="true">Кредитная карта</attribute>
        <attribute name="FULLVALUE" valueType="java.lang.String" create="true"/>
        <attribute name="RICOMMENT" valueType="java.lang.String" create="true"/>
    </entity>
	
	    <!--Элемент простого справочника «Тип договора в CreditRegistry» -->
    <entity name="REF_REFITEM" id="3004428108" createMethod="admReferenceItemAdd" getMethod="admReferenceItems" createKeyParam="REFITEMID" getKeyParam="REFITEMID" service="adminws">
        <attribute name="REFERENCEID" valueType="java.lang.Long" create="true" search="true" entityID="2003100"/>
        <attribute name="CODE" valueType="java.lang.String" postSearch="true" create="true">8</attribute>
        <attribute name="LOCALE" valueType="java.lang.String" create="true" search="true">ru</attribute>
        <attribute name="SHORTVALUE" valueType="java.lang.String">Дебетовая карта с овердрафтом</attribute>
        <attribute name="FULLVALUE" valueType="java.lang.String"/>
        <attribute name="RICOMMENT" valueType="java.lang.String"/>
    </entity>

    <!--Локаль элемента простого справочника «Тип договора в CreditRegistry» -->
    <entity name="REF_REFITEMLNG" id="4004428108" getMethod="admReferenceItemLngByID" createMethod="admReferenceItemAddLng" createKeyParam="SHORTVALUE" getKeyParam="SHORTVALUE" updateMethod="admReferenceItemUpdateLng"  service="adminws" silent="true">
        <attribute name="CharLocale" valueType="java.lang.String" create="true" search="true">ru        </attribute>
        <attribute name="LOCALE" valueType="java.lang.String" create="true" search="true">ru</attribute>
        <attribute name="REFITEMID" valueType="java.lang.Long" search="true" create="true" entityID="3004428108"/>
        <attribute name="SHORTVALUE" valueType="java.lang.String" create="true" postSearch="true">Дебетовая карта с овердрафтом</attribute>
        <attribute name="FULLVALUE" valueType="java.lang.String" create="true"/>
        <attribute name="RICOMMENT" valueType="java.lang.String" create="true"/>
    </entity>
	
	<!--Элемент простого справочника «Тип договора в CreditRegistry» -->
    <entity name="REF_REFITEM" id="3004428109" createMethod="admReferenceItemAdd" getMethod="admReferenceItems" createKeyParam="REFITEMID" getKeyParam="REFITEMID" service="adminws">
        <attribute name="REFERENCEID" valueType="java.lang.Long" create="true" search="true" entityID="2003100"/>
        <attribute name="CODE" valueType="java.lang.String" postSearch="true" create="true">9</attribute>
        <attribute name="LOCALE" valueType="java.lang.String" create="true" search="true">ru</attribute>
        <attribute name="SHORTVALUE" valueType="java.lang.String">Потребительский кредит</attribute>
        <attribute name="FULLVALUE" valueType="java.lang.String"/>
        <attribute name="RICOMMENT" valueType="java.lang.String"/>
    </entity>

    <!--Локаль элемента простого справочника «Тип договора в CreditRegistry» -->
    <entity name="REF_REFITEMLNG" id="4004428109" getMethod="admReferenceItemLngByID" createMethod="admReferenceItemAddLng" createKeyParam="SHORTVALUE" getKeyParam="SHORTVALUE" updateMethod="admReferenceItemUpdateLng"  service="adminws" silent="true">
        <attribute name="CharLocale" valueType="java.lang.String" create="true" search="true">ru        </attribute>
        <attribute name="LOCALE" valueType="java.lang.String" create="true" search="true">ru</attribute>
        <attribute name="REFITEMID" valueType="java.lang.Long" search="true" create="true" entityID="3004428109"/>
        <attribute name="SHORTVALUE" valueType="java.lang.String" create="true" postSearch="true">Потребительский кредит</attribute>
        <attribute name="FULLVALUE" valueType="java.lang.String" create="true"/>
        <attribute name="RICOMMENT" valueType="java.lang.String" create="true"/>
    </entity>
	
	<!--Элемент простого справочника «Тип договора в CreditRegistry» -->
    <entity name="REF_REFITEM" id="3004428110" createMethod="admReferenceItemAdd" getMethod="admReferenceItems" createKeyParam="REFITEMID" getKeyParam="REFITEMID" service="adminws">
        <attribute name="REFERENCEID" valueType="java.lang.Long" create="true" search="true" entityID="2003100"/>
        <attribute name="CODE" valueType="java.lang.String" postSearch="true" create="true">10</attribute>
        <attribute name="LOCALE" valueType="java.lang.String" create="true" search="true">ru</attribute>
        <attribute name="SHORTVALUE" valueType="java.lang.String">Кредит на развитие бизнеса</attribute>
        <attribute name="FULLVALUE" valueType="java.lang.String"/>
        <attribute name="RICOMMENT" valueType="java.lang.String"/>
    </entity>

    <!--Локаль элемента простого справочника «Тип договора в CreditRegistry» -->
    <entity name="REF_REFITEMLNG" id="4004428110" getMethod="admReferenceItemLngByID" createMethod="admReferenceItemAddLng" createKeyParam="SHORTVALUE" getKeyParam="SHORTVALUE" updateMethod="admReferenceItemUpdateLng"  service="adminws" silent="true">
        <attribute name="CharLocale" valueType="java.lang.String" create="true" search="true">ru        </attribute>
        <attribute name="LOCALE" valueType="java.lang.String" create="true" search="true">ru</attribute>
        <attribute name="REFITEMID" valueType="java.lang.Long" search="true" create="true" entityID="3004428110"/>
        <attribute name="SHORTVALUE" valueType="java.lang.String" create="true" postSearch="true">Кредит на развитие бизнеса</attribute>
        <attribute name="FULLVALUE" valueType="java.lang.String" create="true"/>
        <attribute name="RICOMMENT" valueType="java.lang.String" create="true"/>
    </entity>

	<!--Элемент простого справочника «Тип договора в CreditRegistry» -->
    <entity name="REF_REFITEM" id="3004428111" createMethod="admReferenceItemAdd" getMethod="admReferenceItems" createKeyParam="REFITEMID" getKeyParam="REFITEMID" service="adminws">
        <attribute name="REFERENCEID" valueType="java.lang.Long" create="true" search="true" entityID="2003100"/>
        <attribute name="CODE" valueType="java.lang.String" postSearch="true" create="true">11</attribute>
        <attribute name="LOCALE" valueType="java.lang.String" create="true" search="true">ru</attribute>
        <attribute name="SHORTVALUE" valueType="java.lang.String">Кредит на пополнение оборотных средств</attribute>
        <attribute name="FULLVALUE" valueType="java.lang.String"/>
        <attribute name="RICOMMENT" valueType="java.lang.String"/>
    </entity>

    <!--Локаль элемента простого справочника «Тип договора в CreditRegistry» -->
    <entity name="REF_REFITEMLNG" id="4004428111" getMethod="admReferenceItemLngByID" createMethod="admReferenceItemAddLng" createKeyParam="SHORTVALUE" getKeyParam="SHORTVALUE" updateMethod="admReferenceItemUpdateLng"  service="adminws" silent="true">
        <attribute name="CharLocale" valueType="java.lang.String" create="true" search="true">ru        </attribute>
        <attribute name="LOCALE" valueType="java.lang.String" create="true" search="true">ru</attribute>
        <attribute name="REFITEMID" valueType="java.lang.Long" search="true" create="true" entityID="3004428111"/>
        <attribute name="SHORTVALUE" valueType="java.lang.String" create="true" postSearch="true">Кредит на пополнение оборотных средств</attribute>
        <attribute name="FULLVALUE" valueType="java.lang.String" create="true"/>
        <attribute name="RICOMMENT" valueType="java.lang.String" create="true"/>
    </entity>	
	
	<!--Элемент простого справочника «Тип договора в CreditRegistry» -->
    <entity name="REF_REFITEM" id="3004428112" createMethod="admReferenceItemAdd" getMethod="admReferenceItems" createKeyParam="REFITEMID" getKeyParam="REFITEMID" service="adminws">
        <attribute name="REFERENCEID" valueType="java.lang.Long" create="true" search="true" entityID="2003100"/>
        <attribute name="CODE" valueType="java.lang.String" postSearch="true" create="true">12</attribute>
        <attribute name="LOCALE" valueType="java.lang.String" create="true" search="true">ru</attribute>
        <attribute name="SHORTVALUE" valueType="java.lang.String">Кредит на покупку оборудования</attribute>
        <attribute name="FULLVALUE" valueType="java.lang.String"/>
        <attribute name="RICOMMENT" valueType="java.lang.String"/>
    </entity>

    <!--Локаль элемента простого справочника «Тип договора в CreditRegistry» -->
    <entity name="REF_REFITEMLNG" id="4004428112" getMethod="admReferenceItemLngByID" createMethod="admReferenceItemAddLng" createKeyParam="SHORTVALUE" getKeyParam="SHORTVALUE" updateMethod="admReferenceItemUpdateLng"  service="adminws" silent="true">
        <attribute name="CharLocale" valueType="java.lang.String" create="true" search="true">ru        </attribute>
        <attribute name="LOCALE" valueType="java.lang.String" create="true" search="true">ru</attribute>
        <attribute name="REFITEMID" valueType="java.lang.Long" search="true" create="true" entityID="3004428112"/>
        <attribute name="SHORTVALUE" valueType="java.lang.String" create="true" postSearch="true">Кредит на покупку оборудования</attribute>
        <attribute name="FULLVALUE" valueType="java.lang.String" create="true"/>
        <attribute name="RICOMMENT" valueType="java.lang.String" create="true"/>
    </entity>		

	<!--Элемент простого справочника «Тип договора в CreditRegistry» -->
    <entity name="REF_REFITEM" id="3004428113" createMethod="admReferenceItemAdd" getMethod="admReferenceItems" createKeyParam="REFITEMID" getKeyParam="REFITEMID" service="adminws">
        <attribute name="REFERENCEID" valueType="java.lang.Long" create="true" search="true" entityID="2003100"/>
        <attribute name="CODE" valueType="java.lang.String" postSearch="true" create="true">13</attribute>
        <attribute name="LOCALE" valueType="java.lang.String" create="true" search="true">ru</attribute>
        <attribute name="SHORTVALUE" valueType="java.lang.String">Кредит на строительство недвижимости</attribute>
        <attribute name="FULLVALUE" valueType="java.lang.String"/>
        <attribute name="RICOMMENT" valueType="java.lang.String"/>
    </entity>

    <!--Локаль элемента простого справочника «Тип договора в CreditRegistry» -->
    <entity name="REF_REFITEMLNG" id="4004428113" getMethod="admReferenceItemLngByID" createMethod="admReferenceItemAddLng" createKeyParam="SHORTVALUE" getKeyParam="SHORTVALUE" updateMethod="admReferenceItemUpdateLng"  service="adminws" silent="true">
        <attribute name="CharLocale" valueType="java.lang.String" create="true" search="true">ru        </attribute>
        <attribute name="LOCALE" valueType="java.lang.String" create="true" search="true">ru</attribute>
        <attribute name="REFITEMID" valueType="java.lang.Long" search="true" create="true" entityID="3004428113"/>
        <attribute name="SHORTVALUE" valueType="java.lang.String" create="true" postSearch="true">Кредит на строительство недвижимости</attribute>
        <attribute name="FULLVALUE" valueType="java.lang.String" create="true"/>
        <attribute name="RICOMMENT" valueType="java.lang.String" create="true"/>
    </entity>		

	<!--Элемент простого справочника «Тип договора в CreditRegistry» -->
    <entity name="REF_REFITEM" id="3004428114" createMethod="admReferenceItemAdd" getMethod="admReferenceItems" createKeyParam="REFITEMID" getKeyParam="REFITEMID" service="adminws">
        <attribute name="REFERENCEID" valueType="java.lang.Long" create="true" search="true" entityID="2003100"/>
        <attribute name="CODE" valueType="java.lang.String" postSearch="true" create="true">14</attribute>
        <attribute name="LOCALE" valueType="java.lang.String" create="true" search="true">ru</attribute>
        <attribute name="SHORTVALUE" valueType="java.lang.String">Кредит на покупку акций</attribute>
        <attribute name="FULLVALUE" valueType="java.lang.String"/>
        <attribute name="RICOMMENT" valueType="java.lang.String"/>
    </entity>

    <!--Локаль элемента простого справочника «Тип договора в CreditRegistry» -->
    <entity name="REF_REFITEMLNG" id="4004428114" getMethod="admReferenceItemLngByID" createMethod="admReferenceItemAddLng" createKeyParam="SHORTVALUE" getKeyParam="SHORTVALUE" updateMethod="admReferenceItemUpdateLng"  service="adminws" silent="true">
        <attribute name="CharLocale" valueType="java.lang.String" create="true" search="true">ru        </attribute>
        <attribute name="LOCALE" valueType="java.lang.String" create="true" search="true">ru</attribute>
        <attribute name="REFITEMID" valueType="java.lang.Long" search="true" create="true" entityID="3004428114"/>
        <attribute name="SHORTVALUE" valueType="java.lang.String" create="true" postSearch="true">Кредит на покупку акций</attribute>
        <attribute name="FULLVALUE" valueType="java.lang.String" create="true"/>
        <attribute name="RICOMMENT" valueType="java.lang.String" create="true"/>
    </entity>	
	
	<!--Элемент простого справочника «Тип договора в CreditRegistry» -->
    <entity name="REF_REFITEM" id="3004428115" createMethod="admReferenceItemAdd" getMethod="admReferenceItems" createKeyParam="REFITEMID" getKeyParam="REFITEMID" service="adminws">
        <attribute name="REFERENCEID" valueType="java.lang.Long" create="true" search="true" entityID="2003100"/>
        <attribute name="CODE" valueType="java.lang.String" postSearch="true" create="true">15</attribute>
        <attribute name="LOCALE" valueType="java.lang.String" create="true" search="true">ru</attribute>
        <attribute name="SHORTVALUE" valueType="java.lang.String">Межбанковский кредит</attribute>
        <attribute name="FULLVALUE" valueType="java.lang.String"/>
        <attribute name="RICOMMENT" valueType="java.lang.String"/>
    </entity>

    <!--Локаль элемента простого справочника «Тип договора в CreditRegistry» -->
    <entity name="REF_REFITEMLNG" id="4004428115" getMethod="admReferenceItemLngByID" createMethod="admReferenceItemAddLng" createKeyParam="SHORTVALUE" getKeyParam="SHORTVALUE" updateMethod="admReferenceItemUpdateLng"  service="adminws" silent="true">
        <attribute name="CharLocale" valueType="java.lang.String" create="true" search="true">ru        </attribute>
        <attribute name="LOCALE" valueType="java.lang.String" create="true" search="true">ru</attribute>
        <attribute name="REFITEMID" valueType="java.lang.Long" search="true" create="true" entityID="3004428115"/>
        <attribute name="SHORTVALUE" valueType="java.lang.String" create="true" postSearch="true">Межбанковский кредит</attribute>
        <attribute name="FULLVALUE" valueType="java.lang.String" create="true"/>
        <attribute name="RICOMMENT" valueType="java.lang.String" create="true"/>
    </entity>

	<!--Элемент простого справочника «Тип договора в CreditRegistry» -->
    <entity name="REF_REFITEM" id="3004428116" createMethod="admReferenceItemAdd" getMethod="admReferenceItems" createKeyParam="REFITEMID" getKeyParam="REFITEMID" service="adminws">
        <attribute name="REFERENCEID" valueType="java.lang.Long" create="true" search="true" entityID="2003100"/>
        <attribute name="CODE" valueType="java.lang.String" postSearch="true" create="true">16</attribute>
        <attribute name="LOCALE" valueType="java.lang.String" create="true" search="true">ru</attribute>
        <attribute name="SHORTVALUE" valueType="java.lang.String">Кредит на обучение</attribute>
        <attribute name="FULLVALUE" valueType="java.lang.String"/>
        <attribute name="RICOMMENT" valueType="java.lang.String"/>
    </entity>

    <!--Локаль элемента простого справочника «Тип договора в CreditRegistry» -->
    <entity name="REF_REFITEMLNG" id="4004428116" getMethod="admReferenceItemLngByID" createMethod="admReferenceItemAddLng" createKeyParam="SHORTVALUE" getKeyParam="SHORTVALUE" updateMethod="admReferenceItemUpdateLng"  service="adminws" silent="true">
        <attribute name="CharLocale" valueType="java.lang.String" create="true" search="true">ru        </attribute>
        <attribute name="LOCALE" valueType="java.lang.String" create="true" search="true">ru</attribute>
        <attribute name="REFITEMID" valueType="java.lang.Long" search="true" create="true" entityID="3004428116"/>
        <attribute name="SHORTVALUE" valueType="java.lang.String" create="true" postSearch="true">Кредит на обучение</attribute>
        <attribute name="FULLVALUE" valueType="java.lang.String" create="true"/>
        <attribute name="RICOMMENT" valueType="java.lang.String" create="true"/>
    </entity>		
	
	<!--Элемент простого справочника «Тип договора в CreditRegistry» -->
    <entity name="REF_REFITEM" id="3004428117" createMethod="admReferenceItemAdd" getMethod="admReferenceItems" createKeyParam="REFITEMID" getKeyParam="REFITEMID" service="adminws">
        <attribute name="REFERENCEID" valueType="java.lang.Long" create="true" search="true" entityID="2003100"/>
        <attribute name="CODE" valueType="java.lang.String" postSearch="true" create="true">17</attribute>
        <attribute name="LOCALE" valueType="java.lang.String" create="true" search="true">ru</attribute>
        <attribute name="SHORTVALUE" valueType="java.lang.String">Счет телекоммуникационных услуг</attribute>
        <attribute name="FULLVALUE" valueType="java.lang.String"/>
        <attribute name="RICOMMENT" valueType="java.lang.String"/>
    </entity>

    <!--Локаль элемента простого справочника «Тип договора в CreditRegistry» -->
    <entity name="REF_REFITEMLNG" id="4004428117" getMethod="admReferenceItemLngByID" createMethod="admReferenceItemAddLng" createKeyParam="SHORTVALUE" getKeyParam="SHORTVALUE" updateMethod="admReferenceItemUpdateLng"  service="adminws" silent="true">
        <attribute name="CharLocale" valueType="java.lang.String" create="true" search="true">ru        </attribute>
        <attribute name="LOCALE" valueType="java.lang.String" create="true" search="true">ru</attribute>
        <attribute name="REFITEMID" valueType="java.lang.Long" search="true" create="true" entityID="3004428117"/>
        <attribute name="SHORTVALUE" valueType="java.lang.String" create="true" postSearch="true">Счет телекоммуникационных услуг</attribute>
        <attribute name="FULLVALUE" valueType="java.lang.String" create="true"/>
        <attribute name="RICOMMENT" valueType="java.lang.String" create="true"/>
    </entity>	

	<!--Элемент простого справочника «Тип договора в CreditRegistry» -->
    <entity name="REF_REFITEM" id="3004428118" createMethod="admReferenceItemAdd" getMethod="admReferenceItems" createKeyParam="REFITEMID" getKeyParam="REFITEMID" service="adminws">
        <attribute name="REFERENCEID" valueType="java.lang.Long" create="true" search="true" entityID="2003100"/>
        <attribute name="CODE" valueType="java.lang.String" postSearch="true" create="true">18</attribute>
        <attribute name="LOCALE" valueType="java.lang.String" create="true" search="true">ru</attribute>
        <attribute name="SHORTVALUE" valueType="java.lang.String">Кредит мобильного оператора</attribute>
        <attribute name="FULLVALUE" valueType="java.lang.String"/>
        <attribute name="RICOMMENT" valueType="java.lang.String"/>
    </entity>

    <!--Локаль элемента простого справочника «Тип договора в CreditRegistry» -->
    <entity name="REF_REFITEMLNG" id="4004428118" getMethod="admReferenceItemLngByID" createMethod="admReferenceItemAddLng" createKeyParam="SHORTVALUE" getKeyParam="SHORTVALUE" updateMethod="admReferenceItemUpdateLng"  service="adminws" silent="true">
        <attribute name="CharLocale" valueType="java.lang.String" create="true" search="true">ru        </attribute>
        <attribute name="LOCALE" valueType="java.lang.String" create="true" search="true">ru</attribute>
        <attribute name="REFITEMID" valueType="java.lang.Long" search="true" create="true" entityID="3004428118"/>
        <attribute name="SHORTVALUE" valueType="java.lang.String" create="true" postSearch="true">Кредит мобильного оператора</attribute>
        <attribute name="FULLVALUE" valueType="java.lang.String" create="true"/>
        <attribute name="RICOMMENT" valueType="java.lang.String" create="true"/>
    </entity>

	<!--Элемент простого справочника «Тип договора в CreditRegistry» -->
    <entity name="REF_REFITEM" id="3004428119" createMethod="admReferenceItemAdd" getMethod="admReferenceItems" createKeyParam="REFITEMID" getKeyParam="REFITEMID" service="adminws">
        <attribute name="REFERENCEID" valueType="java.lang.Long" create="true" search="true" entityID="2003100"/>
        <attribute name="CODE" valueType="java.lang.String" postSearch="true" create="true">19</attribute>
        <attribute name="LOCALE" valueType="java.lang.String" create="true" search="true">ru</attribute>
        <attribute name="SHORTVALUE" valueType="java.lang.String">Коммунальный счет</attribute>
        <attribute name="FULLVALUE" valueType="java.lang.String"/>
        <attribute name="RICOMMENT" valueType="java.lang.String"/>
    </entity>

    <!--Локаль элемента простого справочника «Тип договора в CreditRegistry» -->
    <entity name="REF_REFITEMLNG" id="4004428119" getMethod="admReferenceItemLngByID" createMethod="admReferenceItemAddLng" createKeyParam="SHORTVALUE" getKeyParam="SHORTVALUE" updateMethod="admReferenceItemUpdateLng"  service="adminws" silent="true">
        <attribute name="CharLocale" valueType="java.lang.String" create="true" search="true">ru        </attribute>
        <attribute name="LOCALE" valueType="java.lang.String" create="true" search="true">ru</attribute>
        <attribute name="REFITEMID" valueType="java.lang.Long" search="true" create="true" entityID="3004428119"/>
        <attribute name="SHORTVALUE" valueType="java.lang.String" create="true" postSearch="true">Коммунальный счет</attribute>
        <attribute name="FULLVALUE" valueType="java.lang.String" create="true"/>
        <attribute name="RICOMMENT" valueType="java.lang.String" create="true"/>
    </entity>

    <entity name="REF_REFITEM" id="3004428120" createMethod="admReferenceItemAdd" getMethod="admReferenceItems" createKeyParam="REFITEMID" getKeyParam="REFITEMID" service="adminws">
        <attribute name="REFERENCEID" valueType="java.lang.Long" create="true" search="true" entityID="2003100"/>
        <attribute name="CODE" valueType="java.lang.String" postSearch="true" create="true">20</attribute>
        <attribute name="LOCALE" valueType="java.lang.String" create="true" search="true">ru</attribute>
        <attribute name="SHORTVALUE" valueType="java.lang.String">Факторинг</attribute>
        <attribute name="FULLVALUE" valueType="java.lang.String"/>
        <attribute name="RICOMMENT" valueType="java.lang.String"/>
    </entity>

    <!--Локаль элемента простого справочника «Тип договора в CreditRegistry» -->
    <entity name="REF_REFITEMLNG" id="4004428120" getMethod="admReferenceItemLngByID" createMethod="admReferenceItemAddLng" createKeyParam="SHORTVALUE" getKeyParam="SHORTVALUE" updateMethod="admReferenceItemUpdateLng"  service="adminws" silent="true">
        <attribute name="CharLocale" valueType="java.lang.String" create="true" search="true">ru        </attribute>
        <attribute name="LOCALE" valueType="java.lang.String" create="true" search="true">ru</attribute>
        <attribute name="REFITEMID" valueType="java.lang.Long" search="true" create="true" entityID="3004428120"/>
        <attribute name="SHORTVALUE" valueType="java.lang.String" create="true" postSearch="true">Факторинг</attribute>
        <attribute name="FULLVALUE" valueType="java.lang.String" create="true"/>
        <attribute name="RICOMMENT" valueType="java.lang.String" create="true"/>
    </entity>

    <entity name="REF_REFITEM" id="3004428121" createMethod="admReferenceItemAdd" getMethod="admReferenceItems" createKeyParam="REFITEMID" getKeyParam="REFITEMID" service="adminws">
        <attribute name="REFERENCEID" valueType="java.lang.Long" create="true" search="true" entityID="2003100"/>
        <attribute name="CODE" valueType="java.lang.String" postSearch="true" create="true">21</attribute>
        <attribute name="LOCALE" valueType="java.lang.String" create="true" search="true">ru</attribute>
        <attribute name="SHORTVALUE" valueType="java.lang.String">Микрозаем</attribute>
        <attribute name="FULLVALUE" valueType="java.lang.String"/>
        <attribute name="RICOMMENT" valueType="java.lang.String"/>
    </entity>

    <!--Локаль элемента простого справочника «Тип договора в CreditRegistry» -->
    <entity name="REF_REFITEMLNG" id="4004428121" getMethod="admReferenceItemLngByID" createMethod="admReferenceItemAddLng" createKeyParam="SHORTVALUE" getKeyParam="SHORTVALUE" updateMethod="admReferenceItemUpdateLng"  service="adminws" silent="true">
        <attribute name="CharLocale" valueType="java.lang.String" create="true" search="true">ru        </attribute>
        <attribute name="LOCALE" valueType="java.lang.String" create="true" search="true">ru</attribute>
        <attribute name="REFITEMID" valueType="java.lang.Long" search="true" create="true" entityID="3004428121"/>
        <attribute name="SHORTVALUE" valueType="java.lang.String" create="true" postSearch="true">Микрозаем</attribute>
        <attribute name="FULLVALUE" valueType="java.lang.String" create="true"/>
        <attribute name="RICOMMENT" valueType="java.lang.String" create="true"/>
    </entity>	

    <entity name="REF_REFITEM" id="3004428122" createMethod="admReferenceItemAdd" getMethod="admReferenceItems" createKeyParam="REFITEMID" getKeyParam="REFITEMID" service="adminws">
        <attribute name="REFERENCEID" valueType="java.lang.Long" create="true" search="true" entityID="2003100"/>
        <attribute name="CODE" valueType="java.lang.String" postSearch="true" create="true">22</attribute>
        <attribute name="LOCALE" valueType="java.lang.String" create="true" search="true">ru</attribute>
        <attribute name="SHORTVALUE" valueType="java.lang.String">Нецелевой кредит наличными</attribute>
        <attribute name="FULLVALUE" valueType="java.lang.String"/>
        <attribute name="RICOMMENT" valueType="java.lang.String"/>
    </entity>

    <!--Локаль элемента простого справочника «Тип договора в CreditRegistry» -->
    <entity name="REF_REFITEMLNG" id="4004428122" getMethod="admReferenceItemLngByID" createMethod="admReferenceItemAddLng" createKeyParam="SHORTVALUE" getKeyParam="SHORTVALUE" updateMethod="admReferenceItemUpdateLng"  service="adminws" silent="true">
        <attribute name="CharLocale" valueType="java.lang.String" create="true" search="true">ru        </attribute>
        <attribute name="LOCALE" valueType="java.lang.String" create="true" search="true">ru</attribute>
        <attribute name="REFITEMID" valueType="java.lang.Long" search="true" create="true" entityID="3004428122"/>
        <attribute name="SHORTVALUE" valueType="java.lang.String" create="true" postSearch="true">Нецелевой кредит наличными</attribute>
        <attribute name="FULLVALUE" valueType="java.lang.String" create="true"/>
        <attribute name="RICOMMENT" valueType="java.lang.String" create="true"/>
    </entity>	

    <entity name="REF_REFITEM" id="3004428150" createMethod="admReferenceItemAdd" getMethod="admReferenceItems" createKeyParam="REFITEMID" getKeyParam="REFITEMID" service="adminws">
        <attribute name="REFERENCEID" valueType="java.lang.Long" create="true" search="true" entityID="2003100"/>
        <attribute name="CODE" valueType="java.lang.String" postSearch="true" create="true">50</attribute>
        <attribute name="LOCALE" valueType="java.lang.String" create="true" search="true">ru</attribute>
        <attribute name="SHORTVALUE" valueType="java.lang.String">Просмотр счета</attribute>
        <attribute name="FULLVALUE" valueType="java.lang.String"/>
        <attribute name="RICOMMENT" valueType="java.lang.String"/>
    </entity>

    <!--Локаль элемента простого справочника «Тип договора в CreditRegistry» -->
    <entity name="REF_REFITEMLNG" id="4004428150" getMethod="admReferenceItemLngByID" createMethod="admReferenceItemAddLng" createKeyParam="SHORTVALUE" getKeyParam="SHORTVALUE" updateMethod="admReferenceItemUpdateLng"  service="adminws" silent="true">
        <attribute name="CharLocale" valueType="java.lang.String" create="true" search="true">ru        </attribute>
        <attribute name="LOCALE" valueType="java.lang.String" create="true" search="true">ru</attribute>
        <attribute name="REFITEMID" valueType="java.lang.Long" search="true" create="true" entityID="3004428150"/>
        <attribute name="SHORTVALUE" valueType="java.lang.String" create="true" postSearch="true">Просмотр счета</attribute>
        <attribute name="FULLVALUE" valueType="java.lang.String" create="true"/>
        <attribute name="RICOMMENT" valueType="java.lang.String" create="true"/>
    </entity>	

    <entity name="REF_REFITEM" id="3004428199" createMethod="admReferenceItemAdd" getMethod="admReferenceItems" createKeyParam="REFITEMID" getKeyParam="REFITEMID" service="adminws">
        <attribute name="REFERENCEID" valueType="java.lang.Long" create="true" search="true" entityID="2003100"/>
        <attribute name="CODE" valueType="java.lang.String" postSearch="true" create="true">99</attribute>
        <attribute name="LOCALE" valueType="java.lang.String" create="true" search="true">ru</attribute>
        <attribute name="SHORTVALUE" valueType="java.lang.String">Другой</attribute>
        <attribute name="FULLVALUE" valueType="java.lang.String"/>
        <attribute name="RICOMMENT" valueType="java.lang.String"/>
    </entity>

    <!--Локаль элемента простого справочника «Тип договора в CreditRegistry» -->
    <entity name="REF_REFITEMLNG" id="4004428199" getMethod="admReferenceItemLngByID" createMethod="admReferenceItemAddLng" createKeyParam="SHORTVALUE" getKeyParam="SHORTVALUE" updateMethod="admReferenceItemUpdateLng"  service="adminws" silent="true">
        <attribute name="CharLocale" valueType="java.lang.String" create="true" search="true">ru        </attribute>
        <attribute name="LOCALE" valueType="java.lang.String" create="true" search="true">ru</attribute>
        <attribute name="REFITEMID" valueType="java.lang.Long" search="true" create="true" entityID="3004428199"/>
        <attribute name="SHORTVALUE" valueType="java.lang.String" create="true" postSearch="true">Другой</attribute>
        <attribute name="FULLVALUE" valueType="java.lang.String" create="true"/>
        <attribute name="RICOMMENT" valueType="java.lang.String" create="true"/>
    </entity>	
	
 </root>