<?xml version="1.0" encoding="UTF-8"?>
<root>
    <!-- Группа «Дистрибутивные справочники» -->
    <entity name="REF_REFERENCEGROUP" id="10025177" createMethod="admReferenceGroupAdd" getMethod="admReferenceGroupChoose" createKeyParam="NEXT_ID" getKeyParam="REFERENCEGROUPID" service="adminws">
        <attribute name="GROUPNAME" valueType="java.lang.String" create="true" postSearch="true">Дистрибутивные справочники</attribute>
        <attribute name="PARENTGROUPID" valueType="java.lang.Long">0</attribute>
        <attribute name="DESCRIPTION" valueType="java.lang.String">Дистрибутивные справочники</attribute>
        <attribute name="LOCALE" valueType="java.lang.String" create="true" search="true">ru</attribute>
    </entity>

    <!-- Группа «Общие» -->
    <entity name="REF_REFERENCEGROUP" id="10026177" createMethod="admReferenceGroupAdd" getMethod="admReferenceGroupChoose" createKeyParam="NEXT_ID" getKeyParam="REFERENCEGROUPID" service="adminws">
        <attribute name="GROUPNAME" valueType="java.lang.String" create="true" postSearch="true">Общие</attribute>
        <attribute name="PARENTGROUPID" valueType="java.lang.Long" entityID="10025177"/>
        <attribute name="DESCRIPTION" valueType="java.lang.String">Общие</attribute>
        <attribute name="LOCALE" valueType="java.lang.String" create="true" search="true">ru</attribute>
    </entity>

    <!--Простой справочник «Тип отношения к договору в CreditRegistry» -->
    <entity name="REF_REFERENCE" id="200310077" createMethod="admReferenceAdd" getMethod="admReferenceList" createKeyParam="NEXT_ID" getKeyParam="REFERENCEID" service="adminws">
        <attribute name="LOCALE" valueType="java.lang.String" create="true" search="true">ru</attribute>
        <attribute name="REFERENCEGROUPID" valueType="java.lang.Long" create="true" search="true" entityID="10026177"/>
        <attribute name="REFERENCEGROUP" valueType="java.lang.Long" create="true" search="true" entityID="10026177"/>
        <attribute name="REFSYSNAME" valueType="java.lang.String" create="true" search="true" postSearch="true">RelationshipCRE</attribute>
        <attribute name="REFERENCENAME" valueType="java.lang.String">Тип отношения к договору в CreditRegistry</attribute>
        <attribute name="DESCRIPTION" valueType="java.lang.String">Тип отношения к договору в CreditRegistry</attribute>
    </entity>

    <!--Локаль для простого справочника «Тип отношения к договору в CreditRegistry» -->
    <entity name="REF_REFERENCELNG" id="2201100" getMethod="admReferenceLngByID" createMethod="admReferenceAddLng" createKeyParam="REFERENCENAME" getKeyParam="REFERENCENAME" updateMethod="admReferenceUpdateLng"  service="adminws" silent="true">
        <attribute name="CharLocale" valueType="java.lang.String" create="true" search="true">ru        </attribute>
        <attribute name="LOCALE" valueType="java.lang.String" create="true" search="true">ru</attribute>
        <attribute name="DESCRIPTION" valueType="java.lang.String" create="true">Тип отношения к договору в CreditRegistry</attribute>
        <attribute name="REFERENCENAME" valueType="java.lang.String" create="true">Тип отношения к договору в CreditRegistry</attribute>
        <attribute name="REFERENCEID" valueType="java.lang.Long" search="true" create="true" entityID="200310077"/>
    </entity>

    <!--Элемент простого справочника «Тип отношения к договору в CreditRegistry» -->
    <entity name="REF_REFITEM" id="3006104" createMethod="admReferenceItemAdd" getMethod="admReferenceItems" createKeyParam="REFITEMID" getKeyParam="REFITEMID" service="adminws">
        <attribute name="REFERENCEID" valueType="java.lang.Long" create="true" search="true" entityID="200310077"/>
        <attribute name="CODE" valueType="java.lang.String" postSearch="true" create="true">1</attribute>
        <attribute name="LOCALE" valueType="java.lang.String" create="true" search="true">ru</attribute>
        <attribute name="SHORTVALUE" valueType="java.lang.String">Заёмщик</attribute>
        <attribute name="FULLVALUE" valueType="java.lang.String"/>
        <attribute name="RICOMMENT" valueType="java.lang.String"/>
    </entity>

    <!--Локаль элемента простого справочника «Тип отношения к договору в CreditRegistry» -->
    <entity name="REF_REFITEMLNG" id="40061004" getMethod="admReferenceItemLngByID" createMethod="admReferenceItemAddLng" createKeyParam="SHORTVALUE" getKeyParam="SHORTVALUE" updateMethod="admReferenceItemUpdateLng"  service="adminws" silent="true">
        <attribute name="CharLocale" valueType="java.lang.String" create="true" search="true">ru        </attribute>
        <attribute name="LOCALE" valueType="java.lang.String" create="true" search="true">ru</attribute>
        <attribute name="REFITEMID" valueType="java.lang.Long" search="true" create="true" entityID="3006104"/>
        <attribute name="SHORTVALUE" valueType="java.lang.String" create="true" postSearch="true">Заёмщик</attribute>
        <attribute name="FULLVALUE" valueType="java.lang.String" create="true"/>
        <attribute name="RICOMMENT" valueType="java.lang.String" create="true"/>
    </entity>
    <!--Элемент простого справочника «Тип отношения к договору в CreditRegistry» -->
    <entity name="REF_REFITEM" id="3007105" createMethod="admReferenceItemAdd" getMethod="admReferenceItems" createKeyParam="REFITEMID" getKeyParam="REFITEMID" service="adminws">
        <attribute name="REFERENCEID" valueType="java.lang.Long" create="true" search="true" entityID="200310077"/>
        <attribute name="CODE" valueType="java.lang.String" postSearch="true" create="true">2</attribute>
        <attribute name="LOCALE" valueType="java.lang.String" create="true" search="true">ru</attribute>
        <attribute name="SHORTVALUE" valueType="java.lang.String">Дополнительная карта</attribute>
        <attribute name="FULLVALUE" valueType="java.lang.String"/>
        <attribute name="RICOMMENT" valueType="java.lang.String"/>
    </entity>

    <!--Локаль элемента простого справочника «Тип отношения к договору в CreditRegistry» -->
    <entity name="REF_REFITEMLNG" id="4007105" getMethod="admReferenceItemLngByID" createMethod="admReferenceItemAddLng" createKeyParam="SHORTVALUE" getKeyParam="SHORTVALUE" updateMethod="admReferenceItemUpdateLng"  service="adminws" silent="true">
        <attribute name="CharLocale" valueType="java.lang.String" create="true" search="true">ru        </attribute>
        <attribute name="LOCALE" valueType="java.lang.String" create="true" search="true">ru</attribute>
        <attribute name="REFITEMID" valueType="java.lang.Long" search="true" create="true" entityID="3007105"/>
        <attribute name="SHORTVALUE" valueType="java.lang.String" create="true" postSearch="true">Дополнительная карта</attribute>
        <attribute name="FULLVALUE" valueType="java.lang.String" create="true"/>
        <attribute name="RICOMMENT" valueType="java.lang.String" create="true"/>
    </entity>
    <!--Элемент простого справочника «Тип отношения к договору в CreditRegistry» -->
    <entity name="REF_REFITEM" id="3008106" createMethod="admReferenceItemAdd" getMethod="admReferenceItems" createKeyParam="REFITEMID" getKeyParam="REFITEMID" service="adminws">
        <attribute name="REFERENCEID" valueType="java.lang.Long" create="true" search="true" entityID="200310077"/>
        <attribute name="CODE" valueType="java.lang.String" postSearch="true" create="true">3</attribute>
        <attribute name="LOCALE" valueType="java.lang.String" create="true" search="true">ru</attribute>
        <attribute name="SHORTVALUE" valueType="java.lang.String">Авторизованный пользователь</attribute>
        <attribute name="FULLVALUE" valueType="java.lang.String"/>
        <attribute name="RICOMMENT" valueType="java.lang.String"/>
    </entity>

    <!--Локаль элемента простого справочника «Тип отношения к договору в CreditRegistry» -->
    <entity name="REF_REFITEMLNG" id="4008106" getMethod="admReferenceItemLngByID" createMethod="admReferenceItemAddLng" createKeyParam="SHORTVALUE" getKeyParam="SHORTVALUE" updateMethod="admReferenceItemUpdateLng"  service="adminws" silent="true">
        <attribute name="CharLocale" valueType="java.lang.String" create="true" search="true">ru        </attribute>
        <attribute name="LOCALE" valueType="java.lang.String" create="true" search="true">ru</attribute>
        <attribute name="REFITEMID" valueType="java.lang.Long" search="true" create="true" entityID="3008106"/>
        <attribute name="SHORTVALUE" valueType="java.lang.String" create="true" postSearch="true">Авторизованный пользователь</attribute>
        <attribute name="FULLVALUE" valueType="java.lang.String" create="true"/>
        <attribute name="RICOMMENT" valueType="java.lang.String" create="true"/>
    </entity>
	
	    <!--Элемент простого справочника «Тип отношения к договору в CreditRegistry» -->
    <entity name="REF_REFITEM" id="3008107" createMethod="admReferenceItemAdd" getMethod="admReferenceItems" createKeyParam="REFITEMID" getKeyParam="REFITEMID" service="adminws">
        <attribute name="REFERENCEID" valueType="java.lang.Long" create="true" search="true" entityID="200310077"/>
        <attribute name="CODE" valueType="java.lang.String" postSearch="true" create="true">4</attribute>
        <attribute name="LOCALE" valueType="java.lang.String" create="true" search="true">ru</attribute>
        <attribute name="SHORTVALUE" valueType="java.lang.String">Совместный</attribute>
        <attribute name="FULLVALUE" valueType="java.lang.String"/>
        <attribute name="RICOMMENT" valueType="java.lang.String"/>
    </entity>

    <!--Локаль элемента простого справочника «Тип отношения к договору в CreditRegistry» -->
    <entity name="REF_REFITEMLNG" id="4008107" getMethod="admReferenceItemLngByID" createMethod="admReferenceItemAddLng" createKeyParam="SHORTVALUE" getKeyParam="SHORTVALUE" updateMethod="admReferenceItemUpdateLng"  service="adminws" silent="true">
        <attribute name="CharLocale" valueType="java.lang.String" create="true" search="true">ru        </attribute>
        <attribute name="LOCALE" valueType="java.lang.String" create="true" search="true">ru</attribute>
        <attribute name="REFITEMID" valueType="java.lang.Long" search="true" create="true" entityID="3008107"/>
        <attribute name="SHORTVALUE" valueType="java.lang.String" create="true" postSearch="true">Совместный</attribute>
        <attribute name="FULLVALUE" valueType="java.lang.String" create="true"/>
        <attribute name="RICOMMENT" valueType="java.lang.String" create="true"/>
    </entity>
	
	    <!--Элемент простого справочника «Тип отношения к договору в CreditRegistry» -->
    <entity name="REF_REFITEM" id="3008108" createMethod="admReferenceItemAdd" getMethod="admReferenceItems" createKeyParam="REFITEMID" getKeyParam="REFITEMID" service="adminws">
        <attribute name="REFERENCEID" valueType="java.lang.Long" create="true" search="true" entityID="200310077"/>
        <attribute name="CODE" valueType="java.lang.String" postSearch="true" create="true">5</attribute>
        <attribute name="LOCALE" valueType="java.lang.String" create="true" search="true">ru</attribute>
        <attribute name="SHORTVALUE" valueType="java.lang.String">Поручитель</attribute>
        <attribute name="FULLVALUE" valueType="java.lang.String"/>
        <attribute name="RICOMMENT" valueType="java.lang.String"/>
    </entity>

    <!--Локаль элемента простого справочника «Тип отношения к договору в CreditRegistry» -->
    <entity name="REF_REFITEMLNG" id="4008108" getMethod="admReferenceItemLngByID" createMethod="admReferenceItemAddLng" createKeyParam="SHORTVALUE" getKeyParam="SHORTVALUE" updateMethod="admReferenceItemUpdateLng"  service="adminws" silent="true">
        <attribute name="CharLocale" valueType="java.lang.String" create="true" search="true">ru        </attribute>
        <attribute name="LOCALE" valueType="java.lang.String" create="true" search="true">ru</attribute>
        <attribute name="REFITEMID" valueType="java.lang.Long" search="true" create="true" entityID="3008108"/>
        <attribute name="SHORTVALUE" valueType="java.lang.String" create="true" postSearch="true">Поручитель</attribute>
        <attribute name="FULLVALUE" valueType="java.lang.String" create="true"/>
        <attribute name="RICOMMENT" valueType="java.lang.String" create="true"/>
    </entity>
	
	<!--Элемент простого справочника «Тип отношения к договору в CreditRegistry» -->
    <entity name="REF_REFITEM" id="3008109" createMethod="admReferenceItemAdd" getMethod="admReferenceItems" createKeyParam="REFITEMID" getKeyParam="REFITEMID" service="adminws">
        <attribute name="REFERENCEID" valueType="java.lang.Long" create="true" search="true" entityID="200310077"/>
        <attribute name="CODE" valueType="java.lang.String" postSearch="true" create="true">6</attribute>
        <attribute name="LOCALE" valueType="java.lang.String" create="true" search="true">ru</attribute>
        <attribute name="SHORTVALUE" valueType="java.lang.String">Залогодатель</attribute>
        <attribute name="FULLVALUE" valueType="java.lang.String"/>
        <attribute name="RICOMMENT" valueType="java.lang.String"/>
    </entity>

    <!--Локаль элемента простого справочника «Тип отношения к договору в CreditRegistry» -->
    <entity name="REF_REFITEMLNG" id="4008109" getMethod="admReferenceItemLngByID" createMethod="admReferenceItemAddLng" createKeyParam="SHORTVALUE" getKeyParam="SHORTVALUE" updateMethod="admReferenceItemUpdateLng"  service="adminws" silent="true">
        <attribute name="CharLocale" valueType="java.lang.String" create="true" search="true">ru        </attribute>
        <attribute name="LOCALE" valueType="java.lang.String" create="true" search="true">ru</attribute>
        <attribute name="REFITEMID" valueType="java.lang.Long" search="true" create="true" entityID="3008109"/>
        <attribute name="SHORTVALUE" valueType="java.lang.String" create="true" postSearch="true">Залогодатель</attribute>
        <attribute name="FULLVALUE" valueType="java.lang.String" create="true"/>
        <attribute name="RICOMMENT" valueType="java.lang.String" create="true"/>
    </entity>
	
	<!--Элемент простого справочника «Тип отношения к договору в CreditRegistry» -->
    <entity name="REF_REFITEM" id="3008110" createMethod="admReferenceItemAdd" getMethod="admReferenceItems" createKeyParam="REFITEMID" getKeyParam="REFITEMID" service="adminws">
        <attribute name="REFERENCEID" valueType="java.lang.Long" create="true" search="true" entityID="200310077"/>
        <attribute name="CODE" valueType="java.lang.String" postSearch="true" create="true">7</attribute>
        <attribute name="LOCALE" valueType="java.lang.String" create="true" search="true">ru</attribute>
        <attribute name="SHORTVALUE" valueType="java.lang.String">Конкурсный управляющий</attribute>
        <attribute name="FULLVALUE" valueType="java.lang.String"/>
        <attribute name="RICOMMENT" valueType="java.lang.String"/>
    </entity>

    <!--Локаль элемента простого справочника «Тип отношения к договору в CreditRegistry» -->
    <entity name="REF_REFITEMLNG" id="4008110" getMethod="admReferenceItemLngByID" createMethod="admReferenceItemAddLng" createKeyParam="SHORTVALUE" getKeyParam="SHORTVALUE" updateMethod="admReferenceItemUpdateLng"  service="adminws" silent="true">
        <attribute name="CharLocale" valueType="java.lang.String" create="true" search="true">ru        </attribute>
        <attribute name="LOCALE" valueType="java.lang.String" create="true" search="true">ru</attribute>
        <attribute name="REFITEMID" valueType="java.lang.Long" search="true" create="true" entityID="3008110"/>
        <attribute name="SHORTVALUE" valueType="java.lang.String" create="true" postSearch="true">Конкурсный управляющий</attribute>
        <attribute name="FULLVALUE" valueType="java.lang.String" create="true"/>
        <attribute name="RICOMMENT" valueType="java.lang.String" create="true"/>
    </entity>

	<!--Элемент простого справочника «Тип отношения к договору в CreditRegistry» -->
    <entity name="REF_REFITEM" id="3008111" createMethod="admReferenceItemAdd" getMethod="admReferenceItems" createKeyParam="REFITEMID" getKeyParam="REFITEMID" service="adminws">
        <attribute name="REFERENCEID" valueType="java.lang.Long" create="true" search="true" entityID="200310077"/>
        <attribute name="CODE" valueType="java.lang.String" postSearch="true" create="true">8</attribute>
        <attribute name="LOCALE" valueType="java.lang.String" create="true" search="true">ru</attribute>
        <attribute name="SHORTVALUE" valueType="java.lang.String">Принципал</attribute>
        <attribute name="FULLVALUE" valueType="java.lang.String"/>
        <attribute name="RICOMMENT" valueType="java.lang.String"/>
    </entity>

    <!--Локаль элемента простого справочника «Тип отношения к договору в CreditRegistry» -->
    <entity name="REF_REFITEMLNG" id="4008111" getMethod="admReferenceItemLngByID" createMethod="admReferenceItemAddLng" createKeyParam="SHORTVALUE" getKeyParam="SHORTVALUE" updateMethod="admReferenceItemUpdateLng"  service="adminws" silent="true">
        <attribute name="CharLocale" valueType="java.lang.String" create="true" search="true">ru        </attribute>
        <attribute name="LOCALE" valueType="java.lang.String" create="true" search="true">ru</attribute>
        <attribute name="REFITEMID" valueType="java.lang.Long" search="true" create="true" entityID="3008111"/>
        <attribute name="SHORTVALUE" valueType="java.lang.String" create="true" postSearch="true">Принципал</attribute>
        <attribute name="FULLVALUE" valueType="java.lang.String" create="true"/>
        <attribute name="RICOMMENT" valueType="java.lang.String" create="true"/>
    </entity>	
	
	<!--Элемент простого справочника «Тип отношения к договору в CreditRegistry» -->
    <entity name="REF_REFITEM" id="3008112" createMethod="admReferenceItemAdd" getMethod="admReferenceItems" createKeyParam="REFITEMID" getKeyParam="REFITEMID" service="adminws">
        <attribute name="REFERENCEID" valueType="java.lang.Long" create="true" search="true" entityID="200310077"/>
        <attribute name="CODE" valueType="java.lang.String" postSearch="true" create="true">9</attribute>
        <attribute name="LOCALE" valueType="java.lang.String" create="true" search="true">ru</attribute>
        <attribute name="SHORTVALUE" valueType="java.lang.String">Юридическое лицо</attribute>
        <attribute name="FULLVALUE" valueType="java.lang.String"/>
        <attribute name="RICOMMENT" valueType="java.lang.String"/>
    </entity>

    <!--Локаль элемента простого справочника «Тип отношения к договору в CreditRegistry» -->
    <entity name="REF_REFITEMLNG" id="4008112" getMethod="admReferenceItemLngByID" createMethod="admReferenceItemAddLng" createKeyParam="SHORTVALUE" getKeyParam="SHORTVALUE" updateMethod="admReferenceItemUpdateLng"  service="adminws" silent="true">
        <attribute name="CharLocale" valueType="java.lang.String" create="true" search="true">ru        </attribute>
        <attribute name="LOCALE" valueType="java.lang.String" create="true" search="true">ru</attribute>
        <attribute name="REFITEMID" valueType="java.lang.Long" search="true" create="true" entityID="3008112"/>
        <attribute name="SHORTVALUE" valueType="java.lang.String" create="true" postSearch="true">Юридическое лицо</attribute>
        <attribute name="FULLVALUE" valueType="java.lang.String" create="true"/>
        <attribute name="RICOMMENT" valueType="java.lang.String" create="true"/>
    </entity>		
	
 </root>