<?xml version="1.0" encoding="UTF-8"?>
<root>
	<!-- Общее для всех модулей -->
	<entity name="AUTO_PK_SUPPORT" id="0" createMethod="setAutoPkSupportValues" getMethod="" createKeyParam="Result" getKeyParam="" service="">
		<attribute name="CORE_PROCESSTYPE" valueType="java.lang.String">PROCESSTYPEID</attribute>
		<attribute name="DMS_CHECK" valueType="java.lang.String">CHECKID</attribute>
		<attribute name="FRNT_SMREF" valueType="java.lang.String">REFID</attribute>
	</entity>
	
	<!-- Проект -->

	<entity name="CORE_PROJECT" id="1" createMethod="admProjectAdd" getMethod="admProjectBySysname" additionalProcessMethod="admProjectBySysname" processKeyParam="PROJECTID" createKeyParam="PROJECTID" getKeyParam="PROJECTID" service="adminws">
		<attribute name="PROJECTSYSNAME" valueType="java.lang.String" create="true" process="true" search="true">FTDS</attribute>
		<attribute name="PROJECTNAME" valueType="java.lang.String">FLEXTERA "Поддержка принятия решения"</attribute>
		<attribute name="METADATAURL" valueType="java.lang.String">D:\METADATA\TEST\dms\</attribute>
		<attribute name="USERMETADATAURL" valueType="java.lang.String">D:\METADATA\TEST\dms\</attribute>
	</entity>
	
	<!-- Процессы	-->
	
	<entity name="CORE_PROCESSTYPE" id="20" createMethod="shdaddjobtype" getMethod="shdJobTypes" createKeyParam="Result" getKeyParam="PROCESSTYPEID" service="corews">
		<attribute name="PROJECTSYSNAME" valueType="java.lang.String" search="true">FTDS</attribute>
		<attribute name="PROCTYPENAME" valueType="java.lang.String" create="true" search="true">dmsCheckWorkPermitsSendFMS</attribute>
		<attribute name="PROCFILE" valueType="java.lang.String">dmsCheckWorkPermitsSendFMS</attribute>
		<attribute name="DESCRIPTION" valueType="java.lang.String">Запрос данных о разрешениях на работу ИГ или ЛБГ</attribute>
		<attribute name="PROJECTID" valueType="java.lang.Long" create="true" search="true" entityID="1"/>
	</entity>	
	
	<entity name="CORE_PROCESSTYPE" id="21" createMethod="shdaddjobtype" getMethod="shdJobTypes" createKeyParam="Result" getKeyParam="PROCESSTYPEID" service="corews">
		<attribute name="PROJECTSYSNAME" valueType="java.lang.String" search="true">FTDS</attribute>
		<attribute name="PROCTYPENAME" valueType="java.lang.String" create="true" search="true">dmsCheckWorkPermitsResultFMS</attribute>
		<attribute name="PROCFILE" valueType="java.lang.String">dmsCheckWorkPermitsResultFMS</attribute>
		<attribute name="DESCRIPTION" valueType="java.lang.String">Получение данных о разрешениях на работу ИГ или ЛБГ</attribute>
		<attribute name="PROJECTID" valueType="java.lang.Long" create="true" search="true" entityID="1"/>
	</entity>
	
	<entity name="CORE_PROCESSTYPE" id="22" createMethod="shdaddjobtype" getMethod="shdJobTypes" createKeyParam="Result" getKeyParam="PROCESSTYPEID" service="corews">
		<attribute name="PROJECTSYSNAME" valueType="java.lang.String" search="true">FTDS</attribute>
		<attribute name="PROCTYPENAME" valueType="java.lang.String" create="true" search="true">dmsCheckExecProcInfoSendFSSP</attribute>
		<attribute name="PROCFILE" valueType="java.lang.String">dmsCheckExecProcInfoSendFSSP</attribute>
		<attribute name="DESCRIPTION" valueType="java.lang.String">Запрос данных о наличии иcполнительных производств</attribute>
		<attribute name="PROJECTID" valueType="java.lang.Long" create="true" search="true" entityID="1"/>
	</entity>	
	
	<entity name="CORE_PROCESSTYPE" id="23" createMethod="shdaddjobtype" getMethod="shdJobTypes" createKeyParam="Result" getKeyParam="PROCESSTYPEID" service="corews">
		<attribute name="PROJECTSYSNAME" valueType="java.lang.String" search="true">FTDS</attribute>
		<attribute name="PROCTYPENAME" valueType="java.lang.String" create="true" search="true">dmsCheckExecProcInfoResultFSSP</attribute>
		<attribute name="PROCFILE" valueType="java.lang.String">dmsCheckExecProcInfoResultFSSP</attribute>
		<attribute name="DESCRIPTION" valueType="java.lang.String">Получение информации об исполнительных производствах</attribute>
		<attribute name="PROJECTID" valueType="java.lang.Long" create="true" search="true" entityID="1"/>
	</entity>
	
	<!-- Типы проверок -->

	<entity name="DMS_CHECKTYPE" id="2328" createMethod="checkTypeCreate" getMethod="checkTypeGetByIdOrSysname" createKeyParam="CHECKTYPEID" getKeyParam="CHECKTYPEID" service="dmsws" isIntService="true">
		<attribute name="TYPESYSNAME" valueType="java.lang.String" create="true" search="true">subjDemands</attribute>
		<attribute name="TYPENAME" valueType="java.lang.String" create="true">Требования к субъекту</attribute>
		<attribute name="DESCRIPTION" valueType="java.lang.String" create="true">Требования к субъекту</attribute>
	</entity>
	
	<!-- Проверки -->
	<!-- Запрос данных о разрешениях на работу ИГ или ЛБГ -->
	<entity name="DMS_CHECK" id="2329" createMethod="checkCreate" getMethod="checkGetByIdOrSysname" createKeyParam="CHECKID" getKeyParam="CHECKID" service="dmsws" isIntService="true">
		<attribute name="CHECKTYPEID" valueType="java.lang.Long" create="true" search="true" entityID="2328"/>
		<attribute name="OBJECTTYPEID" valueType="java.lang.Long" create="true">50000</attribute>
		<attribute name="CHECKNAME" valueType="java.lang.String" create="true">Запрос данных о разрешениях на работу ИГ или ЛБГ</attribute>
		<attribute name="CHECKSYSNAME" valueType="java.lang.String" create="true" search="true">checkFMSRequestForeigners</attribute>
		<attribute name="RULELINK" valueType="java.lang.String" create="true">dmsCheckWorkPermitsSendFMS</attribute>
		<attribute name="RULETYPE" valueType="java.lang.Integer" create="true">2</attribute>
		<attribute name="EXPIRATIONTERM" valueType="java.lang.Integer" create="true">36</attribute>
		<attribute name="MULTIFLAG" valueType="java.lang.Integer" create="true">0</attribute>
	</entity>

	<entity name="DMS_CHECK" id="2330" createMethod="checkCreate" getMethod="checkGetByIdOrSysname" createKeyParam="CHECKID" getKeyParam="CHECKID" service="dmsws" isIntService="true">
		<attribute name="CHECKTYPEID" valueType="java.lang.Long" create="true" search="true" entityID="2328"/>
		<attribute name="OBJECTTYPEID" valueType="java.lang.Long" create="true">2002</attribute>
		<attribute name="CHECKNAME" valueType="java.lang.String" create="true">Запрос данных о разрешениях на работу ИГ или ЛБГ (созаемщик)</attribute>
		<attribute name="CHECKSYSNAME" valueType="java.lang.String" create="true" search="true">codebtorCheckFMSRequestForeigners</attribute>
		<attribute name="RULELINK" valueType="java.lang.String" create="true">dmsCheckWorkPermitsSendFMS</attribute>
		<attribute name="RULETYPE" valueType="java.lang.Integer" create="true">2</attribute>
		<attribute name="EXPIRATIONTERM" valueType="java.lang.Integer" create="true">36</attribute>
		<attribute name="MULTIFLAG" valueType="java.lang.Integer" create="true">1</attribute>
	</entity>

	<entity name="DMS_CHECK" id="2331" createMethod="checkCreate" getMethod="checkGetByIdOrSysname" createKeyParam="CHECKID" getKeyParam="CHECKID" service="dmsws" isIntService="true">
		<attribute name="CHECKTYPEID" valueType="java.lang.Long" create="true" search="true" entityID="2328"/>
		<attribute name="OBJECTTYPEID" valueType="java.lang.Long" create="true">2003</attribute>
		<attribute name="CHECKNAME" valueType="java.lang.String" create="true">Запрос данных о разрешениях на работу ИГ или ЛБГ (поручитель)</attribute>
		<attribute name="CHECKSYSNAME" valueType="java.lang.String" create="true" search="true">warrantorCheckFMSRequestForeigners</attribute>
		<attribute name="RULELINK" valueType="java.lang.String" create="true">dmsCheckWorkPermitsSendFMS</attribute>
		<attribute name="RULETYPE" valueType="java.lang.Integer" create="true">2</attribute>
		<attribute name="EXPIRATIONTERM" valueType="java.lang.Integer" create="true">36</attribute>
		<attribute name="MULTIFLAG" valueType="java.lang.Integer" create="true">1</attribute>
	</entity>
	
	<!-- Получение данных о разрешениях на работу ИГ или ЛБГ -->
	<entity name="DMS_CHECK" id="2332" createMethod="checkCreate" getMethod="checkGetByIdOrSysname" createKeyParam="CHECKID" getKeyParam="CHECKID" service="dmsws" isIntService="true">
		<attribute name="CHECKTYPEID" valueType="java.lang.Long" create="true" search="true" entityID="2328"/>
		<attribute name="OBJECTTYPEID" valueType="java.lang.Long" create="true">50000</attribute>
		<attribute name="CHECKNAME" valueType="java.lang.String" create="true">Получение данных о разрешениях на работу ИГ или ЛБГ</attribute>
		<attribute name="CHECKSYSNAME" valueType="java.lang.String" create="true" search="true">checkFMSGetTaskResult</attribute>
		<attribute name="RULELINK" valueType="java.lang.String" create="true">dmsCheckWorkPermitsResultFMS</attribute>
		<attribute name="RULETYPE" valueType="java.lang.Integer" create="true">2</attribute>
		<attribute name="EXPIRATIONTERM" valueType="java.lang.Integer" create="true">36</attribute>
		<attribute name="MULTIFLAG" valueType="java.lang.Integer" create="true">0</attribute>
	</entity>

	<entity name="DMS_CHECK" id="2333" createMethod="checkCreate" getMethod="checkGetByIdOrSysname" createKeyParam="CHECKID" getKeyParam="CHECKID" service="dmsws" isIntService="true">
		<attribute name="CHECKTYPEID" valueType="java.lang.Long" create="true" search="true" entityID="2328"/>
		<attribute name="OBJECTTYPEID" valueType="java.lang.Long" create="true">2002</attribute>
		<attribute name="CHECKNAME" valueType="java.lang.String" create="true">Получение данных о разрешениях на работу ИГ или ЛБГ (созаемщик)</attribute>
		<attribute name="CHECKSYSNAME" valueType="java.lang.String" create="true" search="true">codebtorCheckFMSGetTaskResult</attribute>
		<attribute name="RULELINK" valueType="java.lang.String" create="true">dmsCheckWorkPermitsResultFMS</attribute>
		<attribute name="RULETYPE" valueType="java.lang.Integer" create="true">2</attribute>
		<attribute name="EXPIRATIONTERM" valueType="java.lang.Integer" create="true">36</attribute>
		<attribute name="MULTIFLAG" valueType="java.lang.Integer" create="true">1</attribute>
	</entity>

	<entity name="DMS_CHECK" id="2334" createMethod="checkCreate" getMethod="checkGetByIdOrSysname" createKeyParam="CHECKID" getKeyParam="CHECKID" service="dmsws" isIntService="true">
		<attribute name="CHECKTYPEID" valueType="java.lang.Long" create="true" search="true" entityID="2328"/>
		<attribute name="OBJECTTYPEID" valueType="java.lang.Long" create="true">2003</attribute>
		<attribute name="CHECKNAME" valueType="java.lang.String" create="true">Получение данных о разрешениях на работу ИГ или ЛБГ (поручитель)</attribute>
		<attribute name="CHECKSYSNAME" valueType="java.lang.String" create="true" search="true">warrantorCheckFMSGetTaskResult</attribute>
		<attribute name="RULELINK" valueType="java.lang.String" create="true">dmsCheckWorkPermitsResultFMS</attribute>
		<attribute name="RULETYPE" valueType="java.lang.Integer" create="true">2</attribute>
		<attribute name="EXPIRATIONTERM" valueType="java.lang.Integer" create="true">36</attribute>
		<attribute name="MULTIFLAG" valueType="java.lang.Integer" create="true">1</attribute>
	</entity>
	
	<!--Запрос данных о наличии иcполнительных производств -->
	<entity name="DMS_CHECK" id="2335" createMethod="checkCreate" getMethod="checkGetByIdOrSysname" createKeyParam="CHECKID" getKeyParam="CHECKID" service="dmsws" isIntService="true">
		<attribute name="CHECKTYPEID" valueType="java.lang.Long" create="true" search="true" entityID="2328"/>
		<attribute name="OBJECTTYPEID" valueType="java.lang.Long" create="true">50000</attribute>
		<attribute name="CHECKNAME" valueType="java.lang.String" create="true">Запрос данных о наличии иcполнительных производств</attribute>
		<attribute name="CHECKSYSNAME" valueType="java.lang.String" create="true" search="true">checkFSSPExecuteSend</attribute>
		<attribute name="RULELINK" valueType="java.lang.String" create="true">dmsCheckExecProcInfoSendFSSP</attribute>
		<attribute name="RULETYPE" valueType="java.lang.Integer" create="true">2</attribute>
		<attribute name="EXPIRATIONTERM" valueType="java.lang.Integer" create="true">36</attribute>
		<attribute name="MULTIFLAG" valueType="java.lang.Integer" create="true">0</attribute>
	</entity>

	<entity name="DMS_CHECK" id="2336" createMethod="checkCreate" getMethod="checkGetByIdOrSysname" createKeyParam="CHECKID" getKeyParam="CHECKID" service="dmsws" isIntService="true">
		<attribute name="CHECKTYPEID" valueType="java.lang.Long" create="true" search="true" entityID="2328"/>
		<attribute name="OBJECTTYPEID" valueType="java.lang.Long" create="true">2002</attribute>
		<attribute name="CHECKNAME" valueType="java.lang.String" create="true">Запрос данных о наличии иcполнительных производств (созаемщик)</attribute>
		<attribute name="CHECKSYSNAME" valueType="java.lang.String" create="true" search="true">codebtorCheckFSSPExecuteSend</attribute>
		<attribute name="RULELINK" valueType="java.lang.String" create="true">dmsCheckExecProcInfoSendFSSP</attribute>
		<attribute name="RULETYPE" valueType="java.lang.Integer" create="true">2</attribute>
		<attribute name="EXPIRATIONTERM" valueType="java.lang.Integer" create="true">36</attribute>
		<attribute name="MULTIFLAG" valueType="java.lang.Integer" create="true">1</attribute>
	</entity>

	<entity name="DMS_CHECK" id="2337" createMethod="checkCreate" getMethod="checkGetByIdOrSysname" createKeyParam="CHECKID" getKeyParam="CHECKID" service="dmsws" isIntService="true">
		<attribute name="CHECKTYPEID" valueType="java.lang.Long" create="true" search="true" entityID="2328"/>
		<attribute name="OBJECTTYPEID" valueType="java.lang.Long" create="true">2003</attribute>
		<attribute name="CHECKNAME" valueType="java.lang.String" create="true">Запрос данных о наличии иcполнительных производств (поручитель)</attribute>
		<attribute name="CHECKSYSNAME" valueType="java.lang.String" create="true" search="true">warrantorCheckFSSPExecuteSend</attribute>
		<attribute name="RULELINK" valueType="java.lang.String" create="true">dmsCheckExecProcInfoSendFSSP</attribute>
		<attribute name="RULETYPE" valueType="java.lang.Integer" create="true">2</attribute>
		<attribute name="EXPIRATIONTERM" valueType="java.lang.Integer" create="true">36</attribute>
		<attribute name="MULTIFLAG" valueType="java.lang.Integer" create="true">1</attribute>
	</entity>
	
	<!--Получение информации об исполнительных производствах -->
	<entity name="DMS_CHECK" id="2338" createMethod="checkCreate" getMethod="checkGetByIdOrSysname" createKeyParam="CHECKID" getKeyParam="CHECKID" service="dmsws" isIntService="true">
		<attribute name="CHECKTYPEID" valueType="java.lang.Long" create="true" search="true" entityID="2328"/>
		<attribute name="OBJECTTYPEID" valueType="java.lang.Long" create="true">50000</attribute>
		<attribute name="CHECKNAME" valueType="java.lang.String" create="true">Получение информации об исполнительных производствах</attribute>
		<attribute name="CHECKSYSNAME" valueType="java.lang.String" create="true" search="true">checkFSSPExecProcInfo</attribute>
		<attribute name="RULELINK" valueType="java.lang.String" create="true">dmsCheckExecProcInfoResultFSSP</attribute>
		<attribute name="RULETYPE" valueType="java.lang.Integer" create="true">2</attribute>
		<attribute name="EXPIRATIONTERM" valueType="java.lang.Integer" create="true">36</attribute>
		<attribute name="MULTIFLAG" valueType="java.lang.Integer" create="true">0</attribute>
	</entity>

	<entity name="DMS_CHECK" id="2339" createMethod="checkCreate" getMethod="checkGetByIdOrSysname" createKeyParam="CHECKID" getKeyParam="CHECKID" service="dmsws" isIntService="true">
		<attribute name="CHECKTYPEID" valueType="java.lang.Long" create="true" search="true" entityID="2328"/>
		<attribute name="OBJECTTYPEID" valueType="java.lang.Long" create="true">2002</attribute>
		<attribute name="CHECKNAME" valueType="java.lang.String" create="true">Получение информации об исполнительных производствах (созаемщик)</attribute>
		<attribute name="CHECKSYSNAME" valueType="java.lang.String" create="true" search="true">codebtorCheckFSSPExecProcInfo</attribute>
		<attribute name="RULELINK" valueType="java.lang.String" create="true">dmsCheckExecProcInfoResultFSSP</attribute>
		<attribute name="RULETYPE" valueType="java.lang.Integer" create="true">2</attribute>
		<attribute name="EXPIRATIONTERM" valueType="java.lang.Integer" create="true">36</attribute>
		<attribute name="MULTIFLAG" valueType="java.lang.Integer" create="true">1</attribute>
	</entity>

	<entity name="DMS_CHECK" id="2340" createMethod="checkCreate" getMethod="checkGetByIdOrSysname" createKeyParam="CHECKID" getKeyParam="CHECKID" service="dmsws" isIntService="true">
		<attribute name="CHECKTYPEID" valueType="java.lang.Long" create="true" search="true" entityID="2328"/>
		<attribute name="OBJECTTYPEID" valueType="java.lang.Long" create="true">2003</attribute>
		<attribute name="CHECKNAME" valueType="java.lang.String" create="true">Получение информации об исполнительных производствах (поручитель)</attribute>
		<attribute name="CHECKSYSNAME" valueType="java.lang.String" create="true" search="true">warrantorCheckFSSPExecProcInfo</attribute>
		<attribute name="RULELINK" valueType="java.lang.String" create="true">dmsCheckExecProcInfoResultFSSP</attribute>
		<attribute name="RULETYPE" valueType="java.lang.Integer" create="true">2</attribute>
		<attribute name="EXPIRATIONTERM" valueType="java.lang.Integer" create="true">36</attribute>
		<attribute name="MULTIFLAG" valueType="java.lang.Integer" create="true">1</attribute>
	</entity>
	
	<!--  Машина состояний (справочник состояний и переходов) --> 
	<entity name="FRNT_SMREF" id="3000" createMethod="smReferenceStateCreate" getMethod="smReferenceStateGetListByParams" createKeyParam="REFID" getKeyParam="REFID" service="frontws2" isExtService="true">
		<attribute name="SYSNAME" valueType="java.lang.String" create="true" search="true">gettingDataSMEV</attribute>
		<attribute name="NAME" valueType="java.lang.String" create="true">Получение данных из СМЭВ</attribute>
		<attribute name="REFTYPE" valueType="java.lang.String" create="true" search="true">STATE</attribute>
	</entity>

</root>	