<?xml version="1.0" encoding="UTF-8"?>
<root>
	
	<entity name="CRM_PARTICIPANT" id="1" createMethod="companyCreate" getMethod="companyGetListByParams" createKeyParam="PARTICIPANTID" getKeyParam="PARTICIPANTID" service="crmws">
		<attribute name="SHORTNAME" valueType="java.lang.String" create="true" search="true">(Демо) Головная компания</attribute>
		<attribute name="FULLNAME" valueType="java.lang.String" create="true" search="true">(Демо) Головная компания</attribute>
		<attribute name="BRIEFNAME" valueType="java.lang.String" create="true" search="true">(Демо) Головная компания</attribute>
		<attribute name="CREATIONDATE" valueType="java.util.Date" create="true">41232</attribute>
		<attribute name="PARTICIPANTTYPE" valueType="java.lang.Integer" create="true" search="true">2</attribute>
		<attribute name="ISCLIENT" valueType="java.lang.Integer" create="true">0</attribute>
		<attribute name="ISTAXRESIDENT" valueType="java.lang.Integer" create="true">1</attribute>
		<attribute name="RESCOUNTRY" valueType="java.lang.Long" create="true">0</attribute>
		<attribute name="STATEID" valueType="java.lang.Long" create="true">1000</attribute>
	</entity>	
	
	<entity name="CRM_PARTICIPANT" id="10" createMethod="personCreate" getMethod="personGetListByParams" createKeyParam="PARTICIPANTID" getKeyParam="PARTICIPANTID" service="crmws">
		<attribute name="PARTICIPANTTYPE" valueType="java.lang.String" create="true" search="true">1</attribute>
		<attribute name="ISCLIENT" valueType="java.lang.String" create="true" search="true">0</attribute>
		<attribute name="BRIEFNAME" valueType="java.lang.String" create="true" search="true">Подписантов И.С.</attribute>
		<attribute name="CREATIONDATE" valueType="java.util.Date" create="true" search="true">41232</attribute>
		<attribute name="LASTNAME" valueType="java.lang.String" create="true" search="true">Подписантов</attribute>
		<attribute name="FIRSTNAME" valueType="java.lang.String" create="true" search="true">Иван</attribute>
		<attribute name="MIDDLENAME" valueType="java.lang.String" create="true" search="true">Сергей</attribute>
		<attribute name="GENDER" valueType="java.lang.String" create="true" search="true">0</attribute>
	</entity>

	
	<!-- Орг структура -->

	<entity name="DEP_DEPARTMENT" id="2" createMethod="depStructureAdd" getMethod="dsDepartmentBrowseListBaseAttribByParam" createKeyParam="Result" getKeyParam="DepartmentID" service="adminws">
		<attribute name="DepartmentBrief" valueType="java.lang.String" search="true">(Демо) Головная компания</attribute>
		<attribute name="PARENTDEPARTMENT" valueType="java.lang.Long" create="true">0</attribute>
		<attribute name="DEPTLEVEL" valueType="java.lang.Long" create="true">6</attribute>
		<attribute name="DEPTCODE" valueType="java.lang.String" create="true">DM</attribute>
		<attribute name="DEPTSHORTNAME" valueType="java.lang.String" create="true">(Демо) Головная компания</attribute>
		<attribute name="DEPTFULLNAME" valueType="java.lang.String" create="true">(Демо) Головная компания</attribute>
		<attribute name="DEPUSELINK" valueType="java.lang.Long" create="true">0</attribute>
		<attribute name="DEPPHONE" valueType="java.lang.String" create="true"></attribute>
		<attribute name="DEPMAIL" valueType="java.lang.String" create="true"></attribute>
		<attribute name="DEPPARENTTZ" valueType="java.lang.Long" create="true">0</attribute>
		<attribute name="ReturnAsHashMap" valueType="java.lang.Boolean" search="true">true</attribute>
		
	</entity>		

	<!-- Система -->

	<entity name="OBJ_EXTSYSTEM" id="3" createMethod="extSystemCreate" getMethod="extSystemGetByIdOrSysname" createKeyParam="EXTSYSTEMID" getKeyParam="EXTSYSTEMID" service="crmws">
		<attribute name="SYSNAME" valueType="java.lang.String" create="true" search="true">PLATFORM</attribute>
		<attribute name="FULLNAME" valueType="java.lang.String" create="true">PLATFORM</attribute>
		<attribute name="DESCRIPTION" valueType="java.lang.String" create="true"></attribute>
	</entity>

	<!-- Связь -->
	
	<entity name="OBJ_EXTOBJECLINK" id="4" createMethod="extObjectLinkCreate" getMethod="extObjectLinkGetListByParams" createKeyParam="LINKID" getKeyParam="LINKID" service="crmws">
		<attribute name="EXTOBJTYPESYSNAME" valueType="java.lang.String" create="true" search="true">Branch</attribute>
		<attribute name="OBJTYPESYSNAME" valueType="java.lang.String" create="true" search="true">Branch</attribute>
		<attribute name="EXTSYSTEMSYSNAME" valueType="java.lang.String" create="true" search="true">PLATFORM</attribute>
		<attribute name="EXTOBJID" valueType="java.lang.String" create="true" search="true" entityID="1"/>
		<attribute name="OBJID" valueType="java.lang.String" create="true" search="true" entityID="2"/>
	</entity>	
	
	<entity name="CRM_LAWRELSHIPDOC" id="5" createMethod="lawRelshipDocCreate" getMethod="lawRelshipDocGetListByParams" createKeyParam="LAWRELSHIPDOCID" getKeyParam="LAWRELSHIPDOCID" service="crmws">
		<attribute name="LAWRELSHIPTYPEID" valueType="java.lang.String" create="true" search="true">1001</attribute>
		<attribute name="LAWRELSHIPDOCTYPESYSNAME" valueType="java.lang.String" create="true" >LetterOuter</attribute>
		
		<attribute name="SETTLORTID" valueType="java.lang.String" create="true" search="true" entityID="1"/>
		<attribute name="AUTHORIZEDID" valueType="java.lang.String" create="true" search="true" entityID="10"/>
		<attribute name="DOCNUMBER" valueType="java.lang.String" create="true" search="true" >123-123</attribute>
		<attribute name="ISSUEDATE" valueType="java.util.Date" create="true" search="true">41372</attribute>
		<attribute name="ISSUER" valueType="java.lang.String" create="true" search="true" >Иванов Иван Иванович</attribute>
		<attribute name="VALIDFROMDATE" valueType="java.util.Date" create="true" search="true">41372</attribute>
		<attribute name="VALIDTODATE" valueType="java.util.Date" create="true" search="true">42727</attribute>
		<attribute name="DESCRIPTION" valueType="java.lang.String" create="true" search="true" >поручительство</attribute>
		<attribute name="INNERNUBER" valueType="java.lang.String" create="true" search="true" >123123123123</attribute>
		<attribute name="STATUS" valueType="java.lang.String" create="true" search="true" >Действует</attribute>
		<attribute name="ISALLDOCS" valueType="java.lang.String" create="true" search="true" >1</attribute>
		<attribute name="REGISTERDATE" valueType="java.util.Date" create="true" search="true">41372</attribute>
		<attribute name="DEPARTMENTID" valueType="java.util.Date" create="true" search="true" entityID="2"/>
		<attribute name="ISLETTER" valueType="java.lang.String" create="true" search="true" >0</attribute>
		<attribute name="ONCEONLY" valueType="java.lang.String" create="true" search="true" >0</attribute>
		<attribute name="ISSIGNER" valueType="java.lang.String" create="true" search="true" >0</attribute>
	</entity>	
	
</root>