<?xml version="1.0" encoding="UTF-8"?>
<root>

	<entity silent="true" name="AUTO_PK_SUPPORT" id="0" createMethod="setAutoPkSupportValues" getMethod="setAutoPkSupportValues" createKeyParam="Result" getKeyParam="Result" service="crmws">
		<attribute name="CRM_PARTICIPANT" valueType="java.lang.String" create="true" search="true">PARTICIPANTID</attribute>
		<attribute name="CRM_CLS2OBJ" valueType="java.lang.String" create="true" search="true">OBJID</attribute>
		<attribute name="CRM_PAYENTRY" valueType="java.lang.String" create="true" search="true">PAYENTRYID</attribute>
	</entity>

	<!-- Группы классификаторов для УКБ -->
	
	<entity name="CLS_TYPE" id="1" createMethod="admclassifiertypeadd" getMethod="admclassifiertypelist" createKeyParam="Result" getKeyParam="CLSTYPEID" service="adminws">
		<attribute name="SEARCHCOLUMN" valueType="java.lang.String" search="true">SYSNAME</attribute>
		<attribute name="SEARCHTEXT" valueType="java.lang.String" search="true">CLIENTGROUP</attribute>
		<attribute name="SYSNAME" valueType="java.lang.String">CLIENTGROUP</attribute>
		<attribute name="NAME" valueType="java.lang.String">Группа клиентов 1</attribute>
	</entity>
	
	<!-- Классификаторы УКБ -->
	
	<entity name="CLS_CLS" id="3266" createMethod="admclassifiersave" getMethod="classifierFilterList" createKeyParam="CLSID" getKeyParam="CLSID" service="adminws">
		<attribute name="CLSTYPESYSNAME" valueType="java.lang.String" postSearch="true" search="true">CLIENTGROUP</attribute>
		<attribute name="SYSNAME" valueType="java.lang.String" create="true" postSearch="true" search="true">appraisalCompanies</attribute>
		<attribute name="NAME" valueType="java.lang.String" create="true">appraisalCompanies</attribute>
		<attribute name="CLSTYPEID" valueType="java.lang.Long" create="true" search="true" entityID="1"/>
		<attribute name="PARENTID" valueType="java.lang.Long" create="true">0</attribute>
		<attribute name="LEAF" valueType="java.lang.Integer" create="true">1</attribute>
	</entity>

	<entity name="CLS_CLS" id="3267" createMethod="admclassifiersave" getMethod="classifierFilterList" createKeyParam="CLSID" getKeyParam="CLSID" service="adminws">
		<attribute name="CLSTYPESYSNAME" valueType="java.lang.String" postSearch="true" search="true">CLIENTGROUP</attribute>
		<attribute name="SYSNAME" valueType="java.lang.String" create="true" postSearch="true" search="true">higherEducational</attribute>
		<attribute name="NAME" valueType="java.lang.String" create="true">higherEducational</attribute>
		<attribute name="CLSTYPEID" valueType="java.lang.Long" create="true" search="true" entityID="1"/>
		<attribute name="PARENTID" valueType="java.lang.Long" create="true">0</attribute>
		<attribute name="LEAF" valueType="java.lang.Integer" create="true">1</attribute>
	</entity>

	<entity name="CLS_CLS" id="3268" createMethod="admclassifiersave" getMethod="classifierFilterList" createKeyParam="CLSID" getKeyParam="CLSID" service="adminws">
		<attribute name="CLSTYPESYSNAME" valueType="java.lang.String" postSearch="true" search="true">CLIENTGROUP</attribute>
		<attribute name="SYSNAME" valueType="java.lang.String" create="true" postSearch="true" search="true">insurer</attribute>
		<attribute name="NAME" valueType="java.lang.String" create="true">insurer</attribute>
		<attribute name="CLSTYPEID" valueType="java.lang.Long" create="true" search="true" entityID="1"/>
		<attribute name="PARENTID" valueType="java.lang.Long" create="true">0</attribute>
		<attribute name="LEAF" valueType="java.lang.Integer" create="true">1</attribute>
	</entity>

	<entity name="CLS_CLS" id="3269" createMethod="admclassifiersave" getMethod="classifierFilterList" createKeyParam="CLSID" getKeyParam="CLSID" service="adminws">
		<attribute name="CLSTYPESYSNAME" valueType="java.lang.String" postSearch="true" search="true">CLIENTGROUP</attribute>
		<attribute name="SYSNAME" valueType="java.lang.String" create="true" postSearch="true" search="true">supplier</attribute>
		<attribute name="NAME" valueType="java.lang.String" create="true">supplier</attribute>
		<attribute name="CLSTYPEID" valueType="java.lang.Long" create="true" search="true" entityID="1"/>
		<attribute name="PARENTID" valueType="java.lang.Long" create="true">0</attribute>
		<attribute name="LEAF" valueType="java.lang.Integer" create="true">1</attribute>
	</entity>
	
	<!-- Проливка компаний для демонстрационных целей -->
	
	<entity name="CRM_PARTICIPANT" id="3270" createMethod="companyCreate" getMethod="companyGetListByParams" createKeyParam="PARTICIPANTID" getKeyParam="PARTICIPANTID" service="crmws">
		<attribute name="SHORTNAME" valueType="java.lang.String" create="true" search="true">(Демо) ВУЗ</attribute>
		<attribute name="FULLNAME" valueType="java.lang.String" create="true" search="true">(Демо) ВУЗ</attribute>
		<attribute name="BRIEFNAME" valueType="java.lang.String" create="true" search="true">(Демо) ВУЗ</attribute>
		<attribute name="CREATIONDATE" valueType="java.util.Date" create="true">41232</attribute>
		<attribute name="PARTICIPANTTYPE" valueType="java.lang.Integer" create="true" search="true">2</attribute>
		<attribute name="ISCLIENT" valueType="java.lang.Integer" create="true">0</attribute>
		<attribute name="ISTAXRESIDENT" valueType="java.lang.Integer" create="true">1</attribute>
		<attribute name="RESCOUNTRY" valueType="java.lang.Long" create="true">0</attribute>
		<attribute name="STATEID" valueType="java.lang.Long" create="true">1000</attribute>
	</entity>

	<entity name="CRM_PARTICIPANT" id="3271" createMethod="companyCreate" getMethod="companyGetListByParams" createKeyParam="PARTICIPANTID" getKeyParam="PARTICIPANTID" service="crmws">
		<attribute name="SHORTNAME" valueType="java.lang.String" create="true" search="true">(Демо) Страховая компания</attribute>
		<attribute name="FULLNAME" valueType="java.lang.String" create="true" search="true">(Демо) Страховая компания</attribute>
		<attribute name="BRIEFNAME" valueType="java.lang.String" create="true" search="true">(Демо) Страховая компания</attribute>
		<attribute name="CREATIONDATE" valueType="java.util.Date" create="true">41232</attribute>
		<attribute name="PARTICIPANTTYPE" valueType="java.lang.Integer" create="true" search="true">2</attribute>
		<attribute name="ISCLIENT" valueType="java.lang.Integer" create="true">0</attribute>
		<attribute name="ISTAXRESIDENT" valueType="java.lang.Integer" create="true">1</attribute>
		<attribute name="RESCOUNTRY" valueType="java.lang.Long" create="true">0</attribute>
		<attribute name="STATEID" valueType="java.lang.Long" create="true">1000</attribute>
	</entity>

	<entity name="CRM_PARTICIPANT" id="3272" createMethod="companyCreate" getMethod="companyGetListByParams" createKeyParam="PARTICIPANTID" getKeyParam="PARTICIPANTID" service="crmws">
		<attribute name="SHORTNAME" valueType="java.lang.String" create="true" search="true">(Демо) Дилер</attribute>
		<attribute name="FULLNAME" valueType="java.lang.String" create="true" search="true">(Демо) Дилер</attribute>
		<attribute name="BRIEFNAME" valueType="java.lang.String" create="true" search="true">(Демо) Дилер</attribute>
		<attribute name="CREATIONDATE" valueType="java.util.Date" create="true">41232</attribute>
		<attribute name="PARTICIPANTTYPE" valueType="java.lang.Integer" create="true" search="true">2</attribute>
		<attribute name="ISCLIENT" valueType="java.lang.Integer" create="true">0</attribute>
		<attribute name="ISTAXRESIDENT" valueType="java.lang.Integer" create="true">1</attribute>
		<attribute name="RESCOUNTRY" valueType="java.lang.Long" create="true">0</attribute>
		<attribute name="STATEID" valueType="java.lang.Long" create="true">1000</attribute>
	</entity>

	<entity name="CRM_PARTICIPANT" id="3273" createMethod="companyCreate" getMethod="companyGetListByParams" createKeyParam="PARTICIPANTID" getKeyParam="PARTICIPANTID" service="crmws">
		<attribute name="SHORTNAME" valueType="java.lang.String" create="true" search="true">(Демо) Оценочная компания</attribute>
		<attribute name="FULLNAME" valueType="java.lang.String" create="true" search="true">(Демо) Оценочная компания</attribute>
		<attribute name="BRIEFNAME" valueType="java.lang.String" create="true" search="true">(Демо) Оценочная компания</attribute>
		<attribute name="CREATIONDATE" valueType="java.util.Date" create="true">41232</attribute>
		<attribute name="PARTICIPANTTYPE" valueType="java.lang.Integer" create="true" search="true">2</attribute>
		<attribute name="ISCLIENT" valueType="java.lang.Integer" create="true">0</attribute>
		<attribute name="ISTAXRESIDENT" valueType="java.lang.Integer" create="true">1</attribute>
		<attribute name="RESCOUNTRY" valueType="java.lang.Long" create="true">0</attribute>
		<attribute name="STATEID" valueType="java.lang.Long" create="true">1000</attribute>
	</entity>
	
	<!-- Связь классификаторов и участников -->
	
	<entity name="CRM_CLS2OBJ" id="3274" createMethod="crmCls2ObjCreate" getMethod="crmCls2ObjGetListByParams" createKeyParam="OBJID" getKeyParam="OBJID" service="crmws">
		<attribute name="OBJID" valueType="java.lang.Long" create="true" search="true" entityID="3273"/>
		<attribute name="CLSSYSNAME" valueType="java.lang.String" create="true" search="true">appraisalCompanies</attribute>
		<attribute name="CLSTYPESYSNAME" valueType="java.lang.String" create="true" search="true">CLIENTGROUP</attribute>
	</entity>

	<entity name="CRM_CLS2OBJ" id="3275" createMethod="crmCls2ObjCreate" getMethod="crmCls2ObjGetListByParams" createKeyParam="OBJID" getKeyParam="OBJID" service="crmws">
		<attribute name="OBJID" valueType="java.lang.Long" create="true" search="true" entityID="3270"/>
		<attribute name="CLSSYSNAME" valueType="java.lang.String" create="true" search="true">higherEducational</attribute>
		<attribute name="CLSTYPESYSNAME" valueType="java.lang.String" create="true" search="true">CLIENTGROUP</attribute>
	</entity>

	<entity name="CRM_CLS2OBJ" id="3276" createMethod="crmCls2ObjCreate" getMethod="crmCls2ObjGetListByParams" createKeyParam="OBJID" getKeyParam="OBJID" service="crmws">
		<attribute name="OBJID" valueType="java.lang.Long" create="true" search="true" entityID="3271"/>
		<attribute name="CLSSYSNAME" valueType="java.lang.String" create="true" search="true">insurer</attribute>
		<attribute name="CLSTYPESYSNAME" valueType="java.lang.String" create="true" search="true">CLIENTGROUP</attribute>
	</entity>

	<entity name="CRM_CLS2OBJ" id="3277" createMethod="crmCls2ObjCreate" getMethod="crmCls2ObjGetListByParams" createKeyParam="OBJID" getKeyParam="OBJID" service="crmws">
		<attribute name="OBJID" valueType="java.lang.Long" create="true" search="true" entityID="3271"/>
		<attribute name="CLSSYSNAME" valueType="java.lang.String" create="true" search="true">insurer</attribute>
		<attribute name="CLSTYPESYSNAME" valueType="java.lang.String" create="true" search="true">CLIENTGROUP</attribute>
	</entity>

	<entity name="CRM_CLS2OBJ" id="3278" createMethod="crmCls2ObjCreate" getMethod="crmCls2ObjGetListByParams" createKeyParam="OBJID" getKeyParam="OBJID" service="crmws">
		<attribute name="OBJID" valueType="java.lang.Long" create="true" search="true" entityID="3272"/>
		<attribute name="CLSSYSNAME" valueType="java.lang.String" create="true" search="true">supplier</attribute>
		<attribute name="CLSTYPESYSNAME" valueType="java.lang.String" create="true" search="true">CLIENTGROUP</attribute>
	</entity>
	
	<!-- Реквизиты участников -->
	
	<entity name="CRM_PAYENTRY" id="3294" createMethod="payEntryCreate" getMethod="payEntryGetListByParams" createKeyParam="PAYENTRYID" getKeyParam="PAYENTRYID" service="crmws">
		<attribute name="PARTICIPANTID" valueType="java.lang.Long" create="true" search="true" entityID="3270"/>
		<attribute name="PAYENTRYTYPE" valueType="java.lang.Integer" create="true" search="true">1</attribute>
		<attribute name="PAYENTRYNAME" valueType="java.lang.String" create="true" search="true">Платежные реквизиты</attribute>
		<attribute name="ISMAIN" valueType="java.lang.Integer" create="true" search="true">1</attribute>
		<attribute name="ISINVALID" valueType="java.lang.Integer" create="true">0</attribute>
		<attribute name="PAYPARAMXML" valueType="java.lang.String" create="true"><![CDATA[<?xml version='1.0' encoding='UTF-8'?><BODY version="2.11"><BankName type="java.lang.String">(Демо) ВУЗ</BankName><ClientName type="java.lang.String">(Демо) ВУЗ</ClientName><Account type="java.lang.String">40701810200010005001</Account><KPP type="java.lang.String">773001001</KPP><CorrespondentAccount type="java.lang.String">30101810400000082345</CorrespondentAccount><BIC type="java.lang.String">044512345</BIC><INN type="java.lang.String">7705042179</INN></BODY>]]></attribute>
	</entity>

	<entity name="CRM_PAYENTRY" id="3295" createMethod="payEntryCreate" getMethod="payEntryGetListByParams" createKeyParam="PAYENTRYID" getKeyParam="PAYENTRYID" service="crmws">
		<attribute name="PARTICIPANTID" valueType="java.lang.Long" create="true" search="true" entityID="3271"/>
		<attribute name="PAYENTRYTYPE" valueType="java.lang.Integer" create="true" search="true">1</attribute>
		<attribute name="PAYENTRYNAME" valueType="java.lang.String" create="true" search="true">Платежные реквизиты</attribute>
		<attribute name="ISMAIN" valueType="java.lang.Integer" create="true" search="true">1</attribute>
		<attribute name="ISINVALID" valueType="java.lang.Integer" create="true">0</attribute>
		<attribute name="PAYPARAMXML" valueType="java.lang.String" create="true"><![CDATA[<?xml version='1.0' encoding='UTF-8'?><BODY version="2.11"><BankName type="java.lang.String">(Демо) Страховая компания</BankName><ClientName type="java.lang.String">(Демо) Страховая компания</ClientName><Account type="java.lang.String">40701810200010005001</Account><KPP type="java.lang.String">773001001</KPP><CorrespondentAccount type="java.lang.String">30101810400000082345</CorrespondentAccount><BIC type="java.lang.String">044512345</BIC><INN type="java.lang.String">7705042179</INN></BODY>]]></attribute>
	</entity>

	<entity name="CRM_PAYENTRY" id="3296" createMethod="payEntryCreate" getMethod="payEntryGetListByParams" createKeyParam="PAYENTRYID" getKeyParam="PAYENTRYID" service="crmws">
		<attribute name="PARTICIPANTID" valueType="java.lang.Long" create="true" search="true" entityID="3272"/>
		<attribute name="PAYENTRYTYPE" valueType="java.lang.Integer" create="true" search="true">1</attribute>
		<attribute name="PAYENTRYNAME" valueType="java.lang.String" create="true" search="true">Платежные реквизиты</attribute>
		<attribute name="ISMAIN" valueType="java.lang.Integer" create="true" search="true">1</attribute>
		<attribute name="ISINVALID" valueType="java.lang.Integer" create="true">0</attribute>
		<attribute name="PAYPARAMXML" valueType="java.lang.String" create="true"><![CDATA[<?xml version='1.0' encoding='UTF-8'?><BODY version="2.11"><BankName type="java.lang.String">(Демо) Дилер</BankName><ClientName type="java.lang.String">(Демо) Дилер</ClientName><Account type="java.lang.String">40701810200010005001</Account><KPP type="java.lang.String">773001001</KPP><CorrespondentAccount type="java.lang.String">30101810400000082345</CorrespondentAccount><BIC type="java.lang.String">044512345</BIC><INN type="java.lang.String">7705042179</INN></BODY>]]></attribute>
	</entity>

	<entity name="CRM_PAYENTRY" id="3297" createMethod="payEntryCreate" getMethod="payEntryGetListByParams" createKeyParam="PAYENTRYID" getKeyParam="PAYENTRYID" service="crmws">
		<attribute name="PARTICIPANTID" valueType="java.lang.Long" create="true" search="true" entityID="3273"/>
		<attribute name="PAYENTRYTYPE" valueType="java.lang.Integer" create="true" search="true">1</attribute>
		<attribute name="PAYENTRYNAME" valueType="java.lang.String" create="true" search="true">Платежные реквизиты</attribute>
		<attribute name="ISMAIN" valueType="java.lang.Integer" create="true" search="true">1</attribute>
		<attribute name="ISINVALID" valueType="java.lang.Integer" create="true">0</attribute>
		<attribute name="PAYPARAMXML" valueType="java.lang.String" create="true"><![CDATA[<?xml version='1.0' encoding='UTF-8'?><BODY version="2.11"><BankName type="java.lang.String">(Демо) Оценочная компания</BankName><ClientName type="java.lang.String">(Демо) Оценочная компания</ClientName><Account type="java.lang.String">40701810200010005001</Account><KPP type="java.lang.String">773001001</KPP><CorrespondentAccount type="java.lang.String">30101810400000082345</CorrespondentAccount><BIC type="java.lang.String">044512345</BIC><INN type="java.lang.String">7705042179</INN></BODY>]]></attribute>
	</entity>
	
</root>