<?xml version="1.0" encoding="UTF-8"?>
<root>
	<!-- Общее для всех модулей -->
	<entity name="AUTO_PK_SUPPORT" id="0" createMethod="setAutoPkSupportValues" getMethod="" createKeyParam="Result" getKeyParam="" service="">
		<attribute name="DMS_CHECKTYPE" valueType="java.lang.String">CHECKTYPEID</attribute>
		<attribute name="DMS_CHECK" valueType="java.lang.String">CHECKID</attribute>
		<attribute name="DMS_DATASET" valueType="java.lang.String">DATASETID</attribute>
		<attribute name="DMS_DATASETPARAM" valueType="java.lang.String">DATASETPARAMID</attribute>
		<attribute name="DMS_RULEGROUP" valueType="java.lang.String">RULEGROUPID</attribute>
		<attribute name="DMS_RULE" valueType="java.lang.String">RULEID</attribute>
		<attribute name="DMS_RULENODE" valueType="java.lang.String">RULENODEID</attribute>
		<attribute name="DMS_SCRIPT" valueType="java.lang.String">SCRIPTID</attribute>
		<attribute name="DMS_CHECKSCRLINK" valueType="java.lang.String">LINKID</attribute>
		<attribute name="PRD_PRODUCTGROUP" valueType="java.lang.String">PRODUCTGROUPID</attribute>
		<attribute name="PRD_PRODUCT" valueType="java.lang.String">PRODUCTID</attribute>
		<attribute name="DMS_SCRIPTPRDLINK" valueType="java.lang.String">LINKID</attribute>
		<attribute name="REF_REFERENCEGROUP" valueType="java.lang.String">REFERENCEGROUPID</attribute>
		<attribute name="REF_REFERENCE" valueType="java.lang.String">REFERENCEID</attribute>
		<attribute name="REF_REFITEM" valueType="java.lang.String">REFITEMID</attribute>
		<attribute name="CORE_MASK" valueType="java.lang.String">MASKID</attribute>
	</entity>
	
	<!-- Проект -->

	<entity name="CORE_PROJECT" id="1" createMethod="admProjectAdd" getMethod="admProjectBySysname" additionalProcessMethod="admProjectBySysname" processKeyParam="PROJECTID" createKeyParam="PROJECTID" getKeyParam="PROJECTID" service="adminws">
		<attribute name="PROJECTSYSNAME" valueType="java.lang.String" create="true" process="true" search="true">FTDS</attribute>
		<attribute name="PROJECTNAME" valueType="java.lang.String">FLEXTERA "Поддержка принятия решения"</attribute>
		<attribute name="METADATAURL" valueType="java.lang.String">D:\METADATA\TEST\dms\</attribute>
		<attribute name="USERMETADATAURL" valueType="java.lang.String">D:\METADATA\TEST\dms\</attribute>
	</entity>
	
	<!-- Процесс -->
	
	<entity name="CORE_PROCESSTYPE" id="50" createMethod="shdaddjobtype" getMethod="shdJobTypes" createKeyParam="Result" getKeyParam="PROCESSTYPEID" service="corews">
		<attribute name="PROJECTSYSNAME" valueType="java.lang.String" search="true">FTDS</attribute>
		<attribute name="PROCTYPENAME" valueType="java.lang.String" create="true" search="true">dmsCheckDefinitionSecurity</attribute>
		<attribute name="PROCFILE" valueType="java.lang.String">dmsCheckDefinitionSecurity</attribute>
		<attribute name="DESCRIPTION" valueType="java.lang.String">Определение СЭБ</attribute>
		<attribute name="PROJECTID" valueType="java.lang.Long" create="true" search="true" entityID="1"/>
	</entity>	
	
	<!-- Типы проверок -->
	
	<entity name="DMS_CHECKTYPE" id="100" createMethod="checkTypeCreate" getMethod="checkTypeGetByIdOrSysname" createKeyParam="CHECKTYPEID" getKeyParam="CHECKTYPEID" service="dmsws" isIntService="true">
		<attribute name="TYPESYSNAME" valueType="java.lang.String" create="true" search="true">subjDemands</attribute>
		<attribute name="TYPENAME" valueType="java.lang.String" create="true">Требования к субъекту</attribute>
		<attribute name="DESCRIPTION" valueType="java.lang.String" create="true">Требования к субъекту</attribute>
	</entity>

	
	<!-- Проверки -->
	
	<entity name="DMS_CHECK" id="150" createMethod="checkCreate" getMethod="checkGetByIdOrSysname" createKeyParam="CHECKID" getKeyParam="CHECKID" service="dmsws" isIntService="true">
		<attribute name="CHECKTYPEID" valueType="java.lang.Long" create="true" search="true" entityID="100"/>
		<attribute name="OBJECTTYPEID" valueType="java.lang.Long" create="true">50000</attribute>
		<attribute name="CHECKNAME" valueType="java.lang.String" create="true">Распределение СЭБ</attribute>
		<attribute name="CHECKSYSNAME" valueType="java.lang.String" create="true" search="true">checkDefinitionSecurity</attribute>
		<attribute name="RULELINK" valueType="java.lang.String" create="true">dmsCheckDefinitionSecurity</attribute>
		<attribute name="RULETYPE" valueType="java.lang.Integer" create="true">2</attribute>
		<attribute name="MULTIFLAG" valueType="java.lang.Integer" create="true">0</attribute>
	</entity>	
	
	<!-- Наборы данных для правил-->		
	
	<entity name="DMS_DATASET" id="250" createMethod="ruleDatasetCreate" getMethod="ruleDatasetGetListByParams" createKeyParam="DATASETID" getKeyParam="DATASETID" service="dmsws" isIntService="true">
		<attribute name="SYSNAME" valueType="java.lang.String" create="true" search="true">checkResults</attribute>
		<attribute name="FULLNAME" valueType="java.lang.String" create="true">Результаты проверок</attribute>
	</entity>
	
	
	<!-- Параметры для набора данных (правила для проверок) -->	
	
	<entity name="DMS_DATASETPARAM" id="300" createMethod="ruleDatasetParamCreate" getMethod="ruleDatasetParamGetListByParams" createKeyParam="DATASETPARAMID" getKeyParam="DATASETPARAMID" service="dmsws" isIntService="true">
		<attribute name="DATASETID" valueType="java.lang.Long" create="true" search="true" entityID="250"/>
		<attribute name="PARAMTYPE" valueType="java.lang.Integer" create="true" search="true">0</attribute>
		<attribute name="SYSNAME" valueType="java.lang.String" create="true" search="true">definitionSEBResult</attribute>
		<attribute name="NAME" valueType="java.lang.String" create="true"></attribute>
		<attribute name="FULLNAME" valueType="java.lang.String" create="true">Результат определения СЭБ</attribute>
		<attribute name="PARAMVALUETYPE" valueType="java.lang.String" create="true" search="true">java.lang.String</attribute>
		<attribute name="ISREQUIRED" valueType="java.lang.Integer" create="true">0</attribute>
	</entity>
	
	<!-- Группы правил -->
	
	<entity name="DMS_RULEGROUP" id="350" createMethod="ruleGroupCreate" getMethod="ruleGroupGetListByParams" createKeyParam="RULEGROUPID" getKeyParam="RULEGROUPID" service="dmsws" isIntService="true">
		<attribute name="SYSNAME" valueType="java.lang.String" create="true" search="true">routeRules</attribute>
		<attribute name="NAME" valueType="java.lang.String" create="true">Правила маршрутизации</attribute>
		<attribute name="DESCRIPTION" valueType="java.lang.String" create="true">Правила для точек маршрутизации</attribute>
	</entity>
	
	<!-- Правила  СЭБ1-->
	
	<entity name="DMS_RULE" id="400" createMethod="ruleCreate" getMethod="ruleGetListByParams" createKeyParam="RULEID" getKeyParam="RULEID" service="dmsws" isIntService="true">
		<attribute name="SYSNAME" valueType="java.lang.String" create="true" search="true">ruleSEB1</attribute>
		<attribute name="NAME" valueType="java.lang.String" create="true">Проверка СЭБ 1</attribute>
		<attribute name="DESCRIPTION" valueType="java.lang.String" create="true"></attribute>
		<attribute name="RULEGROUPID" valueType="java.lang.Long" create="true" search="true" entityID="350"/>
		<attribute name="DATASETID" valueType="java.lang.Long" create="true" search="true" entityID="250"/>
	</entity>
	
	<!-- Правила  СЭБ2-->
	<entity name="DMS_RULE" id="420" createMethod="ruleCreate" getMethod="ruleGetListByParams" createKeyParam="RULEID" getKeyParam="RULEID" service="dmsws" isIntService="true">
		<attribute name="SYSNAME" valueType="java.lang.String" create="true" search="true">ruleSEB2</attribute>
		<attribute name="NAME" valueType="java.lang.String" create="true">Проверка СЭБ 2</attribute>
		<attribute name="DESCRIPTION" valueType="java.lang.String" create="true"></attribute>
		<attribute name="RULEGROUPID" valueType="java.lang.Long" create="true" search="true" entityID="350"/>
		<attribute name="DATASETID" valueType="java.lang.Long" create="true" search="true" entityID="250"/>
	</entity>

	
	<!-- Операции для правил -->
	

	<entity name="DMS_OPERATION" id="500" createMethod="ruleOperationCreate" getMethod="ruleOperationGetListByParams" createKeyParam="OPERATIONID" getKeyParam="OPERATIONID" service="dmsws" isIntService="true">
		<attribute name="SYSNAME" valueType="java.lang.String" create="true" search="true">EQUAL</attribute>
		<attribute name="NAME" valueType="java.lang.String" create="true">==</attribute>
		<attribute name="DESCRIPTION" valueType="java.lang.String" create="true"></attribute>
		<attribute name="GROUPSYSNAME" valueType="java.lang.String" create="true" search="true">CHK</attribute>
	</entity>
	
	<!-- Узлы правил СЭБ1 --> 
	
	<entity name="DMS_RULENODE" id="550" createMethod="ruleNodeCreate" getMethod="ruleNodeGetListByParams" createKeyParam="RULENODEID" getKeyParam="RULENODEID" service="dmsws" isIntService="true">
		<attribute name="PARENTRULENODEID" valueType="java.lang.Integer" create="true" search="true">0</attribute>
		<attribute name="RULEID" valueType="java.lang.Long" create="true" search="true" entityID="400"/> <!-- Правило -->
		<attribute name="NODETYPE" valueType="java.lang.Integer" create="true">0</attribute>
		<attribute name="VALUEID" valueType="java.lang.Long" create="true" search="true" entityID="500"/> <!-- Операция -->
		<attribute name="DEFAULTVALUE" valueType="java.lang.String" create="true"></attribute>
		<attribute name="ISUSEDEFAULT" valueType="java.lang.Integer" create="true">0</attribute>
		<attribute name="ORDERNO" valueType="java.lang.Integer" create="true" search="true">176</attribute>
		<attribute name="MARK" valueType="java.lang.Integer" create="true" search="true"></attribute>
		<attribute name="SYSNAME" valueType="java.lang.String" create="true"></attribute>
		<attribute name="NAME" valueType="java.lang.String" create="true"></attribute>
	</entity>
	
	<entity name="DMS_RULENODE" id="570" createMethod="ruleNodeCreate" getMethod="ruleNodeGetListByParams" createKeyParam="RULENODEID" getKeyParam="RULENODEID" service="dmsws" isIntService="true">
		<attribute name="PARENTRULENODEID" valueType="java.lang.Integer" create="true" search="true" entityID="550"/>
		<attribute name="RULEID" valueType="java.lang.Long" create="true" search="true" entityID="400"/> <!-- Правило -->
		<attribute name="NODETYPE" valueType="java.lang.Integer" create="true">1</attribute>
		<attribute name="VALUEID" valueType="java.lang.Long" create="true" search="true" entityID="300"/> <!--Набор данных- -->
		<attribute name="DEFAULTVALUE" valueType="java.lang.String" create="true"></attribute>
		<attribute name="ISUSEDEFAULT" valueType="java.lang.Integer" create="true">0</attribute>
		<attribute name="ORDERNO" valueType="java.lang.Integer" create="true" search="true">1</attribute>
		<attribute name="MARK" valueType="java.lang.Integer" create="true" search="true"></attribute>
		<attribute name="SYSNAME" valueType="java.lang.String" create="true"></attribute>
		<attribute name="NAME" valueType="java.lang.String" create="true"></attribute>
	</entity>
	
	<entity name="DMS_RULENODE" id="590" createMethod="ruleNodeCreate" getMethod="ruleNodeGetListByParams" createKeyParam="RULENODEID" getKeyParam="RULENODEID" service="dmsws" isIntService="true">
		<attribute name="PARENTRULENODEID" valueType="java.lang.Integer" create="true" search="true" entityID="550"/>
		<attribute name="RULEID" valueType="java.lang.Long" create="true" search="true" entityID="400"/> <!-- Правило -->
		<attribute name="NODETYPE" valueType="java.lang.Integer" create="true">3</attribute>
		<attribute name="VALUEID" valueType="java.lang.Long" create="true" search="true">null</attribute>
		<attribute name="NODEVALUE" valueType="java.util.Map" create="true"><![CDATA[<?xml version="1.0" encoding="UTF-8"?><content version="1.0"><param name="VALUETYPE" value="java.lang.String" valueClass="java.lang.String"/><param name="VALUE" value="SEB1" valueClass="java.lang.String"/></content>]]></attribute>
		<attribute name="DEFAULTVALUE" valueType="java.lang.String" create="true"></attribute>
		<attribute name="ISUSEDEFAULT" valueType="java.lang.Integer" create="true">0</attribute>
		<attribute name="ORDERNO" valueType="java.lang.Integer" create="true" search="true">2</attribute>
		<attribute name="MARK" valueType="java.lang.Integer" create="true" search="true">0</attribute>
		<attribute name="SYSNAME" valueType="java.lang.String" create="true"></attribute>
		<attribute name="NAME" valueType="java.lang.String" create="true"></attribute>
	</entity>

	<!-- Узлы правил СЭБ2 --> 

		<entity name="DMS_RULENODE" id="591" createMethod="ruleNodeCreate" getMethod="ruleNodeGetListByParams" createKeyParam="RULENODEID" getKeyParam="RULENODEID" service="dmsws" isIntService="true">
		<attribute name="PARENTRULENODEID" valueType="java.lang.Integer" create="true" search="true">0</attribute>
		<attribute name="RULEID" valueType="java.lang.Long" create="true" search="true" entityID="420"/> <!-- Правило -->
		<attribute name="NODETYPE" valueType="java.lang.Integer" create="true">0</attribute>
		<attribute name="VALUEID" valueType="java.lang.Long" create="true" search="true" entityID="500"/> <!-- Операция -->
		<attribute name="DEFAULTVALUE" valueType="java.lang.String" create="true"></attribute>
		<attribute name="ISUSEDEFAULT" valueType="java.lang.Integer" create="true">0</attribute>
		<attribute name="ORDERNO" valueType="java.lang.Integer" create="true" search="true">176</attribute>
		<attribute name="MARK" valueType="java.lang.Integer" create="true" search="true"></attribute>
		<attribute name="SYSNAME" valueType="java.lang.String" create="true"></attribute>
		<attribute name="NAME" valueType="java.lang.String" create="true"></attribute>
	</entity>
	
	<entity name="DMS_RULENODE" id="592" createMethod="ruleNodeCreate" getMethod="ruleNodeGetListByParams" createKeyParam="RULENODEID" getKeyParam="RULENODEID" service="dmsws" isIntService="true">
		<attribute name="PARENTRULENODEID" valueType="java.lang.Integer" create="true" search="true" entityID="591"/>
		<attribute name="RULEID" valueType="java.lang.Long" create="true" search="true" entityID="420"/> <!-- Правило -->
		<attribute name="NODETYPE" valueType="java.lang.Integer" create="true">1</attribute>
		<attribute name="VALUEID" valueType="java.lang.Long" create="true" search="true" entityID="300"/> <!--Набор данных- -->
		<attribute name="DEFAULTVALUE" valueType="java.lang.String" create="true"></attribute>
		<attribute name="ISUSEDEFAULT" valueType="java.lang.Integer" create="true">0</attribute>
		<attribute name="ORDERNO" valueType="java.lang.Integer" create="true" search="true">1</attribute>
		<attribute name="MARK" valueType="java.lang.Integer" create="true" search="true"></attribute>
		<attribute name="SYSNAME" valueType="java.lang.String" create="true"></attribute>
		<attribute name="NAME" valueType="java.lang.String" create="true"></attribute>
	</entity>
	
	<entity name="DMS_RULENODE" id="593" createMethod="ruleNodeCreate" getMethod="ruleNodeGetListByParams" createKeyParam="RULENODEID" getKeyParam="RULENODEID" service="dmsws" isIntService="true">
		<attribute name="PARENTRULENODEID" valueType="java.lang.Integer" create="true" search="true" entityID="591"/>
		<attribute name="RULEID" valueType="java.lang.Long" create="true" search="true" entityID="420"/> <!-- Правило -->
		<attribute name="NODETYPE" valueType="java.lang.Integer" create="true">3</attribute>
		<attribute name="VALUEID" valueType="java.lang.Long" create="true" search="true">null</attribute>
		<attribute name="NODEVALUE" valueType="java.util.Map" create="true"><![CDATA[<?xml version="1.0" encoding="UTF-8"?><content version="1.0"><param name="VALUETYPE" value="java.lang.String" valueClass="java.lang.String"/><param name="VALUE" value="SEB2" valueClass="java.lang.String"/></content>]]></attribute>
		<attribute name="DEFAULTVALUE" valueType="java.lang.String" create="true"></attribute>
		<attribute name="ISUSEDEFAULT" valueType="java.lang.Integer" create="true">0</attribute>
		<attribute name="ORDERNO" valueType="java.lang.Integer" create="true" search="true">2</attribute>
		<attribute name="MARK" valueType="java.lang.Integer" create="true" search="true">0</attribute>
		<attribute name="SYSNAME" valueType="java.lang.String" create="true"></attribute>
		<attribute name="NAME" valueType="java.lang.String" create="true"></attribute>
	</entity>
	
	
	<!-- Сценарии проверок -->
	
	<entity name="DMS_SCRIPT" id="600" createMethod="checkScriptCreate" getMethod="checkScriptGetByIdOrSysname" createKeyParam="SCRIPTID" getKeyParam="SCRIPTID" service="dmsws" isIntService="true">
		<attribute name="SCRIPTSYSNAME" valueType="java.lang.String" create="true" search="true">definitionSecurity</attribute>
		<attribute name="SCRIPTNAME" valueType="java.lang.String" create="true">Определение СЭБ</attribute>
		<attribute name="DESCRIPTION" valueType="java.lang.String" create="true">Определение СЭБ</attribute>
	</entity>
	
	<!-- Связь проверок и сценариев -->
	
	<entity name="DMS_CHECKSCRLINK" id="650" createMethod="checkScrLinkCreate" getMethod="checkScrLinkGetListByParams" createKeyParam="LINKID" getKeyParam="LINKID" service="dmsws" isIntService="true">
		<attribute name="SCRIPTID" valueType="java.lang.Long" create="true" search="true" entityID="600"/>
		<attribute name="CHECKID" valueType="java.lang.Long" create="true" search="true" entityID="150"/>
		<attribute name="CHECKORDER" valueType="java.lang.Integer" create="true" search="true">1</attribute>
	</entity>	
	
	<!-- Группы банковских продуктов -->

	<entity name="PRD_PRODUCTGROUP" id="660" createMethod="bankProductGroupCreate" getMethod="bankProductGroupGetListByParams" createKeyParam="PRODUCTGROUPID" getKeyParam="PRODUCTGROUPID" service="frontws2" isExtService="true">
		<attribute name="PARENTGROUPID" valueType="java.lang.Long" create="true" search="true">0</attribute>
		<attribute name="GROUPNAME" valueType="java.lang.String" create="true" search="true">Кредитные продукты</attribute>
		<attribute name="DESCRIPTION" valueType="java.lang.String" create="true"></attribute>
	</entity>

	<entity name="PRD_PRODUCTGROUP" id="670" createMethod="bankProductGroupCreate" getMethod="bankProductGroupGetListByParams" createKeyParam="PRODUCTGROUPID" getKeyParam="PRODUCTGROUPID" service="frontws2" isExtService="true">
		<attribute name="PARENTGROUPID" valueType="java.lang.Long" create="true" search="true" entityID="660"/>
		<attribute name="GROUPNAME" valueType="java.lang.String" create="true" search="true">Автокредиты</attribute>
		<attribute name="DESCRIPTION" valueType="java.lang.String" create="true"></attribute>
	</entity>
	
	<!-- Банковские продукты -->

	<entity name="PRD_PRODUCT" id="700" createMethod="bankProductCreate" getMethod="bankProductGetListByParam" createKeyParam="PRODUCTID" getKeyParam="PRODUCTID" service="frontws2" isExtService="true">
		<attribute name="PRODUCTGROUPID" valueType="java.lang.Long" create="true" search="true" entityID="670"/>
		<attribute name="PRODUCTNAME" valueType="java.lang.String" create="true" search="true">Кредит на новый автомобиль (с обязательным страхованием Автокаско)</attribute>
		<attribute name="STATUS" valueType="java.lang.String" create="true">ACTIVE</attribute>
		<attribute name="VALIDFROM" valueType="java.lang.Float" create="true">40228.0000002</attribute>
		<attribute name="VALIDTO" valueType="java.lang.Float" create="true">43879.8750002</attribute>
		<attribute name="DESCRIPTION1" valueType="java.lang.String" create="true">Кредит на новый автомобиль (с обязательным страхованием Автокаско)</attribute>
	</entity>
	
	<!-- Связь сценариев и продуктов -->
	
	<entity name="DMS_SCRIPTPRDLINK" id="750" createMethod="scriptPrdLinkCreate" getMethod="scriptPrdLinkGetListByParams" createKeyParam="LINKID" getKeyParam="LINKID" service="dmsws" isIntService="true">
		<attribute name="SCRIPTID" valueType="java.lang.Long" create="true" search="true" entityID="600"/>
		<attribute name="PRODUCTID" valueType="java.lang.Long" create="true" search="true" entityID="700"/>
	</entity>
	
	<!-- Группы простых стправочников -->
	<entity name="REF_REFERENCEGROUP" id="760" createMethod="admReferenceGroupAdd" getMethod="admReferenceGroupChoose" createKeyParam="NEXT_ID" getKeyParam="REFERENCEGROUPID" service="adminws">
		<attribute name="GROUPNAME" valueType="java.lang.String" create="true" postSearch="true">Дистрибутивные справочники</attribute>
		<attribute name="PARENTGROUPID" valueType="java.lang.Long">0</attribute>
		<attribute name="DESCRIPTION" valueType="java.lang.String">Дистрибутивные справочники</attribute>
		<attribute name="LOCALE" valueType="java.lang.String" create="true" search="true">ru</attribute>
	</entity>

	<entity name="REF_REFERENCEGROUP" id="761" createMethod="admReferenceGroupAdd" getMethod="admReferenceGroupChoose" createKeyParam="NEXT_ID" getKeyParam="REFERENCEGROUPID" service="adminws">
		<attribute name="GROUPNAME" valueType="java.lang.String" create="true" postSearch="true">Кредиты</attribute>
		<attribute name="PARENTGROUPID" valueType="java.lang.Long" entityID="760"/>
		<attribute name="DESCRIPTION" valueType="java.lang.String"> </attribute>
		<attribute name="LOCALE" valueType="java.lang.String" create="true" search="true">ru</attribute>
	</entity>
	
	<entity name="REF_REFERENCEGROUP" id="762" createMethod="admReferenceGroupAdd" getMethod="admReferenceGroupChoose" createKeyParam="NEXT_ID" getKeyParam="REFERENCEGROUPID" service="adminws">
		<attribute name="GROUPNAME" valueType="java.lang.String" create="true" postSearch="true">Справочники для проверок</attribute>
		<attribute name="PARENTGROUPID" valueType="java.lang.Long" entityID="761"/>
		<attribute name="DESCRIPTION" valueType="java.lang.String">Справочники для проверок</attribute>
		<attribute name="LOCALE" valueType="java.lang.String" create="true" search="true">ru</attribute>
	</entity>	
	
	<!-- Простые стравочники -->
	
	<entity name="REF_REFERENCE" id="780" createMethod="admReferenceAdd" getMethod="admReferenceList" createKeyParam="NEXT_ID" getKeyParam="REFERENCEID" service="adminws">
        <attribute name="REFERENCEGROUPID" valueType="java.lang.Long" create="true" search="true" entityID="762"/>
        <attribute name="REFERENCEGROUP" valueType="java.lang.Long" create="true" search="true" entityID="762"/>
		<attribute name="SEARCHTEXT" valueType="java.lang.String" search="true">Распределение СЭБ</attribute>
		<attribute name="REFERENCENAME" valueType="java.lang.String" create="true" search="true">Распределение СЭБ</attribute>
		<attribute name="REFSYSNAME" valueType="java.lang.String" create="true" search="true" postSearch="true">distributionSEB</attribute>
		<attribute name="DESCRIPTION" valueType="java.lang.String" create="true" search="true">Распределение СЭБ</attribute>
		<attribute name="LOCALE" valueType="java.lang.String" create="true" search="true">ru</attribute>
	</entity>
    <entity name="REF_REFERENCELNG" id="7801" getMethod="admReferenceLngByID" createMethod="admReferenceAddLng" createKeyParam="REFERENCENAME" getKeyParam="REFERENCENAME" updateMethod="admReferenceUpdateLng"  service="adminws" silent="true">
        <attribute name="CharLocale" valueType="java.lang.String" create="true" search="true">ru        </attribute>
        <attribute name="LOCALE" valueType="java.lang.String" create="true" search="true">ru</attribute>
        <attribute name="DESCRIPTION" valueType="java.lang.String" create="true">Распределение СЭБ</attribute>
        <attribute name="REFERENCENAME" valueType="java.lang.String" create="true">Распределение СЭБ</attribute>
        <attribute name="REFERENCEID" valueType="java.lang.Long" search="true" create="true" entityID="780"/>
    </entity>		
	
	<!-- Элементы простых справочников -->
	
	<entity name="REF_REFITEM" id="800" createMethod="admReferenceItemAdd" getMethod="refItemGetListByParams" createKeyParam="REFITEMID" getKeyParam="REFITEMID" service="adminws">
		<attribute name="REFERENCEID" valueType="java.lang.Long" create="true" search="true" entityID="780"/>
		<attribute name="CODE" valueType="java.lang.String" search="true" create="true">SEB1</attribute>
		<attribute name="SHORTVALUE" valueType="java.lang.String">35</attribute>
		<attribute name="FULLVALUE" valueType="java.lang.String">SEB1</attribute>
		<attribute name="RICOMMENT" valueType="java.lang.String"></attribute>
		<attribute name="GROUPNAME" valueType="java.lang.String" search="true">Справочники для проверок</attribute>
		<attribute name="REFERENCENAME" valueType="java.lang.String" search="true">Распределение СЭБ</attribute>
		<attribute name="LOCALE" valueType="java.lang.String" create="true" search="true">ru</attribute>
	</entity>
	<entity name="REF_REFITEMLNG" id="8001" getMethod="admReferenceItemLngByID" createMethod="admReferenceItemAddLng" createKeyParam="SHORTVALUE" getKeyParam="SHORTVALUE" updateMethod="admReferenceItemUpdateLng"  service="adminws" silent="true">
        <attribute name="CharLocale" valueType="java.lang.String" create="true" search="true">ru        </attribute>
        <attribute name="LOCALE" valueType="java.lang.String" create="true" search="true">ru</attribute>
        <attribute name="REFITEMID" valueType="java.lang.Long" search="true" create="true" entityID="800"/>
        <attribute name="SHORTVALUE" valueType="java.lang.String" create="true" postSearch="true">35</attribute>
        <attribute name="FULLVALUE" valueType="java.lang.String" create="true">SEB1</attribute>
        <attribute name="RICOMMENT" valueType="java.lang.String" create="true"></attribute>
    </entity>	
	
	<entity name="REF_REFITEM" id="820" createMethod="admReferenceItemAdd" getMethod="refItemGetListByParams" createKeyParam="REFITEMID" getKeyParam="REFITEMID" service="adminws">
		<attribute name="REFERENCEID" valueType="java.lang.Long" create="true" search="true" entityID="780"/>
		<attribute name="CODE" valueType="java.lang.String" search="true" create="true">SEB2</attribute>
		<attribute name="SHORTVALUE" valueType="java.lang.String">65</attribute>
		<attribute name="FULLVALUE" valueType="java.lang.String"></attribute>
		<attribute name="RICOMMENT" valueType="java.lang.String"></attribute>
		<attribute name="GROUPNAME" valueType="java.lang.String" search="true">Справочники для проверок</attribute>
		<attribute name="REFERENCENAME" valueType="java.lang.String" search="true">Распределение СЭБ</attribute>
		<attribute name="LOCALE" valueType="java.lang.String" create="true" search="true">ru</attribute>
	</entity>
	<entity name="REF_REFITEMLNG" id="8201" getMethod="admReferenceItemLngByID" createMethod="admReferenceItemAddLng" createKeyParam="SHORTVALUE" getKeyParam="SHORTVALUE" updateMethod="admReferenceItemUpdateLng"  service="adminws" silent="true">
        <attribute name="CharLocale" valueType="java.lang.String" create="true" search="true">ru        </attribute>
        <attribute name="LOCALE" valueType="java.lang.String" create="true" search="true">ru</attribute>
        <attribute name="REFITEMID" valueType="java.lang.Long" search="true" create="true" entityID="820"/>
        <attribute name="SHORTVALUE" valueType="java.lang.String" create="true" postSearch="true">65</attribute>
        <attribute name="FULLVALUE" valueType="java.lang.String" create="true">SEB2</attribute>
        <attribute name="RICOMMENT" valueType="java.lang.String" create="true"></attribute>
    </entity>	

	<!-- Маски нумерации заявок-->
	
	<entity name="CORE_MASK" id="850" createMethod="dsMaskInsert" getMethod="dsMaskFindByBrief" createKeyParam="MASKID" getKeyParam="MASKID" service="corews">
		<attribute name="SYSTEMBRIEF" valueType="java.lang.String" create="true" search="true">SEB1</attribute>
		<attribute name="MASK" valueType="java.lang.String">{N}</attribute>
		<attribute name="CRITERION" valueType="java.lang.String"/>
		<attribute name="DESCRIPTION" valueType="java.lang.String">Подсчет количества заявок, отправленных в СЭБ1</attribute>
	</entity>
	
	<entity name="CORE_MASK" id="870" createMethod="dsMaskInsert" getMethod="dsMaskFindByBrief" createKeyParam="MASKID" getKeyParam="MASKID" service="corews">
		<attribute name="SYSTEMBRIEF" valueType="java.lang.String" create="true" search="true">SEB2</attribute>
		<attribute name="MASK" valueType="java.lang.String">{N}</attribute>
		<attribute name="CRITERION" valueType="java.lang.String"/>
		<attribute name="DESCRIPTION" valueType="java.lang.String">Подсчет количества заявок, отправленных в СЭБ2</attribute>
	</entity>



</root>