﻿<?xml version="1.0" encoding="UTF-8"?>
<root>

	<!-- Общее для всех модулей -->
	<entity name="AUTO_PK_SUPPORT" id="0" createMethod="setAutoPkSupportValues" getMethod="" createKeyParam="Result" getKeyParam="" service="">
		<attribute name="CORE_PROCESSTYPE" valueType="java.lang.String">PROCESSTYPEID</attribute>
		<attribute name="DMS_CHECK" valueType="java.lang.String">CHECKID</attribute>
		<attribute name="DMS_SCRIPT" valueType="java.lang.String">SCRIPTID</attribute>
		<attribute name="DMS_CHECKSCRLINK" valueType="java.lang.String">LINKID</attribute>
		<attribute name="DOC_DOCPROCTYPE" valueType="java.lang.String">DOCPROCTYPEID</attribute>
		<attribute name="FRNT_RIGHT" valueType="java.lang.String">RIGHTID</attribute>
		<attribute name="CORE_EXTOBJTYPE" valueType="java.lang.String">ID</attribute>
		<attribute name="CORE_EXTATT" valueType="java.lang.String">EXTATTRID</attribute>
		<attribute name="CORE_EXTATTOBJLINK" valueType="java.lang.String">EXTATTOBJLINKID</attribute>
	</entity>

	<!---Проекты -->
	
	<entity name="CORE_PROJECT" id="2" createMethod="admProjectAdd" getMethod="admProjectBySysname" additionalProcessMethod="admProjectBySysname" processKeyParam="PROJECTID" createKeyParam="PROJECTID" getKeyParam="PROJECTID" service="adminws">
        <attribute name="PROJECTSYSNAME" valueType="java.lang.String" create="true" process="true" search="true">FTDS</attribute>
        <attribute name="PROJECTNAME" valueType="java.lang.String">FLEXTERA "Поддержка принятия решения"</attribute>
    </entity>	
	
	
	<!-- Регистрация серверных процессов-->		
	
	<entity name="CORE_PROCESSTYPE" id="1400" createMethod="shdaddjobtype" getMethod="shdJobTypes" createKeyParam="Result" getKeyParam="PROCESSTYPEID" service="corews">
		<attribute name="PROJECTSYSNAME" valueType="java.lang.String" search="true">FTDS</attribute>
		<attribute name="PROCTYPENAME" valueType="java.lang.String" create="true" search="true">Требование проверки СЭБ</attribute>
		<attribute name="PROCFILE" valueType="java.lang.String">dmsCheckRequiredSEB</attribute>
		<attribute name="DESCRIPTION" valueType="java.lang.String">Требование проверки СЭБ</attribute>
		<attribute name="PROJECTID" valueType="java.lang.Long" create="true" search="true" entityID="2"/>
	</entity>
	
	<!-- Константы -->
	
	<entity name="FRNT_SETTINGS" id="5000" createMethod="saveSettings" updateMethod="saveSettings" getMethod="settingsGetByParams" createKeyParam="SETTINGSID" getKeyParam="SETTINGSID" service="frontws2" isExtService="true">
	    <attribute name="SYSNAMETYPE" valueType="java.lang.String" create="true" search="true">Common</attribute>
        <attribute name="SYSNAMECONSTANT" valueType="java.lang.String" create="true" search="true">ProjectConstants</attribute>
        <attribute name="PROJECTID" valueType="java.lang.Long" create="true">0</attribute>
		<attribute name="USERACCOUNTID" valueType="java.lang.Long" create="true">0</attribute>
		<attribute name="PARAMS" valueType="java.util.Map" create="true"><![CDATA[<?xml version="1.0" encoding="UTF-8"?><content version="1.0"><param name="ConstantList" valueClass="java.util.ArrayList"><param name="" valueClass="ru.diasoft.utils.DefaultedHashMap"><param name="VALUE" value="1" valueClass="java.lang.String"/><param name="CONSTANTSYSNAME" value="ClientSynchGeneralPeriod" valueClass="java.lang.String"/><param name="CONSTANTNAME" value="Общий период синхронизации клиентов (дней)" valueClass="java.lang.String"/></param><param name="" valueClass="ru.diasoft.utils.DefaultedHashMap"><param name="VALUE" value="1" valueClass="java.lang.String"/><param name="CONSTANTSYSNAME" value="ClientSynchPartPeriod" valueClass="java.lang.String"/><param name="CONSTANTNAME" value="Подпериод синхронизации клиентов (дней)" valueClass="java.lang.String"/></param><param name="" valueClass="ru.diasoft.utils.DefaultedHashMap"><param name="VALUE" value="10" valueClass="java.lang.String"/><param name="CONSTANTSYSNAME" value="ContractSynchGeneralPeriod" valueClass="java.lang.String"/><param name="CONSTANTNAME" value="Общий период синхронизации договоров (дней)" valueClass="java.lang.String"/></param><param name="" valueClass="ru.diasoft.utils.DefaultedHashMap"><param name="VALUE" value="2" valueClass="java.lang.String"/><param name="CONSTANTSYSNAME" value="ContractSynchPartPeriod" valueClass="java.lang.String"/><param name="CONSTANTNAME" value="Подпериод синхронизации договоров (дней)" valueClass="java.lang.String"/></param><param name="" valueClass="ru.diasoft.utils.DefaultedHashMap"><param name="VALUE" value="Нет" valueClass="java.lang.String"/><param name="CONSTANTSYSNAME" value="debugReportBook" valueClass="java.lang.String"/><param name="CONSTANTNAME" value="Режим отладки генерации отчетов" valueClass="java.lang.String"/></param><param name="" valueClass="ru.diasoft.utils.DefaultedHashMap"><param name="VALUE" value="Да" valueClass="java.lang.String"/><param name="CONSTANTSYSNAME" value="newCRM" valueClass="java.lang.String"/><param name="CONSTANTNAME" value="Используем новый CRM" valueClass="java.lang.String"/></param><param name="" valueClass="ru.diasoft.utils.DefaultedHashMap"><param name="VALUE" value="FLEX" valueClass="java.lang.String"/><param name="CONSTANTSYSNAME" value="BOSType" valueClass="java.lang.String"/><param name="CONSTANTNAME" value="Тип бэк-офисной системы" valueClass="java.lang.String"/></param><param name="" valueClass="ru.diasoft.utils.DefaultedHashMap"><param name="VALUE" value="-" valueClass="java.lang.String"/><param name="CONSTANTSYSNAME" value="BOSTypeVersion" valueClass="java.lang.String"/><param name="CONSTANTNAME" value="Версия бэк-офисной системы" valueClass="java.lang.String"/></param><param name="" valueClass="ru.diasoft.utils.DefaultedHashMap"><param name="VALUE" value="10000000001" valueClass="java.lang.String"/><param name="CONSTANTSYSNAME" value="DefaultProcCenterID" valueClass="java.lang.String"/><param name="CONSTANTNAME" value="Идентификатор процессингового центра по умолчанию" valueClass="java.lang.String"/></param><param name="" valueClass="ru.diasoft.utils.DefaultedHashMap"><param name="VALUE" value="FTCRM" valueClass="java.lang.String"/><param name="CONSTANTSYSNAME" value="CRMSystem" valueClass="java.lang.String"/><param name="CONSTANTNAME" value="модуль, с которым будет производиться интеграция" valueClass="java.lang.String"/></param><param name="" valueClass="ru.diasoft.utils.DefaultedHashMap"><param name="CONSTANTSYSNAME" value="directoryGoodsType" valueClass="java.lang.String"/><param name="VALUE" value="COLLATERAL" valueClass="java.lang.String"/><param name="CONSTANTNAME" value="Тип справочника товаров" valueClass="java.lang.String"/></param><param name="" valueClass="ru.diasoft.utils.DefaultedHashMap"><param name="CONSTANTSYSNAME" value="AutoProductTypeBrief" valueClass="java.lang.String"/><param name="VALUE" value="Авто" valueClass="java.lang.String"/><param name="CONSTANTNAME" value="Наименование типа продукта.Автокредит.Fa#" valueClass="java.lang.String"/></param><param name="" valueClass="ru.diasoft.utils.DefaultedHashMap"><param name="CONSTANTSYSNAME" value="ConsumerProductTypeBrief" valueClass="java.lang.String"/><param name="VALUE" value="Потреб" valueClass="java.lang.String"/><param name="CONSTANTNAME" value="Наименование типа продукта.Потреб.Fa#" valueClass="java.lang.String"/></param><param name="" valueClass="ru.diasoft.utils.DefaultedHashMap"><param name="CONSTANTSYSNAME" value="MortgageProductTypeBrief" valueClass="java.lang.String"/><param name="VALUE" value="Ипотека" valueClass="java.lang.String"/><param name="CONSTANTNAME" value="Наименование типа продукта.Ипотека.Fa#" valueClass="java.lang.String"/></param><param name="" valueClass="ru.diasoft.utils.DefaultedHashMap"><param name="VALUE" value="OFF" valueClass="java.lang.String"/><param name="CONSTANTSYSNAME" value="TaskControlMode" valueClass="java.lang.String"/><param name="CONSTANTNAME" value="Контроль задач" valueClass="java.lang.String"/></param><param name="" valueClass="ru.diasoft.utils.DefaultedHashMap"><param name="VALUE" value="90" valueClass="java.lang.String"/><param name="CONSTANTSYSNAME" value="SecurityCheckValidityPeriod" valueClass="java.lang.String"/><param name="CONSTANTNAME" value="Срок действия проверки СЭБ, дней" valueClass="java.lang.String"/></param></param></content>]]></attribute>
    </entity> 
	
	<!-- Типы проверок -->
	
	<entity name="DMS_CHECKTYPE" id="100" createMethod="checkTypeCreate" getMethod="checkTypeGetByIdOrSysname" createKeyParam="CHECKTYPEID" getKeyParam="CHECKTYPEID" service="dmsws" isIntService="true">
		<attribute name="TYPESYSNAME" valueType="java.lang.String" create="true" search="true">subjDemands</attribute>
		<attribute name="TYPENAME" valueType="java.lang.String" create="true">Требования к субъекту</attribute>
		<attribute name="DESCRIPTION" valueType="java.lang.String" create="true">Требования к субъекту</attribute>
	</entity>

	
	<!-- Проверки -->
	
	<entity name="DMS_CHECK" id="150" createMethod="checkCreate" getMethod="checkGetByIdOrSysname" createKeyParam="CHECKID" getKeyParam="CHECKID" service="dmsws" isIntService="true">
		<attribute name="CHECKTYPEID" valueType="java.lang.Long" create="true" search="true" entityID="100"/>
		<attribute name="OBJECTTYPEID" valueType="java.lang.Long" create="true">50000</attribute>
		<attribute name="CHECKNAME" valueType="java.lang.String" create="true">Требования проверки СЭБ</attribute>
		<attribute name="CHECKSYSNAME" valueType="java.lang.String" create="true" search="true">checkRequiredSEB</attribute>
		<attribute name="RULELINK" valueType="java.lang.String" create="true">dmsCheckRequiredSEB</attribute>
		<attribute name="RULETYPE" valueType="java.lang.Integer" create="true">2</attribute>
		<attribute name="MULTIFLAG" valueType="java.lang.Integer" create="true">0</attribute>
	</entity>	
	
	<entity name="DMS_CHECK" id="151" createMethod="checkCreate" getMethod="checkGetByIdOrSysname" createKeyParam="CHECKID" getKeyParam="CHECKID" service="dmsws" isIntService="true">
		<attribute name="CHECKTYPEID" valueType="java.lang.Long" create="true" search="true" entityID="100"/>
		<attribute name="OBJECTTYPEID" valueType="java.lang.Long" create="true">50000</attribute>
		<attribute name="CHECKNAME" valueType="java.lang.String" create="true">Распределение СЭБ</attribute>
		<attribute name="CHECKSYSNAME" valueType="java.lang.String" create="true" search="true">checkDefinitionSecurity</attribute>
		<attribute name="RULELINK" valueType="java.lang.String" create="true">dmsCheckDefinitionSecurity</attribute>
		<attribute name="RULETYPE" valueType="java.lang.Integer" create="true">2</attribute>
		<attribute name="MULTIFLAG" valueType="java.lang.Integer" create="true">0</attribute>
	</entity>	
	
	<entity name="DMS_SCRIPT" id="600" createMethod="checkScriptCreate" getMethod="checkScriptGetByIdOrSysname" createKeyParam="SCRIPTID" getKeyParam="SCRIPTID" service="dmsws" isIntService="true">
		<attribute name="SCRIPTSYSNAME" valueType="java.lang.String" create="true" search="true">definitionSecurity</attribute>
		<attribute name="SCRIPTNAME" valueType="java.lang.String" create="true">Определение СЭБ</attribute>
		<attribute name="DESCRIPTION" valueType="java.lang.String" create="true">Определение СЭБ</attribute>
	</entity>
	
	<!-- Связь проверок и сценариев -->

	<entity name="DMS_CHECKSCRLINK" id="650" createMethod="" updateMethod="checkScrLinkModify" getMethod="checkScrLinkGetListByParams" createKeyParam="LINKID" getKeyParam="LINKID" service="dmsws" isIntService="true">
		<attribute name="SCRIPTID" valueType="java.lang.Long" search="true" entityID="600"/>
		<attribute name="CHECKID" valueType="java.lang.Long" search="true" entityID="151"/>
		<attribute name="CHECKORDER" valueType="java.lang.Integer" create="true" >2</attribute>
	</entity>
	
	<entity name="DMS_CHECKSCRLINK" id="651" createMethod="checkScrLinkCreate" getMethod="checkScrLinkGetListByParams" createKeyParam="LINKID" getKeyParam="LINKID" service="dmsws" isIntService="true">
		<attribute name="SCRIPTID" valueType="java.lang.Long" create="true" search="true" entityID="600"/>
		<attribute name="CHECKID" valueType="java.lang.Long" create="true" search="true" entityID="150"/>
		<attribute name="CHECKORDER" valueType="java.lang.Integer" create="true" search="true">1</attribute>
	</entity>
	
	<!-- Типы этапов обработки -->
	
	<entity name="DOC_DOCPROCTYPE" id="660" createMethod="docProcessingTypeCreate" getMethod="docProcessingTypeGetByDocTypeAndSysname" createKeyParam="DOCPROCTYPEID" getKeyParam="DOCPROCTYPEID" service="frontws2" isExtService="true">
		<attribute name="DOCUMENTTYPE" valueType="java.lang.Long" create="true" search="true">1002</attribute>
		<attribute name="SYSNAME" valueType="java.lang.String" create="true" search="true">autoCheckSEB</attribute>
		<attribute name="NAME" valueType="java.lang.String" create="true">Автоматическая проверка СЭБ</attribute>
		<attribute name="PAGEFLOWNAME" valueType="java.lang.String" create="true"></attribute>
	</entity>
	
	
	<entity name="CORE_USERROLE" id="680" createMethod="admUserRoleAdd" getMethod="admUserRoleBySysname" createKeyParam="ROLEID" getKeyParam="ROLEID" service="adminws" isExtService="true">
		<attribute name="ROLESYSNAME" valueType="java.lang.String" create="true" search="true">ManagerSEB</attribute>
		<attribute name="ROLENAME" valueType="java.lang.String">Сотрудник службы безопасности</attribute>
		<attribute name="DESCRIPTION" valueType="java.lang.String">Сотрудник службы безопасности</attribute>
	</entity>

	<entity name="CORE_USERROLE" id="681" createMethod="admUserRoleAdd" getMethod="admUserRoleBySysname" createKeyParam="ROLEID" getKeyParam="ROLEID" service="adminws" isExtService="true">
		<attribute name="ROLESYSNAME" valueType="java.lang.String" create="true" search="true">Underwriter</attribute>
		<attribute name="ROLENAME" valueType="java.lang.String">Андеррайтер</attribute>
		<attribute name="DESCRIPTION" valueType="java.lang.String">Андеррайтер</attribute>
	</entity>
	
	<!-- Права на этапы обработки -->
	
	<entity name="FRNT_RIGHT" id="1370" createMethod="rightCreate" getMethod="rightGetListByParams" createKeyParam="RIGHTID" getKeyParam="RIGHTID" service="frontws2" isExtService="true">
		<attribute name="OBJID" valueType="java.lang.Long" create="true" search="true" entityID="660"/>
		<attribute name="OBJTYPEID" valueType="java.lang.Long" create="true" search="true">66800</attribute>
		<attribute name="SUBJID" valueType="java.lang.Long" create="true" search="true" entityID="680"/>
		<attribute name="SUBJTYPE" valueType="java.lang.String" create="true" search="true">ROLE</attribute>
		<attribute name="ACCESSMODE" valueType="java.lang.String">full</attribute>
	</entity>
	
	<entity name="FRNT_RIGHT" id="1371" createMethod="rightCreate" getMethod="rightGetListByParams" createKeyParam="RIGHTID" getKeyParam="RIGHTID" service="frontws2" isExtService="true">
		<attribute name="OBJID" valueType="java.lang.Long" create="true" search="true" entityID="660"/>
		<attribute name="OBJTYPEID" valueType="java.lang.Long" create="true" search="true">66800</attribute>
		<attribute name="SUBJID" valueType="java.lang.Long" create="true" search="true" entityID="681"/>
		<attribute name="SUBJTYPE" valueType="java.lang.String" create="true" search="true">ROLE</attribute>
		<attribute name="ACCESSMODE" valueType="java.lang.String">full</attribute>
	</entity>
	
	
	<!-- Типы клиентов(внешних объектов) -->
	<entity name="CORE_EXTOBJTYPE" id="700" createMethod="admmoduleextobjectsadd" getMethod="admExtObjTypesList" createKeyParam="Result" getKeyParam="ID" service="adminws" isExtService="true">
		<attribute name="SYSNAME" valueType="java.lang.String" create="true" postSearch="true">PERSON</attribute>
		<attribute name="PUBLICNAME" valueType="java.lang.String" create="true">Физическое лицо/ИП</attribute>
		<attribute name="PACKAGEID" valueType="java.lang.Long">1</attribute>
	</entity>
	
	<!-- Атрибуты внешних объектов -->
	<entity name="CORE_EXTATT" id="710" createMethod="admExtAttrAdd" getMethod="admExtAttrsList" createKeyParam="EXTATTRID" getKeyParam="ID" service="adminws" isExtService="true">
		<attribute name="TYPEID" valueType="java.lang.Long">1</attribute>
		<attribute name="OBJTYPEID" valueType="java.lang.Long" entityID="700"/>
		<attribute name="SYSNAME" valueType="java.lang.String" create="true" postSearch="true">loSecurityCheckDate</attribute>
		<attribute name="PUBLICNAME" valueType="java.lang.String">Дата фактической проверки СЭБ</attribute>
	</entity>
	
	<entity name="CORE_EXTATTOBJLINK" id="715" createMethod="admExtAttrsLinkAdd" getMethod="admExtAttrsLinkList" createKeyParam="EXTATTOBJLINKID" getKeyParam="EXTATTOBJLINKID" service="adminws" isExtService="true">
		<attribute name="ID" valueType="java.lang.Long" postSearch="true" entityID="710"/>
		<attribute name="EXTATTID" valueType="java.lang.Long" entityID="710"/>
		<attribute name="OBJTYPEID" valueType="java.lang.Long" create="true" search="true" entityID="700"/>
	</entity>
	
	<entity name="CORE_EXTATT" id="720" createMethod="admExtAttrAdd" getMethod="admExtAttrsList" createKeyParam="EXTATTRID" getKeyParam="ID" service="adminws" isExtService="true">
		<attribute name="TYPEID" valueType="java.lang.Long">1</attribute>
		<attribute name="OBJTYPEID" valueType="java.lang.Long" entityID="700"/>
		<attribute name="SYSNAME" valueType="java.lang.String" create="true" postSearch="true">loRiskLevel</attribute>
		<attribute name="PUBLICNAME" valueType="java.lang.String">Уровень риска</attribute>
	</entity>
	
	<entity name="CORE_EXTATTOBJLINK" id="725" createMethod="admExtAttrsLinkAdd" getMethod="admExtAttrsLinkList" createKeyParam="EXTATTOBJLINKID" getKeyParam="EXTATTOBJLINKID" service="adminws" isExtService="true">
		<attribute name="ID" valueType="java.lang.Long" postSearch="true" entityID="720"/>
		<attribute name="EXTATTID" valueType="java.lang.Long" entityID="720"/>
		<attribute name="OBJTYPEID" valueType="java.lang.Long" create="true" search="true" entityID="700"/>
	</entity>	

	<entity name="CORE_EXTATT" id="730" createMethod="admExtAttrAdd" getMethod="admExtAttrsList" createKeyParam="EXTATTRID" getKeyParam="ID" service="adminws" isExtService="true">
		<attribute name="TYPEID" valueType="java.lang.Long">1</attribute>
		<attribute name="OBJTYPEID" valueType="java.lang.Long" entityID="700"/>
		<attribute name="SYSNAME" valueType="java.lang.String" create="true" postSearch="true">loSecurityCheckType</attribute>
		<attribute name="PUBLICNAME" valueType="java.lang.String">Глубина проверки СЭБ</attribute>
	</entity>
	
	<entity name="CORE_EXTATTOBJLINK" id="735" createMethod="admExtAttrsLinkAdd" getMethod="admExtAttrsLinkList" createKeyParam="EXTATTOBJLINKID" getKeyParam="EXTATTOBJLINKID" service="adminws" isExtService="true">
		<attribute name="ID" valueType="java.lang.Long" postSearch="true" entityID="730"/>
		<attribute name="EXTATTID" valueType="java.lang.Long" entityID="730"/>
		<attribute name="OBJTYPEID" valueType="java.lang.Long" create="true" search="true" entityID="700"/>
	</entity>	

	<entity name="CORE_EXTATT" id="740" createMethod="admExtAttrAdd" getMethod="admExtAttrsList" createKeyParam="EXTATTRID" getKeyParam="ID" service="adminws" isExtService="true">
		<attribute name="TYPEID" valueType="java.lang.Long">1</attribute>
		<attribute name="OBJTYPEID" valueType="java.lang.Long" entityID="700"/>
		<attribute name="SYSNAME" valueType="java.lang.String" create="true" postSearch="true">loSecurityCheckResult</attribute>
		<attribute name="PUBLICNAME" valueType="java.lang.String">Результат проверки СЭБ</attribute>
	</entity>
	
	<entity name="CORE_EXTATTOBJLINK" id="745" createMethod="admExtAttrsLinkAdd" getMethod="admExtAttrsLinkList" createKeyParam="EXTATTOBJLINKID" getKeyParam="EXTATTOBJLINKID" service="adminws" isExtService="true">
		<attribute name="ID" valueType="java.lang.Long" postSearch="true" entityID="740"/>
		<attribute name="EXTATTID" valueType="java.lang.Long" entityID="740"/>
		<attribute name="OBJTYPEID" valueType="java.lang.Long" create="true" search="true" entityID="700"/>
	</entity>	

	<entity name="CORE_EXTATT" id="750" createMethod="admExtAttrAdd" getMethod="admExtAttrsList" createKeyParam="EXTATTRID" getKeyParam="ID" service="adminws" isExtService="true">
		<attribute name="TYPEID" valueType="java.lang.Long">1</attribute>
		<attribute name="OBJTYPEID" valueType="java.lang.Long" entityID="700"/>
		<attribute name="SYSNAME" valueType="java.lang.String" create="true" postSearch="true">loRiskLevelSB</attribute>
		<attribute name="PUBLICNAME" valueType="java.lang.String">Уровень риска по результатам проверки СБ</attribute>
	</entity>
	
	<entity name="CORE_EXTATTOBJLINK" id="755" createMethod="admExtAttrsLinkAdd" getMethod="admExtAttrsLinkList" createKeyParam="EXTATTOBJLINKID" getKeyParam="EXTATTOBJLINKID" service="adminws" isExtService="true">
		<attribute name="ID" valueType="java.lang.Long" postSearch="true" entityID="750"/>
		<attribute name="EXTATTID" valueType="java.lang.Long" entityID="750"/>
		<attribute name="OBJTYPEID" valueType="java.lang.Long" create="true" search="true" entityID="700"/>
	</entity>	

	<entity name="CORE_EXTATT" id="760" createMethod="admExtAttrAdd" getMethod="admExtAttrsList" createKeyParam="EXTATTRID" getKeyParam="ID" service="adminws" isExtService="true">
		<attribute name="TYPEID" valueType="java.lang.Long">1</attribute>
		<attribute name="OBJTYPEID" valueType="java.lang.Long" entityID="700"/>
		<attribute name="SYSNAME" valueType="java.lang.String" create="true" postSearch="true">loSecurityCheckComment</attribute>
		<attribute name="PUBLICNAME" valueType="java.lang.String">Комментарий СЭБ</attribute>
	</entity>	
	
	<entity name="CORE_EXTATTOBJLINK" id="765" createMethod="admExtAttrsLinkAdd" getMethod="admExtAttrsLinkList" createKeyParam="EXTATTOBJLINKID" getKeyParam="EXTATTOBJLINKID" service="adminws" isExtService="true">
		<attribute name="ID" valueType="java.lang.Long" postSearch="true" entityID="760"/>
		<attribute name="EXTATTID" valueType="java.lang.Long" entityID="760"/>
		<attribute name="OBJTYPEID" valueType="java.lang.Long" create="true" search="true" entityID="700"/>
	</entity>	
	
</root>