<?xml version="1.0" encoding="UTF-8"?>
<root> 
	<!-- Проекты --> 
	<entity name="CORE_PROJECT" id="8639292444768185000" createMethod="admProjectAdd" getMethod="admProjectBySysname" additionalProcessMethod="admProjectBySysname" processKeyParam="PROJECTID" createKeyParam="PROJECTID" getKeyParam="PROJECTID" service="adminws">
		<attribute name="PROJECTSYSNAME" valueType="java.lang.String" create="true" search="true">FTDS</attribute>
		<attribute name="PROJECTNAME" valueType="java.lang.String">FLEXTERA Поддержка принятия решений</attribute>
	</entity>

	<!-- Состояния объектов МС --> 
	<!--Удаляемые состояния-->	
	<entity name="FRNT_SMSTATE" id="8256142039358135000" createMethod="" updateMethod="smStateDelete" getMethod="smStateGetListByParams" createKeyParam="STATEID" getKeyParam="STATEID" silent="true" service="frontws2">
		<attribute name="SYSNAME" valueType="java.lang.String" create="true" search="true">outdatedSolutions</attribute>
		<attribute name="TYPEID" valueType="java.lang.Long"  create="true" search="true">1011</attribute>
		<attribute name="PROJECTID" valueType="java.lang.Long"  create="true" search="true" entityID="8639292444768185000"/>
	</entity>

	<entity name="FRNT_SMSTATE" id="4466226469046608400" createMethod="" updateMethod="smStateDelete" getMethod="smStateGetListByParams" createKeyParam="STATEID" getKeyParam="STATEID" silent="true" service="frontws2">
		<attribute name="SYSNAME" valueType="java.lang.String" create="true" search="true">limitControl</attribute>
		<attribute name="TYPEID" valueType="java.lang.Long"  create="true" search="true">1011</attribute>
		<attribute name="PROJECTID" valueType="java.lang.Long"  create="true" search="true" entityID="8639292444768185000"/>
	</entity>	

	<entity name="FRNT_SMSTATE" id="940928026300295300" createMethod="" updateMethod="smStateDelete" getMethod="smStateGetListByParams" createKeyParam="STATEID" getKeyParam="STATEID" silent="true" service="frontws2">
		<attribute name="SYSNAME" valueType="java.lang.String" create="true" search="true">routingMPR</attribute>
		<attribute name="TYPEID" valueType="java.lang.Long"  create="true" search="true">1011</attribute>
		<attribute name="PROJECTID" valueType="java.lang.Long"  create="true" search="true" entityID="8639292444768185000"/>
	</entity>

	<entity name="FRNT_SMSTATE" id="5302749117831503000" createMethod="" updateMethod="smStateDelete" getMethod="smStateGetListByParams" createKeyParam="STATEID" getKeyParam="STATEID" silent="true" service="frontws2">
		<attribute name="SYSNAME" valueType="java.lang.String" create="true" search="true">appNegotiation</attribute>
		<attribute name="TYPEID" valueType="java.lang.Long"  create="true" search="true">1011</attribute>
		<attribute name="PROJECTID" valueType="java.lang.Long"  create="true" search="true" entityID="8639292444768185000"/>
	</entity>

	<entity name="FRNT_SMSTATE" id="496915736152291140" createMethod="" updateMethod="smStateDelete" getMethod="smStateGetListByParams" createKeyParam="STATEID" getKeyParam="STATEID" silent="true" service="frontws2">
		<attribute name="SYSNAME" valueType="java.lang.String" create="true" search="true">creditCommitteeConsideration</attribute>
		<attribute name="TYPEID" valueType="java.lang.Long"  create="true" search="true">1011</attribute>
		<attribute name="PROJECTID" valueType="java.lang.Long"  create="true" search="true" entityID="8639292444768185000"/>
	</entity>

	<entity name="FRNT_SMSTATE" id="1125159954979976200" createMethod="" updateMethod="smStateDelete" getMethod="smStateGetListByParams" createKeyParam="STATEID" getKeyParam="STATEID" silent="true" service="frontws2">
		<attribute name="SYSNAME" valueType="java.lang.String" create="true" search="true">directionConsideration</attribute>
		<attribute name="TYPEID" valueType="java.lang.Long"  create="true" search="true">1011</attribute>
		<attribute name="PROJECTID" valueType="java.lang.Long"  create="true" search="true" entityID="8639292444768185000"/>
	</entity>

	<entity name="FRNT_SMSTATE" id="7456867956086834000" createMethod="" updateMethod="smStateDelete" getMethod="smStateGetListByParams" createKeyParam="STATEID" getKeyParam="STATEID" silent="true" service="frontws2">
		<attribute name="SYSNAME" valueType="java.lang.String" create="true" search="true">councilConsideration</attribute>
		<attribute name="TYPEID" valueType="java.lang.Long"  create="true" search="true">1011</attribute>
		<attribute name="PROJECTID" valueType="java.lang.Long"  create="true" search="true" entityID="8639292444768185000"/>
	</entity>
	
	<entity name="FRNT_SMSTATE" id="7456867956086834001" createMethod="" updateMethod="smStateDelete" getMethod="smStateGetListByParams" createKeyParam="STATEID" getKeyParam="STATEID" silent="true" service="frontws2">
		<attribute name="SYSNAME" valueType="java.lang.String" create="true" search="true">creditCommitteeConsid</attribute>
		<attribute name="TYPEID" valueType="java.lang.Long"  create="true" search="true">1011</attribute>
		<attribute name="PROJECTID" valueType="java.lang.Long"  create="true" search="true" entityID="8639292444768185000"/>
	</entity>	

	<entity name="FRNT_SMSTATE" id="7456867956086834001" createMethod="" updateMethod="smStateDelete" getMethod="smStateGetListByParams" createKeyParam="STATEID" getKeyParam="STATEID" silent="true" service="frontws2">
		<attribute name="SYSNAME" valueType="java.lang.String" create="true" search="true">directionConsid</attribute>
		<attribute name="TYPEID" valueType="java.lang.Long"  create="true" search="true">1011</attribute>
		<attribute name="PROJECTID" valueType="java.lang.Long"  create="true" search="true" entityID="8639292444768185000"/>
	</entity>	

	<entity name="FRNT_SMSTATE" id="7456867956086834001" createMethod="" updateMethod="smStateDelete" getMethod="smStateGetListByParams" createKeyParam="STATEID" getKeyParam="STATEID" silent="true" service="frontws2">
		<attribute name="SYSNAME" valueType="java.lang.String" create="true" search="true">NoObjection</attribute>
		<attribute name="TYPEID" valueType="java.lang.Long"  create="true" search="true">1011</attribute>
		<attribute name="PROJECTID" valueType="java.lang.Long"  create="true" search="true" entityID="8639292444768185000"/>
	</entity>	

	<entity name="FRNT_SMSTATE" id="7456867956086834001" createMethod="" updateMethod="smStateDelete" getMethod="smStateGetListByParams" createKeyParam="STATEID" getKeyParam="STATEID" silent="true" service="frontws2">
		<attribute name="SYSNAME" valueType="java.lang.String" create="true" search="true">NoObjec</attribute>
		<attribute name="TYPEID" valueType="java.lang.Long"  create="true" search="true">1011</attribute>
		<attribute name="PROJECTID" valueType="java.lang.Long"  create="true" search="true" entityID="8639292444768185000"/>
	</entity>	

	<entity name="FRNT_SMSTATE" id="7456867956086834001" createMethod="" updateMethod="smStateDelete" getMethod="smStateGetListByParams" createKeyParam="STATEID" getKeyParam="STATEID" silent="true" service="frontws2">
		<attribute name="SYSNAME" valueType="java.lang.String" create="true" search="true">councilConsid</attribute>
		<attribute name="TYPEID" valueType="java.lang.Long"  create="true" search="true">1011</attribute>
		<attribute name="PROJECTID" valueType="java.lang.Long"  create="true" search="true" entityID="8639292444768185000"/>
	</entity>		
	<!-- -->		
</root> 
