<?xml version="1.0" encoding="UTF-8"?>
<root> 
<!-- Проекты --> 
	<entity name="CORE_PROJECT" id="10" createMethod="admProjectAdd" getMethod="admProjectBySysname" additionalProcessMethod="admProjectBySysname" processKeyParam="PROJECTID" createKeyParam="PROJECTID" getKeyParam="PROJECTID" service="adminws">
		<attribute name="PROJECTSYSNAME" valueType="java.lang.String" create="true" search="true">FTFLOANS</attribute>
		<attribute name="PROJECTNAME" valueType="java.lang.String">Кредитная заявка</attribute>
	</entity>

	<entity name="CORE_PROJECT" id="20" createMethod="admProjectAdd" getMethod="admProjectBySysname" additionalProcessMethod="admProjectBySysname" processKeyParam="PROJECTID" createKeyParam="PROJECTID" getKeyParam="PROJECTID" service="adminws">
		<attribute name="PROJECTSYSNAME" valueType="java.lang.String" create="true" search="true">FTDS</attribute>
		<attribute name="PROJECTNAME" valueType="java.lang.String">Поддержка принятия решений</attribute>
	</entity>

<!-- Состояния объектов МС --> 	

	<entity name="FRNT_SMSTATE" id="105" createMethod="smStateCreate" getMethod="smStateGetListByParams" createKeyParam="STATEID" getKeyParam="STATEID" service="frontws2">
		<attribute name="SYSNAME" valueType="java.lang.String" create="true" search="true">annulLinkAppToContract</attribute>
		<attribute name="NAME" valueType="java.lang.String" create="true">Аннулирование связи заявки с договором</attribute>
		<attribute name="TYPEID" valueType="java.lang.Long"  create="true" search="true">1011</attribute>
		<attribute name="PROJECTID" valueType="java.lang.Long"  create="true" search="true" entityID="20"/>
	</entity>	
	
	<entity name="FRNT_SMSTATE" id="110" createMethod="smStateCreate" getMethod="smStateGetListByParams" createKeyParam="STATEID" getKeyParam="STATEID" service="frontws2">
		<attribute name="SYSNAME" valueType="java.lang.String" create="true" search="true">dealAnalysis</attribute>
		<attribute name="NAME" valueType="java.lang.String" create="true">Анализ сделки</attribute>
		<attribute name="TYPEID" valueType="java.lang.Long"  create="true" search="true">1011</attribute>
		<attribute name="PROJECTID" valueType="java.lang.Long"  create="true" search="true" entityID="20"/>
	</entity>


<!-- Переходы объектов МС --> 	
	<entity name="FRNT_SMTRANS" id="205" createMethod="smTransitionCreate" getMethod="smTransitionGetListByParams" createKeyParam="TRANSITIONID" getKeyParam="TRANSITIONID" service="frontws2">
		<attribute name="SYSNAME" valueType="java.lang.String" create="true" search="true">returnForReregistration</attribute>
		<attribute name="NAME" valueType="java.lang.String" create="true" >Вернуть на переоформление</attribute>
		<attribute name="TRANSORDER" valueType="java.lang.Integer" create="true" >1</attribute>
		<attribute name="EVENTFLAG" valueType="java.lang.Integer" create="true" >0</attribute>
		<attribute name="FROMSTATEID" valueType="java.lang.Long"  create="true" search="true" entityID="105"/>
		<attribute name="TOSTATEID" valueType="java.lang.Long"  create="true" search="true" entityID="110"/>
		<attribute name="TYPEID" valueType="java.lang.Long"  create="true" search="true">1011</attribute>
	</entity>

	<!-- Типы этапов обработки -->

	<entity name="DOC_DOCPROCTYPE" id="300" createMethod="docProcessingTypeCreate" getMethod="docProcessingTypeGetByDocTypeAndSysname" createKeyParam="DOCPROCTYPEID" getKeyParam="DOCPROCTYPEID" service="frontws2">
		<attribute name="DOCUMENTTYPE" valueType="java.lang.Long" create="true" search="true">1011</attribute>
		<attribute name="SYSNAME" valueType="java.lang.String" create="true" search="true">annulLinkAppToContract</attribute>
		<attribute name="NAME" valueType="java.lang.String" create="true">Аннулирования связи заявки с договором</attribute>
		<attribute name="PAGEFLOWNAME" valueType="java.lang.String" create="true"></attribute>
	</entity>
	
	<!-- Типы проверок -->
	<entity name="DMS_CHECKTYPE" id="2000" createMethod="checkTypeCreate" getMethod="checkTypeGetByIdOrSysname" createKeyParam="CHECKTYPEID" getKeyParam="CHECKTYPEID" service="dmsws" >
		<attribute name="TYPESYSNAME" valueType="java.lang.String" create="true" search="true">subjDemands</attribute>
		<attribute name="TYPENAME" valueType="java.lang.String" create="true">Требования к субъекту</attribute>
		<attribute name="DESCRIPTION" valueType="java.lang.String" create="true">Требования к субъекту</attribute>
	</entity>	

	<!-- Проверки -->
	<entity name="DMS_CHECK" id="2100" createMethod="checkCreate" getMethod="checkGetByIdOrSysname" createKeyParam="CHECKID" getKeyParam="CHECKID" service="dmsws" >
		<attribute name="CHECKTYPEID" valueType="java.lang.Long" create="true" search="true" entityID="2000"/>
		<attribute name="OBJECTTYPEID" valueType="java.lang.Long" create="true">50000</attribute>
		<attribute name="CHECKNAME" valueType="java.lang.String" create="true">Аннулирования связи заявки с договором</attribute>
		<attribute name="CHECKSYSNAME" valueType="java.lang.String" create="true" search="true">dmsAnnulLinkAppToContract</attribute>
		<attribute name="RULELINK" valueType="java.lang.String" create="true">dmsAnnulLinkAppToContract</attribute>
		<attribute name="RULETYPE" valueType="java.lang.Integer" create="true">2</attribute>
		<attribute name="EXPIRATIONTERM" valueType="java.lang.Integer" create="true">0</attribute>
		<attribute name="MULTIFLAG" valueType="java.lang.Integer" create="true">0</attribute>
	</entity>
	
	<!-- Сценарии проверок -->
	
	<entity name="DMS_SCRIPT" id="2300" createMethod="checkScriptCreate" getMethod="checkScriptGetByIdOrSysname" createKeyParam="SCRIPTID" getKeyParam="SCRIPTID" service="dmsws" >
		<attribute name="SCRIPTSYSNAME" valueType="java.lang.String" create="true" search="true">annulLinkAppToContract</attribute>
		<attribute name="SCRIPTNAME" valueType="java.lang.String" create="true">Аннулирование связи заявки с договором</attribute>
		<attribute name="DESCRIPTION" valueType="java.lang.String" create="true">Аннулирование связи заявки с договором</attribute>
	</entity>		
	
		<!-- Связь сценариев и состояний -->
	<entity name="DMS_SCRPTSTATELINK" id="2400" createMethod="scriptStateLinkCreate" getMethod="scriptStateLinkGetListByParams" createKeyParam="LINKID" getKeyParam="LINKID" service="dmsws" >
		<attribute name="SCRIPTID" valueType="java.lang.Long" create="true" search="true" entityID="2300"/>
		<attribute name="STATEID" valueType="java.lang.Long" create="true" search="true" entityID="105"/>
		<attribute name="OBJECTTYPEID" valueType="java.lang.Long" create="true" search="true">1011</attribute>
	</entity>

	<!-- Связь проверок и сценариев -->
	<entity name="DMS_CHECKSCRLINK" id="2500" createMethod="checkScrLinkCreate" getMethod="checkScrLinkGetListByParams" createKeyParam="LINKID" getKeyParam="LINKID" service="dmsws" >
		<attribute name="SCRIPTID" valueType="java.lang.Long" create="true" search="true" entityID="2300"/>
		<attribute name="CHECKID" valueType="java.lang.Long" create="true" search="true" entityID="2100"/>
		<attribute name="CHECKORDER" valueType="java.lang.Integer" create="true" search="true">1</attribute>
	</entity>	

	<!-- Точки маршрутизации -->
	<entity name="DMS_ROUTINGPOINT" id="2890" createMethod="" updateMethod="routingPointMassDeleteByScriptId" getMethod="routingPointGetListByParams" createKeyParam="POINTID" getKeyParam="POINTID" service="dmsws" silent="true" >
		<attribute name="SCRIPTID" valueType="java.lang.Long" create="true" search="true" entityID="2300"/>
		<attribute name="OBJECTTYPEID" valueType="java.lang.Long"  search="true" create="true">1011</attribute>
	</entity>
	
	
	<entity name="DMS_ROUTINGPOINT" id="2900" createMethod="routingPointCreate" getMethod="routingPointGetListByParams" createKeyParam="POINTID" getKeyParam="POINTID" service="dmsws" >
		<attribute name="POINTSYSNAME" valueType="java.lang.String" create="true" search="true">routeAnnul</attribute>
		<attribute name="POINTNAME" valueType="java.lang.String" create="true">Маршрутизация по Аннулированию связи</attribute>
		<attribute name="SCRIPTID" valueType="java.lang.Long" create="true" search="true" entityID="2300"/>
		<attribute name="CHECKID" valueType="java.lang.Long" create="true" search="true" entityID="2100"/>
		<attribute name="OBJECTTYPEID" valueType="java.lang.Long" create="true">1011</attribute>
		<attribute name="STATEID" valueType="java.lang.Long" create="true" search="true" entityID="105"/>
		<attribute name="DESCRIPTION" valueType="java.lang.String" create="true"></attribute>
	</entity>

	<!-- Параметры маршрутизации -->	
	<entity name="DMS_ROUTING" id="3000" createMethod="" updateMethod="routingMassDeleteByPointId" getMethod="routingGetListByParams" createKeyParam="ROUTINGID" getKeyParam="ROUTINGID" service="dmsws" silent="true" >
		<attribute name="POINTID" valueType="java.lang.Long" create="true" search="true" entityID="2900"/>
	</entity>		
	<entity name="DMS_ROUTING" id="3100" createMethod="routingCreate" getMethod="routingGetListByParams" createKeyParam="ROUTINGID" getKeyParam="ROUTINGID" service="dmsws" >
		<attribute name="POINTID" valueType="java.lang.Long" create="true" search="true" entityID="2900"/>
		<attribute name="TRANSITIONID" valueType="java.lang.Long" create="true" search="true" entityID="205"/>
		<attribute name="RULELINK" valueType="java.lang.String" create="true" search="true">ruleCheckAccept</attribute>
		<attribute name="RULEPRIORITY" valueType="java.lang.Integer" create="true" search="true">1</attribute>
		<attribute name="DESCRIPTION" valueType="java.lang.String" create="true"></attribute>
	</entity>
	
</root> 	