<?xml version="1.0" encoding="UTF-8"?>
<root>

	<entity name="AUTO_PK_SUPPORT" id="0" createMethod="setAutoPkSupportValues" getMethod="" createKeyParam="Result" getKeyParam="" service="">
		<attribute name="FRNT_FORMGROUP" valueType="java.lang.String">FORMGROUPID</attribute>
		<attribute name="FRNT_FORM" valueType="java.lang.String">FORMID</attribute>
		<attribute name="FRNT_WIZARD" valueType="java.lang.String">WIZARDID</attribute>
		<attribute name="FRNT_WIZFORM" valueType="java.lang.String">WIZFORMID</attribute>
	</entity>
	
	<!-- Проект -->

	<entity name="CORE_PROJECT" id="1" createMethod="admProjectAdd" getMethod="admProjectBySysname" additionalProcessMethod="admProjectBySysname" processKeyParam="PROJECTID" createKeyParam="PROJECTID" getKeyParam="PROJECTID" service="adminws">
		<attribute name="PROJECTSYSNAME" valueType="java.lang.String" create="true" process="true" search="true">FTDS</attribute>
		<attribute name="PROJECTNAME" valueType="java.lang.String">FLEXTERA "Поддержка принятия решения"</attribute>
		<attribute name="METADATAURL" valueType="java.lang.String">c:\FLEXTERA\FTDS\metadata</attribute>
		<attribute name="USERMETADATAURL" valueType="java.lang.String">c:\FLEXTERA\FTDS\metadata</attribute>
	</entity>
	
	<!-- Роли -->

	<entity name="CORE_USERROLE" id="4" createMethod="admUserRoleAdd" getMethod="admUserRoleBySysname" createKeyParam="ROLEID" getKeyParam="ROLEID" service="adminws">
		<attribute name="ROLESYSNAME" valueType="java.lang.String" create="true" search="true">CreditInspector</attribute>
		<attribute name="ROLENAME" valueType="java.lang.String">Кредитный инспектор</attribute>
		<attribute name="DESCRIPTION" valueType="java.lang.String">Кредитный инспектор</attribute>
	</entity>

	<!-- Машина состояний (состояния)-->
	
	<entity name="FRNT_SMSTATE" id="111" createMethod="smStateCreate" getMethod="smStateGetListByParams" createKeyParam="STATEID" getKeyParam="STATEID" service="frontws2" isExtService="true">
		<attribute name="SYSNAME" valueType="java.lang.String" create="true" search="true">primaryChecks</attribute>
		<attribute name="NAME" valueType="java.lang.String" create="true">Первичные проверки</attribute>
		<attribute name="TYPEID" valueType="java.lang.Long" create="true" search="true">1003</attribute>
		<attribute name="PROJECTID" valueType="java.lang.Long" create="true" search="true" entityID="1"/>
	</entity>

	<entity name="FRNT_SMSTATE" id="113" createMethod="smStateCreate" getMethod="smStateGetListByParams" createKeyParam="STATEID" getKeyParam="STATEID" service="frontws2" isExtService="true">
		<attribute name="SYSNAME" valueType="java.lang.String" create="true" search="true">autoChecks</attribute>
		<attribute name="NAME" valueType="java.lang.String" create="true">Автоматические проверки</attribute>
		<attribute name="TYPEID" valueType="java.lang.Long" create="true" search="true">1003</attribute>
		<attribute name="PROJECTID" valueType="java.lang.Long" create="true" search="true" entityID="1"/>
	</entity>

	<!-- Машина состояний (переходы) -->
	
	<entity name="FRNT_SMTRANS" id="224" createMethod="smTransitionCreate" getMethod="smTransitionGetListByParams" createKeyParam="TRANSITIONID" getKeyParam="TRANSITIONID" service="frontws2" isExtService="true">
		<attribute name="SYSNAME" valueType="java.lang.String" create="true" search="true">showVerificationsProtocol</attribute>
		<attribute name="NAME" valueType="java.lang.String" create="true">Просмотр протокола проверок</attribute>
		<attribute name="FROMSTATEID" valueType="java.lang.Long" create="true" search="true" entityID="111"/>
		<attribute name="TOSTATEID" valueType="java.lang.Long" create="true" search="true" entityID="111"/>
		<attribute name="TYPEID" valueType="java.lang.Long" create="true" search="true">1003</attribute>
		<attribute name="PAGEFLOWNAME" valueType="java.lang.String" create="true">COMMON/verificationsProtocol/protocolViewer</attribute>
		<attribute name="TRANSORDER" valueType="java.lang.Integer" create="true">1</attribute>
		<attribute name="EVENTFLAG" valueType="java.lang.Integer" create="true">0</attribute>
	</entity>

	<entity name="FRNT_SMTRANS" id="225" createMethod="smTransitionCreate" getMethod="smTransitionGetListByParams" createKeyParam="TRANSITIONID" getKeyParam="TRANSITIONID" service="frontws2" isExtService="true">
		<attribute name="SYSNAME" valueType="java.lang.String" create="true" search="true">showVerificationsProtocol</attribute>
		<attribute name="NAME" valueType="java.lang.String" create="true">Просмотр протокола проверок</attribute>
		<attribute name="FROMSTATEID" valueType="java.lang.Long" create="true" search="true" entityID="113"/>
		<attribute name="TOSTATEID" valueType="java.lang.Long" create="true" search="true" entityID="113"/>
		<attribute name="TYPEID" valueType="java.lang.Long" create="true" search="true">1003</attribute>
		<attribute name="PAGEFLOWNAME" valueType="java.lang.String" create="true">COMMON/verificationsProtocol/protocolViewer</attribute>
		<attribute name="TRANSORDER" valueType="java.lang.Integer" create="true">1</attribute>
		<attribute name="EVENTFLAG" valueType="java.lang.Integer" create="true">0</attribute>
	</entity>

	<!-- Права на состояния -->
	
	<entity name="FRNT_RIGHT" id="1132" createMethod="rightCreate" getMethod="rightGetListByParams" createKeyParam="RIGHTID" getKeyParam="RIGHTID" service="frontws2" isExtService="true">
		<attribute name="OBJID" valueType="java.lang.Long" create="true" search="true" entityID="224"/>
		<attribute name="OBJTYPEID" valueType="java.lang.Long" create="true" search="true">66002</attribute>
		<attribute name="SUBJID" valueType="java.lang.Long" create="true" search="true" entityID="4"/>
		<attribute name="SUBJTYPE" valueType="java.lang.String" create="true" search="true">ROLE</attribute>
		<attribute name="ACCESSMODE" valueType="java.lang.String">full</attribute>
	</entity>
	
	<entity name="FRNT_RIGHT" id="1134" createMethod="rightCreate" getMethod="rightGetListByParams" createKeyParam="RIGHTID" getKeyParam="RIGHTID" service="frontws2" isExtService="true">
		<attribute name="OBJID" valueType="java.lang.Long" create="true" search="true" entityID="225"/>
		<attribute name="OBJTYPEID" valueType="java.lang.Long" create="true" search="true">66002</attribute>
		<attribute name="SUBJID" valueType="java.lang.Long" create="true" search="true" entityID="4"/>
		<attribute name="SUBJTYPE" valueType="java.lang.String" create="true" search="true">ROLE</attribute>
		<attribute name="ACCESSMODE" valueType="java.lang.String">full</attribute>
	</entity>
	
</root>