<?xml version="1.0" encoding="UTF-8"?>
<module>
    <sysname>FTICFADPTP</sysname>
    <name>fticfadptp</name>
    <description/>
    <!-- имя БД для модуля, которое должно быть настроено на стенде -->
    <dbalias>FTADT</dbalias>
    <!-- имя проекта для загрузки в его директории метаданных -->
    <project>fttpbankadtws</project>
    <config>
        <param>
            <key>jdbcDriver</key>
            <defaultvalue>org.h2.Driver</defaultvalue>
        </param>
        <param>
            <key>dataSourceUrl</key>
            <defaultvalue>jdbc:h2:~/test</defaultvalue>
        </param>
        <param>
            <key>minCon</key>
            <defaultvalue>1</defaultvalue>
        </param>
        <param>
            <key>maxCon</key>
            <defaultvalue>10</defaultvalue>
        </param>
        <param>
            <key>userName</key>
            <defaultvalue>sa</defaultvalue>
        </param>
        <param>
            <key>password</key>
            <defaultvalue></defaultvalue>
        </param>
        <param>
            <key>frontws2</key>
            <defaultvalue>http://tienphong:9081/frontws2/frontws2</defaultvalue>
        </param>
        <param>
            <key>corews</key>
            <defaultvalue>http://tienphong:9080/corews/corews</defaultvalue>
        </param>
        <param>
            <key>adminws</key>
            <defaultvalue>http://tienphong:9080/adminws/adminws</defaultvalue>
        </param>
        <param>
            <key>FlexteraLogin</key>
            <defaultvalue>dsa</defaultvalue>
        </param>
        <param>
            <key>FlexteraPassword</key>
            <defaultvalue>12345678</defaultvalue>
        </param>
        <param>
            <key>tpBankPassword</key>
            <defaultvalue>foo</defaultvalue>
        </param>
        <param>
            <key>tpBankUrl</key>
            <defaultvalue>http://skurkin7:8080/?WSDL</defaultvalue>
        </param>
        <param>
            <key>tpBankLogin</key>
            <defaultvalue>bar</defaultvalue>
        </param>
        <param>
            <key>leadStatusReference</key>
            <defaultvalue>leadStatus</defaultvalue>
        </param>
        <param>
            <key>ServiceVersion</key>
            <defaultvalue>ServiceVersion</defaultvalue>
        </param>
        <param>
            <key>SourceAppID</key>
            <defaultvalue>SourceAppID</defaultvalue>
        </param>
        <param>
            <key>TargetAppID</key>
            <defaultvalue>TargetAppID</defaultvalue>
        </param>
        <param>
            <key>UserId</key>
            <defaultvalue>UserId</defaultvalue>
        </param>
        <param>
            <key>UserPassword</key>
            <defaultvalue>UserPassword</defaultvalue>
        </param>
    </config>
</module>
