<?xml version="1.0" encoding="UTF-8"?><root>
    <!--Сценарий "Routing HO / Branch v2"-->
	<entity createKeyParam="SCRIPTID" createMethod="" updateMethod="checkScriptDelete" getKeyParam="SCRIPTID" getMethod="checkScriptGetByIdOrSysname" id="0" isIntService="true" name="DMS_SCRIPT" service="dmsws">
        <attribute create="true" name="SCRIPTSYSNAME" search="true" valueType="java.lang.String">routingHOBranch</attribute>
        <attribute create="true" name="SCRIPTNAME" valueType="java.lang.String">Routing HO / Branch v2</attribute>
        <attribute create="true" name="DESCRIPTION" valueType="java.lang.String"/>
    </entity>
	
    <entity createKeyParam="SCRIPTID" createMethod="checkScriptCreate" getKeyParam="SCRIPTID" getMethod="checkScriptGetByIdOrSysname" id="1" isIntService="true" name="DMS_SCRIPT" service="dmsws">
        <attribute create="true" name="SCRIPTSYSNAME" search="true" valueType="java.lang.String">routingHOBranch</attribute>
        <attribute create="true" name="SCRIPTNAME" valueType="java.lang.String">Routing HO / Branch v2</attribute>
        <attribute create="true" name="DESCRIPTION" valueType="java.lang.String"/>
    </entity>
    <!--Банковские продукты-->
    <!--Связь сценариев и продуктов-->
    <!--Состояния-->
    <entity createKeyParam="STATEID" createMethod="smStateCreate" getKeyParam="STATEID" getMethod="smStateGetListByParams" id="17" isExtService="true" name="FRNT_SMSTATE" service="frontws2">
        <attribute create="true" name="SYSNAME" search="true" valueType="java.lang.String">LOSRouting</attribute>
        <attribute create="true" name="NAME" search="true" valueType="java.lang.String">Routing</attribute>
        <attribute create="true" name="TYPEID" search="true" valueType="java.lang.Long">1103</attribute>
    </entity>
    <entity createKeyParam="STATEID" createMethod="smStateCreate" getKeyParam="STATEID" getMethod="smStateGetListByParams" id="18" isExtService="true" name="FRNT_SMSTATE" service="frontws2">
        <attribute create="true" name="SYSNAME" search="true" valueType="java.lang.String">LOSReviewUnderwriter</attribute>
        <attribute create="true" name="NAME" search="true" valueType="java.lang.String">Review by Underwriter</attribute>
        <attribute create="true" name="TYPEID" search="true" valueType="java.lang.Long">1103</attribute>
    </entity>
    <entity createKeyParam="STATEID" createMethod="smStateCreate" getKeyParam="STATEID" getMethod="smStateGetListByParams" id="19" isExtService="true" name="FRNT_SMSTATE" service="frontws2">
        <attribute create="true" name="SYSNAME" search="true" valueType="java.lang.String">LOSMakeDecisionApproverBranch</attribute>
        <attribute create="true" name="NAME" search="true" valueType="java.lang.String">Make Decision by Branch Manager</attribute>
        <attribute create="true" name="TYPEID" search="true" valueType="java.lang.Long">1103</attribute>
    </entity>
    <entity createKeyParam="STATEID" createMethod="smStateCreate" getKeyParam="STATEID" getMethod="smStateGetListByParams" id="20" isExtService="true" name="FRNT_SMSTATE" service="frontws2">
        <attribute create="true" name="SYSNAME" search="true" valueType="java.lang.String">LOSReviewApproverHO</attribute>
        <attribute create="true" name="NAME" search="true" valueType="java.lang.String">Review by Approver</attribute>
        <attribute create="true" name="TYPEID" search="true" valueType="java.lang.Long">1103</attribute>
    </entity>
    <!--Связь сценариев и состояний-->
    <entity createKeyParam="LINKID" createMethod="scriptStateLinkCreate" getKeyParam="LINKID" getMethod="scriptStateLinkGetListByParams" id="3" isIntService="true" name="DMS_SCRPTSTATELINK" service="dmsws">
        <attribute create="true" entityID="1" name="SCRIPTID" search="true" valueType="java.lang.Long"/>
        <attribute create="true" entityID="17" name="STATEID" search="true" valueType="java.lang.Long"/>
        <attribute create="true" name="OBJECTTYPEID" search="true" valueType="java.lang.Long">1103</attribute>
    </entity>
    <!--Правила-->
    <!--Типы проверок-->
    <entity createKeyParam="CHECKTYPEID" createMethod="checkTypeCreate" getKeyParam="CHECKTYPEID" getMethod="checkTypeGetByIdOrSysname" id="4" isIntService="true" name="DMS_CHECKTYPE" service="dmsws">
        <attribute create="true" name="TYPESYSNAME" search="true" valueType="java.lang.String">decisionResult</attribute>
        <attribute create="true" name="TYPENAME" valueType="java.lang.String">Decision Result</attribute>
        <attribute create="true" name="DESCRIPTION" valueType="java.lang.String">Decision Result</attribute>
    </entity>
    <entity createKeyParam="CHECKTYPEID" createMethod="checkTypeCreate" getKeyParam="CHECKTYPEID" getMethod="checkTypeGetByIdOrSysname" id="5" isIntService="true" name="DMS_CHECKTYPE" service="dmsws">
        <attribute create="true" name="TYPESYSNAME" search="true" valueType="java.lang.String">subjDemands</attribute>
        <attribute create="true" name="TYPENAME" valueType="java.lang.String">Demands to Subject</attribute>
        <attribute create="true" name="DESCRIPTION" valueType="java.lang.String">Demands to Subject</attribute>
    </entity>
    <!--Проверки-->
    <entity createKeyParam="CHECKID" createMethod="checkCreate" getKeyParam="CHECKID" getMethod="checkGetListByParams" id="21" isIntService="true" name="DMS_CHECK" service="dmsws">
        <attribute create="true" entityID="4" name="CHECKTYPEID" search="true" valueType="java.lang.Long"/>
        <attribute create="true" name="OBJECTTYPEID" search="true" valueType="java.lang.Long">50000</attribute>
        <attribute create="true" name="CHECKNAME" valueType="java.lang.String">CheckRoutingHOBranch</attribute>
        <attribute create="true" name="CHECKSYSNAME" valueType="java.lang.String">checkRoutingHOBranch</attribute>
        <attribute name="CHECKSYSNAME_EQU" search="true" valueType="java.lang.String">checkRoutingHOBranch</attribute>
        <attribute create="true" name="RULELINK" valueType="java.lang.String">routeToHOINT</attribute>
        <attribute create="true" name="RULETYPE" valueType="java.lang.Integer">1</attribute>
        <attribute create="true" name="EXPIRATIONTERM" valueType="java.lang.Integer">0</attribute>
        <attribute create="true" name="MULTIFLAG" valueType="java.lang.Integer">0</attribute>
        <attribute create="true" name="ORDERBY" valueType="java.lang.String">CHK.CHECKID DESC</attribute>
    </entity>
    <!--Связанные проверки-->
    <entity createKeyParam="LINKID" createMethod="checkScrLinkCreate" getKeyParam="LINKID" getMethod="checkScrLinkGetListByParams" id="2" isIntService="true" name="DMS_CHECKSCRLINK" service="dmsws">
        <attribute create="true" entityID="1" name="SCRIPTID" search="true" valueType="java.lang.Long"/>
        <attribute create="true" entityID="21" name="CHECKID" search="true" valueType="java.lang.Long"/>
        <attribute create="true" name="CHECKORDER" search="true" valueType="java.lang.Integer">1</attribute>
        <attribute create="true" name="CHECKSCRSTATUS" valueType="java.lang.Boolean">true</attribute>
    </entity>
    <!--Точки маршрутизации-->
    <entity createKeyParam="POINTID" createMethod="routingPointCreate" getKeyParam="POINTID" getMethod="routingPointGetListByParams" id="6" isIntService="true" name="DMS_ROUTINGPOINT" service="dmsws">
        <attribute create="true" entityID="1" name="SCRIPTID" search="true" valueType="java.lang.Long"/>
        <attribute create="true" entityID="21" name="CHECKID" search="true" valueType="java.lang.Long"/>
        <attribute create="true" entityID="17" name="STATEID" search="true" valueType="java.lang.Long"/>
        <attribute create="true" name="POINTSYSNAME" search="true" valueType="java.lang.String">routeAuto</attribute>
        <attribute create="true" name="POINTNAME" valueType="java.lang.String">Route</attribute>
        <attribute create="true" name="OBJECTTYPEID" search="true" valueType="java.lang.Long">1103</attribute>
        <attribute create="true" name="DESCRIPTION" valueType="java.lang.String"/>
    </entity>
    <!--Маршруты-->
    <entity createKeyParam="ROUTINGID" createMethod="routingCreate" getKeyParam="ROUTINGID" getMethod="routingGetListByParams" id="12" isIntService="true" name="DMS_ROUTING" service="dmsws">
        <attribute create="true" entityID="6" name="POINTID" search="true" valueType="java.lang.Long"/>
        <attribute create="true" name="RULELINK" search="true" valueType="java.lang.String">ruleRouteToBranchManagerINT</attribute>
        <attribute create="true" name="RULEPRIORITY" search="true" valueType="java.lang.Integer">1</attribute>
    </entity>
    <entity createKeyParam="ROUTINGID" createMethod="routingCreate" getKeyParam="ROUTINGID" getMethod="routingGetListByParams" id="13" isIntService="true" name="DMS_ROUTING" service="dmsws">
        <attribute create="true" entityID="6" name="POINTID" search="true" valueType="java.lang.Long"/>
        <attribute create="true" name="RULELINK" search="true" valueType="java.lang.String">ruleSendToHOApprover_F0</attribute>
        <attribute create="true" name="RULEPRIORITY" search="true" valueType="java.lang.Integer">2</attribute>
    </entity>
    <entity createKeyParam="ROUTINGID" createMethod="routingCreate" getKeyParam="ROUTINGID" getMethod="routingGetListByParams" id="14" isIntService="true" name="DMS_ROUTING" service="dmsws">
        <attribute create="true" entityID="6" name="POINTID" search="true" valueType="java.lang.Long"/>
        <attribute create="true" name="RULELINK" search="true" valueType="java.lang.String">returnedDecisionUnderwriterEqualCheckINT</attribute>
        <attribute create="true" name="RULEPRIORITY" search="true" valueType="java.lang.Integer">3</attribute>
    </entity>
    <entity createKeyParam="ROUTINGID" createMethod="routingCreate" getKeyParam="ROUTINGID" getMethod="routingGetListByParams" id="15" isIntService="true" name="DMS_ROUTING" service="dmsws">
        <attribute create="true" entityID="6" name="POINTID" search="true" valueType="java.lang.Long"/>
        <attribute create="true" name="RULELINK" search="true" valueType="java.lang.String">ruleSendToHOApprover_F1</attribute>
        <attribute create="true" name="RULEPRIORITY" search="true" valueType="java.lang.Integer">4</attribute>
    </entity>
    <entity createKeyParam="ROUTINGID" createMethod="routingCreate" getKeyParam="ROUTINGID" getMethod="routingGetListByParams" id="16" isIntService="true" name="DMS_ROUTING" service="dmsws">
        <attribute create="true" entityID="6" name="POINTID" search="true" valueType="java.lang.Long"/>
        <attribute create="true" name="RULELINK" search="true" valueType="java.lang.String">ruleSendToUnderwriterINT</attribute>
        <attribute create="true" name="RULEPRIORITY" search="true" valueType="java.lang.Integer">5</attribute>
    </entity>
    <!--Переходы-->
    <entity createKeyParam="TRANSITIONID" createMethod="smTransitionCreate" getKeyParam="TRANSITIONID" getMethod="smTransitionGetListByParams" id="22" isExtService="true" name="FRNT_SMTRANS" service="frontws2">
        <attribute create="true" entityID="17" name="FROMSTATEID" search="true" valueType="java.lang.Long"/>
        <attribute create="true" entityID="18" name="TOSTATEID" search="true" valueType="java.lang.Long"/>
        <attribute create="true" name="SYSNAME" search="true" valueType="java.lang.String">LOSSendToRreviewUnderwriter</attribute>
        <attribute create="true" name="NAME" valueType="java.lang.String">Send to Review by Underwriter</attribute>
        <attribute create="true" name="TYPEID" search="true" valueType="java.lang.String">1103</attribute>
    </entity>
    <entity createKeyParam="TRANSITIONID" createMethod="smTransitionCreate" getKeyParam="TRANSITIONID" getMethod="smTransitionGetListByParams" id="23" isExtService="true" name="FRNT_SMTRANS" service="frontws2">
        <attribute create="true" entityID="17" name="FROMSTATEID" search="true" valueType="java.lang.Long"/>
        <attribute create="true" entityID="19" name="TOSTATEID" search="true" valueType="java.lang.Long"/>
        <attribute create="true" name="SYSNAME" search="true" valueType="java.lang.String">LOSSendToMakeDecision</attribute>
        <attribute create="true" name="NAME" valueType="java.lang.String">Send to Make Decision</attribute>
        <attribute create="true" name="TYPEID" search="true" valueType="java.lang.String">1103</attribute>
    </entity>
    <entity createKeyParam="TRANSITIONID" createMethod="smTransitionCreate" getKeyParam="TRANSITIONID" getMethod="smTransitionGetListByParams" id="24" isExtService="true" name="FRNT_SMTRANS" service="frontws2">
        <attribute create="true" entityID="17" name="FROMSTATEID" search="true" valueType="java.lang.Long"/>
        <attribute create="true" entityID="20" name="TOSTATEID" search="true" valueType="java.lang.Long"/>
        <attribute create="true" name="SYSNAME" search="true" valueType="java.lang.String">LOSSendToApprover</attribute>
        <attribute create="true" name="NAME" valueType="java.lang.String">Send to Approver</attribute>
        <attribute create="true" name="TYPEID" search="true" valueType="java.lang.String">1103</attribute>
    </entity>
    <!--Маршрутизация объектов-->
    <entity createKeyParam="ROUTINGOBJECTID" createMethod="routingObjectCreate" getKeyParam="ROUTINGOBJECTID" getMethod="routingObjectGetListByParams" id="7" isIntService="true" name="DMS_ROUTINGOBJECT" service="dmsws">
        <attribute create="true" entityID="15" name="ROUTINGID" search="true" valueType="java.lang.Long"/>
        <attribute create="true" entityID="22" name="TRANSITIONID" search="true" valueType="java.lang.Long"/>
        <attribute create="true" name="OBJECTTYPEID" search="true" valueType="java.lang.Integer">1103</attribute>
        <attribute create="true" name="MAINOBJECTFLAG" search="true" valueType="java.lang.Integer">0</attribute>
        <attribute create="true" name="MULTITRANSFLAG" search="true" valueType="java.lang.Integer">1</attribute>
    </entity>
    <entity createKeyParam="ROUTINGOBJECTID" createMethod="routingObjectCreate" getKeyParam="ROUTINGOBJECTID" getMethod="routingObjectGetListByParams" id="8" isIntService="true" name="DMS_ROUTINGOBJECT" service="dmsws">
        <attribute create="true" entityID="12" name="ROUTINGID" search="true" valueType="java.lang.Long"/>
        <attribute create="true" entityID="23" name="TRANSITIONID" search="true" valueType="java.lang.Long"/>
        <attribute create="true" name="OBJECTTYPEID" search="true" valueType="java.lang.Integer">1103</attribute>
        <attribute create="true" name="MAINOBJECTFLAG" search="true" valueType="java.lang.Integer">0</attribute>
        <attribute create="true" name="MULTITRANSFLAG" search="true" valueType="java.lang.Integer">1</attribute>
    </entity>
    <entity createKeyParam="ROUTINGOBJECTID" createMethod="routingObjectCreate" getKeyParam="ROUTINGOBJECTID" getMethod="routingObjectGetListByParams" id="10" isIntService="true" name="DMS_ROUTINGOBJECT" service="dmsws">
        <attribute create="true" entityID="16" name="ROUTINGID" search="true" valueType="java.lang.Long"/>
        <attribute create="true" entityID="22" name="TRANSITIONID" search="true" valueType="java.lang.Long"/>
        <attribute create="true" name="OBJECTTYPEID" search="true" valueType="java.lang.Integer">1103</attribute>
        <attribute create="true" name="MAINOBJECTFLAG" search="true" valueType="java.lang.Integer">0</attribute>
        <attribute create="true" name="MULTITRANSFLAG" search="true" valueType="java.lang.Integer">1</attribute>
    </entity>
    <entity createKeyParam="ROUTINGOBJECTID" createMethod="routingObjectCreate" getKeyParam="ROUTINGOBJECTID" getMethod="routingObjectGetListByParams" id="11" isIntService="true" name="DMS_ROUTINGOBJECT" service="dmsws">
        <attribute create="true" entityID="13" name="ROUTINGID" search="true" valueType="java.lang.Long"/>
        <attribute create="true" entityID="24" name="TRANSITIONID" search="true" valueType="java.lang.Long"/>
        <attribute create="true" name="OBJECTTYPEID" search="true" valueType="java.lang.Integer">1103</attribute>
        <attribute create="true" name="MAINOBJECTFLAG" search="true" valueType="java.lang.Integer">1</attribute>
        <attribute create="true" name="MULTITRANSFLAG" search="true" valueType="java.lang.Integer">0</attribute>
    </entity>
</root>