<?xml version="1.0" encoding="UTF-8"?><root>
    <!--Сценарий "Routing by the Decision"-->
    <entity createKeyParam="" createMethod="" getKeyParam="SCRIPTID" getMethod="checkScriptGetByIdOrSysname" id="1" isIntService="true" name="DMS_SCRIPT" service="dmsws">
        <attribute create="true" name="SCRIPTSYSNAME" search="true" valueType="java.lang.String">decisionCheckINT_consumer</attribute>
        <attribute create="true" name="SCRIPTNAME" valueType="java.lang.String">Routing by the Decision (Consumer Loan)</attribute>
        <attribute create="true" name="DESCRIPTION" valueType="java.lang.String"/>
    </entity>
    <!--Банковские продукты-->
    <!--Связь сценариев и продуктов-->
    <!--Состояния-->
	<entity createKeyParam="STATEID" createMethod="smStateCreate" getKeyParam="STATEID" getMethod="smStateGetListByParams" id="73" isExtService="true" name="FRNT_SMSTATE" service="frontws2">
        <attribute create="true" name="SYSNAME" search="true" valueType="java.lang.String">LOSMakeDecisionApproverBranch</attribute>
        <attribute create="true" name="NAME" valueType="java.lang.String">Make Decision by Branch Manager</attribute>
        <attribute create="true" name="TYPEID" search="true" valueType="java.lang.Long">1105</attribute>
    </entity>
	<entity createKeyParam="STATEID" createMethod="smStateCreate" getKeyParam="STATEID" getMethod="smStateGetListByParams" id="74" isExtService="true" name="FRNT_SMSTATE" service="frontws2">
        <attribute create="true" name="SYSNAME" search="true" valueType="java.lang.String">LOSSignBranchManager</attribute>
        <attribute create="true" name="NAME" valueType="java.lang.String">Sign Report by Branch Manager</attribute>
        <attribute create="true" name="TYPEID" search="true" valueType="java.lang.Long">1105</attribute>
		<attributeList name="LOCALELIST" valueType="java.util.List" create="true" update="true">
			<listElement valueType="java.util.Map">
				<element name="LOCALE" valueType="java.lang.String" create="true">en</element>
				<element name="NAME" valueType="java.lang.String" create="true">Sign Report by Branch Manager</element>
			</listElement>
		</attributeList>
    </entity>
	<entity createKeyParam="STATEID" createMethod="smStateCreate" getKeyParam="STATEID" getMethod="smStateGetListByParams" id="75" isExtService="true" name="FRNT_SMSTATE" service="frontws2">
        <attribute create="true" name="SYSNAME" search="true" valueType="java.lang.String">LOSAutoApprovalResultNotif</attribute>
        <attribute create="true" name="NAME" valueType="java.lang.String">Automatic Approval Result Notification</attribute>
        <attribute create="true" name="TYPEID" search="true" valueType="java.lang.Long">1105</attribute>
    </entity>
    <entity createKeyParam="STATEID" createMethod="smStateCreate" getKeyParam="STATEID" getMethod="smStateGetListByParams" id="76" isExtService="true" name="FRNT_SMSTATE" service="frontws2">
        <attribute create="true" name="SYSNAME" search="true" valueType="java.lang.String">LOSApprovalResultNotif</attribute>
        <attribute create="true" name="NAME" valueType="java.lang.String">Approval Result Notification</attribute>
        <attribute create="true" name="TYPEID" search="true" valueType="java.lang.Long">1105</attribute>
    </entity>
	<entity createKeyParam="STATEID" createMethod="smStateCreate" getKeyParam="STATEID" getMethod="smStateGetListByParams" id="81" isExtService="true" name="FRNT_SMSTATE" service="frontws2">
        <attribute create="true" name="SYSNAME" search="true" valueType="java.lang.String">LOSSignReportSalesPerson</attribute>
        <attribute create="true" name="NAME" valueType="java.lang.String">Sign Report by Salesperson</attribute>
        <attribute create="true" name="TYPEID" search="true" valueType="java.lang.Long">1105</attribute>
		<attributeList name="LOCALELIST" valueType="java.util.List" create="true" update="true">
			<listElement valueType="java.util.Map">
				<element name="LOCALE" valueType="java.lang.String" create="true">en</element>
				<element name="NAME" valueType="java.lang.String" create="true">Sign Report by Salesperson</element>
			</listElement>
		</attributeList>
    </entity>
	<entity createKeyParam="STATEID" createMethod="smStateCreate" getKeyParam="STATEID" getMethod="smStateGetListByParams" id="77" isExtService="true" name="FRNT_SMSTATE" service="frontws2">
        <attribute create="true" name="SYSNAME" search="true" valueType="java.lang.String">LOSSignReportApproverHO</attribute>
        <attribute create="true" name="NAME" valueType="java.lang.String">Sign Report by ApproverHO</attribute>
        <attribute create="true" name="TYPEID" search="true" valueType="java.lang.Long">1105</attribute>
		<attributeList name="LOCALELIST" valueType="java.util.List" create="true" update="true">
			<listElement valueType="java.util.Map">
				<element name="LOCALE" valueType="java.lang.String" create="true">en</element>
				<element name="NAME" valueType="java.lang.String" create="true">Sign Report by ApproverHO</element>
			</listElement>
		</attributeList>
    </entity>
	
	<!--Связь сценариев и состояний-->
	
	<entity createKeyParam="LINKID" createMethod="scriptStateLinkCreate" getKeyParam="LINKID" getMethod="scriptStateLinkGetListByParams" id="7" isIntService="true" name="DMS_SCRPTSTATELINK" service="dmsws">
        <attribute create="true" entityID="1" name="SCRIPTID" search="true" valueType="java.lang.Long"/>
        <attribute create="true" entityID="74" name="STATEID" search="true" valueType="java.lang.Long"/>
        <attribute create="true" name="OBJECTTYPEID" search="true" valueType="java.lang.Long">1105</attribute>
    </entity>
	<entity createKeyParam="LINKID" createMethod="scriptStateLinkCreate" getKeyParam="LINKID" getMethod="scriptStateLinkGetListByParams" id="7" isIntService="true" name="DMS_SCRPTSTATELINK" service="dmsws">
        <attribute create="true" entityID="1" name="SCRIPTID" search="true" valueType="java.lang.Long"/>
        <attribute create="true" entityID="77" name="STATEID" search="true" valueType="java.lang.Long"/>
        <attribute create="true" name="OBJECTTYPEID" search="true" valueType="java.lang.Long">1105</attribute>
    </entity>
	
	<!--Типы проверок-->
    <entity createKeyParam="CHECKTYPEID" createMethod="checkTypeCreate" getKeyParam="CHECKTYPEID" getMethod="checkTypeGetByIdOrSysname" id="15" isIntService="true" name="DMS_CHECKTYPE" service="dmsws">
        <attribute create="true" name="TYPESYSNAME" search="true" valueType="java.lang.String">subjDemands</attribute>
        <attribute create="true" name="TYPENAME" valueType="java.lang.String">Demands to Subject</attribute>
        <attribute create="true" name="DESCRIPTION" valueType="java.lang.String">Demands to Subject</attribute>
    </entity>
    <!--Проверки-->
    <entity createKeyParam="CHECKID" createMethod="checkCreate" getKeyParam="CHECKID" getMethod="checkGetListByParams" id="91" isIntService="true" name="DMS_CHECK" service="dmsws">
        <attribute create="true" entityID="15" name="CHECKTYPEID" search="true" valueType="java.lang.Long"/>
        <attribute create="true" name="OBJECTTYPEID" search="true" valueType="java.lang.Long">50000</attribute>
        <attribute create="true" name="CHECKNAME" valueType="java.lang.String">The result of the current stage</attribute>
        <attribute create="true" name="CHECKSYSNAME" valueType="java.lang.String">currentStageResultAutoINT</attribute>
        <attribute name="CHECKSYSNAME_EQU" search="true" valueType="java.lang.String">currentStageResultAutoINT</attribute>
        <attribute create="true" name="RULELINK" valueType="java.lang.String">dmsCurrentStageResult</attribute>
        <attribute create="true" name="RULETYPE" valueType="java.lang.Integer">2</attribute>
        <attribute create="true" name="EXPIRATIONTERM" valueType="java.lang.Integer">0</attribute>
        <attribute create="true" name="MULTIFLAG" valueType="java.lang.Integer">0</attribute>
        <attribute create="true" name="ORDERBY" valueType="java.lang.String">CHK.CHECKID DESC</attribute>
    </entity>
	<!--Связанные проверки-->
    <entity createKeyParam="LINKID" createMethod="checkScrLinkCreate" getKeyParam="LINKID" getMethod="checkScrLinkGetListByParams" id="2" isIntService="true" name="DMS_CHECKSCRLINK" service="dmsws">
        <attribute create="true" entityID="1" name="SCRIPTID" search="true" valueType="java.lang.Long"/>
        <attribute create="true" entityID="91" name="CHECKID" search="true" valueType="java.lang.Long"/>
        <attribute create="true" name="CHECKORDER" search="true" valueType="java.lang.Integer">1</attribute>
        <attribute create="true" name="CHECKSCRSTATUS" valueType="java.lang.Boolean">true</attribute>
    </entity>
	
	<!--Точки маршрутизации-->
	<entity createKeyParam="POINTID" createMethod="routingPointCreate" getKeyParam="POINTID" getMethod="routingPointGetListByParams" id="19" isIntService="true" name="DMS_ROUTINGPOINT" service="dmsws">
        <attribute create="true" entityID="1" name="SCRIPTID" search="true" valueType="java.lang.Long"/>
        <attribute create="true" entityID="91" name="CHECKID" search="true" valueType="java.lang.Long"/>
        <attribute create="true" entityID="73" name="STATEID" valueType="java.lang.Long"/>
        <attribute create="true" name="POINTSYSNAME" search="true" valueType="java.lang.String">decMakinBranchConsRP</attribute>
        <attribute create="true" name="POINTNAME" valueType="java.lang.String">decMakinBranchConsRP</attribute>
        <attribute create="true" name="OBJECTTYPEID" search="true" valueType="java.lang.Long">1105</attribute>
        <attribute create="true" name="DESCRIPTION" valueType="java.lang.String"/>
    </entity>
	<entity createKeyParam="POINTID" createMethod="routingPointCreate" getKeyParam="POINTID" getMethod="routingPointGetListByParams" id="20" isIntService="true" name="DMS_ROUTINGPOINT" service="dmsws">
        <attribute create="true" entityID="1" name="SCRIPTID" search="true" valueType="java.lang.Long"/>
        <attribute create="true" entityID="91" name="CHECKID" search="true" valueType="java.lang.Long"/>
        <attribute create="true" entityID="74" name="STATEID" search="true" valueType="java.lang.Long"/>
        <attribute create="true" name="POINTSYSNAME" search="true" valueType="java.lang.String">routingFromSignReportBranchManagerConsRP</attribute>
        <attribute create="true" name="POINTNAME" valueType="java.lang.String">Routing From Sign Report Branch Manager</attribute>
        <attribute create="true" name="OBJECTTYPEID" search="true" valueType="java.lang.Long">1105</attribute>
        <attribute create="true" name="DESCRIPTION" valueType="java.lang.String"/>
    </entity>
	<entity createKeyParam="POINTID" createMethod="routingPointCreate" getKeyParam="POINTID" getMethod="routingPointGetListByParams" id="21" isIntService="true" name="DMS_ROUTINGPOINT" service="dmsws">
        <attribute create="true" entityID="1" name="SCRIPTID" search="true" valueType="java.lang.Long"/>
        <attribute create="true" entityID="91" name="CHECKID" search="true" valueType="java.lang.Long"/>
        <attribute create="true" entityID="77" name="STATEID" search="true" valueType="java.lang.Long"/>
        <attribute create="true" name="POINTSYSNAME" search="true" valueType="java.lang.String">routingFromSignReportApproverHOConsRP</attribute>
        <attribute create="true" name="POINTNAME" valueType="java.lang.String">Routing From Sign Report ApproverHO</attribute>
        <attribute create="true" name="OBJECTTYPEID" search="true" valueType="java.lang.Long">1105</attribute>
        <attribute create="true" name="DESCRIPTION" valueType="java.lang.String"/>
    </entity>
	
	<!--Переходы-->
    <entity createKeyParam="TRANSITIONID" createMethod="smTransitionCreate" getKeyParam="TRANSITIONID" getMethod="smTransitionGetListByParams" id="92" isExtService="true" name="FRNT_SMTRANS" service="frontws2">
        <attribute create="true" entityID="73" name="FROMSTATEID" search="true" valueType="java.lang.Long"/>
        <attribute create="true" entityID="81" name="TOSTATEID" search="true" valueType="java.lang.Long"/>
        <attribute create="true" name="SYSNAME" search="true" valueType="java.lang.String">LOSSendToSignReportSalesPerson</attribute>
        <attribute create="true" name="NAME" valueType="java.lang.String">Sign Report by Salesperson</attribute>
        <attribute create="true" name="TYPEID" search="true" valueType="java.lang.String">1105</attribute>
		<attributeList name="LOCALELIST" valueType="java.util.List" create="true" update="true">
			<listElement valueType="java.util.Map">
				<element name="LOCALE" valueType="java.lang.String" create="true">en</element>
				<element name="NAME" valueType="java.lang.String" create="true">Sign Report by Salesperson</element>
			</listElement>
		</attributeList>
    </entity>
	
	<entity createKeyParam="TRANSITIONID" createMethod="smTransitionCreate" getKeyParam="TRANSITIONID" getMethod="smTransitionGetListByParams" id="93" isExtService="true" name="FRNT_SMTRANS" service="frontws2">
        <attribute create="true" entityID="74" name="FROMSTATEID" search="true" valueType="java.lang.Long"/>
        <attribute create="true" entityID="75" name="TOSTATEID" search="true" valueType="java.lang.Long"/>
        <attribute create="true" name="SYSNAME" search="true" valueType="java.lang.String">LOSSendToAutomaticNotification</attribute>
        <attribute create="true" name="NAME" valueType="java.lang.String">Send Automatic Notification</attribute>
        <attribute create="true" name="TYPEID" search="true" valueType="java.lang.String">1105</attribute>
    </entity>
    <entity createKeyParam="TRANSITIONID" createMethod="smTransitionCreate" getKeyParam="TRANSITIONID" getMethod="smTransitionGetListByParams" id="94" isExtService="true" name="FRNT_SMTRANS" service="frontws2">
        <attribute create="true" entityID="74" name="FROMSTATEID" search="true" valueType="java.lang.Long"/>
        <attribute create="true" entityID="76" name="TOSTATEID" search="true" valueType="java.lang.Long"/>
        <attribute create="true" name="SYSNAME" search="true" valueType="java.lang.String">LOSSendToNotification</attribute>
        <attribute create="true" name="NAME" valueType="java.lang.String">Send to Notification</attribute>
        <attribute create="true" name="TYPEID" search="true" valueType="java.lang.String">1105</attribute>
    </entity>
	
	<entity createKeyParam="TRANSITIONID" createMethod="smTransitionCreate" getKeyParam="TRANSITIONID" getMethod="smTransitionGetListByParams" id="95" isExtService="true" name="FRNT_SMTRANS" service="frontws2">
        <attribute create="true" entityID="77" name="FROMSTATEID" search="true" valueType="java.lang.Long"/>
        <attribute create="true" entityID="75" name="TOSTATEID" search="true" valueType="java.lang.Long"/>
        <attribute create="true" name="SYSNAME" search="true" valueType="java.lang.String">LOSSendToAutomaticNotification</attribute>
        <attribute create="true" name="NAME" valueType="java.lang.String">Send Automatic Notification</attribute>
        <attribute create="true" name="TYPEID" search="true" valueType="java.lang.String">1105</attribute>
    </entity>
    <entity createKeyParam="TRANSITIONID" createMethod="smTransitionCreate" getKeyParam="TRANSITIONID" getMethod="smTransitionGetListByParams" id="96" isExtService="true" name="FRNT_SMTRANS" service="frontws2">
        <attribute create="true" entityID="77" name="FROMSTATEID" search="true" valueType="java.lang.Long"/>
        <attribute create="true" entityID="76" name="TOSTATEID" search="true" valueType="java.lang.Long"/>
        <attribute create="true" name="SYSNAME" search="true" valueType="java.lang.String">LOSSendToNotification</attribute>
        <attribute create="true" name="NAME" valueType="java.lang.String">Send to Notification</attribute>
        <attribute create="true" name="TYPEID" search="true" valueType="java.lang.String">1105</attribute>
    </entity>
	
	<entity createKeyParam="TRANSITIONID" createMethod="smTransitionCreate" getKeyParam="TRANSITIONID" getMethod="smTransitionGetListByParams" id="97" isExtService="true" name="FRNT_SMTRANS" service="frontws2">
        <attribute create="true" entityID="73" name="FROMSTATEID" search="true" valueType="java.lang.Long"/>
        <attribute create="true" entityID="75" name="TOSTATEID" search="true" valueType="java.lang.Long"/>
        <attribute create="true" name="SYSNAME" search="true" valueType="java.lang.String">LOSSendToAutomaticNotification</attribute>
        <attribute create="true" name="NAME" valueType="java.lang.String">Send Automatic Notification</attribute>
        <attribute create="true" name="TYPEID" search="true" valueType="java.lang.String">1105</attribute>
    </entity>
    <entity createKeyParam="TRANSITIONID" createMethod="smTransitionCreate" getKeyParam="TRANSITIONID" getMethod="smTransitionGetListByParams" id="98" isExtService="true" name="FRNT_SMTRANS" service="frontws2">
        <attribute create="true" entityID="73" name="FROMSTATEID" search="true" valueType="java.lang.Long"/>
        <attribute create="true" entityID="76" name="TOSTATEID" search="true" valueType="java.lang.Long"/>
        <attribute create="true" name="SYSNAME" search="true" valueType="java.lang.String">LOSSendToNotification</attribute>
        <attribute create="true" name="NAME" valueType="java.lang.String">Send to Notification</attribute>
        <attribute create="true" name="TYPEID" search="true" valueType="java.lang.String">1105</attribute>
    </entity>
	
	<!--Маршруты-->
	<entity createKeyParam="ROUTINGID" createMethod="routingCreate" getKeyParam="ROUTINGID" getMethod="routingGetListByParams" id="65" isIntService="true" name="DMS_ROUTING" service="dmsws">
        <attribute create="true" entityID="19" name="POINTID" search="true" valueType="java.lang.Long"/>
        <attribute create="true" name="RULELINK" search="true" valueType="java.lang.String">approveDecisionEqualCheckINT</attribute>
        <attribute create="true" name="RULEPRIORITY" search="true" valueType="java.lang.Integer">1</attribute>
    </entity>
    <entity createKeyParam="ROUTINGID" createMethod="routingCreate" getKeyParam="ROUTINGID" getMethod="routingGetListByParams" id="66" isIntService="true" name="DMS_ROUTING" service="dmsws">
        <attribute create="true" entityID="19" name="POINTID" search="true" valueType="java.lang.Long"/>
        <attribute create="true" name="RULELINK" search="true" valueType="java.lang.String">approveWithCondDecisionEqualCheckINT</attribute>
        <attribute create="true" name="RULEPRIORITY" search="true" valueType="java.lang.Integer">2</attribute>
    </entity>
	<entity createKeyParam="ROUTINGID" createMethod="routingCreate" getKeyParam="ROUTINGID" getMethod="routingGetListByParams" id="67" isIntService="true" name="DMS_ROUTING" service="dmsws">
        <attribute create="true" entityID="20" name="POINTID" search="true" valueType="java.lang.Long"/>
        <attribute create="true" name="RULELINK" search="true" valueType="java.lang.String">approveDecisionEqualCheckINT</attribute>
        <attribute create="true" name="RULEPRIORITY" search="true" valueType="java.lang.Integer">1</attribute>
    </entity>
    <entity createKeyParam="ROUTINGID" createMethod="routingCreate" getKeyParam="ROUTINGID" getMethod="routingGetListByParams" id="68" isIntService="true" name="DMS_ROUTING" service="dmsws">
        <attribute create="true" entityID="20" name="POINTID" search="true" valueType="java.lang.Long"/>
        <attribute create="true" name="RULELINK" search="true" valueType="java.lang.String">approveWithCondDecisionEqualCheckINT</attribute>
        <attribute create="true" name="RULEPRIORITY" search="true" valueType="java.lang.Integer">2</attribute>
    </entity>
	
	<entity createKeyParam="ROUTINGID" createMethod="routingCreate" getKeyParam="ROUTINGID" getMethod="routingGetListByParams" id="69" isIntService="true" name="DMS_ROUTING" service="dmsws">
        <attribute create="true" entityID="21" name="POINTID" search="true" valueType="java.lang.Long"/>
        <attribute create="true" name="RULELINK" search="true" valueType="java.lang.String">approveDecisionEqualCheckINT</attribute>
        <attribute create="true" name="RULEPRIORITY" search="true" valueType="java.lang.Integer">1</attribute>
    </entity>
    <entity createKeyParam="ROUTINGID" createMethod="routingCreate" getKeyParam="ROUTINGID" getMethod="routingGetListByParams" id="70" isIntService="true" name="DMS_ROUTING" service="dmsws">
        <attribute create="true" entityID="21" name="POINTID" search="true" valueType="java.lang.Long"/>
        <attribute create="true" name="RULELINK" search="true" valueType="java.lang.String">approveWithCondDecisionEqualCheckINT</attribute>
        <attribute create="true" name="RULEPRIORITY" search="true" valueType="java.lang.Integer">2</attribute>
    </entity>
	
	<entity createKeyParam="ROUTINGID" createMethod="routingCreate" getKeyParam="ROUTINGID" getMethod="routingGetListByParams" id="71" isIntService="true" name="DMS_ROUTING" service="dmsws">
        <attribute create="true" entityID="19" name="POINTID" search="true" valueType="java.lang.Long"/>
        <attribute create="true" name="RULELINK" search="true" valueType="java.lang.String">approveDecisionEqualCheckINT_Consumer</attribute>
        <attribute create="true" name="RULEPRIORITY" search="true" valueType="java.lang.Integer">1</attribute>
    </entity>
    <entity createKeyParam="ROUTINGID" createMethod="routingCreate" getKeyParam="ROUTINGID" getMethod="routingGetListByParams" id="72" isIntService="true" name="DMS_ROUTING" service="dmsws">
        <attribute create="true" entityID="19" name="POINTID" search="true" valueType="java.lang.Long"/>
        <attribute create="true" name="RULELINK" search="true" valueType="java.lang.String">approveDecisionWithCondEqualCheckINT_Consumer</attribute>
        <attribute create="true" name="RULEPRIORITY" search="true" valueType="java.lang.Integer">2</attribute>
    </entity>
	
	<entity createKeyParam="ROUTINGID" createMethod="routingCreate" getKeyParam="ROUTINGID" getMethod="routingGetListByParams" id="73" isIntService="true" name="DMS_ROUTING" service="dmsws">
        <attribute create="true" entityID="19" name="POINTID" search="true" valueType="java.lang.Long"/>
        <attribute create="true" name="RULELINK" search="true" valueType="java.lang.String">approveDecisionEqualCheckINT_Consumer_Edited</attribute>
        <attribute create="true" name="RULEPRIORITY" search="true" valueType="java.lang.Integer">3</attribute>
    </entity>
    <entity createKeyParam="ROUTINGID" createMethod="routingCreate" getKeyParam="ROUTINGID" getMethod="routingGetListByParams" id="74" isIntService="true" name="DMS_ROUTING" service="dmsws">
        <attribute create="true" entityID="19" name="POINTID" search="true" valueType="java.lang.Long"/>
        <attribute create="true" name="RULELINK" search="true" valueType="java.lang.String">approveDecisionWithCondEqualCheckINT_Consumer_Edited</attribute>
        <attribute create="true" name="RULEPRIORITY" search="true" valueType="java.lang.Integer">4</attribute>
    </entity>
	
	<entity createKeyParam="ROUTINGID" createMethod="routingCreate" updateMethod="routingModify" getKeyParam="ROUTINGID" getMethod="routingGetListByParams" id="75" isIntService="true" name="DMS_ROUTING" service="dmsws">
        <attribute create="true" entityID="19" name="POINTID" search="true" valueType="java.lang.Long"/>
        <attribute create="true" name="RULELINK" search="true" valueType="java.lang.String">rejectDecisionEqualCheckINT</attribute>
        <attribute create="true" name="RULEPRIORITY" update="true" valueType="java.lang.Integer">5</attribute>
    </entity>
	
	<!--Маршрутизация объектов-->
    <entity createKeyParam="ROUTINGOBJECTID" createMethod="routingObjectCreate" updateMethod="routingObjectModify"  getKeyParam="ROUTINGOBJECTID" getMethod="routingObjectGetListByParams" id="27" isIntService="true" name="DMS_ROUTINGOBJECT" service="dmsws">
        <attribute create="true" entityID="71" name="ROUTINGID" search="true" valueType="java.lang.Long"/>
        <attribute create="true" entityID="92" name="TRANSITIONID" valueType="java.lang.Long"/>
        <attribute create="true" name="OBJECTTYPEID" search="true" valueType="java.lang.Integer">1105</attribute>
        <attribute create="true" name="MAINOBJECTFLAG" search="true" valueType="java.lang.Integer">1</attribute>
        <attribute create="true" name="MULTITRANSFLAG" search="true" valueType="java.lang.Integer">0</attribute>
    </entity>
	<entity createKeyParam="ROUTINGOBJECTID" createMethod="routingObjectCreate" updateMethod="routingObjectModify"  getKeyParam="ROUTINGOBJECTID" getMethod="routingObjectGetListByParams" id="28" isIntService="true" name="DMS_ROUTINGOBJECT" service="dmsws">
        <attribute create="true" entityID="72" name="ROUTINGID" search="true" valueType="java.lang.Long"/>
        <attribute create="true" entityID="92" name="TRANSITIONID" valueType="java.lang.Long"/>
        <attribute create="true" name="OBJECTTYPEID" search="true" valueType="java.lang.Integer">1105</attribute>
        <attribute create="true" name="MAINOBJECTFLAG" search="true" valueType="java.lang.Integer">1</attribute>
        <attribute create="true" name="MULTITRANSFLAG" search="true" valueType="java.lang.Integer">0</attribute>
    </entity>
	
	<entity createKeyParam="ROUTINGOBJECTID" createMethod="routingObjectCreate" updateMethod="routingObjectDelete"  getKeyParam="ROUTINGOBJECTID" getMethod="routingObjectGetListByParams" id="29" isIntService="true" name="DMS_ROUTINGOBJECT" service="dmsws">
        <attribute create="true" entityID="65" name="ROUTINGID" search="true" valueType="java.lang.Long"/>        
    </entity>
	<entity createKeyParam="ROUTINGOBJECTID" createMethod="routingObjectCreate" updateMethod="routingObjectDelete"  getKeyParam="ROUTINGOBJECTID" getMethod="routingObjectGetListByParams" id="30" isIntService="true" name="DMS_ROUTINGOBJECT" service="dmsws">
        <attribute create="true" entityID="66" name="ROUTINGID" search="true" valueType="java.lang.Long"/>        
    </entity>
	
	<entity createKeyParam="ROUTINGID" createMethod="routingCreate" deleteMethod="routingDelete" getKeyParam="ROUTINGID" getMethod="routingGetListByParams" id="65_1" isIntService="true" name="DMS_ROUTING" service="dmsws">
        <attribute create="true" entityID="19" name="POINTID" search="true" valueType="java.lang.Long"/>
        <attribute create="true" name="RULELINK" search="true" valueType="java.lang.String">approveDecisionEqualCheckINT</attribute>
        <attribute create="true" name="RULEPRIORITY" search="true" valueType="java.lang.Integer">1</attribute>
    </entity>
    <entity createKeyParam="ROUTINGID" createMethod="routingCreate" deleteMethod="routingDelete" getKeyParam="ROUTINGID" getMethod="routingGetListByParams" id="66_2" isIntService="true" name="DMS_ROUTING" service="dmsws">
        <attribute create="true" entityID="19" name="POINTID" search="true" valueType="java.lang.Long"/>
        <attribute create="true" name="RULELINK" search="true" valueType="java.lang.String">approveWithCondDecisionEqualCheckINT</attribute>
        <attribute create="true" name="RULEPRIORITY" search="true" valueType="java.lang.Integer">2</attribute>
    </entity>
	
	<entity createKeyParam="ROUTINGOBJECTID" createMethod="routingObjectCreate" updateMethod="routingObjectModify"  getKeyParam="ROUTINGOBJECTID" getMethod="routingObjectGetListByParams" id="31" isIntService="true" name="DMS_ROUTINGOBJECT" service="dmsws">
        <attribute create="true" entityID="73" name="ROUTINGID" search="true" valueType="java.lang.Long"/>
        <attribute create="true" entityID="97" name="TRANSITIONID" search="true" valueType="java.lang.Long"/>
        <attribute create="true" name="OBJECTTYPEID" search="true" valueType="java.lang.Integer">1105</attribute>
        <attribute create="true" name="MAINOBJECTFLAG" search="true" valueType="java.lang.Integer">1</attribute>
        <attribute create="true" name="MULTITRANSFLAG" search="true" valueType="java.lang.Integer">0</attribute>
    </entity>
	<entity createKeyParam="ROUTINGOBJECTID" createMethod="routingObjectCreate" updateMethod="routingObjectModify"  getKeyParam="ROUTINGOBJECTID" getMethod="routingObjectGetListByParams" id="32" isIntService="true" name="DMS_ROUTINGOBJECT" service="dmsws">
        <attribute create="true" entityID="74" name="ROUTINGID" search="true" valueType="java.lang.Long"/>
        <attribute create="true" entityID="98" name="TRANSITIONID" search="true" valueType="java.lang.Long"/>
        <attribute create="true" name="OBJECTTYPEID" search="true" valueType="java.lang.Integer">1105</attribute>
        <attribute create="true" name="MAINOBJECTFLAG" search="true" valueType="java.lang.Integer">1</attribute>
        <attribute create="true" name="MULTITRANSFLAG" search="true" valueType="java.lang.Integer">0</attribute>
    </entity>
	
	
	<entity createKeyParam="ROUTINGOBJECTID" createMethod="routingObjectCreate" updateMethod="routingObjectModify"  getKeyParam="ROUTINGOBJECTID" getMethod="routingObjectGetListByParams" id="33" isIntService="true" name="DMS_ROUTINGOBJECT" service="dmsws">
        <attribute create="true" entityID="67" name="ROUTINGID" search="true" valueType="java.lang.Long"/>
        <attribute create="true" entityID="93" name="TRANSITIONID" search="true" valueType="java.lang.Long"/>
        <attribute create="true" name="OBJECTTYPEID" search="true" valueType="java.lang.Integer">1105</attribute>
        <attribute create="true" name="MAINOBJECTFLAG" search="true" valueType="java.lang.Integer">1</attribute>
        <attribute create="true" name="MULTITRANSFLAG" search="true" valueType="java.lang.Integer">0</attribute>
    </entity>
	<entity createKeyParam="ROUTINGOBJECTID" createMethod="routingObjectCreate" updateMethod="routingObjectModify"  getKeyParam="ROUTINGOBJECTID" getMethod="routingObjectGetListByParams" id="34" isIntService="true" name="DMS_ROUTINGOBJECT" service="dmsws">
        <attribute create="true" entityID="68" name="ROUTINGID" search="true" valueType="java.lang.Long"/>
        <attribute create="true" entityID="94" name="TRANSITIONID" search="true" valueType="java.lang.Long"/>
        <attribute create="true" name="OBJECTTYPEID" search="true" valueType="java.lang.Integer">1105</attribute>
        <attribute create="true" name="MAINOBJECTFLAG" search="true" valueType="java.lang.Integer">1</attribute>
        <attribute create="true" name="MULTITRANSFLAG" search="true" valueType="java.lang.Integer">0</attribute>
    </entity>
	<entity createKeyParam="ROUTINGOBJECTID" createMethod="routingObjectCreate" updateMethod="routingObjectModify"  getKeyParam="ROUTINGOBJECTID" getMethod="routingObjectGetListByParams" id="35" isIntService="true" name="DMS_ROUTINGOBJECT" service="dmsws">
        <attribute create="true" entityID="69" name="ROUTINGID" search="true" valueType="java.lang.Long"/>
        <attribute create="true" entityID="95" name="TRANSITIONID" search="true" valueType="java.lang.Long"/>
        <attribute create="true" name="OBJECTTYPEID" search="true" valueType="java.lang.Integer">1105</attribute>
        <attribute create="true" name="MAINOBJECTFLAG" search="true" valueType="java.lang.Integer">1</attribute>
        <attribute create="true" name="MULTITRANSFLAG" search="true" valueType="java.lang.Integer">0</attribute>
    </entity>
	<entity createKeyParam="ROUTINGOBJECTID" createMethod="routingObjectCreate" updateMethod="routingObjectModify"  getKeyParam="ROUTINGOBJECTID" getMethod="routingObjectGetListByParams" id="36" isIntService="true" name="DMS_ROUTINGOBJECT" service="dmsws">
        <attribute create="true" entityID="70" name="ROUTINGID" search="true" valueType="java.lang.Long"/>
        <attribute create="true" entityID="96" name="TRANSITIONID" search="true" valueType="java.lang.Long"/>
        <attribute create="true" name="OBJECTTYPEID" search="true" valueType="java.lang.Integer">1105</attribute>
        <attribute create="true" name="MAINOBJECTFLAG" search="true" valueType="java.lang.Integer">1</attribute>
        <attribute create="true" name="MULTITRANSFLAG" search="true" valueType="java.lang.Integer">0</attribute>
    </entity>
</root>	