<?xml version="1.0" encoding="UTF-8"?>
<root>
	<!-- Simple References -->
	<entity name="REF_REFERENCEGROUP" id="1000001" createMethod="" getMethod="admReferenceGroupChoose" createKeyParam="NEXT_ID" getKeyParam="REFERENCEGROUPID" service="adminws">
		<attribute name="GROUPNAME" valueType="java.lang.String" postSearch="true">Distribution Reference Tables</attribute>
		<attribute name="PARENTGROUPID" valueType="java.lang.Long">0</attribute>
		<attribute name="DESCRIPTION" valueType="java.lang.String">Distribution Reference Tables</attribute>
		<attribute name="LOCALE" valueType="java.lang.String" search="true">en</attribute>		
	</entity>
	
	<entity name="REF_REFERENCEGROUP" id="1000003" createMethod="" getMethod="admReferenceGroupChoose" createKeyParam="NEXT_ID" getKeyParam="REFERENCEGROUPID" service="adminws">
		<attribute name="GROUPNAME" valueType="java.lang.String" postSearch="true">General</attribute>
		<attribute name="PARENTGROUPID" valueType="java.lang.Long" entityID="1000001"/>
		<attribute name="DESCRIPTION" valueType="java.lang.String">General</attribute>
		<attribute name="LOCALE" valueType="java.lang.String" search="true">en</attribute>		
	</entity>
	<!--taskLoadRatioLOS-->
	<entity name="REF_REFERENCE" id="1000505" createMethod="admReferenceAdd" getMethod="admReferenceList" createKeyParam="NEXT_ID" getKeyParam="REFERENCEID" service="adminws">
        <attribute name="REFERENCEGROUPID" valueType="java.lang.Long" create="true" search="true" entityID="1000003"/>
        <attribute name="REFERENCEGROUP" valueType="java.lang.Long" create="true" search="true" entityID="1000003"/>
		<attribute name="REFERENCENAME" valueType="java.lang.String">Task Load Ratio</attribute>
		<attribute name="REFSYSNAME" valueType="java.lang.String" create="true" search="true" postSearch="true">taskLoadRatioLOS</attribute>
		<attribute name="DESCRIPTION" valueType="java.lang.String">Task Load Ratio</attribute>
	</entity>
	<entity name="REF_REFERENCELNG" id="10005002" getMethod="admReferenceLngByID" createMethod="admReferenceAddLng" createKeyParam="REFERENCENAME" getKeyParam="REFERENCENAME" updateMethod="admReferenceUpdateLng"  service="adminws" silent="true">
        <attribute name="CharLocale" valueType="java.lang.String" create="true" search="true">en</attribute>
        <attribute name="LOCALE" valueType="java.lang.String" create="true" search="true">en</attribute>
        <attribute name="DESCRIPTION" valueType="java.lang.String" create="true">Task Load Ratio</attribute>
        <attribute name="REFERENCENAME" valueType="java.lang.String" create="true">Task Load Ratio</attribute>
        <attribute name="REFERENCEID" valueType="java.lang.Long" search="true" create="true" entityID="1000505"/>
    </entity>
    <!--Items-->
 	<entity name="REF_REFITEM" id="1000506" createMethod="admReferenceItemAdd" getMethod="admReferenceItems" createKeyParam="REFITEMID" getKeyParam="REFITEMID" service="adminws">
 		<attribute name="REFERENCEID" valueType="java.lang.Long" create="true" search="true" entityID="1000505"/>
 		<attribute name="CODE" valueType="java.lang.String" create="true" search="true" postSearch="true">1</attribute>
 		<attribute name="SHORTVALUE" valueType="java.lang.String" create="true" postSearch="true">issueCardAppINT</attribute>
 		<attribute name="LOCALE" valueType="java.lang.String" create="true" search="true">en</attribute>
 	</entity>
    <entity name="REF_REFITEMLNG" id="10005003" getMethod="admReferenceItemLngByID" createMethod="admReferenceItemAddLng" createKeyParam="SHORTVALUE" getKeyParam="SHORTVALUE" service="adminws" silent="true">
 		<attribute name="CharLocale" valueType="java.lang.String" create="true" search="true">en</attribute>
 		<attribute name="LOCALE" valueType="java.lang.String" create="true" search="true">en</attribute>
 		<attribute name="REFITEMID" valueType="java.lang.Long" search="true" create="true" entityID="1000506"/>
 		<attribute name="SHORTVALUE" valueType="java.lang.String" create="true">issueCardAppINT</attribute>
 		<attribute name="FULLVALUE" valueType="java.lang.String" create="true">issueCardAppINT</attribute>
 	</entity>
 	<entity name="REF_REFITEM" id="1000507" createMethod="admReferenceItemAdd" getMethod="admReferenceItems" createKeyParam="REFITEMID" getKeyParam="REFITEMID" service="adminws">
 		<attribute name="REFERENCEID" valueType="java.lang.Long" create="true" search="true" entityID="1000505"/>
 		<attribute name="CODE" valueType="java.lang.String" create="true" search="true" postSearch="true">5</attribute>
 		<attribute name="SHORTVALUE" valueType="java.lang.String" create="true" postSearch="true">mortgageLoanAppINT</attribute>
 		<attribute name="LOCALE" valueType="java.lang.String" create="true" search="true">en</attribute>
 	</entity>
    <entity name="REF_REFITEMLNG" id="10005004" getMethod="admReferenceItemLngByID" createMethod="admReferenceItemAddLng" createKeyParam="SHORTVALUE" getKeyParam="SHORTVALUE" service="adminws" silent="true">
 		<attribute name="CharLocale" valueType="java.lang.String" create="true" search="true">en</attribute>
 		<attribute name="LOCALE" valueType="java.lang.String" create="true" search="true">en</attribute>
 		<attribute name="REFITEMID" valueType="java.lang.Long" search="true" create="true" entityID="1000507"/>
 		<attribute name="SHORTVALUE" valueType="java.lang.String" create="true">mortgageLoanAppINT</attribute>
 		<attribute name="FULLVALUE" valueType="java.lang.String" create="true">mortgageLoanAppINT</attribute>
 	</entity>
 	<entity name="REF_REFITEM" id="1000508" createMethod="admReferenceItemAdd" getMethod="admReferenceItems" createKeyParam="REFITEMID" getKeyParam="REFITEMID" service="adminws">
 		<attribute name="REFERENCEID" valueType="java.lang.Long" create="true" search="true" entityID="1000505"/>
 		<attribute name="CODE" valueType="java.lang.String" create="true" search="true" postSearch="true">5</attribute>
 		<attribute name="SHORTVALUE" valueType="java.lang.String" create="true" postSearch="true">autoLoanAppINT</attribute>
 		<attribute name="LOCALE" valueType="java.lang.String" create="true" search="true">en</attribute>
 	</entity>
    <entity name="REF_REFITEMLNG" id="10005005" getMethod="admReferenceItemLngByID" createMethod="admReferenceItemAddLng" createKeyParam="SHORTVALUE" getKeyParam="SHORTVALUE" service="adminws" silent="true">
 		<attribute name="CharLocale" valueType="java.lang.String" create="true" search="true">en</attribute>
 		<attribute name="LOCALE" valueType="java.lang.String" create="true" search="true">en</attribute>
 		<attribute name="REFITEMID" valueType="java.lang.Long" search="true" create="true" entityID="1000508"/>
 		<attribute name="SHORTVALUE" valueType="java.lang.String" create="true">autoLoanAppINT</attribute>
 		<attribute name="FULLVALUE" valueType="java.lang.String" create="true">autoLoanAppINT</attribute>
 	</entity>

</root>	