<?xml version="1.0" encoding="UTF-8"?>
<root>

	<entity name="DMS_DECISIONREF" id="1" createMethod="decisionRefCreate" getMethod="decisionRefGetListByParams" createKeyParam="REFSYSNAME" getKeyParam="REFSYSNAME" service="dmsws">
		<attribute name="REFSYSNAME" valueType="java.lang.String" create="true" search="true">approve</attribute>
		<attribute name="REFNAME" valueType="java.lang.String" create="true">Approve</attribute>
		<attribute name="ATTRIBUTES" valueType="java.lang.String" create="true"><![CDATA[<?xml version="1.0" encoding="UTF-8" standalone="no"?><content version="1.0"><param name="BUTTONKIND" value="" valueClass="java.lang.String"/></content>]]></attribute>
	</entity>
	
	<entity name="DMS_DECISIONREF" id="2" createMethod="decisionRefCreate" getMethod="decisionRefGetListByParams" createKeyParam="REFSYSNAME" getKeyParam="REFSYSNAME" service="dmsws">
		<attribute name="REFSYSNAME" valueType="java.lang.String" create="true" search="true">approveEscalation</attribute>
		<attribute name="REFNAME" valueType="java.lang.String" create="true">Approve Escalation</attribute>
		<attribute name="ATTRIBUTES" valueType="java.lang.String" create="true"><![CDATA[<?xml version="1.0" encoding="UTF-8" standalone="no"?><content version="1.0"><param name="BUTTONKIND" value="" valueClass="java.lang.String"/></content>]]></attribute>
	</entity>
	
	<entity name="DMS_DECISIONREF" id="3" createMethod="decisionRefCreate" getMethod="decisionRefGetListByParams" createKeyParam="REFSYSNAME" getKeyParam="REFSYSNAME" service="dmsws">
		<attribute name="REFSYSNAME" valueType="java.lang.String" create="true" search="true">approveWithConditions</attribute>
		<attribute name="REFNAME" valueType="java.lang.String" create="true">Approve with Conditions</attribute>
		<attribute name="ATTRIBUTES" valueType="java.lang.String" create="true"><![CDATA[<?xml version="1.0" encoding="UTF-8" standalone="no"?><content version="1.0"><param name="BUTTONKIND" value="" valueClass="java.lang.String"/></content>]]></attribute>
	</entity>
	
	<entity name="DMS_DECISIONREF" id="4" createMethod="decisionRefCreate" getMethod="decisionRefGetListByParams" createKeyParam="REFSYSNAME" getKeyParam="REFSYSNAME" service="dmsws">
		<attribute name="REFSYSNAME" valueType="java.lang.String" create="true" search="true">documentSupplement</attribute>
		<attribute name="REFNAME" valueType="java.lang.String" create="true">Document Supplement</attribute>
		<attribute name="ATTRIBUTES" valueType="java.lang.String" create="true"><![CDATA[<?xml version="1.0" encoding="UTF-8" standalone="no"?><content version="1.0"><param name="BUTTONKIND" value="" valueClass="java.lang.String"/></content>]]></attribute>
	</entity>
	
	<entity name="DMS_DECISIONREF" id="5" createMethod="decisionRefCreate" getMethod="decisionRefGetListByParams" createKeyParam="REFSYSNAME" getKeyParam="REFSYSNAME" service="dmsws">
		<attribute name="REFSYSNAME" valueType="java.lang.String" create="true" search="true">escalation</attribute>
		<attribute name="REFNAME" valueType="java.lang.String" create="true">Escalation</attribute>
		<attribute name="ATTRIBUTES" valueType="java.lang.String" create="true"><![CDATA[<?xml version="1.0" encoding="UTF-8" standalone="no"?><content version="1.0"><param name="BUTTONKIND" value="" valueClass="java.lang.String"/></content>]]></attribute>
	</entity>
	
	<entity name="DMS_DECISIONREF" id="6" createMethod="decisionRefCreate" getMethod="decisionRefGetListByParams" createKeyParam="REFSYSNAME" getKeyParam="REFSYSNAME" service="dmsws">
		<attribute name="REFSYSNAME" valueType="java.lang.String" create="true" search="true">reject</attribute>
		<attribute name="REFNAME" valueType="java.lang.String" create="true">Reject</attribute>
		<attribute name="ATTRIBUTES" valueType="java.lang.String" create="true"><![CDATA[<?xml version="1.0" encoding="UTF-8" standalone="no"?><content version="1.0"><param name="BUTTONKIND" value="" valueClass="java.lang.String"/></content>]]></attribute>
	</entity>
	
	<entity name="DMS_DECISIONREF" id="7" createMethod="decisionRefCreate" getMethod="decisionRefGetListByParams" createKeyParam="REFSYSNAME" getKeyParam="REFSYSNAME" service="dmsws">
		<attribute name="REFSYSNAME" valueType="java.lang.String" create="true" search="true">rejectEscalation</attribute>
		<attribute name="REFNAME" valueType="java.lang.String" create="true">Reject Escalation</attribute>
		<attribute name="ATTRIBUTES" valueType="java.lang.String" create="true"><![CDATA[<?xml version="1.0" encoding="UTF-8" standalone="no"?><content version="1.0"><param name="BUTTONKIND" value="" valueClass="java.lang.String"/></content>]]></attribute>
	</entity>	
	
	<entity name="DMS_DECISIONREF" id="8" createMethod="decisionRefCreate" getMethod="decisionRefGetListByParams" createKeyParam="REFSYSNAME" getKeyParam="REFSYSNAME" service="dmsws">
		<attribute name="REFSYSNAME" valueType="java.lang.String" create="true" search="true">returnToSupplement</attribute>
		<attribute name="REFNAME" valueType="java.lang.String" create="true">Return to Supplement</attribute>
		<attribute name="ATTRIBUTES" valueType="java.lang.String" create="true"><![CDATA[<?xml version="1.0" encoding="UTF-8" standalone="no"?><content version="1.0"><param name="BUTTONKIND" value="" valueClass="java.lang.String"/></content>]]></attribute>
	</entity>

	<entity name="DMS_DECISIONREF" id="9" createMethod="decisionRefCreate" getMethod="decisionRefGetListByParams" createKeyParam="REFSYSNAME" getKeyParam="REFSYSNAME" service="dmsws">
		<attribute name="REFSYSNAME" valueType="java.lang.String" create="true" search="true">returnToUnderwriter</attribute>
		<attribute name="REFNAME" valueType="java.lang.String" create="true">Return to Underwriter</attribute>
		<attribute name="ATTRIBUTES" valueType="java.lang.String" create="true"><![CDATA[<?xml version="1.0" encoding="UTF-8" standalone="no"?><content version="1.0"><param name="BUTTONKIND" value="" valueClass="java.lang.String"/></content>]]></attribute>
	</entity>
	
	<entity name="DMS_DECISIONREF" id="10" createMethod="decisionRefCreate" getMethod="decisionRefGetListByParams" createKeyParam="REFSYSNAME" getKeyParam="REFSYSNAME" service="dmsws">
		<attribute name="REFSYSNAME" valueType="java.lang.String" create="true" search="true">sendToBranchApproval</attribute>
		<attribute name="REFNAME" valueType="java.lang.String" create="true">Send to Branch Approval</attribute>
		<attribute name="ATTRIBUTES" valueType="java.lang.String" create="true"><![CDATA[<?xml version="1.0" encoding="UTF-8" standalone="no"?><content version="1.0"><param name="BUTTONKIND" value="" valueClass="java.lang.String"/></content>]]></attribute>
	</entity>
	
	<entity name="DMS_DECISIONREF" id="11" createMethod="decisionRefCreate" getMethod="decisionRefGetListByParams" createKeyParam="REFSYSNAME" getKeyParam="REFSYSNAME" service="dmsws">
		<attribute name="REFSYSNAME" valueType="java.lang.String" create="true" search="true">sendToHOApproval</attribute>
		<attribute name="REFNAME" valueType="java.lang.String" create="true">Send to HO Approval</attribute>
		<attribute name="ATTRIBUTES" valueType="java.lang.String" create="true"><![CDATA[<?xml version="1.0" encoding="UTF-8" standalone="no"?><content version="1.0"><param name="BUTTONKIND" value="" valueClass="java.lang.String"/></content>]]></attribute>
	</entity>
	
	<entity name="DMS_DECISIONREF" id="12" createMethod="decisionRefCreate" getMethod="decisionRefGetListByParams" createKeyParam="REFSYSNAME" getKeyParam="REFSYSNAME" service="dmsws">
		<attribute name="REFSYSNAME" valueType="java.lang.String" create="true" search="true">sendToUnderwriter</attribute>
		<attribute name="REFNAME" valueType="java.lang.String" create="true">Send to Underwriter</attribute>
		<attribute name="ATTRIBUTES" valueType="java.lang.String" create="true"><![CDATA[<?xml version="1.0" encoding="UTF-8" standalone="no"?><content version="1.0"><param name="BUTTONKIND" value="" valueClass="java.lang.String"/></content>]]></attribute>
	</entity>
	
	<entity name="DMS_DECISIONREF" id="13" createMethod="decisionRefCreate" getMethod="decisionRefGetListByParams" createKeyParam="REFSYSNAME" getKeyParam="REFSYSNAME" service="dmsws">
		<attribute name="REFSYSNAME" valueType="java.lang.String" create="true" search="true">continue</attribute>
		<attribute name="REFNAME" valueType="java.lang.String" create="true">Continue</attribute>
		<attribute name="ATTRIBUTES" valueType="java.lang.String" create="true"><![CDATA[<?xml version="1.0" encoding="UTF-8" standalone="no"?><content version="1.0"><param name="BUTTONKIND" value="" valueClass="java.lang.String"/></content>]]></attribute>
	</entity>
	
	<entity name="DMS_DECISIONREF" id="14" createMethod="decisionRefCreate" getMethod="decisionRefGetListByParams" createKeyParam="REFSYSNAME" getKeyParam="REFSYSNAME" service="dmsws">
		<attribute name="REFSYSNAME" valueType="java.lang.String" create="true" search="true">escalation</attribute>
		<attribute name="REFNAME" valueType="java.lang.String" create="true">Escalation</attribute>
		<attribute name="ATTRIBUTES" valueType="java.lang.String" create="true"><![CDATA[<?xml version="1.0" encoding="UTF-8" standalone="no"?><content version="1.0"><param name="BUTTONKIND" value="" valueClass="java.lang.String"/></content>]]></attribute>
	</entity>
	
	<!--entity name="DMS_DECISIONREF" id="" createMethod="decisionRefCreate" getMethod="decisionRefGetListByParams" createKeyParam="REFSYSNAME" getKeyParam="REFSYSNAME" service="dmsws">
		<attribute name="REFSYSNAME" valueType="java.lang.String" create="true" search="true"></attribute>
		<attribute name="REFNAME" valueType="java.lang.String" create="true"></attribute>
		<attribute name="ATTRIBUTES" valueType="java.lang.String" create="true"><![CDATA[]]></attribute>
	</entity-->
</root>	
		
		