<?xml version="1.0" encoding="UTF-8"?>
<root>
	
	<!-- Типы объектов -->		
	<entity name="DMS_OBJECTTYPE" id="1" createMethod="dmsObjectTypeCreate" getMethod="dmsObjectTypeGetListByParams" createKeyParam="OBJECTTYPEID" getKeyParam="OBJECTTYPEID" service="dmsws" isIntService="true">
		<attribute name="OBJECTTYPEID" valueType="java.lang.Long" create="true" search="true">1</attribute>
		<attribute name="PARENTID" valueType="java.lang.Long" create="true">10</attribute>
		<attribute name="SYSNAME" valueType="java.lang.String" create="true" search="true">documentGroup</attribute>
		<attribute name="NAME" valueType="java.lang.String" create="true">Document</attribute>
		<attribute name="DESCRIPTION" valueType="java.lang.String" create="true">Document</attribute>
	</entity>

	<entity name="DMS_OBJECTTYPE" id="7" createMethod="dmsObjectTypeCreate" getMethod="dmsObjectTypeGetListByParams" createKeyParam="OBJECTTYPEID" getKeyParam="OBJECTTYPEID" service="dmsws" isIntService="true">
		<attribute name="OBJECTTYPEID" valueType="java.lang.Long" create="true" search="true">1000</attribute>
		<attribute name="PARENTID" valueType="java.lang.Long" create="true">1</attribute>
		<attribute name="SYSNAME" valueType="java.lang.String" create="true" search="true">application</attribute>
		<attribute name="NAME" valueType="java.lang.String" create="true">Application</attribute>
		<attribute name="DESCRIPTION" valueType="java.lang.String" create="true">Application</attribute>
	</entity>

	<entity name="DMS_OBJECTTYPE" id="8" createMethod="dmsObjectTypeCreate" getMethod="dmsObjectTypeGetListByParams" createKeyParam="OBJECTTYPEID" getKeyParam="OBJECTTYPEID" service="dmsws" isIntService="true">
		<attribute name="OBJECTTYPEID" valueType="java.lang.Long" create="true" search="true">1102</attribute>
		<attribute name="PARENTID" valueType="java.lang.Long" create="true">1000</attribute>
		<attribute name="SYSNAME" valueType="java.lang.String" create="true" search="true">loanAppINT</attribute>
		<attribute name="NAME" valueType="java.lang.String" create="true">Loan Applications (international)</attribute>
		<attribute name="DESCRIPTION" valueType="java.lang.String" create="true">Loan Applications (international)</attribute>
	</entity>

	<entity name="DMS_OBJECTTYPE" id="9" createMethod="dmsObjectTypeCreate" getMethod="dmsObjectTypeGetListByParams" createKeyParam="OBJECTTYPEID" getKeyParam="OBJECTTYPEID" service="dmsws" isIntService="true">
		<attribute name="OBJECTTYPEID" valueType="java.lang.Long" create="true" search="true">1103</attribute>
		<attribute name="PARENTID" valueType="java.lang.Long" create="true">1102</attribute>
		<attribute name="SYSNAME" valueType="java.lang.String" create="true" search="true">autoLoanAppINT</attribute>
		<attribute name="NAME" valueType="java.lang.String" create="true">Loan Granting (Autoloan)</attribute>
		<attribute name="DESCRIPTION" valueType="java.lang.String" create="true">Application for Loan Granting (Autoloan)</attribute>
	</entity>				

	<entity name="DMS_OBJECTTYPE" id="10" createMethod="dmsObjectTypeCreate" getMethod="dmsObjectTypeGetListByParams" createKeyParam="OBJECTTYPEID" getKeyParam="OBJECTTYPEID" service="dmsws" isIntService="true">
		<attribute name="OBJECTTYPEID" valueType="java.lang.Long" create="true" search="true">1107</attribute>
		<attribute name="PARENTID" valueType="java.lang.Long" create="true">1102</attribute>
		<attribute name="SYSNAME" valueType="java.lang.String" create="true" search="true">issueCardAppINT</attribute>
		<attribute name="NAME" valueType="java.lang.String" create="true">Loan Granting (Credit Card)</attribute>
		<attribute name="DESCRIPTION" valueType="java.lang.String" create="true">Application for Loan Granting (Credit Card)</attribute>
	</entity>
		
	<entity name="DMS_OBJECTTYPE" id="11" createMethod="dmsObjectTypeCreate" getMethod="dmsObjectTypeGetListByParams" createKeyParam="OBJECTTYPEID" getKeyParam="OBJECTTYPEID" service="dmsws" isIntService="true">
		<attribute name="OBJECTTYPEID" valueType="java.lang.Long" create="true" search="true">2001</attribute>
		<attribute name="PARENTID" valueType="java.lang.Long" create="true">1000</attribute>
		<attribute name="SYSNAME" valueType="java.lang.String" create="true" search="true">linkedApp</attribute>
		<attribute name="NAME" valueType="java.lang.String" create="true">Third Party Application</attribute>
		<attribute name="DESCRIPTION" valueType="java.lang.String" create="true">Third Party Application</attribute>
	</entity>	
	
	<entity name="DMS_OBJECTTYPE" id="12" createMethod="dmsObjectTypeCreate" getMethod="dmsObjectTypeGetListByParams" createKeyParam="OBJECTTYPEID" getKeyParam="OBJECTTYPEID" service="dmsws" isIntService="true">
		<attribute name="OBJECTTYPEID" valueType="java.lang.Long" create="true" search="true">2004</attribute>
		<attribute name="PARENTID" valueType="java.lang.Long" create="true">2001</attribute>
		<attribute name="SYSNAME" valueType="java.lang.String" create="true" search="true">loanAppDepositor</attribute>
		<attribute name="NAME" valueType="java.lang.String" create="true">Depositor Application</attribute>
		<attribute name="DESCRIPTION" valueType="java.lang.String" create="true">Depositor Application</attribute>
	</entity>	
	
	<entity name="DMS_OBJECTTYPE" id="13" createMethod="dmsObjectTypeCreate" getMethod="dmsObjectTypeGetListByParams" createKeyParam="OBJECTTYPEID" getKeyParam="OBJECTTYPEID" service="dmsws" isIntService="true">
		<attribute name="OBJECTTYPEID" valueType="java.lang.Long" create="true" search="true">2003</attribute>
		<attribute name="PARENTID" valueType="java.lang.Long" create="true">2001</attribute>
		<attribute name="SYSNAME" valueType="java.lang.String" create="true" search="true">loanAppCodebtor</attribute>
		<attribute name="NAME" valueType="java.lang.String" create="true">Codeptor Application</attribute>
		<attribute name="DESCRIPTION" valueType="java.lang.String" create="true">Codeptor Application</attribute>
	</entity>	
	
	<entity name="DMS_OBJECTTYPE" id="20" createMethod="dmsObjectTypeCreate" getMethod="dmsObjectTypeGetListByParams" createKeyParam="OBJECTTYPEID" getKeyParam="OBJECTTYPEID" service="dmsws" isIntService="true">
		<attribute name="OBJECTTYPEID" valueType="java.lang.Long" create="true" search="true">2</attribute>
		<attribute name="PARENTID" valueType="java.lang.Long" create="true">0</attribute>
		<attribute name="SYSNAME" valueType="java.lang.String" create="true" search="true">CRM</attribute>
		<attribute name="NAME" valueType="java.lang.String" create="true">CRM</attribute>
		<attribute name="DESCRIPTION" valueType="java.lang.String" create="true">CRM</attribute>
	</entity>

	<entity name="DMS_OBJECTTYPE" id="21" createMethod="dmsObjectTypeCreate" getMethod="dmsObjectTypeGetListByParams" createKeyParam="OBJECTTYPEID" getKeyParam="OBJECTTYPEID" service="dmsws" isIntService="true">
		<attribute name="OBJECTTYPEID" valueType="java.lang.Long" create="true" search="true">50000</attribute>
		<attribute name="PARENTID" valueType="java.lang.Long" create="true">2</attribute>
		<attribute name="SYSNAME" valueType="java.lang.String" create="true" search="true">CLIENT</attribute>
		<attribute name="NAME" valueType="java.lang.String" create="true">Client</attribute>
		<attribute name="DESCRIPTION" valueType="java.lang.String" create="true">Client</attribute>
	</entity>	
	

	
</root>