<?xml version="1.0" encoding="UTF-8"?>
<root>
	<!-- Simple References -->
	<entity name="REF_REFERENCEGROUP" id="1000001" createMethod="" getMethod="admReferenceGroupChoose" createKeyParam="NEXT_ID" getKeyParam="REFERENCEGROUPID" service="adminws">
		<attribute name="GROUPNAME" valueType="java.lang.String" create="true" postSearch="true">Loan Origination System</attribute>
		<attribute name="PARENTGROUPID" valueType="java.lang.Long">0</attribute>
		<attribute name="DESCRIPTION" valueType="java.lang.String">Loan Origination System</attribute>
		<attribute name="LOCALE" valueType="java.lang.String" create="true" search="true">en</attribute>		
	</entity>
	
	<!--AppFlags-->
	<entity name="REF_REFERENCE" id="1000505" createMethod="admReferenceAdd" getMethod="admReferenceList" createKeyParam="NEXT_ID" getKeyParam="REFERENCEID" service="adminws">
        <attribute name="REFERENCEGROUPID" valueType="java.lang.Long" create="true" search="true" entityID="1000001"/>
        <attribute name="REFERENCEGROUP" valueType="java.lang.Long" create="true" search="true" entityID="1000001"/>
		<attribute name="REFERENCENAME" valueType="java.lang.String">Application's Flags</attribute>
		<attribute name="REFSYSNAME" valueType="java.lang.String" create="true" search="true" postSearch="true">AppFlags</attribute>
		<attribute name="DESCRIPTION" valueType="java.lang.String">Application's Flags</attribute>
	</entity>
	<entity name="REF_REFERENCELNG" id="10005002" getMethod="admReferenceLngByID" createMethod="admReferenceAddLng" createKeyParam="REFERENCENAME" getKeyParam="REFERENCENAME" updateMethod="admReferenceUpdateLng"  service="adminws" silent="true">
        <attribute name="CharLocale" valueType="java.lang.String" create="true" search="true">en</attribute>
        <attribute name="LOCALE" valueType="java.lang.String" create="true" search="true">en</attribute>
        <attribute name="DESCRIPTION" valueType="java.lang.String" create="true">Application's Flags</attribute>
        <attribute name="REFERENCENAME" valueType="java.lang.String" create="true">Application's Flags</attribute>
        <attribute name="REFERENCEID" valueType="java.lang.Long" search="true" create="true" entityID="1000505"/>
    </entity>

    <!--Items-->
 	<entity name="REF_REFITEM" id="1000506" createMethod="admReferenceItemAdd" getMethod="admReferenceItems" createKeyParam="REFITEMID" getKeyParam="REFITEMID" service="adminws">
 		<attribute name="REFERENCEID" valueType="java.lang.Long" create="true" search="true" entityID="1000505"/>
 		<attribute name="CODE" valueType="java.lang.String" create="true" search="true" postSearch="true">LOSSendToRouting</attribute>
 		<attribute name="SHORTVALUE" valueType="java.lang.String" create="true" postSearch="true">escalationFlag</attribute>
 		<attribute name="FULLVALUE" valueType="java.lang.String" create="true" postSearch="true">Escalated</attribute>
 		<attribute name="LOCALE" valueType="java.lang.String" create="true" search="true">en</attribute>
 	</entity>
    <entity name="REF_REFITEMLNG" id="10005003" getMethod="admReferenceItemLngByID" createMethod="admReferenceItemAddLng" createKeyParam="SHORTVALUE" getKeyParam="SHORTVALUE" service="adminws" silent="true">
 		<attribute name="CharLocale" valueType="java.lang.String" create="true" search="true">en</attribute>
 		<attribute name="LOCALE" valueType="java.lang.String" create="true" search="true">en</attribute>
 		<attribute name="REFITEMID" valueType="java.lang.Long" search="true" create="true" entityID="1000506"/>
 		<attribute name="SHORTVALUE" valueType="java.lang.String" create="true">escalationFlag</attribute>
 		<attribute name="FULLVALUE" valueType="java.lang.String" create="true">Escalated</attribute>
 	</entity>

</root>	