<?xml version="1.0" encoding="UTF-8"?>
<root>
    <!-- Группы правил -->
    <entity name="DMS_RULEGROUP" id="839585518914995200" createMethod="ruleGroupCreate" getMethod="ruleGroupGetListByParams" createKeyParam="RULEGROUPID" getKeyParam="RULEGROUPID" service="dmsws">
        <attribute name="SYSNAME" valueType="java.lang.String" create="true" search="true">checkDecisions</attribute>
        <attribute name="NAME" valueType="java.lang.String" create="true">Правила проверок формулировок решений</attribute>
        <attribute name="DESCRIPTION" valueType="java.lang.String" create="true">Правила проверок формулировок решений</attribute>
    </entity>

    <!-- Операции -->
    <entity name="DMS_OPERATION" id="4773009061423625000" createMethod="ruleOperationCreate" getMethod="ruleOperationGetListByParams" createKeyParam="OPERATIONID" getKeyParam="OPERATIONID" service="dmsws">
        <attribute name="SYSNAME" valueType="java.lang.String" create="true" search="true">EQUAL</attribute>
        <attribute name="GROUPSYSNAME" valueType="java.lang.String" create="true" search="true">CHK</attribute>
    </entity>

    <!-- Наборы данных -->
    <entity name="DMS_DATASET" id="1756750151476877600" createMethod="ruleDatasetCreate" getMethod="ruleDatasetGetListByParams" createKeyParam="DATASETID" getKeyParam="DATASETID" service="dmsws">
        <attribute name="SYSNAME" valueType="java.lang.String" create="true" search="true">checkStageResults</attribute>
        <attribute name="FULLNAME" valueType="java.lang.String" create="true">Результаты проверки решения</attribute>
    </entity>

    <!-- Параметры -->
    <entity name="DMS_DATASETPARAM" id="73175525739097970" createMethod="ruleDatasetParamCreate" getMethod="ruleDatasetParamGetListByParams" createKeyParam="DATASETPARAMID" getKeyParam="DATASETPARAMID" service="dmsws">
        <attribute name="DATASETID" valueType="java.lang.Long" create="true" search="true" entityID="1756750151476877600"/>
        <attribute name="PARAMTYPE" valueType="java.lang.String" create="true" search="true">0</attribute>
        <attribute name="SYSNAME" valueType="java.lang.String" create="true" search="true">checkResult</attribute>
        <attribute name="NAME" valueType="java.lang.String" create="true"></attribute>
        <attribute name="FULLNAME" valueType="java.lang.String" create="true">Результат</attribute>
        <attribute name="PARAMVALUETYPE" valueType="java.lang.String" create="true" search="true">java.lang.String</attribute>
        <attribute name="ISREQUIRED" valueType="java.lang.String" create="true">0</attribute>
    </entity>

    <!-- Правила -->
    <entity name="DMS_RULE" id="4514446048019236400" createMethod="ruleCreate" getMethod="ruleGetListByParams" createKeyParam="RULEID" getKeyParam="RULEID" service="dmsws">
        <attribute name="SYSNAME" valueType="java.lang.String" create="true" search="true">restartChecksDecisionEqualCheck</attribute>
        <attribute name="NAME" valueType="java.lang.String" create="true">Проверка формулировки решения Перезапустить проверки</attribute>
        <attribute name="DESCRIPTION" valueType="java.lang.String" create="true">Проверка формулировки решения Перезапустить проверки</attribute>
        <attribute name="RULEGROUPID" valueType="java.lang.Long" create="true" search="true" entityID="839585518914995200"/>
        <attribute name="DATASETID" valueType="java.lang.Long" create="true" search="true" entityID="1756750151476877600"/>
    </entity>

    <!-- Узлы правил -->
    <entity name="DMS_RULENODE" id="4293163560752313000" createMethod="ruleNodeCreate" getMethod="ruleNodeGetListByParams" createKeyParam="RULENODEID" getKeyParam="RULENODEID" service="dmsws">
        <attribute name="PARENTRULENODEID" valueType="java.lang.Long" create="true" search="true">0</attribute>
        <attribute name="RULEID" valueType="java.lang.Long" create="true" search="true" entityID="4514446048019236400"/>
        <attribute name="NODETYPE" valueType="java.lang.String" create="true">0</attribute>
        <attribute name="VALUEID" valueType="java.lang.Long" create="true" search="true" entityID="4773009061423625000"/>
        <attribute name="NODEVALUE" valueType="java.util.Map" create="true"></attribute>
        <attribute name="DEFAULTVALUE" valueType="java.lang.String" create="true"></attribute>
        <attribute name="ISUSEDEFAULT" valueType="java.lang.Integer" create="true">0</attribute>
        <attribute name="ORDERNO" valueType="java.lang.Integer" create="true" search="true">1</attribute>
        <attribute name="MARK" valueType="java.lang.Integer" create="true" search="true"></attribute>
        <attribute name="SYSNAME" valueType="java.lang.String" create="true"></attribute>
        <attribute name="NAME" valueType="java.lang.String" create="true"></attribute>
    </entity>

    <entity name="DMS_RULENODE" id="5028039219120950000" createMethod="ruleNodeCreate" getMethod="ruleNodeGetListByParams" createKeyParam="RULENODEID" getKeyParam="RULENODEID" service="dmsws">
        <attribute name="PARENTRULENODEID" valueType="java.lang.Long" create="true" search="true" entityID="4293163560752313000"/>
        <attribute name="RULEID" valueType="java.lang.Long" create="true" search="true" entityID="4514446048019236400"/>
        <attribute name="NODETYPE" valueType="java.lang.String" create="true">1</attribute>
        <attribute name="VALUEID" valueType="java.lang.Long" create="true" search="true" entityID="73175525739097970"/>
        <attribute name="NODEVALUE" valueType="java.util.Map" create="true"></attribute>
        <attribute name="DEFAULTVALUE" valueType="java.lang.String" create="true">missing</attribute>
        <attribute name="ISUSEDEFAULT" valueType="java.lang.Integer" create="true">1</attribute>
        <attribute name="ORDERNO" valueType="java.lang.Integer" create="true" search="true">1</attribute>
        <attribute name="MARK" valueType="java.lang.Integer" create="true" search="true"></attribute>
        <attribute name="SYSNAME" valueType="java.lang.String" create="true"></attribute>
        <attribute name="NAME" valueType="java.lang.String" create="true"></attribute>
    </entity>

    <entity name="DMS_RULENODE" id="3566996258541830700" createMethod="ruleNodeCreate" getMethod="ruleNodeGetListByParams" createKeyParam="RULENODEID" getKeyParam="RULENODEID" service="dmsws">
        <attribute name="PARENTRULENODEID" valueType="java.lang.Long" create="true" search="true" entityID="4293163560752313000"/>
        <attribute name="RULEID" valueType="java.lang.Long" create="true" search="true" entityID="4514446048019236400"/>
        <attribute name="NODETYPE" valueType="java.lang.String" create="true">3</attribute>
        <attribute name="VALUEID" valueType="java.lang.Long" create="true" search="true">null</attribute>
        <attribute name="NODEVALUE" valueType="java.util.Map" create="true"><![CDATA[<?xml version="1.0" encoding="UTF-8"?><content version="1.0"><param name="VALUE" value="restartChecks" valueClass="java.lang.String"/><param name="VALUETYPE" value="java.lang.String" valueClass="java.lang.String"/></content>]]></attribute>
        <attribute name="DEFAULTVALUE" valueType="java.lang.String" create="true"></attribute>
        <attribute name="ISUSEDEFAULT" valueType="java.lang.Integer" create="true">0</attribute>
        <attribute name="ORDERNO" valueType="java.lang.Integer" create="true" search="true">2</attribute>
        <attribute name="MARK" valueType="java.lang.Integer" create="true" search="true">0</attribute>
        <attribute name="SYSNAME" valueType="java.lang.String" create="true"></attribute>
        <attribute name="NAME" valueType="java.lang.String" create="true"></attribute>
    </entity>

</root> 
