<?xml version="1.0" encoding="UTF-8"?>
<root> 
<!-- Проекты --> 
	<entity name="CORE_PROJECT" id="1" createMethod="admProjectAdd" getMethod="admProjectBySysname" additionalProcessMethod="admProjectBySysname" processKeyParam="PROJECTID" createKeyParam="PROJECTID" getKeyParam="PROJECTID" service="adminws">
		<attribute name="PROJECTSYSNAME" valueType="java.lang.String" create="true" search="true">FTFLOANS</attribute>
		<attribute name="PROJECTNAME" valueType="java.lang.String">FLEXTERA Кредитная заявка</attribute>
	</entity>
	
    <entity name="CORE_PROJECT" id="10" createMethod="admProjectAdd" getMethod="admProjectBySysname" additionalProcessMethod="admProjectBySysname" processKeyParam="PROJECTID" createKeyParam="PROJECTID" getKeyParam="PROJECTID" service="adminws">
		<attribute name="PROJECTSYSNAME" valueType="java.lang.String" create="true" search="true">FTDS</attribute>
		<attribute name="PROJECTNAME" valueType="java.lang.String">FLEXTERA Поддержка принятия решений</attribute>
	</entity>
	
<!--Состояния -->

	<entity name="FRNT_SMSTATE" id="20" createMethod="smStateCreate" getMethod="smStateGetListByParams" createKeyParam="STATEID" getKeyParam="STATEID" service="frontws2">
		<attribute name="SYSNAME" valueType="java.lang.String" create="true" search="true">input</attribute>
		<attribute name="NAME" valueType="java.lang.String" create="true">Введено</attribute>
		<attribute name="TYPEID" valueType="java.lang.Long"  create="true" search="true" >1011</attribute>
		<attribute name="PROJECTID" valueType="java.lang.Long"  create="true" search="true" entityID="1"/>
	</entity>
	
	<entity name="FRNT_SMSTATE" id="30" createMethod="smStateCreate" getMethod="smStateGetListByParams" createKeyParam="STATEID" getKeyParam="STATEID" service="frontws2">
		<attribute name="SYSNAME" valueType="java.lang.String" create="true" search="true">autoChecks</attribute>
		<attribute name="NAME" valueType="java.lang.String" create="true">Автоматические проверки</attribute>
		<attribute name="TYPEID" valueType="java.lang.Long"  create="true" search="true" >1011</attribute>
		<attribute name="PROJECTID" valueType="java.lang.Long"  create="true" search="true" entityID="10"/>
	</entity>

<!--Переходы -->
	
	<entity name="FRNT_SMTRANS" id="40" createMethod="smTransitionCreate" updateMethod="smTransitionModify" getMethod="smTransitionGetListByParams" createKeyParam="TRANSITIONID" getKeyParam="TRANSITIONID" service="frontws2">
		<attribute name="SYSNAME" valueType="java.lang.String" create="true" search="true">sendToCons</attribute>
		<attribute name="NAME" valueType="java.lang.String" create="true" >Передать на рассмотрение</attribute>
		<attribute name="PAGEFLOWNAME" valueType="java.lang.String" create="true" >[FTFLOANS]loanApp/corporateLoanApp/sendToProcessing/sendToProcessingWithChecks</attribute>
		<attribute name="TRANSORDER" valueType="java.lang.Integer" create="true" >5</attribute>
		<attribute name="EVENTFLAG" valueType="java.lang.Integer" create="true" >1</attribute>
		<attribute name="FROMSTATEID" valueType="java.lang.Long"  create="true" search="true" entityID="20"/>
		<attribute name="TOSTATEID" valueType="java.lang.Long"  create="true" search="true" entityID="30"/>
		<attribute name="TYPEID" valueType="java.lang.Long"  create="true" search="true" >1011</attribute>
	</entity>
</root> 	