<?xml version="1.0" encoding="UTF-8"?>
<root>
	<!-- константы проекта. Добавлены константы для названий типов продукта в БЭКе" -->
	
	<entity name="FRNT_SETTINGS" id="1001" createMethod="saveSettings" updateMethod="saveSettings" getMethod="settingsGetByParams" createKeyParam="SETTINGSID" getKeyParam="SETTINGSID" service="frontws2">
	    <attribute name="SYSNAMETYPE" valueType="java.lang.String" create="true" search="true">Common</attribute>
        <attribute name="SYSNAMECONSTANT" valueType="java.lang.String" create="true" search="true">ProjectConstants</attribute>
        <attribute name="PROJECTID" valueType="java.lang.Long" create="true">0</attribute>
		<attribute name="USERACCOUNTID" valueType="java.lang.Long" create="true">0</attribute>
		<attribute name="PARAMS" valueType="java.util.Map" create="true"><![CDATA[<?xml version="1.0" encoding="UTF-8"?><content version="1.0"><param name="ConstantList" valueClass="java.util.ArrayList"><param name="" valueClass="ru.diasoft.utils.DefaultedHashMap"><param name="CONSTANTSYSNAME" value="ClientSynchGeneralPeriod" valueClass="java.lang.String"/><param name="VALUE" value="1" valueClass="java.lang.String"/><param name="CONSTANTNAME" value="Общий период синхронизации клиентов (дней)" valueClass="java.lang.String"/></param><param name="" valueClass="ru.diasoft.utils.DefaultedHashMap"><param name="CONSTANTSYSNAME" value="ClientSynchPartPeriod" valueClass="java.lang.String"/><param name="VALUE" value="1" valueClass="java.lang.String"/><param name="CONSTANTNAME" value="Подпериод синхронизации клиентов (дней)" valueClass="java.lang.String"/></param><param name="" valueClass="ru.diasoft.utils.DefaultedHashMap"><param name="CONSTANTSYSNAME" value="ContractSynchGeneralPeriod" valueClass="java.lang.String"/><param name="VALUE" value="10" valueClass="java.lang.String"/><param name="CONSTANTNAME" value="Общий период синхронизации договоров (дней)" valueClass="java.lang.String"/></param><param name="" valueClass="ru.diasoft.utils.DefaultedHashMap"><param name="CONSTANTSYSNAME" value="ContractSynchPartPeriod" valueClass="java.lang.String"/><param name="VALUE" value="2" valueClass="java.lang.String"/><param name="CONSTANTNAME" value="Подпериод синхронизации договоров (дней)" valueClass="java.lang.String"/></param><param name="" valueClass="ru.diasoft.utils.DefaultedHashMap"><param name="CONSTANTSYSNAME" value="debugReportBook" valueClass="java.lang.String"/><param name="VALUE" value="Нет" valueClass="java.lang.String"/><param name="CONSTANTNAME" value="Режим отладки генерации отчетов" valueClass="java.lang.String"/></param><param name="" valueClass="ru.diasoft.utils.DefaultedHashMap"><param name="CONSTANTSYSNAME" value="newCRM" valueClass="java.lang.String"/><param name="VALUE" value="Да" valueClass="java.lang.String"/><param name="CONSTANTNAME" value="Используем новый CRM" valueClass="java.lang.String"/></param><param name="" valueClass="ru.diasoft.utils.DefaultedHashMap"><param name="CONSTANTSYSNAME" value="BOSType" valueClass="java.lang.String"/><param name="VALUE" value="FLEX" valueClass="java.lang.String"/><param name="CONSTANTNAME" value="Тип бэк-офисной системы" valueClass="java.lang.String"/></param><param name="" valueClass="ru.diasoft.utils.DefaultedHashMap"><param name="CONSTANTSYSNAME" value="BOSTypeVersion" valueClass="java.lang.String"/><param name="VALUE" value="-" valueClass="java.lang.String"/><param name="CONSTANTNAME" value="Версия бэк-офисной системы" valueClass="java.lang.String"/></param><param name="" valueClass="ru.diasoft.utils.DefaultedHashMap"><param name="CONSTANTSYSNAME" value="DefaultProcCenterID" valueClass="java.lang.String"/><param name="VALUE" value="10000000001" valueClass="java.lang.String"/><param name="CONSTANTNAME" value="Идентификатор процессингового центра по умолчанию" valueClass="java.lang.String"/></param><param name="" valueClass="ru.diasoft.utils.DefaultedHashMap"><param name="CONSTANTSYSNAME" value="CRMSystem" valueClass="java.lang.String"/><param name="VALUE" value="FTCRM" valueClass="java.lang.String"/><param name="CONSTANTNAME" value="модуль, с которым будет производиться интеграция" valueClass="java.lang.String"/></param><param name="" valueClass="ru.diasoft.utils.DefaultedHashMap"><param name="CONSTANTSYSNAME" value="directoryGoodsType" valueClass="java.lang.String"/><param name="VALUE" value="COLLATERAL" valueClass="java.lang.String"/><param name="CONSTANTNAME" value="Тип справочника товаров" valueClass="java.lang.String"/></param><param name="" valueClass="ru.diasoft.utils.DefaultedHashMap"><param name="CONSTANTSYSNAME" value="AutoProductTypeBrief" valueClass="java.lang.String"/><param name="VALUE" value="Авто" valueClass="java.lang.String"/><param name="CONSTANTNAME" value="Наименование типа продукта.Автокредит.Fa#" valueClass="java.lang.String"/></param><param name="" valueClass="ru.diasoft.utils.DefaultedHashMap"><param name="CONSTANTSYSNAME" value="ConsumerProductTypeBrief" valueClass="java.lang.String"/><param name="VALUE" value="Потреб" valueClass="java.lang.String"/><param name="CONSTANTNAME" value="Наименование типа продукта.Потреб.Fa#" valueClass="java.lang.String"/></param><param name="" valueClass="ru.diasoft.utils.DefaultedHashMap"><param name="CONSTANTSYSNAME" value="MortgageProductTypeBrief" valueClass="java.lang.String"/><param name="VALUE" value="Ипотека" valueClass="java.lang.String"/><param name="CONSTANTNAME" value="Наименование типа продукта.Ипотека.Fa#" valueClass="java.lang.String"/></param></param></content>]]></attribute>
    </entity> 
	
</root>