<?xml version="1.0" encoding="UTF-8"?>
<root>
	<!-- Общее для всех модулей -->
	<entity name="AUTO_PK_SUPPORT" id="0" createMethod="setAutoPkSupportValues" getMethod="" createKeyParam="Result" getKeyParam="" service="">
		<attribute name="DMS_CHECK" valueType="java.lang.String">CHECKID</attribute>
	</entity>
	
	<!-- Проект -->

	<entity name="CORE_PROJECT" id="1" createMethod="admProjectAdd" getMethod="admProjectBySysname" additionalProcessMethod="admProjectBySysname" processKeyParam="PROJECTID" createKeyParam="PROJECTID" getKeyParam="PROJECTID" service="adminws">
		<attribute name="PROJECTSYSNAME" valueType="java.lang.String" create="true" process="true" search="true">FTDS</attribute>
		<attribute name="PROJECTNAME" valueType="java.lang.String">FLEXTERA "Поддержка принятия решения"</attribute>
		<attribute name="METADATAURL" valueType="java.lang.String">D:\METADATA\TEST\dms\</attribute>
		<attribute name="USERMETADATAURL" valueType="java.lang.String">D:\METADATA\TEST\dms\</attribute>
	</entity>
	
	<!-- Типы -->	
	<entity name="OBJ_OBJECTTYPE" id="2" createMethod="objectTypeCreate" getMethod="objectTypeGetByIdOrSysname" createKeyParam="OBJECTTYPEID" getKeyParam="OBJECTTYPEID" service="crmws">		
		<attribute name="PARENTID" valueType="java.lang.Long" create="true">0</attribute>
		<attribute name="SYSNAME" valueType="java.lang.String" create="true" search="true">CRM</attribute>
		<attribute name="NAME" valueType="java.lang.String" create="true" search="true">CRM</attribute>
	</entity>
	
	<entity name="OBJ_OBJECTTYPE" id="3" createMethod="objectTypeCreate" getMethod="objectTypeGetByIdOrSysname" createKeyParam="OBJECTTYPEID" getKeyParam="OBJECTTYPEID" service="crmws">		
		<attribute name="PARENTID" valueType="java.lang.Long" create="true" entityID="2"/>
		<attribute name="SYSNAME" valueType="java.lang.String" create="true" search="true">CLIENT</attribute>
		<attribute name="NAME" valueType="java.lang.String" create="true" search="true">Клиент</attribute>
	</entity>
	
	<entity name="OBJ_OBJECTTYPE" id="4" createMethod="objectTypeCreate" getMethod="objectTypeGetByIdOrSysname" createKeyParam="OBJECTTYPEID" getKeyParam="OBJECTTYPEID" service="crmws">	
		<attribute name="PARENTID" valueType="java.lang.Long" create="true" entityID="3"/>
		<attribute name="SYSNAME" valueType="java.lang.String" create="true" search="true">Person</attribute>
		<attribute name="NAME" valueType="java.lang.String" create="true" search="true">Физическое лицо</attribute>
	</entity>
	
	<!-- Система -->	
		
	<entity name="OBJ_EXTSYSTEM" id="5" createMethod="extSystemCreate" getMethod="extSystemGetByIdOrSysname" createKeyParam="EXTSYSTEMID" getKeyParam="EXTSYSTEMID" service="crmws">
		<attribute name="SYSNAME" valueType="java.lang.String" create="true" search="true">Diasoft 5NT</attribute>
		<attribute name="FULLNAME" valueType="java.lang.String" create="true">Diasoft 5NT</attribute>
		<attribute name="DESCRIPTION" valueType="java.lang.String" create="true"></attribute>
	</entity>
	

</root>	