<?xml version="1.0" encoding="UTF-8"?>
<root>
	<!-- Общее для всех модулей -->
	<entity name="AUTO_PK_SUPPORT" id="0" createMethod="setAutoPkSupportValues" getMethod="" createKeyParam="Result" getKeyParam="" service="">
		<attribute name="REF_REFERENCE" valueType="java.lang.String">REFERENCEID</attribute>
		<attribute name="REF_REFITEM" valueType="java.lang.String">REFITEMID</attribute>
	</entity>
	
	<!-- Группы простых стправочников -->
	<entity name="REF_REFERENCEGROUP" id="4111" createMethod="admReferenceGroupAdd" getMethod="admReferenceGroupChoose" createKeyParam="NEXT_ID" getKeyParam="REFERENCEGROUPID" service="adminws">
		<attribute name="GROUPNAME" valueType="java.lang.String" create="true" postSearch="true">Дистрибутивные справочники</attribute>
		<attribute name="PARENTGROUPID" valueType="java.lang.Long">0</attribute>
		<attribute name="DESCRIPTION" valueType="java.lang.String">Дистрибутивные справочники</attribute>
		<attribute name="LOCALE" valueType="java.lang.String" create="true" search="true">ru</attribute>
	</entity>

	<entity name="REF_REFERENCEGROUP" id="4112" createMethod="admReferenceGroupAdd" getMethod="admReferenceGroupChoose" createKeyParam="NEXT_ID" getKeyParam="REFERENCEGROUPID" service="adminws">
		<attribute name="GROUPNAME" valueType="java.lang.String" create="true" postSearch="true">Кредиты</attribute>
		<attribute name="PARENTGROUPID" valueType="java.lang.Long" entityID="4111"/>
		<attribute name="DESCRIPTION" valueType="java.lang.String"> </attribute>
		<attribute name="LOCALE" valueType="java.lang.String" create="true" search="true">ru</attribute>
	</entity>
	
	<entity name="REF_REFERENCEGROUP" id="4114" createMethod="admReferenceGroupAdd" getMethod="admReferenceGroupChoose" createKeyParam="NEXT_ID" getKeyParam="REFERENCEGROUPID" service="adminws">
		<attribute name="GROUPNAME" valueType="java.lang.String" create="true" postSearch="true">Справочники для проверок</attribute>
		<attribute name="PARENTGROUPID" valueType="java.lang.Long" entityID="4112"/>
		<attribute name="DESCRIPTION" valueType="java.lang.String">Справочники для проверок</attribute>
		<attribute name="LOCALE" valueType="java.lang.String" create="true" search="true">ru</attribute>
	</entity>	
	
	<!-- Простые стравочники -->
	
	<entity name="REF_REFERENCE" id="4124" createMethod="admReferenceAdd" getMethod="admReferenceList" createKeyParam="NEXT_ID" getKeyParam="REFERENCEID" service="adminws">
        <attribute name="REFERENCEGROUPID" valueType="java.lang.Long" create="true" search="true" entityID="4114"/>
        <attribute name="REFERENCEGROUP" valueType="java.lang.Long" create="true" search="true" entityID="4114"/>
		<attribute name="SEARCHTEXT" valueType="java.lang.String" search="true">Рисковые регионы</attribute>
		<attribute name="REFERENCENAME" valueType="java.lang.String">Рисковые регионы</attribute>
		<attribute name="REFSYSNAME" valueType="java.lang.String" create="true" search="true" postSearch="true">RiskRegionsReference</attribute>
		<attribute name="DESCRIPTION" valueType="java.lang.String">Справочник, по которому проводится проверка</attribute>
		<attribute name="LOCALE" valueType="java.lang.String" create="true" search="true">ru</attribute>
	</entity>
    <entity name="REF_REFERENCELNG" id="4125" getMethod="admReferenceLngByID" createMethod="admReferenceAddLng" createKeyParam="REFERENCENAME" getKeyParam="REFERENCENAME" updateMethod="admReferenceUpdateLng"  service="adminws" silent="true">
        <attribute name="CharLocale" valueType="java.lang.String" create="true" search="true">ru        </attribute>
        <attribute name="LOCALE" valueType="java.lang.String" create="true" search="true">ru</attribute>
        <attribute name="DESCRIPTION" valueType="java.lang.String" create="true">Рисковые регионы</attribute>
        <attribute name="REFERENCENAME" valueType="java.lang.String" create="true">Рисковые регионы</attribute>
        <attribute name="REFERENCEID" valueType="java.lang.Long" search="true" create="true" entityID="4124"/>
    </entity>	
	
	<!-- Элементы простых справочников -->
	
	<entity name="REF_REFITEM" id="4150" createMethod="admReferenceItemAdd" getMethod="refItemGetListByParams" createKeyParam="REFITEMID" getKeyParam="REFITEMID" service="adminws">
		<attribute name="REFERENCEID" valueType="java.lang.Long" create="true" search="true" entityID="4124"/>
		<attribute name="CODE" valueType="java.lang.String" search="true" create="true">2000000000000</attribute>
		<attribute name="SHORTVALUE" valueType="java.lang.String" search="true" create="true">Чеченская</attribute>
		<attribute name="FULLVALUE" valueType="java.lang.String">Чеченская</attribute>
		<attribute name="RICOMMENT" valueType="java.lang.String">Россия, Чеченская Республика</attribute>
		<attribute name="GROUPNAME" valueType="java.lang.String" search="true">Справочники для проверок</attribute>
		<attribute name="REFERENCENAME" valueType="java.lang.String" search="true">Рисковые регионы</attribute>
		<attribute name="LOCALE" valueType="java.lang.String" create="true" search="true">ru</attribute>
	</entity>
	<entity name="REF_REFITEMLNG" id="41501" getMethod="admReferenceItemLngByID" createMethod="admReferenceItemAddLng" createKeyParam="SHORTVALUE" getKeyParam="SHORTVALUE" updateMethod="admReferenceItemUpdateLng"  service="adminws" silent="true">
        <attribute name="CharLocale" valueType="java.lang.String" create="true" search="true">ru        </attribute>
        <attribute name="LOCALE" valueType="java.lang.String" create="true" search="true">ru</attribute>
        <attribute name="REFITEMID" valueType="java.lang.Long" search="true" create="true" entityID="4150"/>
        <attribute name="SHORTVALUE" valueType="java.lang.String" create="true" postSearch="true">Чеченская</attribute>
        <attribute name="FULLVALUE" valueType="java.lang.String" create="true">Чеченская</attribute>
        <attribute name="RICOMMENT" valueType="java.lang.String" create="true">Россия, Чеченская Республика</attribute>
    </entity>
	
	<entity name="REF_REFITEM" id="4151" createMethod="admReferenceItemAdd" getMethod="refItemGetListByParams" createKeyParam="REFITEMID" getKeyParam="REFITEMID" service="adminws">
		<attribute name="REFERENCEID" valueType="java.lang.Long" create="true" search="true" entityID="4124"/>
		<attribute name="CODE" valueType="java.lang.String" search="true" create="true">0500000000000</attribute>
		<attribute name="SHORTVALUE" valueType="java.lang.String" search="true" create="true">Дагестан</attribute>
		<attribute name="FULLVALUE" valueType="java.lang.String">Дагестан</attribute>
		<attribute name="RICOMMENT" valueType="java.lang.String">Россия, Дагестан</attribute>
		<attribute name="GROUPNAME" valueType="java.lang.String" search="true">Справочники для проверок</attribute>
		<attribute name="REFERENCENAME" valueType="java.lang.String" search="true">Рисковые регионы</attribute>
		<attribute name="LOCALE" valueType="java.lang.String" create="true" search="true">ru</attribute>
	</entity>
	<entity name="REF_REFITEMLNG" id="41511" getMethod="admReferenceItemLngByID" createMethod="admReferenceItemAddLng" createKeyParam="SHORTVALUE" getKeyParam="SHORTVALUE" updateMethod="admReferenceItemUpdateLng"  service="adminws" silent="true">
        <attribute name="CharLocale" valueType="java.lang.String" create="true" search="true">ru        </attribute>
        <attribute name="LOCALE" valueType="java.lang.String" create="true" search="true">ru</attribute>
        <attribute name="REFITEMID" valueType="java.lang.Long" search="true" create="true" entityID="4151"/>
        <attribute name="SHORTVALUE" valueType="java.lang.String" create="true" postSearch="true">Дагестан</attribute>
        <attribute name="FULLVALUE" valueType="java.lang.String" create="true">Дагестан</attribute>
        <attribute name="RICOMMENT" valueType="java.lang.String" create="true">Россия, Дагестан</attribute>
    </entity>
	
	<entity name="REF_REFITEM" id="4152" createMethod="admReferenceItemAdd" getMethod="refItemGetListByParams" createKeyParam="REFITEMID" getKeyParam="REFITEMID" service="adminws">
		<attribute name="REFERENCEID" valueType="java.lang.Long" create="true" search="true" entityID="4124"/>
		<attribute name="CODE" valueType="java.lang.String" search="true" create="true">0600000000000</attribute>
		<attribute name="SHORTVALUE" valueType="java.lang.String" search="true" create="true">Ингушетия</attribute>
		<attribute name="FULLVALUE" valueType="java.lang.String">Ингушетия</attribute>
		<attribute name="RICOMMENT" valueType="java.lang.String">Россия, Ингушетия</attribute>
		<attribute name="GROUPNAME" valueType="java.lang.String" search="true">Справочники для проверок</attribute>
		<attribute name="REFERENCENAME" valueType="java.lang.String" search="true">Рисковые регионы</attribute>
		<attribute name="LOCALE" valueType="java.lang.String" create="true" search="true">ru</attribute>
	</entity>
	<entity name="REF_REFITEMLNG" id="41521" getMethod="admReferenceItemLngByID" createMethod="admReferenceItemAddLng" createKeyParam="SHORTVALUE" getKeyParam="SHORTVALUE" updateMethod="admReferenceItemUpdateLng"  service="adminws" silent="true">
        <attribute name="CharLocale" valueType="java.lang.String" create="true" search="true">ru        </attribute>
        <attribute name="LOCALE" valueType="java.lang.String" create="true" search="true">ru</attribute>
        <attribute name="REFITEMID" valueType="java.lang.Long" search="true" create="true" entityID="4152"/>
        <attribute name="SHORTVALUE" valueType="java.lang.String" create="true" postSearch="true">Ингушетия</attribute>
        <attribute name="FULLVALUE" valueType="java.lang.String" create="true">Ингушетия</attribute>
        <attribute name="RICOMMENT" valueType="java.lang.String" create="true">Россия, Ингушетия</attribute>
    </entity>

</root>