<?xml version="1.0" encoding="UTF-8"?>
<root>

	<!-- Общее для всех модулей -->
	<entity name="AUTO_PK_SUPPORT" id="0" createMethod="setAutoPkSupportValues" getMethod="" createKeyParam="Result" getKeyParam="" service="">
		<attribute name="REF_REFERENCE" valueType="java.lang.String">REFERENCEID</attribute>
		<attribute name="REF_REFITEM" valueType="java.lang.String">REFITEMID</attribute>
	</entity>
	
	<!-- Проект -->

	<entity name="CORE_PROJECT" id="1" createMethod="admProjectAdd" getMethod="admProjectBySysname" additionalProcessMethod="admProjectBySysname" processKeyParam="PROJECTID" createKeyParam="PROJECTID" getKeyParam="PROJECTID" service="adminws">
		<attribute name="PROJECTSYSNAME" valueType="java.lang.String" create="true" process="true" search="true">FTDS</attribute>
		<attribute name="PROJECTNAME" valueType="java.lang.String">FLEXTERA "Поддержка принятия решения"</attribute>
		<attribute name="METADATAURL" valueType="java.lang.String">D:\METADATA\TEST\dms\</attribute>
		<attribute name="USERMETADATAURL" valueType="java.lang.String">D:\METADATA\TEST\dms\</attribute>
	</entity>
	
	<!-- Группы простых справочников -->
	
	<entity name="REF_REFERENCEGROUP" id="5111" createMethod="admReferenceGroupAdd" getMethod="admReferenceGroupChoose" createKeyParam="NEXT_ID" getKeyParam="REFERENCEGROUPID" service="adminws">
		<attribute name="GROUPNAME" valueType="java.lang.String" create="true" postSearch="true">Дистрибутивные справочники</attribute>
		<attribute name="PARENTGROUPID" valueType="java.lang.Long">0</attribute>
		<attribute name="DESCRIPTION" valueType="java.lang.String">Дистрибутивные справочники</attribute>
		<attribute name="LOCALE" valueType="java.lang.String" create="true" search="true">ru</attribute>
	</entity>
	
	<!-- Простые стравочники -->
	
	<entity name="REF_REFERENCE" id="5124" createMethod="admReferenceAdd" getMethod="admReferenceList" createKeyParam="NEXT_ID" getKeyParam="REFERENCEID" service="adminws">
		<attribute name="REFERENCEGROUPID" valueType="java.lang.Long" create="true" search="true" entityID="5111"/>
        <attribute name="REFERENCEGROUP" valueType="java.lang.Long" create="true" search="true" entityID="5111"/>
		<attribute name="REFERENCENAME" valueType="java.lang.String">Состояния для контроля дублирования</attribute>
		<attribute name="REFSYSNAME" valueType="java.lang.String" create="true" search="true" postSearch="true">statesForDoubleControl</attribute>
		<attribute name="DESCRIPTION" valueType="java.lang.String">Состояния для контроля дублирования</attribute>
		<attribute name="LOCALE" valueType="java.lang.String" create="true" search="true">ru</attribute>
	</entity>
    <entity name="REF_REFERENCELNG" id="51241" getMethod="admReferenceLngByID" createMethod="admReferenceAddLng" createKeyParam="REFERENCENAME" getKeyParam="REFERENCENAME" updateMethod="admReferenceUpdateLng"  service="adminws" silent="true">
        <attribute name="CharLocale" valueType="java.lang.String" create="true" search="true">ru        </attribute>
        <attribute name="LOCALE" valueType="java.lang.String" create="true" search="true">ru</attribute>
        <attribute name="DESCRIPTION" valueType="java.lang.String" create="true">Состояния для контроля дублирования</attribute>
        <attribute name="REFERENCENAME" valueType="java.lang.String" create="true">Состояния для контроля дублирования</attribute>
        <attribute name="REFERENCEID" valueType="java.lang.Long" search="true" create="true" entityID="5124"/>
    </entity>	
	
	<!-- Элементы простых справочников -->
	
	<entity name="REF_REFITEM" id="5150" createMethod="admReferenceItemAdd" getMethod="refItemGetListByParams" createKeyParam="REFITEMID" getKeyParam="REFITEMID" service="adminws">
		<attribute name="REFERENCEID" valueType="java.lang.Long" search="true" create="true" entityID="5124"/>
		<attribute name="CODE" valueType="java.lang.String" search="true" create="true">100201</attribute>
		<attribute name="SHORTVALUE" valueType="java.lang.String" search="true" create="true">Предварительная заявка</attribute>
		<attribute name="FULLVALUE" valueType="java.lang.String">Предварительная заявка</attribute>
		<attribute name="RICOMMENT" valueType="java.lang.String">Предварительная заявка</attribute>
		<attribute name="GROUPNAME" valueType="java.lang.String" search="true">Дистрибутивные справочники</attribute>
		<attribute name="REFERENCENAME" valueType="java.lang.String" search="true">Состояния для контроля дублирования</attribute>
		<attribute name="LOCALE" valueType="java.lang.String" create="true" search="true">ru</attribute>
	</entity>
	<entity name="REF_REFITEMLNG" id="51501" getMethod="admReferenceItemLngByID" createMethod="admReferenceItemAddLng" createKeyParam="SHORTVALUE" getKeyParam="SHORTVALUE" updateMethod="admReferenceItemUpdateLng"  service="adminws" silent="true">
        <attribute name="CharLocale" valueType="java.lang.String" create="true" search="true">ru        </attribute>
        <attribute name="LOCALE" valueType="java.lang.String" create="true" search="true">ru</attribute>
        <attribute name="REFITEMID" valueType="java.lang.Long" search="true" create="true" entityID="5150"/>
        <attribute name="SHORTVALUE" valueType="java.lang.String" create="true" postSearch="true">Предварительная заявка</attribute>
        <attribute name="FULLVALUE" valueType="java.lang.String" create="true">Предварительная заявка</attribute>
        <attribute name="RICOMMENT" valueType="java.lang.String" create="true">Предварительная заявка</attribute>
    </entity>		
	
	<entity name="REF_REFITEM" id="5151" createMethod="admReferenceItemAdd" getMethod="refItemGetListByParams" createKeyParam="REFITEMID" getKeyParam="REFITEMID" service="adminws">
		<attribute name="REFERENCEID" valueType="java.lang.Long" search="true" create="true" entityID="5124"/>
		<attribute name="CODE" valueType="java.lang.String" search="true" create="true">100202</attribute>
		<attribute name="SHORTVALUE" valueType="java.lang.String" search="true" create="true">Введено</attribute>
		<attribute name="FULLVALUE" valueType="java.lang.String">Введено</attribute>
		<attribute name="RICOMMENT" valueType="java.lang.String">Введено</attribute>
		<attribute name="GROUPNAME" valueType="java.lang.String" search="true">Дистрибутивные справочники</attribute>
		<attribute name="REFERENCENAME" valueType="java.lang.String" search="true">Состояния для контроля дублирования</attribute>
		<attribute name="LOCALE" valueType="java.lang.String" create="true" search="true">ru</attribute>
	</entity>
	<entity name="REF_REFITEMLNG" id="51511" getMethod="admReferenceItemLngByID" createMethod="admReferenceItemAddLng" createKeyParam="SHORTVALUE" getKeyParam="SHORTVALUE" updateMethod="admReferenceItemUpdateLng"  service="adminws" silent="true">
        <attribute name="CharLocale" valueType="java.lang.String" create="true" search="true">ru        </attribute>
        <attribute name="LOCALE" valueType="java.lang.String" create="true" search="true">ru</attribute>
        <attribute name="REFITEMID" valueType="java.lang.Long" search="true" create="true" entityID="5151"/>
        <attribute name="SHORTVALUE" valueType="java.lang.String" create="true" postSearch="true">Введено</attribute>
        <attribute name="FULLVALUE" valueType="java.lang.String" create="true">Введено</attribute>
        <attribute name="RICOMMENT" valueType="java.lang.String" create="true">Введено</attribute>
    </entity>
	
	<entity name="REF_REFITEM" id="5152" createMethod="admReferenceItemAdd" getMethod="refItemGetListByParams" createKeyParam="REFITEMID" getKeyParam="REFITEMID" service="adminws">
		<attribute name="REFERENCEID" valueType="java.lang.Long" search="true" create="true" entityID="5124"/>
		<attribute name="CODE" valueType="java.lang.String" search="true" create="true">100203</attribute>
		<attribute name="SHORTVALUE" valueType="java.lang.String" search="true" create="true">Контроль введенных данных</attribute>
		<attribute name="FULLVALUE" valueType="java.lang.String">Контроль введенных данных</attribute>
		<attribute name="RICOMMENT" valueType="java.lang.String">Контроль введенных данных</attribute>
		<attribute name="GROUPNAME" valueType="java.lang.String" search="true">Дистрибутивные справочники</attribute>
		<attribute name="REFERENCENAME" valueType="java.lang.String" search="true">Состояния для контроля дублирования</attribute>
		<attribute name="LOCALE" valueType="java.lang.String" create="true" search="true">ru</attribute>
	</entity>
	<entity name="REF_REFITEMLNG" id="51521" getMethod="admReferenceItemLngByID" createMethod="admReferenceItemAddLng" createKeyParam="SHORTVALUE" getKeyParam="SHORTVALUE" updateMethod="admReferenceItemUpdateLng"  service="adminws" silent="true">
        <attribute name="CharLocale" valueType="java.lang.String" create="true" search="true">ru        </attribute>
        <attribute name="LOCALE" valueType="java.lang.String" create="true" search="true">ru</attribute>
        <attribute name="REFITEMID" valueType="java.lang.Long" search="true" create="true" entityID="5152"/>
        <attribute name="SHORTVALUE" valueType="java.lang.String" create="true" postSearch="true">Контроль введенных данных</attribute>
        <attribute name="FULLVALUE" valueType="java.lang.String" create="true">Контроль введенных данных</attribute>
        <attribute name="RICOMMENT" valueType="java.lang.String" create="true">Контроль введенных данных</attribute>
    </entity>
	
	<entity name="REF_REFITEM" id="5153" createMethod="admReferenceItemAdd" getMethod="refItemGetListByParams" createKeyParam="REFITEMID" getKeyParam="REFITEMID" service="adminws">
		<attribute name="REFERENCEID" valueType="java.lang.Long" search="true" create="true" entityID="5124"/>
		<attribute name="CODE" valueType="java.lang.String" search="true" create="true">100204</attribute>
		<attribute name="SHORTVALUE" valueType="java.lang.String" search="true" create="true">Первичные проверки</attribute>
		<attribute name="FULLVALUE" valueType="java.lang.String">Первичные проверки</attribute>
		<attribute name="RICOMMENT" valueType="java.lang.String">Первичные проверки</attribute>
		<attribute name="GROUPNAME" valueType="java.lang.String" search="true">Дистрибутивные справочники</attribute>
		<attribute name="REFERENCENAME" valueType="java.lang.String" search="true">Состояния для контроля дублирования</attribute>
		<attribute name="LOCALE" valueType="java.lang.String" create="true" search="true">ru</attribute>
	</entity>
	<entity name="REF_REFITEMLNG" id="51531" getMethod="admReferenceItemLngByID" createMethod="admReferenceItemAddLng" createKeyParam="SHORTVALUE" getKeyParam="SHORTVALUE" updateMethod="admReferenceItemUpdateLng"  service="adminws" silent="true">
        <attribute name="CharLocale" valueType="java.lang.String" create="true" search="true">ru        </attribute>
        <attribute name="LOCALE" valueType="java.lang.String" create="true" search="true">ru</attribute>
        <attribute name="REFITEMID" valueType="java.lang.Long" search="true" create="true" entityID="5153"/>
        <attribute name="SHORTVALUE" valueType="java.lang.String" create="true" postSearch="true">Первичные проверки</attribute>
        <attribute name="FULLVALUE" valueType="java.lang.String" create="true">Первичные проверки</attribute>
        <attribute name="RICOMMENT" valueType="java.lang.String" create="true">Первичные проверки</attribute>
    </entity>
	
	<entity name="REF_REFITEM" id="5154" createMethod="admReferenceItemAdd" getMethod="refItemGetListByParams" createKeyParam="REFITEMID" getKeyParam="REFITEMID" service="adminws">
		<attribute name="REFERENCEID" valueType="java.lang.Long" search="true" create="true" entityID="5124"/>
		<attribute name="CODE" valueType="java.lang.String" search="true" create="true">100205</attribute>
		<attribute name="SHORTVALUE" valueType="java.lang.String" search="true" create="true">Верификация первичных проверок</attribute>
		<attribute name="FULLVALUE" valueType="java.lang.String">Верификация первичных проверок</attribute>
		<attribute name="RICOMMENT" valueType="java.lang.String">Верификация первичных проверок</attribute>
		<attribute name="GROUPNAME" valueType="java.lang.String" search="true">Дистрибутивные справочники</attribute>
		<attribute name="REFERENCENAME" valueType="java.lang.String" search="true">Состояния для контроля дублирования</attribute>
		<attribute name="LOCALE" valueType="java.lang.String" create="true" search="true">ru</attribute>
	</entity>
	<entity name="REF_REFITEMLNG" id="51541" getMethod="admReferenceItemLngByID" createMethod="admReferenceItemAddLng" createKeyParam="SHORTVALUE" getKeyParam="SHORTVALUE" updateMethod="admReferenceItemUpdateLng"  service="adminws" silent="true">
        <attribute name="CharLocale" valueType="java.lang.String" create="true" search="true">ru        </attribute>
        <attribute name="LOCALE" valueType="java.lang.String" create="true" search="true">ru</attribute>
        <attribute name="REFITEMID" valueType="java.lang.Long" search="true" create="true" entityID="5154"/>
        <attribute name="SHORTVALUE" valueType="java.lang.String" create="true" postSearch="true">Верификация первичных проверок</attribute>
        <attribute name="FULLVALUE" valueType="java.lang.String" create="true">Верификация первичных проверок</attribute>
        <attribute name="RICOMMENT" valueType="java.lang.String" create="true">Верификация первичных проверок</attribute>
    </entity>
	
	<entity name="REF_REFITEM" id="5155" createMethod="admReferenceItemAdd" getMethod="refItemGetListByParams" createKeyParam="REFITEMID" getKeyParam="REFITEMID" service="adminws">
		<attribute name="REFERENCEID" valueType="java.lang.Long" search="true" create="true" entityID="5124"/>
		<attribute name="CODE" valueType="java.lang.String" search="true" create="true">100206</attribute>
		<attribute name="SHORTVALUE" valueType="java.lang.String" search="true" create="true">Контроль дублирования</attribute>
		<attribute name="FULLVALUE" valueType="java.lang.String">Контроль дублирования</attribute>
		<attribute name="RICOMMENT" valueType="java.lang.String">Контроль дублирования</attribute>
		<attribute name="GROUPNAME" valueType="java.lang.String" search="true">Дистрибутивные справочники</attribute>
		<attribute name="REFERENCENAME" valueType="java.lang.String" search="true">Состояния для контроля дублирования</attribute>
		<attribute name="LOCALE" valueType="java.lang.String" create="true" search="true">ru</attribute>
	</entity>
	<entity name="REF_REFITEMLNG" id="51551" getMethod="admReferenceItemLngByID" createMethod="admReferenceItemAddLng" createKeyParam="SHORTVALUE" getKeyParam="SHORTVALUE" updateMethod="admReferenceItemUpdateLng"  service="adminws" silent="true">
        <attribute name="CharLocale" valueType="java.lang.String" create="true" search="true">ru        </attribute>
        <attribute name="LOCALE" valueType="java.lang.String" create="true" search="true">ru</attribute>
        <attribute name="REFITEMID" valueType="java.lang.Long" search="true" create="true" entityID="5155"/>
        <attribute name="SHORTVALUE" valueType="java.lang.String" create="true" postSearch="true">Контроль дублирования</attribute>
        <attribute name="FULLVALUE" valueType="java.lang.String" create="true">Контроль дублирования</attribute>
        <attribute name="RICOMMENT" valueType="java.lang.String" create="true">Контроль дублирования</attribute>
    </entity>

	<entity name="REF_REFITEM" id="5156" createMethod="admReferenceItemAdd" getMethod="refItemGetListByParams" createKeyParam="REFITEMID" getKeyParam="REFITEMID" service="adminws">
		<attribute name="REFERENCEID" valueType="java.lang.Long" search="true" create="true" entityID="5124"/>
		<attribute name="CODE" valueType="java.lang.String" search="true" create="true">100207</attribute>
		<attribute name="SHORTVALUE" valueType="java.lang.String" search="true" create="true">Автоматические проверки</attribute>
		<attribute name="FULLVALUE" valueType="java.lang.String">Автоматические проверки</attribute>
		<attribute name="RICOMMENT" valueType="java.lang.String">Автоматические проверки</attribute>
		<attribute name="GROUPNAME" valueType="java.lang.String" search="true">Дистрибутивные справочники</attribute>
		<attribute name="REFERENCENAME" valueType="java.lang.String" search="true">Состояния для контроля дублирования</attribute>
		<attribute name="LOCALE" valueType="java.lang.String" create="true" search="true">ru</attribute>
	</entity>
	<entity name="REF_REFITEMLNG" id="51561" getMethod="admReferenceItemLngByID" createMethod="admReferenceItemAddLng" createKeyParam="SHORTVALUE" getKeyParam="SHORTVALUE" updateMethod="admReferenceItemUpdateLng"  service="adminws" silent="true">
        <attribute name="CharLocale" valueType="java.lang.String" create="true" search="true">ru        </attribute>
        <attribute name="LOCALE" valueType="java.lang.String" create="true" search="true">ru</attribute>
        <attribute name="REFITEMID" valueType="java.lang.Long" search="true" create="true" entityID="5156"/>
        <attribute name="SHORTVALUE" valueType="java.lang.String" create="true" postSearch="true">Автоматические проверки</attribute>
        <attribute name="FULLVALUE" valueType="java.lang.String" create="true">Автоматические проверки</attribute>
        <attribute name="RICOMMENT" valueType="java.lang.String" create="true">Автоматические проверки</attribute>
    </entity>
	
	<entity name="REF_REFITEM" id="5157" createMethod="admReferenceItemAdd" getMethod="refItemGetListByParams" createKeyParam="REFITEMID" getKeyParam="REFITEMID" service="adminws">
		<attribute name="REFERENCEID" valueType="java.lang.Long" search="true" create="true" entityID="5124"/>
		<attribute name="CODE" valueType="java.lang.String" search="true" create="true">100208</attribute>
		<attribute name="SHORTVALUE" valueType="java.lang.String" search="true" create="true">Верификация автоматических проверок</attribute>
		<attribute name="FULLVALUE" valueType="java.lang.String">Верификация автоматических проверок</attribute>
		<attribute name="RICOMMENT" valueType="java.lang.String">Верификация автоматических проверок</attribute>
		<attribute name="GROUPNAME" valueType="java.lang.String" search="true">Дистрибутивные справочники</attribute>
		<attribute name="REFERENCENAME" valueType="java.lang.String" search="true">Состояния для контроля дублирования</attribute>
		<attribute name="LOCALE" valueType="java.lang.String" create="true" search="true">ru</attribute>
	</entity>
	<entity name="REF_REFITEMLNG" id="51571" getMethod="admReferenceItemLngByID" createMethod="admReferenceItemAddLng" createKeyParam="SHORTVALUE" getKeyParam="SHORTVALUE" updateMethod="admReferenceItemUpdateLng"  service="adminws" silent="true">
        <attribute name="CharLocale" valueType="java.lang.String" create="true" search="true">ru        </attribute>
        <attribute name="LOCALE" valueType="java.lang.String" create="true" search="true">ru</attribute>
        <attribute name="REFITEMID" valueType="java.lang.Long" search="true" create="true" entityID="5157"/>
        <attribute name="SHORTVALUE" valueType="java.lang.String" create="true" postSearch="true">Верификация автоматических проверок</attribute>
        <attribute name="FULLVALUE" valueType="java.lang.String" create="true">Верификация автоматических проверок</attribute>
        <attribute name="RICOMMENT" valueType="java.lang.String" create="true">Верификация автоматических проверок</attribute>
    </entity>

	<entity name="REF_REFITEM" id="5158" createMethod="admReferenceItemAdd" getMethod="refItemGetListByParams" createKeyParam="REFITEMID" getKeyParam="REFITEMID" service="adminws">
		<attribute name="REFERENCEID" valueType="java.lang.Long" search="true" create="true" entityID="5124"/>
		<attribute name="CODE" valueType="java.lang.String" search="true" create="true">100209</attribute>
		<attribute name="SHORTVALUE" valueType="java.lang.String" search="true" create="true">Ручная проверка СЭБ</attribute>
		<attribute name="FULLVALUE" valueType="java.lang.String">Ручная проверка СЭБ</attribute>
		<attribute name="RICOMMENT" valueType="java.lang.String">Ручная проверка СЭБ</attribute>
		<attribute name="GROUPNAME" valueType="java.lang.String" search="true">Дистрибутивные справочники</attribute>
		<attribute name="REFERENCENAME" valueType="java.lang.String" search="true">Состояния для контроля дублирования</attribute>
		<attribute name="LOCALE" valueType="java.lang.String" create="true" search="true">ru</attribute>
	</entity>
	<entity name="REF_REFITEMLNG" id="51581" getMethod="admReferenceItemLngByID" createMethod="admReferenceItemAddLng" createKeyParam="SHORTVALUE" getKeyParam="SHORTVALUE" updateMethod="admReferenceItemUpdateLng"  service="adminws" silent="true">
        <attribute name="CharLocale" valueType="java.lang.String" create="true" search="true">ru        </attribute>
        <attribute name="LOCALE" valueType="java.lang.String" create="true" search="true">ru</attribute>
        <attribute name="REFITEMID" valueType="java.lang.Long" search="true" create="true" entityID="5158"/>
        <attribute name="SHORTVALUE" valueType="java.lang.String" create="true" postSearch="true">Ручная проверка СЭБ</attribute>
        <attribute name="FULLVALUE" valueType="java.lang.String" create="true">Ручная проверка СЭБ</attribute>
        <attribute name="RICOMMENT" valueType="java.lang.String" create="true">Ручная проверка СЭБ</attribute>
    </entity>

	<entity name="REF_REFITEM" id="5159" createMethod="admReferenceItemAdd" getMethod="refItemGetListByParams" createKeyParam="REFITEMID" getKeyParam="REFITEMID" service="adminws">
		<attribute name="REFERENCEID" valueType="java.lang.Long" search="true" create="true" entityID="5124"/>
		<attribute name="CODE" valueType="java.lang.String" search="true" create="true">1002010</attribute>
		<attribute name="SHORTVALUE" valueType="java.lang.String" search="true" create="true">Контроль лимитов</attribute>
		<attribute name="FULLVALUE" valueType="java.lang.String">Контроль лимитов</attribute>
		<attribute name="RICOMMENT" valueType="java.lang.String">Контроль лимитов</attribute>
		<attribute name="GROUPNAME" valueType="java.lang.String" search="true">Дистрибутивные справочники</attribute>
		<attribute name="REFERENCENAME" valueType="java.lang.String" search="true">Состояния для контроля дублирования</attribute>
		<attribute name="LOCALE" valueType="java.lang.String" create="true" search="true">ru</attribute>
	</entity>
	<entity name="REF_REFITEMLNG" id="51591" getMethod="admReferenceItemLngByID" createMethod="admReferenceItemAddLng" createKeyParam="SHORTVALUE" getKeyParam="SHORTVALUE" updateMethod="admReferenceItemUpdateLng"  service="adminws" silent="true">
        <attribute name="CharLocale" valueType="java.lang.String" create="true" search="true">ru        </attribute>
        <attribute name="LOCALE" valueType="java.lang.String" create="true" search="true">ru</attribute>
        <attribute name="REFITEMID" valueType="java.lang.Long" search="true" create="true" entityID="5159"/>
        <attribute name="SHORTVALUE" valueType="java.lang.String" create="true" postSearch="true">Контроль лимитов</attribute>
        <attribute name="FULLVALUE" valueType="java.lang.String" create="true">Контроль лимитов</attribute>
        <attribute name="RICOMMENT" valueType="java.lang.String" create="true">Контроль лимитов</attribute>
    </entity>
	
	<entity name="REF_REFITEM" id="5160" createMethod="admReferenceItemAdd" getMethod="refItemGetListByParams" createKeyParam="REFITEMID" getKeyParam="REFITEMID" service="adminws">
		<attribute name="REFERENCEID" valueType="java.lang.Long" search="true" create="true" entityID="5124"/>
		<attribute name="CODE" valueType="java.lang.String" search="true" create="true">1002011</attribute>
		<attribute name="SHORTVALUE" valueType="java.lang.String" search="true" create="true">Маршрутизация по МПР</attribute>
		<attribute name="FULLVALUE" valueType="java.lang.String">Маршрутизация по МПР</attribute>
		<attribute name="RICOMMENT" valueType="java.lang.String">Маршрутизация по МПР</attribute>
		<attribute name="GROUPNAME" valueType="java.lang.String" search="true">Дистрибутивные справочники</attribute>
		<attribute name="REFERENCENAME" valueType="java.lang.String" search="true">Состояния для контроля дублирования</attribute>
		<attribute name="LOCALE" valueType="java.lang.String" create="true" search="true">ru</attribute>
	</entity>
	<entity name="REF_REFITEMLNG" id="51601" getMethod="admReferenceItemLngByID" createMethod="admReferenceItemAddLng" createKeyParam="SHORTVALUE" getKeyParam="SHORTVALUE" updateMethod="admReferenceItemUpdateLng"  service="adminws" silent="true">
        <attribute name="CharLocale" valueType="java.lang.String" create="true" search="true">ru        </attribute>
        <attribute name="LOCALE" valueType="java.lang.String" create="true" search="true">ru</attribute>
        <attribute name="REFITEMID" valueType="java.lang.Long" search="true" create="true" entityID="5160"/>
        <attribute name="SHORTVALUE" valueType="java.lang.String" create="true" postSearch="true">Маршрутизация по МПР</attribute>
        <attribute name="FULLVALUE" valueType="java.lang.String" create="true">Маршрутизация по МПР</attribute>
        <attribute name="RICOMMENT" valueType="java.lang.String" create="true">Маршрутизация по МПР</attribute>
    </entity>
	
	<entity name="REF_REFITEM" id="5161" createMethod="admReferenceItemAdd" getMethod="refItemGetListByParams" createKeyParam="REFITEMID" getKeyParam="REFITEMID" service="adminws">
		<attribute name="REFERENCEID" valueType="java.lang.Long" search="true" create="true" entityID="5124"/>
		<attribute name="CODE" valueType="java.lang.String" search="true" create="true">1002012</attribute>
		<attribute name="SHORTVALUE" valueType="java.lang.String" search="true" create="true">Принятие решения андеррайтером</attribute>
		<attribute name="FULLVALUE" valueType="java.lang.String">Принятие решения андеррайтером</attribute>
		<attribute name="RICOMMENT" valueType="java.lang.String">Принятие решения андеррайтером</attribute>
		<attribute name="GROUPNAME" valueType="java.lang.String" search="true">Дистрибутивные справочники</attribute>
		<attribute name="REFERENCENAME" valueType="java.lang.String" search="true">Состояния для контроля дублирования</attribute>
		<attribute name="LOCALE" valueType="java.lang.String" create="true" search="true">ru</attribute>
	</entity>
	<entity name="REF_REFITEMLNG" id="51611" getMethod="admReferenceItemLngByID" createMethod="admReferenceItemAddLng" createKeyParam="SHORTVALUE" getKeyParam="SHORTVALUE" updateMethod="admReferenceItemUpdateLng"  service="adminws" silent="true">
        <attribute name="CharLocale" valueType="java.lang.String" create="true" search="true">ru        </attribute>
        <attribute name="LOCALE" valueType="java.lang.String" create="true" search="true">ru</attribute>
        <attribute name="REFITEMID" valueType="java.lang.Long" search="true" create="true" entityID="5161"/>
        <attribute name="SHORTVALUE" valueType="java.lang.String" create="true" postSearch="true">Принятие решения андеррайтером</attribute>
        <attribute name="FULLVALUE" valueType="java.lang.String" create="true">Принятие решения андеррайтером</attribute>
        <attribute name="RICOMMENT" valueType="java.lang.String" create="true">Принятие решения андеррайтером</attribute>
    </entity>
	
	<entity name="REF_REFITEM" id="5162" createMethod="admReferenceItemAdd" getMethod="refItemGetListByParams" createKeyParam="REFITEMID" getKeyParam="REFITEMID" service="adminws">
		<attribute name="REFERENCEID" valueType="java.lang.Long" search="true" create="true" entityID="5124"/>
		<attribute name="CODE" valueType="java.lang.String" search="true" create="true">1002013</attribute>
		<attribute name="SHORTVALUE" valueType="java.lang.String" search="true" create="true">Уведомление клиента</attribute>
		<attribute name="FULLVALUE" valueType="java.lang.String">Уведомление клиента</attribute>
		<attribute name="RICOMMENT" valueType="java.lang.String">Уведомление клиента</attribute>
		<attribute name="GROUPNAME" valueType="java.lang.String" search="true">Дистрибутивные справочники</attribute>
		<attribute name="REFERENCENAME" valueType="java.lang.String" search="true">Состояния для контроля дублирования</attribute>
		<attribute name="LOCALE" valueType="java.lang.String" create="true" search="true">ru</attribute>
	</entity>
	<entity name="REF_REFITEMLNG" id="51621" getMethod="admReferenceItemLngByID" createMethod="admReferenceItemAddLng" createKeyParam="SHORTVALUE" getKeyParam="SHORTVALUE" updateMethod="admReferenceItemUpdateLng"  service="adminws" silent="true">
        <attribute name="CharLocale" valueType="java.lang.String" create="true" search="true">ru        </attribute>
        <attribute name="LOCALE" valueType="java.lang.String" create="true" search="true">ru</attribute>
        <attribute name="REFITEMID" valueType="java.lang.Long" search="true" create="true" entityID="5162"/>
        <attribute name="SHORTVALUE" valueType="java.lang.String" create="true" postSearch="true">Уведомление клиента</attribute>
        <attribute name="FULLVALUE" valueType="java.lang.String" create="true">Уведомление клиента</attribute>
        <attribute name="RICOMMENT" valueType="java.lang.String" create="true">Уведомление клиента</attribute>
    </entity>

	<entity name="REF_REFITEM" id="5163" createMethod="admReferenceItemAdd" getMethod="refItemGetListByParams" createKeyParam="REFITEMID" getKeyParam="REFITEMID" service="adminws">
		<attribute name="REFERENCEID" valueType="java.lang.Long" search="true" create="true" entityID="5124"/>
		<attribute name="CODE" valueType="java.lang.String" search="true" create="true">1002014</attribute>
		<attribute name="SHORTVALUE" valueType="java.lang.String" search="true" create="true">Уведомление клиента об отказе</attribute>
		<attribute name="FULLVALUE" valueType="java.lang.String">Уведомление клиента об отказе</attribute>
		<attribute name="RICOMMENT" valueType="java.lang.String">Уведомление клиента об отказе</attribute>
		<attribute name="GROUPNAME" valueType="java.lang.String" search="true">Дистрибутивные справочники</attribute>
		<attribute name="REFERENCENAME" valueType="java.lang.String" search="true">Состояния для контроля дублирования</attribute>
		<attribute name="LOCALE" valueType="java.lang.String" create="true" search="true">ru</attribute>
	</entity>
	<entity name="REF_REFITEMLNG" id="51631" getMethod="admReferenceItemLngByID" createMethod="admReferenceItemAddLng" createKeyParam="SHORTVALUE" getKeyParam="SHORTVALUE" updateMethod="admReferenceItemUpdateLng"  service="adminws" silent="true">
        <attribute name="CharLocale" valueType="java.lang.String" create="true" search="true">ru        </attribute>
        <attribute name="LOCALE" valueType="java.lang.String" create="true" search="true">ru</attribute>
        <attribute name="REFITEMID" valueType="java.lang.Long" search="true" create="true" entityID="5163"/>
        <attribute name="SHORTVALUE" valueType="java.lang.String" create="true" postSearch="true">Уведомление клиента об отказе</attribute>
        <attribute name="FULLVALUE" valueType="java.lang.String" create="true">Уведомление клиента об отказе</attribute>
        <attribute name="RICOMMENT" valueType="java.lang.String" create="true">Уведомление клиента об отказе</attribute>
    </entity>
	
	<entity name="REF_REFITEM" id="5164" createMethod="admReferenceItemAdd" getMethod="refItemGetListByParams" createKeyParam="REFITEMID" getKeyParam="REFITEMID" service="adminws">
		<attribute name="REFERENCEID" valueType="java.lang.Long" search="true" create="true" entityID="5124"/>
		<attribute name="CODE" valueType="java.lang.String" search="true" create="true">1002015</attribute>
		<attribute name="SHORTVALUE" valueType="java.lang.String" search="true" create="true">Проверка залога специалистом</attribute>
		<attribute name="FULLVALUE" valueType="java.lang.String">Проверка залога специалистом</attribute>
		<attribute name="RICOMMENT" valueType="java.lang.String">Проверка залога специалистом</attribute>
		<attribute name="GROUPNAME" valueType="java.lang.String" search="true">Дистрибутивные справочники</attribute>
		<attribute name="REFERENCENAME" valueType="java.lang.String" search="true">Состояния для контроля дублирования</attribute>
		<attribute name="LOCALE" valueType="java.lang.String" create="true" search="true">ru</attribute>
	</entity>
	<entity name="REF_REFITEMLNG" id="51641" getMethod="admReferenceItemLngByID" createMethod="admReferenceItemAddLng" createKeyParam="SHORTVALUE" getKeyParam="SHORTVALUE" updateMethod="admReferenceItemUpdateLng"  service="adminws" silent="true">
        <attribute name="CharLocale" valueType="java.lang.String" create="true" search="true">ru        </attribute>
        <attribute name="LOCALE" valueType="java.lang.String" create="true" search="true">ru</attribute>
        <attribute name="REFITEMID" valueType="java.lang.Long" search="true" create="true" entityID="5164"/>
        <attribute name="SHORTVALUE" valueType="java.lang.String" create="true" postSearch="true">Проверка залога специалистом</attribute>
        <attribute name="FULLVALUE" valueType="java.lang.String" create="true">Проверка залога специалистом</attribute>
        <attribute name="RICOMMENT" valueType="java.lang.String" create="true">Проверка залога специалистом</attribute>
    </entity>

	<entity name="REF_REFITEM" id="5165" createMethod="admReferenceItemAdd" getMethod="refItemGetListByParams" createKeyParam="REFITEMID" getKeyParam="REFITEMID" service="adminws">
		<attribute name="REFERENCEID" valueType="java.lang.Long" search="true" create="true" entityID="5124"/>
		<attribute name="CODE" valueType="java.lang.String" search="true" create="true">1002016</attribute>
		<attribute name="SHORTVALUE" valueType="java.lang.String" search="true" create="true">Юридическая проверка залога</attribute>
		<attribute name="FULLVALUE" valueType="java.lang.String">Юридическая проверка залога</attribute>
		<attribute name="RICOMMENT" valueType="java.lang.String">Юридическая проверка залога</attribute>
		<attribute name="GROUPNAME" valueType="java.lang.String" search="true">Дистрибутивные справочники</attribute>
		<attribute name="REFERENCENAME" valueType="java.lang.String" search="true">Состояния для контроля дублирования</attribute>
		<attribute name="LOCALE" valueType="java.lang.String" create="true" search="true">ru</attribute>
	</entity>
	<entity name="REF_REFITEMLNG" id="51651" getMethod="admReferenceItemLngByID" createMethod="admReferenceItemAddLng" createKeyParam="SHORTVALUE" getKeyParam="SHORTVALUE" updateMethod="admReferenceItemUpdateLng"  service="adminws" silent="true">
        <attribute name="CharLocale" valueType="java.lang.String" create="true" search="true">ru        </attribute>
        <attribute name="LOCALE" valueType="java.lang.String" create="true" search="true">ru</attribute>
        <attribute name="REFITEMID" valueType="java.lang.Long" search="true" create="true" entityID="5165"/>
        <attribute name="SHORTVALUE" valueType="java.lang.String" create="true" postSearch="true">Юридическая проверка залога</attribute>
        <attribute name="FULLVALUE" valueType="java.lang.String" create="true">Юридическая проверка залога</attribute>
        <attribute name="RICOMMENT" valueType="java.lang.String" create="true">Юридическая проверка залога</attribute>
    </entity>
	
	<entity name="REF_REFITEM" id="5166" createMethod="admReferenceItemAdd" getMethod="refItemGetListByParams" createKeyParam="REFITEMID" getKeyParam="REFITEMID" service="adminws">
		<attribute name="REFERENCEID" valueType="java.lang.Long" search="true" create="true" entityID="5124"/>
		<attribute name="CODE" valueType="java.lang.String" search="true" create="true">1002017</attribute>
		<attribute name="SHORTVALUE" valueType="java.lang.String" search="true" create="true">Ввод данных по залогу</attribute>
		<attribute name="FULLVALUE" valueType="java.lang.String">Ввод данных по залогу</attribute>
		<attribute name="RICOMMENT" valueType="java.lang.String">Ввод данных по залогу</attribute>
		<attribute name="GROUPNAME" valueType="java.lang.String" search="true">Дистрибутивные справочники</attribute>
		<attribute name="REFERENCENAME" valueType="java.lang.String" search="true">Состояния для контроля дублирования</attribute>
		<attribute name="LOCALE" valueType="java.lang.String" create="true" search="true">ru</attribute>
	</entity>
	<entity name="REF_REFITEMLNG" id="51661" getMethod="admReferenceItemLngByID" createMethod="admReferenceItemAddLng" createKeyParam="SHORTVALUE" getKeyParam="SHORTVALUE" updateMethod="admReferenceItemUpdateLng"  service="adminws" silent="true">
        <attribute name="CharLocale" valueType="java.lang.String" create="true" search="true">ru        </attribute>
        <attribute name="LOCALE" valueType="java.lang.String" create="true" search="true">ru</attribute>
        <attribute name="REFITEMID" valueType="java.lang.Long" search="true" create="true" entityID="5166"/>
        <attribute name="SHORTVALUE" valueType="java.lang.String" create="true" postSearch="true">Ввод данных по залогу</attribute>
        <attribute name="FULLVALUE" valueType="java.lang.String" create="true">Ввод данных по залогу</attribute>
        <attribute name="RICOMMENT" valueType="java.lang.String" create="true">Ввод данных по залогу</attribute>
    </entity>
	
	<entity name="REF_REFITEM" id="5167" createMethod="admReferenceItemAdd" getMethod="refItemGetListByParams" createKeyParam="REFITEMID" getKeyParam="REFITEMID" service="adminws">
		<attribute name="REFERENCEID" valueType="java.lang.Long" search="true" create="true" entityID="5124"/>
		<attribute name="CODE" valueType="java.lang.String" search="true" create="true">1002018</attribute>
		<attribute name="SHORTVALUE" valueType="java.lang.String" search="true" create="true">Подписание документов</attribute>
		<attribute name="FULLVALUE" valueType="java.lang.String">Подписание документов</attribute>
		<attribute name="RICOMMENT" valueType="java.lang.String">Подписание документов</attribute>
		<attribute name="GROUPNAME" valueType="java.lang.String" search="true">Дистрибутивные справочники</attribute>
		<attribute name="REFERENCENAME" valueType="java.lang.String" search="true">Состояния для контроля дублирования</attribute>
		<attribute name="LOCALE" valueType="java.lang.String" create="true" search="true">ru</attribute>
	</entity>
	<entity name="REF_REFITEMLNG" id="51671" getMethod="admReferenceItemLngByID" createMethod="admReferenceItemAddLng" createKeyParam="SHORTVALUE" getKeyParam="SHORTVALUE" updateMethod="admReferenceItemUpdateLng"  service="adminws" silent="true">
        <attribute name="CharLocale" valueType="java.lang.String" create="true" search="true">ru        </attribute>
        <attribute name="LOCALE" valueType="java.lang.String" create="true" search="true">ru</attribute>
        <attribute name="REFITEMID" valueType="java.lang.Long" search="true" create="true" entityID="5167"/>
        <attribute name="SHORTVALUE" valueType="java.lang.String" create="true" postSearch="true">Подписание документов</attribute>
        <attribute name="FULLVALUE" valueType="java.lang.String" create="true">Подписание документов</attribute>
        <attribute name="RICOMMENT" valueType="java.lang.String" create="true">Подписание документов</attribute>
    </entity>
	
	<entity name="REF_REFITEM" id="5168" createMethod="admReferenceItemAdd" getMethod="refItemGetListByParams" createKeyParam="REFITEMID" getKeyParam="REFITEMID" service="adminws">
		<attribute name="REFERENCEID" valueType="java.lang.Long" search="true" create="true" entityID="5124"/>
		<attribute name="CODE" valueType="java.lang.String" search="true" create="true">1002019</attribute>
		<attribute name="SHORTVALUE" valueType="java.lang.String" search="true" create="true">Выгрузка данных в Бэк-офис</attribute>
		<attribute name="FULLVALUE" valueType="java.lang.String">Выгрузка данных в Бэк-офис</attribute>
		<attribute name="RICOMMENT" valueType="java.lang.String">Выгрузка данных в Бэк-офис</attribute>
		<attribute name="GROUPNAME" valueType="java.lang.String" search="true">Дистрибутивные справочники</attribute>
		<attribute name="REFERENCENAME" valueType="java.lang.String" search="true">Состояния для контроля дублирования</attribute>
		<attribute name="LOCALE" valueType="java.lang.String" create="true" search="true">ru</attribute>
	</entity>
	<entity name="REF_REFITEMLNG" id="51681" getMethod="admReferenceItemLngByID" createMethod="admReferenceItemAddLng" createKeyParam="SHORTVALUE" getKeyParam="SHORTVALUE" updateMethod="admReferenceItemUpdateLng"  service="adminws" silent="true">
        <attribute name="CharLocale" valueType="java.lang.String" create="true" search="true">ru        </attribute>
        <attribute name="LOCALE" valueType="java.lang.String" create="true" search="true">ru</attribute>
        <attribute name="REFITEMID" valueType="java.lang.Long" search="true" create="true" entityID="5168"/>
        <attribute name="SHORTVALUE" valueType="java.lang.String" create="true" postSearch="true">Выгрузка данных в Бэк-офис</attribute>
        <attribute name="FULLVALUE" valueType="java.lang.String" create="true">Выгрузка данных в Бэк-офис</attribute>
        <attribute name="RICOMMENT" valueType="java.lang.String" create="true">Выгрузка данных в Бэк-офис</attribute>
    </entity>
	
	<entity name="REF_REFITEM" id="5169" createMethod="admReferenceItemAdd" getMethod="refItemGetListByParams" createKeyParam="REFITEMID" getKeyParam="REFITEMID" service="adminws">
		<attribute name="REFERENCEID" valueType="java.lang.Long" search="true" create="true" entityID="5124"/>
		<attribute name="CODE" valueType="java.lang.String" search="true" create="true">1002020</attribute>
		<attribute name="SHORTVALUE" valueType="java.lang.String" search="true" create="true">Выдача кредита</attribute>
		<attribute name="FULLVALUE" valueType="java.lang.String">Выдача кредита</attribute>
		<attribute name="RICOMMENT" valueType="java.lang.String">Выдача кредита</attribute>
		<attribute name="GROUPNAME" valueType="java.lang.String" search="true">Дистрибутивные справочники</attribute>
		<attribute name="REFERENCENAME" valueType="java.lang.String" search="true">Состояния для контроля дублирования</attribute>
		<attribute name="LOCALE" valueType="java.lang.String" create="true" search="true">ru</attribute>
	</entity>
	<entity name="REF_REFITEMLNG" id="51691" getMethod="admReferenceItemLngByID" createMethod="admReferenceItemAddLng" createKeyParam="SHORTVALUE" getKeyParam="SHORTVALUE" updateMethod="admReferenceItemUpdateLng"  service="adminws" silent="true">
        <attribute name="CharLocale" valueType="java.lang.String" create="true" search="true">ru        </attribute>
        <attribute name="LOCALE" valueType="java.lang.String" create="true" search="true">ru</attribute>
        <attribute name="REFITEMID" valueType="java.lang.Long" search="true" create="true" entityID="5169"/>
        <attribute name="SHORTVALUE" valueType="java.lang.String" create="true" postSearch="true">Выдача кредита</attribute>
        <attribute name="FULLVALUE" valueType="java.lang.String" create="true">Выдача кредита</attribute>
        <attribute name="RICOMMENT" valueType="java.lang.String" create="true">Выдача кредита</attribute>
    </entity>
	
	<entity name="REF_REFITEM" id="5170" createMethod="admReferenceItemAdd" getMethod="refItemGetListByParams" createKeyParam="REFITEMID" getKeyParam="REFITEMID" service="adminws">
		<attribute name="REFERENCEID" valueType="java.lang.Long" search="true" create="true" entityID="5124"/>
		<attribute name="CODE" valueType="java.lang.String" search="true" create="true">1002021</attribute>
		<attribute name="SHORTVALUE" valueType="java.lang.String" search="true" create="true">Уведомление клиента (несоответствие залога)</attribute>
		<attribute name="FULLVALUE" valueType="java.lang.String">Уведомление клиента (несоответствие залога)</attribute>
		<attribute name="RICOMMENT" valueType="java.lang.String">Уведомление клиента (несоответствие залога)</attribute>
		<attribute name="GROUPNAME" valueType="java.lang.String" search="true">Дистрибутивные справочники</attribute>
		<attribute name="REFERENCENAME" valueType="java.lang.String" search="true">Состояния для контроля дублирования</attribute>
		<attribute name="LOCALE" valueType="java.lang.String" create="true" search="true">ru</attribute>
	</entity>
	<entity name="REF_REFITEMLNG" id="51701" getMethod="admReferenceItemLngByID" createMethod="admReferenceItemAddLng" createKeyParam="SHORTVALUE" getKeyParam="SHORTVALUE" updateMethod="admReferenceItemUpdateLng"  service="adminws" silent="true">
        <attribute name="CharLocale" valueType="java.lang.String" create="true" search="true">ru        </attribute>
        <attribute name="LOCALE" valueType="java.lang.String" create="true" search="true">ru</attribute>
        <attribute name="REFITEMID" valueType="java.lang.Long" search="true" create="true" entityID="5170"/>
        <attribute name="SHORTVALUE" valueType="java.lang.String" create="true" postSearch="true">Уведомление клиента (несоответствие залога)</attribute>
        <attribute name="FULLVALUE" valueType="java.lang.String" create="true">Уведомление клиента (несоответствие залога)</attribute>
        <attribute name="RICOMMENT" valueType="java.lang.String" create="true">Уведомление клиента (несоответствие залога)</attribute>
    </entity>
	
    <entity name="REF_REFITEM" id="5171" createMethod="admReferenceItemAdd" getMethod="refItemGetListByParams" createKeyParam="REFITEMID" getKeyParam="REFITEMID" service="adminws">
		<attribute name="REFERENCEID" valueType="java.lang.Long" search="true" create="true" entityID="5124"/>
		<attribute name="CODE" valueType="java.lang.String" search="true" create="true">1002022</attribute>
		<attribute name="SHORTVALUE" valueType="java.lang.String" search="true" create="true">Ввод данных по страховой компании</attribute>
		<attribute name="FULLVALUE" valueType="java.lang.String">Ввод данных по страховой компании</attribute>
		<attribute name="RICOMMENT" valueType="java.lang.String">Ввод данных по страховой компании</attribute>
		<attribute name="GROUPNAME" valueType="java.lang.String" search="true">Дистрибутивные справочники</attribute>
		<attribute name="REFERENCENAME" valueType="java.lang.String" search="true">Состояния для контроля дублирования</attribute>
		<attribute name="LOCALE" valueType="java.lang.String" create="true" search="true">ru</attribute>
	</entity>
	<entity name="REF_REFITEMLNG" id="51711" getMethod="admReferenceItemLngByID" createMethod="admReferenceItemAddLng" createKeyParam="SHORTVALUE" getKeyParam="SHORTVALUE" updateMethod="admReferenceItemUpdateLng"  service="adminws" silent="true">
        <attribute name="CharLocale" valueType="java.lang.String" create="true" search="true">ru        </attribute>
        <attribute name="LOCALE" valueType="java.lang.String" create="true" search="true">ru</attribute>
        <attribute name="REFITEMID" valueType="java.lang.Long" search="true" create="true" entityID="5171"/>
        <attribute name="SHORTVALUE" valueType="java.lang.String" create="true" postSearch="true">Ввод данных по страховой компании</attribute>
        <attribute name="FULLVALUE" valueType="java.lang.String" create="true">Ввод данных по страховой компании</attribute>
        <attribute name="RICOMMENT" valueType="java.lang.String" create="true">Ввод данных по страховой компании</attribute>
    </entity>
	
	<entity name="REF_REFITEM" id="5172" createMethod="admReferenceItemAdd" getMethod="refItemGetListByParams" createKeyParam="REFITEMID" getKeyParam="REFITEMID" service="adminws">
		<attribute name="REFERENCEID" valueType="java.lang.Long" search="true" create="true" entityID="5124"/>
		<attribute name="CODE" valueType="java.lang.String" search="true" create="true">1002023</attribute>
		<attribute name="SHORTVALUE" valueType="java.lang.String" search="true" create="true">Подготовка к сделке</attribute>
		<attribute name="FULLVALUE" valueType="java.lang.String">Подготовка к сделке</attribute>
		<attribute name="RICOMMENT" valueType="java.lang.String">Подготовка к сделке</attribute>
		<attribute name="GROUPNAME" valueType="java.lang.String" search="true">Дистрибутивные справочники</attribute>
		<attribute name="REFERENCENAME" valueType="java.lang.String" search="true">Состояния для контроля дублирования</attribute>
		<attribute name="LOCALE" valueType="java.lang.String" create="true" search="true">ru</attribute>
	</entity>
	<entity name="REF_REFITEMLNG" id="51721" getMethod="admReferenceItemLngByID" createMethod="admReferenceItemAddLng" createKeyParam="SHORTVALUE" getKeyParam="SHORTVALUE" updateMethod="admReferenceItemUpdateLng"  service="adminws" silent="true">
        <attribute name="CharLocale" valueType="java.lang.String" create="true" search="true">ru        </attribute>
        <attribute name="LOCALE" valueType="java.lang.String" create="true" search="true">ru</attribute>
        <attribute name="REFITEMID" valueType="java.lang.Long" search="true" create="true" entityID="5172"/>
        <attribute name="SHORTVALUE" valueType="java.lang.String" create="true" postSearch="true">Подготовка к сделке</attribute>
        <attribute name="FULLVALUE" valueType="java.lang.String" create="true">Подготовка к сделке</attribute>
        <attribute name="RICOMMENT" valueType="java.lang.String" create="true">Подготовка к сделке</attribute>
    </entity>
	
	<entity name="REF_REFITEM" id="5173" createMethod="admReferenceItemAdd" getMethod="refItemGetListByParams" createKeyParam="REFITEMID" getKeyParam="REFITEMID" service="adminws">
		<attribute name="REFERENCEID" valueType="java.lang.Long" search="true" create="true" entityID="5124"/>
		<attribute name="CODE" valueType="java.lang.String" search="true" create="true">1002024</attribute>
		<attribute name="SHORTVALUE" valueType="java.lang.String" search="true" create="true">Рассмотрение уполномоченным лицом</attribute>
		<attribute name="FULLVALUE" valueType="java.lang.String">Рассмотрение уполномоченным лицом</attribute>
		<attribute name="RICOMMENT" valueType="java.lang.String">Рассмотрение уполномоченным лицом</attribute>
		<attribute name="GROUPNAME" valueType="java.lang.String" search="true">Дистрибутивные справочники</attribute>
		<attribute name="REFERENCENAME" valueType="java.lang.String" search="true">Состояния для контроля дублирования</attribute>
		<attribute name="LOCALE" valueType="java.lang.String" create="true" search="true">ru</attribute>
	</entity>
	<entity name="REF_REFITEMLNG" id="51731" getMethod="admReferenceItemLngByID" createMethod="admReferenceItemAddLng" createKeyParam="SHORTVALUE" getKeyParam="SHORTVALUE" updateMethod="admReferenceItemUpdateLng"  service="adminws" silent="true">
        <attribute name="CharLocale" valueType="java.lang.String" create="true" search="true">ru        </attribute>
        <attribute name="LOCALE" valueType="java.lang.String" create="true" search="true">ru</attribute>
        <attribute name="REFITEMID" valueType="java.lang.Long" search="true" create="true" entityID="5173"/>
        <attribute name="SHORTVALUE" valueType="java.lang.String" create="true" postSearch="true">Рассмотрение уполномоченным лицом</attribute>
        <attribute name="FULLVALUE" valueType="java.lang.String" create="true">Рассмотрение уполномоченным лицом</attribute>
        <attribute name="RICOMMENT" valueType="java.lang.String" create="true">Рассмотрение уполномоченным лицом</attribute>
    </entity>
	
	<entity name="REF_REFITEM" id="5174" createMethod="admReferenceItemAdd" getMethod="refItemGetListByParams" createKeyParam="REFITEMID" getKeyParam="REFITEMID" service="adminws">
		<attribute name="REFERENCEID" valueType="java.lang.Long" search="true" create="true" entityID="5124"/>
		<attribute name="CODE" valueType="java.lang.String" search="true" create="true">1002025</attribute>
		<attribute name="SHORTVALUE" valueType="java.lang.String" search="true" create="true">Рассмотрение Уполномоченным органом</attribute>
		<attribute name="FULLVALUE" valueType="java.lang.String">Рассмотрение Уполномоченным органом</attribute>
		<attribute name="RICOMMENT" valueType="java.lang.String">Рассмотрение Уполномоченным органом</attribute>
		<attribute name="GROUPNAME" valueType="java.lang.String" search="true">Дистрибутивные справочники</attribute>
		<attribute name="REFERENCENAME" valueType="java.lang.String" search="true">Состояния для контроля дублирования</attribute>
		<attribute name="LOCALE" valueType="java.lang.String" create="true" search="true">ru</attribute>
	</entity>
	<entity name="REF_REFITEMLNG" id="51741" getMethod="admReferenceItemLngByID" createMethod="admReferenceItemAddLng" createKeyParam="SHORTVALUE" getKeyParam="SHORTVALUE" updateMethod="admReferenceItemUpdateLng"  service="adminws" silent="true">
        <attribute name="CharLocale" valueType="java.lang.String" create="true" search="true">ru        </attribute>
        <attribute name="LOCALE" valueType="java.lang.String" create="true" search="true">ru</attribute>
        <attribute name="REFITEMID" valueType="java.lang.Long" search="true" create="true" entityID="5174"/>
        <attribute name="SHORTVALUE" valueType="java.lang.String" create="true" postSearch="true">Рассмотрение Уполномоченным органом</attribute>
        <attribute name="FULLVALUE" valueType="java.lang.String" create="true">Рассмотрение Уполномоченным органом</attribute>
        <attribute name="RICOMMENT" valueType="java.lang.String" create="true">Рассмотрение Уполномоченным органом</attribute>
    </entity>
	
	<entity name="REF_REFITEM" id="5175" createMethod="admReferenceItemAdd" getMethod="refItemGetListByParams" createKeyParam="REFITEMID" getKeyParam="REFITEMID" service="adminws">
		<attribute name="REFERENCEID" valueType="java.lang.Long" search="true" create="true" entityID="5124"/>
		<attribute name="CODE" valueType="java.lang.String" search="true" create="true">1002026</attribute>
		<attribute name="SHORTVALUE" valueType="java.lang.String" search="true" create="true">Рассмотрение руководителем кредитного отдела</attribute>
		<attribute name="FULLVALUE" valueType="java.lang.String">Рассмотрение руководителем кредитного отдела</attribute>
		<attribute name="RICOMMENT" valueType="java.lang.String">Рассмотрение руководителем кредитного отдела</attribute>
		<attribute name="GROUPNAME" valueType="java.lang.String" search="true">Дистрибутивные справочники</attribute>
		<attribute name="REFERENCENAME" valueType="java.lang.String" search="true">Состояния для контроля дублирования</attribute>
		<attribute name="LOCALE" valueType="java.lang.String" create="true" search="true">ru</attribute>
	</entity>
	<entity name="REF_REFITEMLNG" id="51751" getMethod="admReferenceItemLngByID" createMethod="admReferenceItemAddLng" createKeyParam="SHORTVALUE" getKeyParam="SHORTVALUE" updateMethod="admReferenceItemUpdateLng"  service="adminws" silent="true">
        <attribute name="CharLocale" valueType="java.lang.String" create="true" search="true">ru        </attribute>
        <attribute name="LOCALE" valueType="java.lang.String" create="true" search="true">ru</attribute>
        <attribute name="REFITEMID" valueType="java.lang.Long" search="true" create="true" entityID="5175"/>
        <attribute name="SHORTVALUE" valueType="java.lang.String" create="true" postSearch="true">Рассмотрение руководителем кредитного отдела</attribute>
        <attribute name="FULLVALUE" valueType="java.lang.String" create="true">Рассмотрение руководителем кредитного отдела</attribute>
        <attribute name="RICOMMENT" valueType="java.lang.String" create="true">Рассмотрение руководителем кредитного отдела</attribute>
    </entity>
	
	<entity name="REF_REFITEM" id="5176" createMethod="admReferenceItemAdd" getMethod="refItemGetListByParams" createKeyParam="REFITEMID" getKeyParam="REFITEMID" service="adminws">
		<attribute name="REFERENCEID" valueType="java.lang.Long" search="true" create="true" entityID="5124"/>
		<attribute name="CODE" valueType="java.lang.String" search="true" create="true">1002027</attribute>
		<attribute name="SHORTVALUE" valueType="java.lang.String" search="true" create="true">Распоряжение на выдачу</attribute>
		<attribute name="FULLVALUE" valueType="java.lang.String">Распоряжение на выдачу</attribute>
		<attribute name="RICOMMENT" valueType="java.lang.String">Распоряжение на выдачу</attribute>
		<attribute name="GROUPNAME" valueType="java.lang.String" search="true">Дистрибутивные справочники</attribute>
		<attribute name="REFERENCENAME" valueType="java.lang.String" search="true">Состояния для контроля дублирования</attribute>
		<attribute name="LOCALE" valueType="java.lang.String" create="true" search="true">ru</attribute>
	</entity>
	<entity name="REF_REFITEMLNG" id="51761" getMethod="admReferenceItemLngByID" createMethod="admReferenceItemAddLng" createKeyParam="SHORTVALUE" getKeyParam="SHORTVALUE" updateMethod="admReferenceItemUpdateLng"  service="adminws" silent="true">
        <attribute name="CharLocale" valueType="java.lang.String" create="true" search="true">ru        </attribute>
        <attribute name="LOCALE" valueType="java.lang.String" create="true" search="true">ru</attribute>
        <attribute name="REFITEMID" valueType="java.lang.Long" search="true" create="true" entityID="5176"/>
        <attribute name="SHORTVALUE" valueType="java.lang.String" create="true" postSearch="true">Распоряжение на выдачу</attribute>
        <attribute name="FULLVALUE" valueType="java.lang.String" create="true">Распоряжение на выдачу</attribute>
        <attribute name="RICOMMENT" valueType="java.lang.String" create="true">Распоряжение на выдачу</attribute>
    </entity>
	
	<entity name="REF_REFITEM" id="5177" createMethod="admReferenceItemAdd" getMethod="refItemGetListByParams" createKeyParam="REFITEMID" getKeyParam="REFITEMID" service="adminws">
		<attribute name="REFERENCEID" valueType="java.lang.Long" search="true" create="true" entityID="5124"/>
		<attribute name="CODE" valueType="java.lang.String" search="true" create="true">1002028</attribute>
		<attribute name="SHORTVALUE" valueType="java.lang.String" search="true" create="true">Расчет параметров кредита</attribute>
		<attribute name="FULLVALUE" valueType="java.lang.String">Расчет параметров кредита</attribute>
		<attribute name="RICOMMENT" valueType="java.lang.String">Расчет параметров кредита</attribute>
		<attribute name="GROUPNAME" valueType="java.lang.String" search="true">Дистрибутивные справочники</attribute>
		<attribute name="REFERENCENAME" valueType="java.lang.String" search="true">Состояния для контроля дублирования</attribute>
		<attribute name="LOCALE" valueType="java.lang.String" create="true" search="true">ru</attribute>
	</entity>
	<entity name="REF_REFITEMLNG" id="51771" getMethod="admReferenceItemLngByID" createMethod="admReferenceItemAddLng" createKeyParam="SHORTVALUE" getKeyParam="SHORTVALUE" updateMethod="admReferenceItemUpdateLng"  service="adminws" silent="true">
        <attribute name="CharLocale" valueType="java.lang.String" create="true" search="true">ru        </attribute>
        <attribute name="LOCALE" valueType="java.lang.String" create="true" search="true">ru</attribute>
        <attribute name="REFITEMID" valueType="java.lang.Long" search="true" create="true" entityID="5177"/>
        <attribute name="SHORTVALUE" valueType="java.lang.String" create="true" postSearch="true">Расчет параметров кредита</attribute>
        <attribute name="FULLVALUE" valueType="java.lang.String" create="true">Расчет параметров кредита</attribute>
        <attribute name="RICOMMENT" valueType="java.lang.String" create="true">Расчет параметров кредита</attribute>
    </entity>
	
</root>	