﻿<?xml version="1.0" encoding="UTF-8"?>
<root>
	<!-- Проект -->

	<entity name="CORE_PROJECT" id="1" createMethod="admProjectAdd" getMethod="admProjectBySysname" additionalProcessMethod="admProjectBySysname" processKeyParam="PROJECTID" createKeyParam="PROJECTID" getKeyParam="PROJECTID" service="adminws">
		<attribute name="PROJECTSYSNAME" valueType="java.lang.String" create="true" process="true" search="true">FTDS</attribute>
		<attribute name="PROJECTNAME" valueType="java.lang.String">FLEXTERA "Поддержка принятия решения"</attribute>
		<attribute name="METADATAURL" valueType="java.lang.String">D:\METADATA\TEST\dms\</attribute>
		<attribute name="USERMETADATAURL" valueType="java.lang.String">D:\METADATA\TEST\dms\</attribute>
	</entity>
	
	<!-- Процесс -->
	
	<entity name="CORE_PROCESSTYPE" id="20" createMethod="shdaddjobtype" getMethod="shdJobTypes" createKeyParam="Result" getKeyParam="PROCESSTYPEID" service="corews">
		<attribute name="PROJECTSYSNAME" valueType="java.lang.String" search="true">FTDS</attribute>
		<attribute name="PROCTYPENAME" valueType="java.lang.String" create="true" search="true">DecisionExpiration</attribute>
		<attribute name="PROCFILE" valueType="java.lang.String">checkdecisionExpiration</attribute>
		<attribute name="DESCRIPTION" valueType="java.lang.String">Процесс проверки даты принятия решения</attribute>
		<attribute name="PROJECTID" valueType="java.lang.Long" create="true" search="true" entityID="1"/>
	</entity>	
	
	<!-- Типы проверок -->

	<entity name="DMS_CHECKTYPE" id="2327" createMethod="checkTypeCreate" getMethod="checkTypeGetByIdOrSysname" createKeyParam="CHECKTYPEID" getKeyParam="CHECKTYPEID" service="dmsws" isIntService="true">
		<attribute name="TYPESYSNAME" valueType="java.lang.String" create="true" search="true">decisionResult</attribute>
		<attribute name="TYPENAME" valueType="java.lang.String" create="true">Результаты рассмотрения УЛ</attribute>
		<attribute name="DESCRIPTION" valueType="java.lang.String" create="true">Результаты рассмотрения УЛ</attribute>
	</entity>
	
	<!-- Проверки -->
	
	<entity name="DMS_CHECK" id="2330" createMethod="checkCreate" getMethod="checkGetByIdOrSysname" createKeyParam="CHECKID" getKeyParam="CHECKID" service="dmsws" isIntService="true">
		<attribute name="CHECKTYPEID" valueType="java.lang.Long" create="true" search="true" entityID="2327"/>
		<attribute name="OBJECTTYPEID" valueType="java.lang.Long" create="true">50000</attribute>
		<attribute name="CHECKNAME" valueType="java.lang.String" create="true">Срок действия решения</attribute>
		<attribute name="CHECKSYSNAME" valueType="java.lang.String" create="true" search="true">DecisionExpiration</attribute>
		<attribute name="RULELINK" valueType="java.lang.String" create="true">checkdecisionExpiration</attribute>
		<attribute name="RULETYPE" valueType="java.lang.Integer" create="true">2</attribute>
		<attribute name="EXPIRATIONTERM" valueType="java.lang.Integer" create="true">0</attribute>
		<attribute name="MULTIFLAG" valueType="java.lang.Integer" create="true">0</attribute>
	</entity>
	
</root>