<?xml version="1.0" encoding="UTF-8"?><root>
    <entity name="CORE_PROJECT" id="873229261530859400" createMethod="admProjectAdd" getMethod="admProjectBySysname" additionalProcessMethod="admProjectBySysname" processKeyParam="PROJECTID" createKeyParam="PROJECTID" getKeyParam="PROJECTID" service="adminws">
		<attribute name="PROJECTSYSNAME" valueType="java.lang.String" create="true" search="true">FTFLOANS</attribute>
		<attribute name="PROJECTNAME" valueType="java.lang.String">FLEXTERA Кредитная заявка</attribute>
	</entity>
	
	<entity name="CORE_PROJECT" id="2199616060089186600" createMethod="admProjectAdd" getMethod="admProjectBySysname" additionalProcessMethod="admProjectBySysname" processKeyParam="PROJECTID" createKeyParam="PROJECTID" getKeyParam="PROJECTID" service="adminws">
		<attribute name="PROJECTSYSNAME" valueType="java.lang.String" create="true" search="true">FTDS</attribute>
		<attribute name="PROJECTNAME" valueType="java.lang.String">FLEXTERA Поддержка принятия решений</attribute>
	</entity>
	
	<entity name="FRNT_SMTYPE" id="5677528726261106000" createMethod="" getMethod="smObjectTypeGetListByParams" createKeyParam="OBJECTTYPEID" isExtService="true" getKeyParam="OBJECTTYPEID" service="frontws2">
		<attribute name="SYSNAME" valueType="java.lang.String" create="true" search="true">legalConsumerLoanAppInStore</attribute>
		<attribute name="NAME" valueType="java.lang.String" create="true">Получение целевого торгового кредита</attribute>
		<attribute name="PACKAGEID" valueType="java.lang.Long" create="true">0</attribute>
		<attribute name="PARENTTYPEID" valueType="java.lang.Long"  create="true" search="true" >1001</attribute>
	</entity>
	
	<entity name="OBJ_OBJECTTYPE" id="917363276118954000" createMethod="" getMethod="objectTypeGetByIdOrSysname" createKeyParam="OBJECTTYPEID" isExtService="true"  getKeyParam="OBJECTTYPEID" service="frontws2">
		<attribute name="SYSNAME" valueType="java.lang.String" create="true" search="true">legalConsumerLoanAppInStore</attribute>
		<attribute name="NAME" valueType="java.lang.String" create="true">Получение целевого торгового кредита</attribute>
		<attribute name="DESCRIPTION" valueType="java.lang.String" create="true"></attribute>
		<attribute name="PARENTID" valueType="java.lang.Long" create="true" search="true">1001</attribute>
	</entity>
	<!--Сценарий "Маршрутизация по решению на этапе целевого торгового кредита"-->
    <entity createKeyParam="SCRIPTID" createMethod="checkScriptCreate" getKeyParam="SCRIPTID" getMethod="checkScriptGetByIdOrSysname" id="1" isIntService="true" name="DMS_SCRIPT" service="dmsws">
        <attribute create="true" name="SCRIPTSYSNAME" search="true" valueType="java.lang.String">decisionCheckLegalConsumerLoanAppInStore</attribute>
        <attribute create="true" name="SCRIPTNAME" valueType="java.lang.String">Маршрутизация по решению на этапе целевого торгового кредита</attribute>
        <attribute create="true" name="DESCRIPTION" valueType="java.lang.String"/>
    </entity>
    <!--Банковские продукты-->
    <!--Связь сценариев и продуктов-->
    <!--Состояния-->
    <entity createKeyParam="STATEID" createMethod="smStateCreate" getKeyParam="STATEID" getMethod="smStateGetListByParams" id="13" isExtService="true" name="FRNT_SMSTATE" service="frontws2">
        <attribute create="true" name="SYSNAME" search="true" valueType="java.lang.String">specialistConsideration</attribute>
        <attribute create="true" name="NAME" search="true" valueType="java.lang.String">Рассмотрение специалистом ДКлО</attribute>
        <attribute name="TYPEID" valueType="java.lang.Long"  create="true" search="true" entityID="5677528726261106000"/>
    </entity>
    <entity createKeyParam="STATEID" createMethod="smStateCreate" getKeyParam="STATEID" getMethod="smStateGetListByParams" id="14" isExtService="true" name="FRNT_SMSTATE" service="frontws2">
        <attribute create="true" name="SYSNAME" search="true" valueType="java.lang.String">headConsideration</attribute>
        <attribute create="true" name="NAME" search="true" valueType="java.lang.String">Рассмотрение начальником ОТФО</attribute>
        <attribute name="TYPEID" valueType="java.lang.Long"  create="true" search="true" entityID="5677528726261106000"/>
    </entity>
    <!--Связь сценариев и состояний-->
    <entity createKeyParam="LINKID" createMethod="scriptStateLinkCreate" getKeyParam="LINKID" getMethod="scriptStateLinkGetListByParams" id="3" isIntService="true" name="DMS_SCRPTSTATELINK" service="dmsws">
        <attribute create="true" entityID="1" name="SCRIPTID" search="true" valueType="java.lang.Long"/>
        <attribute create="true" entityID="13" name="STATEID" search="true" valueType="java.lang.Long"/>
        <attribute create="true" name="OBJECTTYPEID" search="true" valueType="java.lang.Long" entityID="917363276118954000"/>
    </entity>
    <entity createKeyParam="LINKID" createMethod="scriptStateLinkCreate" getKeyParam="LINKID" getMethod="scriptStateLinkGetListByParams" id="4" isIntService="true" name="DMS_SCRPTSTATELINK" service="dmsws">
        <attribute create="true" entityID="1" name="SCRIPTID" search="true" valueType="java.lang.Long"/>
        <attribute create="true" entityID="14" name="STATEID" search="true" valueType="java.lang.Long"/>
        <attribute create="true" name="OBJECTTYPEID" search="true" valueType="java.lang.Long" entityID="917363276118954000"/>
    </entity>
    <!--Типы проверок-->
    <entity createKeyParam="CHECKTYPEID" createMethod="checkTypeCreate" getKeyParam="CHECKTYPEID" getMethod="checkTypeGetByIdOrSysname" id="5" isIntService="true" name="DMS_CHECKTYPE" service="dmsws">
        <attribute create="true" name="TYPESYSNAME" search="true" valueType="java.lang.String">decisionResult</attribute>
        <attribute create="true" name="TYPENAME" valueType="java.lang.String">Результаты рассмотрения УЛ</attribute>
        <attribute create="true" name="DESCRIPTION" valueType="java.lang.String">Результаты рассмотрения УЛ</attribute>
    </entity>
    <entity createKeyParam="CHECKTYPEID" createMethod="checkTypeCreate" getKeyParam="CHECKTYPEID" getMethod="checkTypeGetByIdOrSysname" id="6" isIntService="true" name="DMS_CHECKTYPE" service="dmsws">
        <attribute create="true" name="TYPESYSNAME" search="true" valueType="java.lang.String">subjDemands</attribute>
        <attribute create="true" name="TYPENAME" valueType="java.lang.String">Требования к субъекту</attribute>
        <attribute create="true" name="DESCRIPTION" valueType="java.lang.String">Требования к субъекту</attribute>
    </entity>
    <!--Проверки-->
    <entity createKeyParam="CHECKID" createMethod="checkCreate" getKeyParam="CHECKID" getMethod="checkGetByIdOrSysname" id="15" isIntService="true" name="DMS_CHECK" service="dmsws">
        <attribute create="true" entityID="5" name="CHECKTYPEID" search="true" valueType="java.lang.Long"/>
        <attribute create="true" name="OBJECTTYPEID" valueType="java.lang.Long" entityID="5677528726261106000"/>
        <attribute create="true" name="CHECKNAME" valueType="java.lang.String">Результат текущего этапа</attribute>
        <attribute create="true" name="CHECKSYSNAME" search="true" valueType="java.lang.String">currentStageResultTRL</attribute>
        <attribute create="true" name="RULELINK" valueType="java.lang.String">dmsCurrentStageResult</attribute>
        <attribute create="true" name="RULETYPE" valueType="java.lang.Integer">2</attribute>
        <attribute create="true" name="EXPIRATIONTERM" valueType="java.lang.Integer">0</attribute>
        <attribute create="true" name="MULTIFLAG" valueType="java.lang.Integer">0</attribute>
    </entity>
    <!--Связанные проверки-->
    <entity createKeyParam="LINKID" createMethod="checkScrLinkCreate" getKeyParam="LINKID" getMethod="checkScrLinkGetListByParams" id="2" isIntService="true" name="DMS_CHECKSCRLINK" service="dmsws">
        <attribute create="true" entityID="1" name="SCRIPTID" search="true" valueType="java.lang.Long"/>
        <attribute create="true" entityID="15" name="CHECKID" search="true" valueType="java.lang.Long"/>
        <attribute create="true" name="CHECKORDER" search="true" valueType="java.lang.Integer">1</attribute>
    </entity>
    <!--Точки маршрутизации-->
    <entity createKeyParam="POINTID" createMethod="routingPointCreate" getKeyParam="POINTID" getMethod="routingPointGetListByParams" id="7" isIntService="true" name="DMS_ROUTINGPOINT" service="dmsws">
        <attribute create="true" entityID="1" name="SCRIPTID" search="true" valueType="java.lang.Long"/>
        <attribute create="true" entityID="15" name="CHECKID" search="true" valueType="java.lang.Long"/>
        <attribute create="true" entityID="13" name="STATEID" search="true" valueType="java.lang.Long"/>
        <attribute create="true" name="POINTSYSNAME" search="true" valueType="java.lang.String">DKLOpoint0</attribute>
        <attribute create="true" name="POINTNAME" valueType="java.lang.String">Маршрутизация ДКлО</attribute>
        <attribute create="true" name="OBJECTTYPEID" valueType="java.lang.Long" entityID="917363276118954000"/>
        <attribute create="true" name="DESCRIPTION" valueType="java.lang.String"/>
    </entity>
    <entity createKeyParam="POINTID" createMethod="routingPointCreate" getKeyParam="POINTID" getMethod="routingPointGetListByParams" id="8" isIntService="true" name="DMS_ROUTINGPOINT" service="dmsws">
        <attribute create="true" entityID="1" name="SCRIPTID" search="true" valueType="java.lang.Long"/>
        <attribute create="true" entityID="15" name="CHECKID" search="true" valueType="java.lang.Long"/>
        <attribute create="true" entityID="14" name="STATEID" search="true" valueType="java.lang.Long"/>
        <attribute create="true" name="POINTSYSNAME" search="true" valueType="java.lang.String">pointOTFO0</attribute>
        <attribute create="true" name="POINTNAME" valueType="java.lang.String">Маршрутизация ОТФО</attribute>
        <attribute create="true" name="OBJECTTYPEID" valueType="java.lang.Long" entityID="917363276118954000"/>
        <attribute create="true" name="DESCRIPTION" valueType="java.lang.String"/>
    </entity>
	
	<entity name="FRNT_SMSTATE" id="7759273607480685000" createMethod="smStateCreate" getMethod="smStateGetListByParams" createKeyParam="STATEID" isExtService="true" getKeyParam="STATEID" service="frontws2">
		<attribute name="SYSNAME" valueType="java.lang.String" create="true" search="true">close</attribute>
		<attribute name="NAME" valueType="java.lang.String" create="true">Закрыта</attribute>
		<attribute name="TYPEID" valueType="java.lang.Long"  create="true" search="true" entityID="5677528726261106000"/>
		<attribute name="PROJECTID" valueType="java.lang.Long"  create="true" search="true" entityID="873229261530859400"/>
	</entity>
	
	<entity name="FRNT_SMSTATE" id="2689790865158822400" createMethod="smStateCreate" getMethod="smStateGetListByParams" createKeyParam="STATEID" isExtService="true" getKeyParam="STATEID" service="frontws2">
		<attribute name="SYSNAME" valueType="java.lang.String" create="true" search="true">specialistConsideration</attribute>
		<attribute name="NAME" valueType="java.lang.String" create="true">Рассмотрение специалистом ДКлО</attribute>
		<attribute name="TYPEID" valueType="java.lang.Long"  create="true" search="true" entityID="5677528726261106000"/>
		<attribute name="PROJECTID" valueType="java.lang.Long"  create="true" search="true" entityID="2199616060089186600"/>
	</entity>
	
	<entity name="FRNT_SMTRANS" id="4877983861330234000" createMethod="smTransitionCreate" getMethod="smTransitionGetListByParams" createKeyParam="TRANSITIONID" isExtService="true" getKeyParam="TRANSITIONID" service="frontws2">
		<attribute name="SYSNAME" valueType="java.lang.String" create="true" search="true">close</attribute>
		<attribute name="NAME" valueType="java.lang.String" create="true" >Закрыть</attribute>
		<attribute name="PAGEFLOWNAME" valueType="java.lang.String" create="true" >[FTFLOANS]loanApp/legalConsumerLoanAppInStore/sendToProcessing/sendToProcessing</attribute>
		<attribute name="TRANSORDER" valueType="java.lang.Integer" create="true" >0</attribute>
		<attribute name="EVENTFLAG" valueType="java.lang.Integer" create="true" >0</attribute>
		<attribute name="FROMSTATEID" valueType="java.lang.Long"  create="true" search="true" entityID="2689790865158822400"/>
		<attribute name="TOSTATEID" valueType="java.lang.Long"  create="true" search="true" entityID="7759273607480685000"/>
		<attribute name="TYPEID" valueType="java.lang.Long"  create="true" search="true" entityID="5677528726261106000"/>
	</entity>
	
	<entity name="FRNT_SMSTATE" id="6480570591654615000" createMethod="smStateCreate" getMethod="smStateGetListByParams" createKeyParam="STATEID" isExtService="true" getKeyParam="STATEID" service="frontws2">
		<attribute name="SYSNAME" valueType="java.lang.String" create="true" search="true">headConsideration</attribute>
		<attribute name="NAME" valueType="java.lang.String" create="true">Рассмотрение начальником ОТФО</attribute>
		<attribute name="TYPEID" valueType="java.lang.Long"  create="true" search="true" entityID="5677528726261106000"/>
		<attribute name="PROJECTID" valueType="java.lang.Long"  create="true" search="true" entityID="2199616060089186600"/>
	</entity>
	
	<entity name="FRNT_SMTRANS" id="6221739442638740000" createMethod="smTransitionCreate" getMethod="smTransitionGetListByParams" createKeyParam="TRANSITIONID" isExtService="true" getKeyParam="TRANSITIONID" service="frontws2">
		<attribute name="SYSNAME" valueType="java.lang.String" create="true" search="true">close</attribute>
		<attribute name="NAME" valueType="java.lang.String" create="true" >Закрыть</attribute>
		<attribute name="PAGEFLOWNAME" valueType="java.lang.String" create="true" >[FTFLOANS]loanApp/legalConsumerLoanAppInStore/sendToProcessing/sendToProcessing</attribute>
		<attribute name="TRANSORDER" valueType="java.lang.Integer" create="true" >0</attribute>
		<attribute name="EVENTFLAG" valueType="java.lang.Integer" create="true" >0</attribute>
		<attribute name="FROMSTATEID" valueType="java.lang.Long"  create="true" search="true" entityID="6480570591654615000"/>
		<attribute name="TOSTATEID" valueType="java.lang.Long"  create="true" search="true" entityID="7759273607480685000"/>
		<attribute name="TYPEID" valueType="java.lang.Long"  create="true" search="true" entityID="5677528726261106000"/>
	</entity>
	
	
	
	<entity name="FRNT_SMTRANS" id="4247270641064927000" createMethod="smTransitionCreate" getMethod="smTransitionGetListByParams" createKeyParam="TRANSITIONID" isExtService="true" getKeyParam="TRANSITIONID" service="frontws2">
		<attribute name="SYSNAME" valueType="java.lang.String" create="true" search="true">sendToHeadConsideration</attribute>
		<attribute name="NAME" valueType="java.lang.String" create="true" >Передать на рассмотрение начальником ОТФО</attribute>
		<attribute name="PAGEFLOWNAME" valueType="java.lang.String" create="true" ></attribute>
		<attribute name="TRANSORDER" valueType="java.lang.Integer" create="true" >0</attribute>
		<attribute name="EVENTFLAG" valueType="java.lang.Integer" create="true" >0</attribute>
		<attribute name="FROMSTATEID" valueType="java.lang.Long"  create="true" search="true" entityID="2689790865158822400"/>
		<attribute name="TOSTATEID" valueType="java.lang.Long"  create="true" search="true" entityID="6480570591654615000"/>
		<attribute name="TYPEID" valueType="java.lang.Long"  create="true" search="true" entityID="5677528726261106000"/>
	</entity>	
	
	<entity name="FRNT_SMSTATE" id="3977034268376673000" createMethod="smStateCreate" getMethod="smStateGetListByParams" createKeyParam="STATEID" isExtService="true" getKeyParam="STATEID" service="frontws2">
		<attribute name="SYSNAME" valueType="java.lang.String" create="true" search="true">confirmationContract</attribute>
		<attribute name="NAME" valueType="java.lang.String" create="true">Подтверждение договора</attribute>
		<attribute name="TYPEID" valueType="java.lang.Long"  create="true" search="true" entityID="5677528726261106000"/>
		<attribute name="PROJECTID" valueType="java.lang.Long"  create="true" search="true" entityID="873229261530859400"/>
	</entity>	
	
	<entity name="FRNT_SMTRANS" id="8221572974304011000" createMethod="smTransitionCreate" getMethod="smTransitionGetListByParams" createKeyParam="TRANSITIONID" isExtService="true" getKeyParam="TRANSITIONID" service="frontws2">
		<attribute name="SYSNAME" valueType="java.lang.String" create="true" search="true">backOfficeIntegrate</attribute>
		<attribute name="NAME" valueType="java.lang.String" create="true" >Выгрузить данные в бэк-офис</attribute>
		<attribute name="PAGEFLOWNAME" valueType="java.lang.String" create="true" ></attribute>
		<attribute name="TRANSORDER" valueType="java.lang.Integer" create="true" >0</attribute>
		<attribute name="EVENTFLAG" valueType="java.lang.Integer" create="true" >0</attribute>
		<attribute name="FROMSTATEID" valueType="java.lang.Long"  create="true" search="true" entityID="6480570591654615000"/>
		<attribute name="TOSTATEID" valueType="java.lang.Long"  create="true" search="true" entityID="3977034268376673000"/>
		<attribute name="TYPEID" valueType="java.lang.Long"  create="true" search="true" entityID="5677528726261106000"/>
	</entity>
	
	<entity name="FRNT_SMSTATE" id="6480570591654615000" createMethod="smStateCreate" getMethod="smStateGetListByParams" createKeyParam="STATEID" isExtService="true" getKeyParam="STATEID" service="frontws2">
		<attribute name="SYSNAME" valueType="java.lang.String" create="true" search="true">headConsideration</attribute>
		<attribute name="NAME" valueType="java.lang.String" create="true">Рассмотрение начальником ОТФО</attribute>
		<attribute name="TYPEID" valueType="java.lang.Long"  create="true" search="true" entityID="5677528726261106000"/>
		<attribute name="PROJECTID" valueType="java.lang.Long"  create="true" search="true" entityID="2199616060089186600"/>
	</entity>
	<entity name="FRNT_SMSTATE" id="7157033485901098000" createMethod="smStateCreate" getMethod="smStateGetListByParams" createKeyParam="STATEID" isExtService="true" getKeyParam="STATEID" service="frontws2">
		<attribute name="SYSNAME" valueType="java.lang.String" create="true" search="true">input</attribute>
		<attribute name="NAME" valueType="java.lang.String" create="true">Введено</attribute>
		<attribute name="TYPEID" valueType="java.lang.Long"  create="true" search="true" entityID="5677528726261106000"/>
		<attribute name="PROJECTID" valueType="java.lang.Long"  create="true" search="true" entityID="873229261530859400"/>
	</entity>
	
	<entity name="FRNT_SMTRANS" id="6902477334911951000" createMethod="smTransitionCreate" getMethod="smTransitionGetListByParams" createKeyParam="TRANSITIONID" isExtService="true" getKeyParam="TRANSITIONID" service="frontws2">
		<attribute name="SYSNAME" valueType="java.lang.String" create="true" search="true">sendToRework</attribute>
		<attribute name="NAME" valueType="java.lang.String" create="true" >Вернуть на доработку</attribute>
		<attribute name="PAGEFLOWNAME" valueType="java.lang.String" create="true" ></attribute>
		<attribute name="TRANSORDER" valueType="java.lang.Integer" create="true" >0</attribute>
		<attribute name="EVENTFLAG" valueType="java.lang.Integer" create="true" >0</attribute>
		<attribute name="FROMSTATEID" valueType="java.lang.Long"  create="true" search="true" entityID="6480570591654615000"/>
		<attribute name="TOSTATEID" valueType="java.lang.Long"  create="true" search="true" entityID="7157033485901098000"/>
		<attribute name="TYPEID" valueType="java.lang.Long"  create="true" search="true" entityID="5677528726261106000"/>
	</entity>
	
    <!--Маршруты-->
	<entity name="DMS_ROUTING" id="3100" createMethod="routingCreate" getMethod="routingGetListByParams" createKeyParam="ROUTINGID" getKeyParam="ROUTINGID" service="dmsws" >
		<attribute name="POINTID" valueType="java.lang.Long" create="true" search="true" entityID="7"/>
		<attribute name="TRANSITIONID" valueType="java.lang.Long" create="true" search="true" entityID="4877983861330234000"/>
		<attribute name="RULELINK" valueType="java.lang.String" create="true" search="true">negativeDecisionEqualCheck</attribute>
		<attribute name="RULEPRIORITY" valueType="java.lang.Integer" create="true" search="true">1</attribute>
		<attribute name="DESCRIPTION" valueType="java.lang.String" create="true"></attribute>
	</entity>
	
	<entity name="DMS_ROUTING" id="3101" createMethod="routingCreate" getMethod="routingGetListByParams" createKeyParam="ROUTINGID" getKeyParam="ROUTINGID" service="dmsws" >
		<attribute name="POINTID" valueType="java.lang.Long" create="true" search="true" entityID="7"/>
		<attribute name="TRANSITIONID" valueType="java.lang.Long" create="true" search="true" entityID="4247270641064927000"/>
		<attribute name="RULELINK" valueType="java.lang.String" create="true" search="true">positiveDecisionEqualCheck</attribute>
		<attribute name="RULEPRIORITY" valueType="java.lang.Integer" create="true" search="true">2</attribute>
		<attribute name="DESCRIPTION" valueType="java.lang.String" create="true"></attribute>
	</entity>
	
	<entity name="DMS_ROUTING" id="3102" createMethod="routingCreate" getMethod="routingGetListByParams" createKeyParam="ROUTINGID" getKeyParam="ROUTINGID" service="dmsws" >
		<attribute name="POINTID" valueType="java.lang.Long" create="true" search="true" entityID="8"/>
		<attribute name="TRANSITIONID" valueType="java.lang.Long" create="true" search="true" entityID="6221739442638740000"/>
		<attribute name="RULELINK" valueType="java.lang.String" create="true" search="true">negativeDecisionEqualCheck</attribute>
		<attribute name="RULEPRIORITY" valueType="java.lang.Integer" create="true" search="true">1</attribute>
		<attribute name="DESCRIPTION" valueType="java.lang.String" create="true"></attribute>
	</entity>
	
	<entity name="DMS_ROUTING" id="3103" createMethod="routingCreate" getMethod="routingGetListByParams" createKeyParam="ROUTINGID" getKeyParam="ROUTINGID" service="dmsws" >
		<attribute name="POINTID" valueType="java.lang.Long" create="true" search="true" entityID="8"/>
		<attribute name="TRANSITIONID" valueType="java.lang.Long" create="true" search="true" entityID="8221572974304011000"/>
		<attribute name="RULELINK" valueType="java.lang.String" create="true" search="true">positiveDecisionEqualCheck</attribute>
		<attribute name="RULEPRIORITY" valueType="java.lang.Integer" create="true" search="true">2</attribute>
		<attribute name="DESCRIPTION" valueType="java.lang.String" create="true"></attribute>
	</entity>
	
	<entity name="DMS_ROUTING" id="3104" createMethod="routingCreate" getMethod="routingGetListByParams" createKeyParam="ROUTINGID" getKeyParam="ROUTINGID" service="dmsws" >
		<attribute name="POINTID" valueType="java.lang.Long" create="true" search="true" entityID="8"/>
		<attribute name="TRANSITIONID" valueType="java.lang.Long" create="true" search="true" entityID="6902477334911951000"/>
		<attribute name="RULELINK" valueType="java.lang.String" create="true" search="true">reworkDecisionEqualCheck</attribute>
		<attribute name="RULEPRIORITY" valueType="java.lang.Integer" create="true" search="true">3</attribute>
		<attribute name="DESCRIPTION" valueType="java.lang.String" create="true"></attribute>
	</entity>
	
</root>