<?xml version="1.0" encoding="UTF-8"?><root>
    <entity name="CORE_PROJECT" id="873229261530859400" createMethod="admProjectAdd" getMethod="admProjectBySysname" additionalProcessMethod="admProjectBySysname" processKeyParam="PROJECTID" createKeyParam="PROJECTID" getKeyParam="PROJECTID" service="adminws">
		<attribute name="PROJECTSYSNAME" valueType="java.lang.String" create="true" search="true">FTFLOANS</attribute>
		<attribute name="PROJECTNAME" valueType="java.lang.String">FLEXTERA Кредитная заявка</attribute>
	</entity>
	
	<entity name="CORE_PROJECT" id="2199616060089186600" createMethod="admProjectAdd" getMethod="admProjectBySysname" additionalProcessMethod="admProjectBySysname" processKeyParam="PROJECTID" createKeyParam="PROJECTID" getKeyParam="PROJECTID" service="adminws">
		<attribute name="PROJECTSYSNAME" valueType="java.lang.String" create="true" search="true">FTDS</attribute>
		<attribute name="PROJECTNAME" valueType="java.lang.String">FLEXTERA Поддержка принятия решений</attribute>
	</entity>
	
	<!--Сценарий "Автоматические проверки (TRL)"-->
    <entity createKeyParam="SCRIPTID" createMethod="checkScriptCreate" getKeyParam="SCRIPTID" getMethod="checkScriptGetByIdOrSysname" id="1" isIntService="true" name="DMS_SCRIPT" service="dmsws">
        <attribute create="true" name="SCRIPTSYSNAME" search="true" valueType="java.lang.String">automaticCheckslegalConsumerLoanAppInStore</attribute>
        <attribute create="true" name="SCRIPTNAME" valueType="java.lang.String">Автоматические проверки (TRL)</attribute>
        <attribute create="true" name="DESCRIPTION" valueType="java.lang.String"/>
    </entity>
    <!--Банковские продукты-->
    <!--Связь сценариев и продуктов-->
	
	<entity name="FRNT_SMTYPE" id="5677528726261106000" createMethod="" getMethod="smObjectTypeGetListByParams" createKeyParam="OBJECTTYPEID" isExtService="true" getKeyParam="OBJECTTYPEID" service="frontws2">
		<attribute name="SYSNAME" valueType="java.lang.String" create="true" search="true">legalConsumerLoanAppInStore</attribute>
		<attribute name="NAME" valueType="java.lang.String" create="true">Получение целевого торгового кредита</attribute>
		<attribute name="PACKAGEID" valueType="java.lang.Long" create="true">0</attribute>
		<attribute name="PARENTTYPEID" valueType="java.lang.Long"  create="true" search="true" >1001</attribute>
	</entity>
	
    <!--Состояния-->
    <entity createKeyParam="STATEID" createMethod="smStateCreate" getKeyParam="STATEID" getMethod="smStateGetListByParams" id="21" isExtService="true" name="FRNT_SMSTATE" service="frontws2">
        <attribute create="true" name="SYSNAME" search="true" valueType="java.lang.String">autoChecks</attribute>
        <attribute create="true" name="NAME" search="true" valueType="java.lang.String">Автоматические проверки</attribute>
        <attribute name="TYPEID" valueType="java.lang.Long"  create="true" search="true" entityID="5677528726261106000"/>
    </entity>
	
	<entity name="OBJ_OBJECTTYPE" id="917363276118954000" createMethod="" getMethod="objectTypeGetByIdOrSysname" createKeyParam="OBJECTTYPEID" isExtService="true" getKeyParam="OBJECTTYPEID" service="frontws2">
		<attribute name="SYSNAME" valueType="java.lang.String" create="true" search="true">legalConsumerLoanAppInStore</attribute>
		<attribute name="NAME" valueType="java.lang.String" create="true">Получение целевого торгового кредита</attribute>
		<attribute name="DESCRIPTION" valueType="java.lang.String" create="true"></attribute>
		<attribute name="PARENTID" valueType="java.lang.Long" create="true" search="true">1001</attribute>
	</entity>
	
    <!--Связь сценариев и состояний-->
    <entity createKeyParam="LINKID" createMethod="scriptStateLinkCreate" getKeyParam="LINKID" getMethod="scriptStateLinkGetListByParams" id="7" isIntService="true" name="DMS_SCRPTSTATELINK" service="dmsws">
        <attribute create="true" entityID="1" name="SCRIPTID" search="true" valueType="java.lang.Long"/>
        <attribute create="true" entityID="21" name="STATEID" search="true" valueType="java.lang.Long"/>
        <attribute name="OBJECTTYPEID" valueType="java.lang.Long" create="true" search="true" entityID="917363276118954000"/>
    </entity>
    <!--Типы проверок-->
    <entity createKeyParam="CHECKTYPEID" createMethod="checkTypeCreate" getKeyParam="CHECKTYPEID" getMethod="checkTypeGetByIdOrSysname" id="8" isIntService="true" name="DMS_CHECKTYPE" service="dmsws">
        <attribute create="true" name="TYPESYSNAME" search="true" valueType="java.lang.String">decisionResult</attribute>
        <attribute create="true" name="TYPENAME" valueType="java.lang.String">Результаты рассмотрения УЛ</attribute>
        <attribute create="true" name="DESCRIPTION" valueType="java.lang.String">Результаты рассмотрения УЛ</attribute>
    </entity>
    <entity createKeyParam="CHECKTYPEID" createMethod="checkTypeCreate" getKeyParam="CHECKTYPEID" getMethod="checkTypeGetByIdOrSysname" id="9" isIntService="true" name="DMS_CHECKTYPE" service="dmsws">
        <attribute create="true" name="TYPESYSNAME" search="true" valueType="java.lang.String">subjDemands</attribute>
        <attribute create="true" name="TYPENAME" valueType="java.lang.String">Требования к субъекту</attribute>
        <attribute create="true" name="DESCRIPTION" valueType="java.lang.String">Требования к субъекту</attribute>
    </entity>
    <!--Проверки-->
    <entity createKeyParam="CHECKID" createMethod="checkCreate" getKeyParam="CHECKID" getMethod="checkGetByIdOrSysname" id="22" isIntService="true" name="DMS_CHECK" service="dmsws">
        <attribute create="true" entityID="9" name="CHECKTYPEID" search="true" valueType="java.lang.Long"/>
        <attribute create="true" name="OBJECTTYPEID" valueType="java.lang.Long">50000</attribute>
        <attribute create="true" name="CHECKNAME" valueType="java.lang.String">Проверка справочнику ФСФМ (террористов) (клиент)</attribute>
        <attribute create="true" name="CHECKSYSNAME" search="true" valueType="java.lang.String">checkFSFMterroristClient</attribute>
        <attribute create="true" name="RULELINK" valueType="java.lang.String">dmsAMLCheckTerror</attribute>
        <attribute create="true" name="RULETYPE" valueType="java.lang.Integer">2</attribute>
        <attribute create="true" name="EXPIRATIONTERM" valueType="java.lang.Integer">0</attribute>
        <attribute create="true" name="MULTIFLAG" valueType="java.lang.Integer">0</attribute>
    </entity>
    <entity createKeyParam="CHECKID" createMethod="checkCreate" getKeyParam="CHECKID" getMethod="checkGetByIdOrSysname" id="23" isIntService="true" name="DMS_CHECK" service="dmsws">
        <attribute create="true" entityID="9" name="CHECKTYPEID" search="true" valueType="java.lang.Long"/>
        <attribute create="true" name="OBJECTTYPEID" valueType="java.lang.Long">2003</attribute>
        <attribute create="true" name="CHECKNAME" valueType="java.lang.String">Проверка справочнику ФСФМ (террористов) (созаемщик)</attribute>
        <attribute create="true" name="CHECKSYSNAME" search="true" valueType="java.lang.String">checkFSFMterroristCodeptor</attribute>
        <attribute create="true" name="RULELINK" valueType="java.lang.String">dmsAMLCheckTerror</attribute>
        <attribute create="true" name="RULETYPE" valueType="java.lang.Integer">2</attribute>
        <attribute create="true" name="EXPIRATIONTERM" valueType="java.lang.Integer">720</attribute>
        <attribute create="true" name="MULTIFLAG" valueType="java.lang.Integer">1</attribute>
    </entity>
    <entity createKeyParam="CHECKID" createMethod="checkCreate" getKeyParam="CHECKID" getMethod="checkGetByIdOrSysname" id="24" isIntService="true" name="DMS_CHECK" service="dmsws">
        <attribute create="true" entityID="9" name="CHECKTYPEID" search="true" valueType="java.lang.Long"/>
        <attribute create="true" name="OBJECTTYPEID" valueType="java.lang.Long">2002</attribute>
        <attribute create="true" name="CHECKNAME" valueType="java.lang.String">Проверка справочнику ФСФМ (террористов) (поручитель)</attribute>
        <attribute create="true" name="CHECKSYSNAME" search="true" valueType="java.lang.String">checkFSFMterroristGuarantee</attribute>
        <attribute create="true" name="RULELINK" valueType="java.lang.String">dmsAMLCheckTerror</attribute>
        <attribute create="true" name="RULETYPE" valueType="java.lang.Integer">2</attribute>
        <attribute create="true" name="EXPIRATIONTERM" valueType="java.lang.Integer">0</attribute>
        <attribute create="true" name="MULTIFLAG" valueType="java.lang.Integer">1</attribute>
    </entity>
    <entity createKeyParam="CHECKID" createMethod="checkCreate" getKeyParam="CHECKID" getMethod="checkGetByIdOrSysname" id="25" isIntService="true" name="DMS_CHECK" service="dmsws">
        <attribute create="true" entityID="9" name="CHECKTYPEID" search="true" valueType="java.lang.Long"/>
        <attribute create="true" name="OBJECTTYPEID" valueType="java.lang.Long">2007</attribute>
        <attribute create="true" name="CHECKNAME" valueType="java.lang.String">Проверка справочнику ФСФМ (террористов) (учредитель)</attribute>
        <attribute create="true" name="CHECKSYSNAME" search="true" valueType="java.lang.String">checkFSFMterroristFounder</attribute>
        <attribute create="true" name="RULELINK" valueType="java.lang.String">dmsAMLCheckTerror</attribute>
        <attribute create="true" name="RULETYPE" valueType="java.lang.Integer">2</attribute>
        <attribute create="true" name="EXPIRATIONTERM" valueType="java.lang.Integer">0</attribute>
        <attribute create="true" name="MULTIFLAG" valueType="java.lang.Integer">1</attribute>
    </entity>
    <entity createKeyParam="CHECKID" createMethod="checkCreate" getKeyParam="CHECKID" getMethod="checkGetByIdOrSysname" id="26" isIntService="true" name="DMS_CHECK" service="dmsws">
        <attribute create="true" entityID="9" name="CHECKTYPEID" search="true" valueType="java.lang.Long"/>
        <attribute create="true" name="OBJECTTYPEID" valueType="java.lang.Long">50000</attribute>
        <attribute create="true" name="CHECKNAME" valueType="java.lang.String">Проверка лимита</attribute>
        <attribute create="true" name="CHECKSYSNAME" search="true" valueType="java.lang.String">checkLimit</attribute>
        <attribute create="true" name="RULELINK" valueType="java.lang.String">checkLimit</attribute>
        <attribute create="true" name="RULETYPE" valueType="java.lang.Integer">2</attribute>
        <attribute create="true" name="EXPIRATIONTERM" valueType="java.lang.Integer">0</attribute>
        <attribute create="true" name="MULTIFLAG" valueType="java.lang.Integer">0</attribute>
    </entity>
    <!--Связанные проверки-->
    <entity createKeyParam="LINKID" createMethod="checkScrLinkCreate" getKeyParam="LINKID" getMethod="checkScrLinkGetListByParams" id="2" isIntService="true" name="DMS_CHECKSCRLINK" service="dmsws">
        <attribute create="true" entityID="1" name="SCRIPTID" search="true" valueType="java.lang.Long"/>
        <attribute create="true" entityID="22" name="CHECKID" search="true" valueType="java.lang.Long"/>
        <attribute create="true" name="CHECKORDER" search="true" valueType="java.lang.Integer">1</attribute>
    </entity>
    <entity createKeyParam="LINKID" createMethod="checkScrLinkCreate" getKeyParam="LINKID" getMethod="checkScrLinkGetListByParams" id="3" isIntService="true" name="DMS_CHECKSCRLINK" service="dmsws">
        <attribute create="true" entityID="1" name="SCRIPTID" search="true" valueType="java.lang.Long"/>
        <attribute create="true" entityID="23" name="CHECKID" search="true" valueType="java.lang.Long"/>
        <attribute create="true" name="CHECKORDER" search="true" valueType="java.lang.Integer">2</attribute>
    </entity>
    <entity createKeyParam="LINKID" createMethod="checkScrLinkCreate" getKeyParam="LINKID" getMethod="checkScrLinkGetListByParams" id="4" isIntService="true" name="DMS_CHECKSCRLINK" service="dmsws">
        <attribute create="true" entityID="1" name="SCRIPTID" search="true" valueType="java.lang.Long"/>
        <attribute create="true" entityID="24" name="CHECKID" search="true" valueType="java.lang.Long"/>
        <attribute create="true" name="CHECKORDER" search="true" valueType="java.lang.Integer">3</attribute>
    </entity>
    <entity createKeyParam="LINKID" createMethod="checkScrLinkCreate" getKeyParam="LINKID" getMethod="checkScrLinkGetListByParams" id="5" isIntService="true" name="DMS_CHECKSCRLINK" service="dmsws">
        <attribute create="true" entityID="1" name="SCRIPTID" search="true" valueType="java.lang.Long"/>
        <attribute create="true" entityID="25" name="CHECKID" search="true" valueType="java.lang.Long"/>
        <attribute create="true" name="CHECKORDER" search="true" valueType="java.lang.Integer">4</attribute>
    </entity>
    <entity createKeyParam="LINKID" createMethod="checkScrLinkCreate" getKeyParam="LINKID" getMethod="checkScrLinkGetListByParams" id="6" isIntService="true" name="DMS_CHECKSCRLINK" service="dmsws">
        <attribute create="true" entityID="1" name="SCRIPTID" search="true" valueType="java.lang.Long"/>
        <attribute create="true" entityID="26" name="CHECKID" search="true" valueType="java.lang.Long"/>
        <attribute create="true" name="CHECKORDER" search="true" valueType="java.lang.Integer">5</attribute>
    </entity>
    <!--Точки маршрутизации-->
    <entity createKeyParam="POINTID" createMethod="routingPointCreate" getKeyParam="POINTID" getMethod="routingPointGetListByParams" id="10" isIntService="true" name="DMS_ROUTINGPOINT" service="dmsws">
        <attribute create="true" entityID="1" name="SCRIPTID" search="true" valueType="java.lang.Long"/>
        <attribute create="true" entityID="22" name="CHECKID" search="true" valueType="java.lang.Long"/>
        <attribute create="true" entityID="21" name="STATEID" search="true" valueType="java.lang.Long"/>
        <attribute create="true" name="POINTSYSNAME" search="true" valueType="java.lang.String">amlRoutTRL</attribute>
        <attribute create="true" name="POINTNAME" valueType="java.lang.String">Маршрутизация по ФСФМ</attribute>
        <attribute name="OBJECTTYPEID" valueType="java.lang.Long" create="true" search="true" entityID="917363276118954000"/>
        <attribute create="true" name="DESCRIPTION" valueType="java.lang.String"/>
    </entity>
    <entity createKeyParam="POINTID" createMethod="routingPointCreate" getKeyParam="POINTID" getMethod="routingPointGetListByParams" id="11" isIntService="true" name="DMS_ROUTINGPOINT" service="dmsws">
        <attribute create="true" entityID="1" name="SCRIPTID" search="true" valueType="java.lang.Long"/>
        <attribute create="true" entityID="23" name="CHECKID" search="true" valueType="java.lang.Long"/>
        <attribute create="true" entityID="21" name="STATEID" search="true" valueType="java.lang.Long"/>
        <attribute create="true" name="POINTSYSNAME" search="true" valueType="java.lang.String">amlRoutTRL2</attribute>
        <attribute create="true" name="POINTNAME" valueType="java.lang.String">Маршрутизация по ФСФМ</attribute>
        <attribute name="OBJECTTYPEID" valueType="java.lang.Long" create="true" search="true" entityID="917363276118954000"/>
        <attribute create="true" name="DESCRIPTION" valueType="java.lang.String"/>
    </entity>
    <entity createKeyParam="POINTID" createMethod="routingPointCreate" getKeyParam="POINTID" getMethod="routingPointGetListByParams" id="12" isIntService="true" name="DMS_ROUTINGPOINT" service="dmsws">
        <attribute create="true" entityID="1" name="SCRIPTID" search="true" valueType="java.lang.Long"/>
        <attribute create="true" entityID="24" name="CHECKID" search="true" valueType="java.lang.Long"/>
        <attribute create="true" entityID="21" name="STATEID" search="true" valueType="java.lang.Long"/>
        <attribute create="true" name="POINTSYSNAME" search="true" valueType="java.lang.String">amlRoutTRL3</attribute>
        <attribute create="true" name="POINTNAME" valueType="java.lang.String">Маршрутизация по ФСФМ</attribute>
        <attribute name="OBJECTTYPEID" valueType="java.lang.Long" create="true" search="true" entityID="917363276118954000"/>
        <attribute create="true" name="DESCRIPTION" valueType="java.lang.String"/>
    </entity>
    <entity createKeyParam="POINTID" createMethod="routingPointCreate" getKeyParam="POINTID" getMethod="routingPointGetListByParams" id="13" isIntService="true" name="DMS_ROUTINGPOINT" service="dmsws">
        <attribute create="true" entityID="1" name="SCRIPTID" search="true" valueType="java.lang.Long"/>
        <attribute create="true" entityID="25" name="CHECKID" search="true" valueType="java.lang.Long"/>
        <attribute create="true" entityID="21" name="STATEID" search="true" valueType="java.lang.Long"/>
        <attribute create="true" name="POINTSYSNAME" search="true" valueType="java.lang.String">amlRoutTRL4</attribute>
        <attribute create="true" name="POINTNAME" valueType="java.lang.String">Маршрутизация по ФСФМ</attribute>
        <attribute name="OBJECTTYPEID" valueType="java.lang.Long" create="true" search="true" entityID="917363276118954000"/>
        <attribute create="true" name="DESCRIPTION" valueType="java.lang.String"/>
    </entity>
    <entity createKeyParam="POINTID" createMethod="routingPointCreate" getKeyParam="POINTID" getMethod="routingPointGetListByParams" id="14" isIntService="true" name="DMS_ROUTINGPOINT" service="dmsws">
        <attribute create="true" entityID="1" name="SCRIPTID" search="true" valueType="java.lang.Long"/>
        <attribute create="true" entityID="26" name="CHECKID" search="true" valueType="java.lang.Long"/>
        <attribute create="true" entityID="21" name="STATEID" search="true" valueType="java.lang.Long"/>
        <attribute create="true" name="POINTSYSNAME" search="true" valueType="java.lang.String">limit</attribute>
        <attribute create="true" name="POINTNAME" valueType="java.lang.String">limit</attribute>
        <attribute name="OBJECTTYPEID" valueType="java.lang.Long" create="true" search="true" entityID="917363276118954000"/>
        <attribute create="true" name="DESCRIPTION" valueType="java.lang.String"/>
    </entity>
    <!--Маршруты-->
	
	
	<entity name="FRNT_SMSTATE" id="1261645115178614000" createMethod="smStateCreate" getMethod="smStateGetListByParams" createKeyParam="STATEID"  isExtService="true" getKeyParam="STATEID" service="frontws2">
		<attribute name="SYSNAME" valueType="java.lang.String" create="true" search="true">autoChecks</attribute>
		<attribute name="NAME" valueType="java.lang.String" create="true">Автоматические проверки</attribute>
		<attribute name="TYPEID" valueType="java.lang.Long"  create="true" search="true" entityID="5677528726261106000"/>
		<attribute name="PROJECTID" valueType="java.lang.Long"  create="true" search="true" entityID="2199616060089186600"/>
	</entity>
	
	<entity name="FRNT_SMSTATE" id="2689790865158822400" createMethod="smStateCreate" getMethod="smStateGetListByParams" createKeyParam="STATEID"  isExtService="true" getKeyParam="STATEID" service="frontws2">
		<attribute name="SYSNAME" valueType="java.lang.String" create="true" search="true">specialistConsideration</attribute>
		<attribute name="NAME" valueType="java.lang.String" create="true">Рассмотрение специалистом ДКлО</attribute>
		<attribute name="TYPEID" valueType="java.lang.Long"  create="true" search="true" entityID="5677528726261106000"/>
		<attribute name="PROJECTID" valueType="java.lang.Long"  create="true" search="true" entityID="2199616060089186600"/>
	</entity>
	
	<!-- Параметры маршрутизации -->
	
	<entity name="FRNT_SMTRANS" id="8322821363819279000" createMethod="smTransitionCreate" getMethod="smTransitionGetListByParams" createKeyParam="TRANSITIONID"  isExtService="true" getKeyParam="TRANSITIONID" service="frontws2">
		<attribute name="SYSNAME" valueType="java.lang.String" create="true" search="true">completeAutoChecks</attribute>
		<attribute name="NAME" valueType="java.lang.String" create="true" >Завершить автоматические проверки</attribute>
		<attribute name="PAGEFLOWNAME" valueType="java.lang.String" create="true" ></attribute>
		<attribute name="TRANSORDER" valueType="java.lang.Integer" create="true" >0</attribute>
		<attribute name="EVENTFLAG" valueType="java.lang.Integer" create="true" >0</attribute>
		<attribute name="FROMSTATEID" valueType="java.lang.Long"  create="true" search="true" entityID="1261645115178614000"/>
		<attribute name="TOSTATEID" valueType="java.lang.Long"  create="true" search="true" entityID="2689790865158822400"/>
		<attribute name="TYPEID" valueType="java.lang.Long"  create="true" search="true" entityID="5677528726261106000"/>
	</entity>
	
	<entity name="FRNT_SMSTATE" id="1261645115178614000" createMethod="smStateCreate" getMethod="smStateGetListByParams" createKeyParam="STATEID"  isExtService="true" getKeyParam="STATEID" service="frontws2">
		<attribute name="SYSNAME" valueType="java.lang.String" create="true" search="true">autoChecks</attribute>
		<attribute name="NAME" valueType="java.lang.String" create="true">Автоматические проверки</attribute>
		<attribute name="TYPEID" valueType="java.lang.Long"  create="true" search="true" entityID="5677528726261106000"/>
		<attribute name="PROJECTID" valueType="java.lang.Long"  create="true" search="true" entityID="2199616060089186600"/>
	</entity>
	
	<entity name="FRNT_SMSTATE" id="7157033485901098000" createMethod="smStateCreate" getMethod="smStateGetListByParams" createKeyParam="STATEID"  isExtService="true" getKeyParam="STATEID" service="frontws2">
		<attribute name="SYSNAME" valueType="java.lang.String" create="true" search="true">input</attribute>
		<attribute name="NAME" valueType="java.lang.String" create="true">Введено</attribute>
		<attribute name="TYPEID" valueType="java.lang.Long"  create="true" search="true" entityID="5677528726261106000"/>
		<attribute name="PROJECTID" valueType="java.lang.Long"  create="true" search="true" entityID="873229261530859400"/>
	</entity>
	
	<entity name="FRNT_SMTRANS" id="7863171446993674000" createMethod="smTransitionCreate" getMethod="smTransitionGetListByParams" createKeyParam="TRANSITIONID"  isExtService="true" getKeyParam="TRANSITIONID" service="frontws2">
		<attribute name="SYSNAME" valueType="java.lang.String" create="true" search="true">checksNotCompleted</attribute>
		<attribute name="NAME" valueType="java.lang.String" create="true" >Проверки не пройдены</attribute>
		<attribute name="PAGEFLOWNAME" valueType="java.lang.String" create="true" ></attribute>
		<attribute name="TRANSORDER" valueType="java.lang.Integer" create="true" >0</attribute>
		<attribute name="EVENTFLAG" valueType="java.lang.Integer" create="true" >0</attribute>
		<attribute name="FROMSTATEID" valueType="java.lang.Long"  create="true" search="true" entityID="1261645115178614000"/>
		<attribute name="TOSTATEID" valueType="java.lang.Long"  create="true" search="true" entityID="7157033485901098000"/>
		<attribute name="TYPEID" valueType="java.lang.Long"  create="true" search="true" entityID="5677528726261106000"/>
	</entity>
	
	
	
	<entity name="DMS_ROUTING" id="3100" createMethod="routingCreate" getMethod="routingGetListByParams" createKeyParam="ROUTINGID" getKeyParam="ROUTINGID" service="dmsws" >
		<attribute name="POINTID" valueType="java.lang.Long" create="true" search="true" entityID="10"/>
		<attribute name="TRANSITIONID" valueType="java.lang.Long" create="true" search="true" entityID="7863171446993674000"/>
		<attribute name="RULELINK" valueType="java.lang.String" create="true" search="true">ruleAMLCheckTerror</attribute>
		<attribute name="RULEPRIORITY" valueType="java.lang.Integer" create="true" search="true">1</attribute>
		<attribute name="DESCRIPTION" valueType="java.lang.String" create="true"></attribute>
	</entity>
	
	<entity name="DMS_ROUTING" id="3101" createMethod="routingCreate" getMethod="routingGetListByParams" createKeyParam="ROUTINGID" getKeyParam="ROUTINGID" service="dmsws" >
		<attribute name="POINTID" valueType="java.lang.Long" create="true" search="true" entityID="11"/>
		<attribute name="TRANSITIONID" valueType="java.lang.Long" create="true" search="true" entityID="7863171446993674000"/>
		<attribute name="RULELINK" valueType="java.lang.String" create="true" search="true">ruleAMLCheckTerror</attribute>
		<attribute name="RULEPRIORITY" valueType="java.lang.Integer" create="true" search="true">1</attribute>
		<attribute name="DESCRIPTION" valueType="java.lang.String" create="true"></attribute>
	</entity>
	
	<entity name="DMS_ROUTING" id="3102" createMethod="routingCreate" getMethod="routingGetListByParams" createKeyParam="ROUTINGID" getKeyParam="ROUTINGID" service="dmsws" >
		<attribute name="POINTID" valueType="java.lang.Long" create="true" search="true" entityID="12"/>
		<attribute name="TRANSITIONID" valueType="java.lang.Long" create="true" search="true" entityID="7863171446993674000"/>
		<attribute name="RULELINK" valueType="java.lang.String" create="true" search="true">ruleAMLCheckTerror</attribute>
		<attribute name="RULEPRIORITY" valueType="java.lang.Integer" create="true" search="true">1</attribute>
		<attribute name="DESCRIPTION" valueType="java.lang.String" create="true"></attribute>
	</entity>
	
	<entity name="DMS_ROUTING" id="3103" createMethod="routingCreate" getMethod="routingGetListByParams" createKeyParam="ROUTINGID" getKeyParam="ROUTINGID" service="dmsws" >
		<attribute name="POINTID" valueType="java.lang.Long" create="true" search="true" entityID="13"/>
		<attribute name="TRANSITIONID" valueType="java.lang.Long" create="true" search="true" entityID="7863171446993674000"/>
		<attribute name="RULELINK" valueType="java.lang.String" create="true" search="true">ruleAMLCheckTerror</attribute>
		<attribute name="RULEPRIORITY" valueType="java.lang.Integer" create="true" search="true">1</attribute>
		<attribute name="DESCRIPTION" valueType="java.lang.String" create="true"></attribute>
	</entity>
	
	<entity name="DMS_ROUTING" id="3104" createMethod="routingCreate" getMethod="routingGetListByParams" createKeyParam="ROUTINGID" getKeyParam="ROUTINGID" service="dmsws" >
		<attribute name="POINTID" valueType="java.lang.Long" create="true" search="true" entityID="14"/>
		<attribute name="TRANSITIONID" valueType="java.lang.Long" create="true" search="true" entityID="7863171446993674000"/>
		<attribute name="RULELINK" valueType="java.lang.String" create="true" search="true">ruleLimitDeny</attribute>
		<attribute name="RULEPRIORITY" valueType="java.lang.Integer" create="true" search="true">1</attribute>
		<attribute name="DESCRIPTION" valueType="java.lang.String" create="true"></attribute>
	</entity>
	<entity name="DMS_ROUTING" id="3105" createMethod="routingCreate" getMethod="routingGetListByParams" createKeyParam="ROUTINGID" getKeyParam="ROUTINGID" service="dmsws" >
		<attribute name="POINTID" valueType="java.lang.Long" create="true" search="true" entityID="14"/>
		<attribute name="TRANSITIONID" valueType="java.lang.Long" create="true" search="true" entityID="8322821363819279000"/>
		<attribute name="RULELINK" valueType="java.lang.String" create="true" search="true">ruleLimitAccept</attribute>
		<attribute name="RULEPRIORITY" valueType="java.lang.Integer" create="true" search="true">2</attribute>
		<attribute name="DESCRIPTION" valueType="java.lang.String" create="true"></attribute>
	</entity>
</root>