<?xml version="1.0" encoding="UTF-8"?>
<root>

	<entity name="CORE_PROJECT" id="2"  createMethod="" getMethod="admProjectBySysname" additionalProcessMethod="admProjectBySysname" processKeyParam="PROJECTID" createKeyParam="PROJECTID" getKeyParam="PROJECTID" service="adminws">
		<attribute name="PROJECTSYSNAME" valueType="java.lang.String" create="true" search="true">FTDSMVC</attribute>
		</entity>
		
	<entity name="DMS_OBJECTTYPE" id="9" createMethod="" getMethod="dmsObjectTypeGetListByParams" createKeyParam="OBJECTTYPEID" getKeyParam="OBJECTTYPEID" service="dmsws" isIntService="true">
		<attribute name="OBJECTTYPEID" valueType="java.lang.Long" create="true" search="true">1103</attribute>
		<attribute name="SYSNAME" valueType="java.lang.String" create="true" search="true">autoLoanAppINT</attribute>
	</entity>				

	<entity name="DMS_OBJECTTYPE" id="10" createMethod="" getMethod="dmsObjectTypeGetListByParams" createKeyParam="OBJECTTYPEID" getKeyParam="OBJECTTYPEID" service="dmsws" isIntService="true">
		<attribute name="OBJECTTYPEID" valueType="java.lang.Long" create="true" search="true">1107</attribute>
		<attribute name="SYSNAME" valueType="java.lang.String" create="true" search="true">issueCardAppINT</attribute>
	</entity>	
	
	<!-- User roles --> 
	<entity name="CORE_USERROLE" id="28" createMethod="" getMethod="admUserRoleBySysname" createKeyParam="ROLEID" getKeyParam="ROLEID" service="adminws">
        <attribute name="ROLESYSNAME" valueType="java.lang.String" create="true" search="true">LOSUnderwriterManager</attribute>
        <attribute name="LOCALE" valueType="java.lang.String">en</attribute>
    </entity>
	
    <entity name="CORE_USERROLE" id="33" createMethod="" getMethod="admUserRoleBySysname" createKeyParam="ROLEID" getKeyParam="ROLEID" service="adminws">
        <attribute name="ROLESYSNAME" valueType="java.lang.String" create="true" search="true">LOSApproverHO</attribute>
        <attribute name="LOCALE" valueType="java.lang.String">en</attribute>
    </entity>
	
	<!--Этапы машина состояний -->
	<entity name="FRNT_SMSTATE" id="2019" createMethod="" getMethod="smStateGetListByParams" createKeyParam="STATEID" getKeyParam="STATEID" service="frontws2" isExtService="true">
		<attribute name="SYSNAME" valueType="java.lang.String" create="true" search="true">LOSMakeDecisionApproverHO</attribute>
		<attribute name="NAME" valueType="java.lang.String" create="true">Make Decision</attribute>
		<attribute name="TYPEID" valueType="java.lang.Long"  create="true" search="true" entityID="9"/>	
		<attribute name="ProjectID" valueType="java.lang.Long" entityID="2" search="true"/>	
	</entity>
	
	<entity name="FRNT_SMSTATE" id="2020" createMethod="" getMethod="smStateGetListByParams" createKeyParam="STATEID" getKeyParam="STATEID" service="frontws2" isExtService="true">
		<attribute name="SYSNAME" valueType="java.lang.String" create="true" search="true">LOSMakeDecisionApproverHO</attribute>
		<attribute name="NAME" valueType="java.lang.String" create="true">Make Decision</attribute>
		<attribute name="TYPEID" valueType="java.lang.Long"  create="true" search="true" entityID="10"/>	
		<attribute name="ProjectID" valueType="java.lang.Long" entityID="2" search="true"/>	
	</entity>

	<!-- Этапы принятия решения -->
	<entity name="DMS_DECISIONSTAGE" id="3013" createMethod="" updateMethod="decisionStageModify" getMethod="decisionStageGetListByParams" createKeyParam="DECISIONSTAGEID" getKeyParam="DECISIONSTAGEID" service="dmsws" isIntService="true">
		<attribute name="STAGESYSNAME" valueType="java.lang.String" search="true">LOSMakeDecisionApproverHO</attribute>
		<attribute name="AUTHORIZEDID" valueType="java.lang.Long" create="false" search="true" entityID="28"/>
		<attribute name="AUTHORIZEDID" valueType="java.lang.Long" create="true" search="false" entityID="33"/>
	</entity>
</root>