<?xml version="1.0" encoding="UTF-8"?>
<root>

	<entity name="CORE_PROJECT" id="2"  createMethod="" getMethod="admProjectBySysname" additionalProcessMethod="admProjectBySysname" processKeyParam="PROJECTID" createKeyParam="PROJECTID" getKeyParam="PROJECTID" service="adminws">
		<attribute name="PROJECTSYSNAME" valueType="java.lang.String" create="true" search="true">FTDSMVC</attribute>
		</entity>
		
	<entity name="DMS_OBJECTTYPE" id="9" createMethod="" getMethod="dmsObjectTypeGetListByParams" createKeyParam="OBJECTTYPEID" getKeyParam="OBJECTTYPEID" service="dmsws" isIntService="true">
		<attribute name="OBJECTTYPEID" valueType="java.lang.Long" create="true" search="true">1103</attribute>
		<attribute name="SYSNAME" valueType="java.lang.String" create="true" search="true">autoLoanAppINT</attribute>
	</entity>				

	<entity name="DMS_OBJECTTYPE" id="10" createMethod="" getMethod="dmsObjectTypeGetListByParams" createKeyParam="OBJECTTYPEID" getKeyParam="OBJECTTYPEID" service="dmsws" isIntService="true">
		<attribute name="OBJECTTYPEID" valueType="java.lang.Long" create="true" search="true">1107</attribute>
		<attribute name="SYSNAME" valueType="java.lang.String" create="true" search="true">issueCardAppINT</attribute>
	</entity>	
	
	<!-- User roles --> 
	<entity name="CORE_USERROLE" id="21" createMethod="" getMethod="admUserRoleBySysname" createKeyParam="ROLEID" getKeyParam="ROLEID" service="adminws">
		<attribute name="ROLESYSNAME" valueType="java.lang.String" create="true" search="true">LOSSalesPerson</attribute>
		<attribute name="LOCALE" valueType="java.lang.String">en</attribute>
	</entity>	
	
	<entity name="CORE_USERROLE" id="22"  createMethod="" getMethod="admUserRoleBySysname" createKeyParam="ROLEID" getKeyParam="ROLEID" service="adminws">
        <attribute name="ROLESYSNAME" valueType="java.lang.String" create="true" search="true">LOSSalesPersonAssistant</attribute>
        <attribute name="LOCALE" valueType="java.lang.String">en</attribute>
    </entity>
	
	<entity name="CORE_USERROLE" id="23" createMethod="" getMethod="admUserRoleBySysname" createKeyParam="ROLEID" getKeyParam="ROLEID" service="adminws">
        <attribute name="ROLESYSNAME" valueType="java.lang.String" create="true" search="true">LOSTeamLeaderOfSalesPerson</attribute>
        <attribute name="LOCALE" valueType="java.lang.String">en</attribute>
    </entity>
	
	<entity name="CORE_USERROLE" id="24" createMethod="" getMethod="admUserRoleBySysname" createKeyParam="ROLEID" getKeyParam="ROLEID" service="adminws">
		<attribute name="ROLESYSNAME" valueType="java.lang.String" create="true" search="true">LOSBranchManager</attribute>
		<attribute name="LOCALE" valueType="java.lang.String">en</attribute>
	</entity>
	
	<entity name="CORE_USERROLE" id="25" createMethod="" getMethod="admUserRoleBySysname" createKeyParam="ROLEID" getKeyParam="ROLEID" service="adminws">
		<attribute name="ROLESYSNAME" valueType="java.lang.String" create="true" search="true">LOSRelationshipManager</attribute>
		<attribute name="LOCALE" valueType="java.lang.String">en</attribute>
	</entity>

    <entity name="CORE_USERROLE" id="26" createMethod="" getMethod="admUserRoleBySysname" createKeyParam="ROLEID" getKeyParam="ROLEID" service="adminws">
        <attribute name="ROLESYSNAME" valueType="java.lang.String" create="true" search="true">LOSReappraisalAdmin</attribute>
        <attribute name="LOCALE" valueType="java.lang.String">en</attribute>
    </entity>

    <entity name="CORE_USERROLE" id="27" createMethod="" getMethod="admUserRoleBySysname" createKeyParam="ROLEID" getKeyParam="ROLEID" service="adminws">
        <attribute name="ROLESYSNAME" valueType="java.lang.String" create="true" search="true">LOSUnderwriter</attribute>
        <attribute name="LOCALE" valueType="java.lang.String">en</attribute>
    </entity>

    <entity name="CORE_USERROLE" id="28" createMethod="" getMethod="admUserRoleBySysname" createKeyParam="ROLEID" getKeyParam="ROLEID" service="adminws">
        <attribute name="ROLESYSNAME" valueType="java.lang.String" create="true" search="true">LOSUnderwriterManager</attribute>
        <attribute name="LOCALE" valueType="java.lang.String">en</attribute>
    </entity>

    <entity name="CORE_USERROLE" id="29" createMethod="" getMethod="admUserRoleBySysname" createKeyParam="ROLEID" getKeyParam="ROLEID" service="adminws">
        <attribute name="ROLESYSNAME" valueType="java.lang.String" create="true" search="true">LOSTeamleaderOfUnderwriter</attribute>
        <attribute name="LOCALE" valueType="java.lang.String">en</attribute>
    </entity>

    <entity name="CORE_USERROLE" id="30" createMethod="" getMethod="admUserRoleBySysname" createKeyParam="ROLEID" getKeyParam="ROLEID" service="adminws">
        <attribute name="ROLESYSNAME" valueType="java.lang.String" create="true" search="true">LOSFieldCheckInspector</attribute>
        <attribute name="LOCALE" valueType="java.lang.String">en</attribute>
    </entity>
	
	<entity name="CORE_USERROLE" id="31" createMethod="" getMethod="admUserRoleBySysname" createKeyParam="ROLEID" getKeyParam="ROLEID" service="adminws">
        <attribute name="ROLESYSNAME" valueType="java.lang.String" create="true" search="true">LOSFieldCheckInspector</attribute>
        <attribute name="LOCALE" valueType="java.lang.String">en</attribute>
    </entity>

    <entity name="CORE_USERROLE" id="32" createMethod="" getMethod="admUserRoleBySysname" createKeyParam="ROLEID" getKeyParam="ROLEID" service="adminws">
        <attribute name="ROLESYSNAME" valueType="java.lang.String" create="true" search="true">LOSApproverHO</attribute>
        <attribute name="LOCALE" valueType="java.lang.String">en</attribute>
    </entity>
	
    <entity name="CORE_USERROLE" id="33" createMethod="" getMethod="admUserRoleBySysname" createKeyParam="ROLEID" getKeyParam="ROLEID" service="adminws">
        <attribute name="ROLESYSNAME" valueType="java.lang.String" create="true" search="true">LOSCreditAdminBranch</attribute>
        <attribute name="LOCALE" valueType="java.lang.String">en</attribute>
    </entity>

    <entity name="CORE_USERROLE" id="34" createMethod="" getMethod="admUserRoleBySysname" createKeyParam="ROLEID" getKeyParam="ROLEID" service="adminws">
        <attribute name="ROLESYSNAME" valueType="java.lang.String" create="true" search="true">LOSCreditAdminHeadOffice</attribute>
        <attribute name="LOCALE" valueType="java.lang.String">en</attribute>
    </entity>

    <entity name="CORE_USERROLE" id="35" createMethod="" getMethod="admUserRoleBySysname" createKeyParam="ROLEID" getKeyParam="ROLEID" service="adminws">
        <attribute name="ROLESYSNAME" valueType="java.lang.String" create="true" search="true">LOSCADocumetPrep</attribute>
        <attribute name="LOCALE" valueType="java.lang.String">en</attribute>
    </entity>

    <entity name="CORE_USERROLE" id="36" createMethod="" getMethod="admUserRoleBySysname" createKeyParam="ROLEID" getKeyParam="ROLEID" service="adminws">
        <attribute name="ROLESYSNAME" valueType="java.lang.String" create="true" search="true">LOSCADocumentChecker</attribute>
        <attribute name="LOCALE" valueType="java.lang.String">en</attribute>
    </entity>
	
	<entity name="CORE_USERROLE" id="37" createMethod="" getMethod="admUserRoleBySysname" createKeyParam="ROLEID" getKeyParam="ROLEID" service="adminws">
        <attribute name="ROLESYSNAME" valueType="java.lang.String" create="true" search="true">LOSDocumentsCollector</attribute>
        <attribute name="LOCALE" valueType="java.lang.String">en</attribute>
    </entity>
	
	<!--Этапы машина состояний -->
	<entity name="FRNT_SMSTATE" id="2001" createMethod="" getMethod="smStateGetListByParams" createKeyParam="STATEID" getKeyParam="STATEID" service="frontws2" isExtService="true">
		<attribute name="SYSNAME" valueType="java.lang.String" create="true" search="true">LOSDataInputControl</attribute>
		<attribute name="NAME" valueType="java.lang.String" create="true">Data Input Control</attribute>
		<attribute name="TYPEID" valueType="java.lang.Long"  create="true" search="true" entityID="9"/>	
        <attribute name="ProjectID" valueType="java.lang.Long" entityID="2" search="true"/>	
	</entity>
	
	<entity name="FRNT_SMSTATE" id="2002" createMethod="" getMethod="smStateGetListByParams" createKeyParam="STATEID" getKeyParam="STATEID" service="frontws2" isExtService="true">
		<attribute name="SYSNAME" valueType="java.lang.String" create="true" search="true">LOSDataInputControl</attribute>
		<attribute name="NAME" valueType="java.lang.String" create="true">Data Input Control</attribute>
		<attribute name="TYPEID" valueType="java.lang.Long"  create="true" search="true" entityID="10"/>		
        <attribute name="ProjectID" valueType="java.lang.Long" entityID="2" search="true"/>	
	</entity>
	
	<entity name="FRNT_SMSTATE" id="2003" createMethod="" getMethod="smStateGetListByParams" createKeyParam="STATEID" getKeyParam="STATEID" service="frontws2" isExtService="true">
		<attribute name="SYSNAME" valueType="java.lang.String" create="true" search="true">LOSMakeRecommendations</attribute>
		<attribute name="NAME" valueType="java.lang.String" create="true">Make Recommendations</attribute>
		<attribute name="TYPEID" valueType="java.lang.Long"  create="true" search="true" entityID="9"/>		
        <attribute name="ProjectID" valueType="java.lang.Long" entityID="2" search="true"/>	
	</entity>
	
	<entity name="FRNT_SMSTATE" id="2004" createMethod="" getMethod="smStateGetListByParams" createKeyParam="STATEID" getKeyParam="STATEID" service="frontws2" isExtService="true">
		<attribute name="SYSNAME" valueType="java.lang.String" create="true" search="true">LOSMakeRecommendations</attribute>
		<attribute name="NAME" valueType="java.lang.String" create="true">Make Recommendations</attribute>
		<attribute name="TYPEID" valueType="java.lang.Long"  create="true" search="true" entityID="10"/>		
        <attribute name="ProjectID" valueType="java.lang.Long" entityID="2" search="true"/>	
	</entity>
	
	<entity name="FRNT_SMSTATE" id="2005" createMethod="" getMethod="smStateGetListByParams" createKeyParam="STATEID" getKeyParam="STATEID" service="frontws2" isExtService="true">
		<attribute name="SYSNAME" valueType="java.lang.String" create="true" search="true">LOSDocsCheck</attribute>
		<attribute name="NAME" valueType="java.lang.String" create="true">Document Check</attribute>
		<attribute name="TYPEID" valueType="java.lang.Long"  create="true" search="true" entityID="9"/>
        <attribute name="ProjectID" valueType="java.lang.Long" entityID="2" search="true"/>	
	</entity>
	
	<entity name="FRNT_SMSTATE" id="2006" createMethod="" getMethod="smStateGetListByParams" createKeyParam="STATEID" getKeyParam="STATEID" service="frontws2" isExtService="true">
		<attribute name="SYSNAME" valueType="java.lang.String" create="true" search="true">LOSDocsCheck</attribute>
		<attribute name="NAME" valueType="java.lang.String" create="true">Document Check</attribute>
		<attribute name="TYPEID" valueType="java.lang.Long"  create="true" search="true" entityID="10"/>
        <attribute name="ProjectID" valueType="java.lang.Long" entityID="2" search="true"/>	
	</entity>
	
	<entity name="FRNT_SMSTATE" id="2007" createMethod="" getMethod="smStateGetListByParams" createKeyParam="STATEID" getKeyParam="STATEID" service="frontws2" isExtService="true">
		<attribute name="SYSNAME" valueType="java.lang.String" create="true" search="true">LOSAutoCheckVerification</attribute>
		<attribute name="NAME" valueType="java.lang.String" create="true">Automatic Check Verification</attribute>
		<attribute name="TYPEID" valueType="java.lang.Long"  create="true" search="true" entityID="9"/>	
		<attribute name="ProjectID" valueType="java.lang.Long" entityID="2" search="true"/>	
	</entity>
	
	<entity name="FRNT_SMSTATE" id="2008" createMethod="" getMethod="smStateGetListByParams" createKeyParam="STATEID" getKeyParam="STATEID" service="frontws2" isExtService="true">
		<attribute name="SYSNAME" valueType="java.lang.String" create="true" search="true">LOSAutoCheckVerification</attribute>
		<attribute name="NAME" valueType="java.lang.String" create="true">Automatic Check Verification</attribute>
		<attribute name="TYPEID" valueType="java.lang.Long"  create="true" search="true" entityID="10"/>	
		<attribute name="ProjectID" valueType="java.lang.Long" entityID="2" search="true"/>	
	</entity>
	
	<entity name="FRNT_SMSTATE" id="2009" createMethod="" getMethod="smStateGetListByParams" createKeyParam="STATEID" getKeyParam="STATEID" service="frontws2" isExtService="true">
		<attribute name="SYSNAME" valueType="java.lang.String" create="true" search="true">LOSReviewUnderwriterManager</attribute>
		<attribute name="NAME" valueType="java.lang.String" create="true">Review by Underwriter Manager</attribute>
		<attribute name="TYPEID" valueType="java.lang.Long"  create="true" search="true" entityID="9"/>	
		<attribute name="ProjectID" valueType="java.lang.Long" entityID="2" search="true"/>	
	</entity>
	
	<entity name="FRNT_SMSTATE" id="2010" createMethod="" getMethod="smStateGetListByParams" createKeyParam="STATEID" getKeyParam="STATEID" service="frontws2" isExtService="true">
		<attribute name="SYSNAME" valueType="java.lang.String" create="true" search="true">LOSReviewUnderwriterManager</attribute>
		<attribute name="NAME" valueType="java.lang.String" create="true">Review by Underwriter Manager</attribute>
		<attribute name="TYPEID" valueType="java.lang.Long"  create="true" search="true" entityID="10"/>	
		<attribute name="ProjectID" valueType="java.lang.Long" entityID="2" search="true"/>	
	</entity>
	
	<entity name="FRNT_SMSTATE" id="2011" createMethod="" getMethod="smStateGetListByParams" createKeyParam="STATEID" getKeyParam="STATEID" service="frontws2" isExtService="true">
		<attribute name="SYSNAME" valueType="java.lang.String" create="true" search="true">LOSReviewUnderwriterTL</attribute>
		<attribute name="NAME" valueType="java.lang.String" create="true">Review by Team-leader of Underwriter</attribute>
		<attribute name="TYPEID" valueType="java.lang.Long"  create="true" search="true" entityID="9"/>	
		<attribute name="ProjectID" valueType="java.lang.Long" entityID="2" search="true"/>	
	</entity>
	
	<entity name="FRNT_SMSTATE" id="2012" createMethod="" getMethod="smStateGetListByParams" createKeyParam="STATEID" getKeyParam="STATEID" service="frontws2" isExtService="true">
		<attribute name="SYSNAME" valueType="java.lang.String" create="true" search="true">LOSReviewUnderwriterTL</attribute>
		<attribute name="NAME" valueType="java.lang.String" create="true">Review by Team-leader of Underwriter</attribute>
		<attribute name="TYPEID" valueType="java.lang.Long"  create="true" search="true" entityID="10"/>	
		<attribute name="ProjectID" valueType="java.lang.Long" entityID="2" search="true"/>	
	</entity>

	<entity name="FRNT_SMSTATE" id="2013" createMethod="" getMethod="smStateGetListByParams" createKeyParam="STATEID" getKeyParam="STATEID" service="frontws2" isExtService="true">
		<attribute name="SYSNAME" valueType="java.lang.String" create="true" search="true">LOSMMPreparation</attribute>
		<attribute name="NAME" valueType="java.lang.String" create="true">Meeting Minutes Preparation</attribute>
		<attribute name="TYPEID" valueType="java.lang.Long"  create="true" search="true" entityID="9"/>	
		<attribute name="ProjectID" valueType="java.lang.Long" entityID="2" search="true"/>	
	</entity>
	
	<entity name="FRNT_SMSTATE" id="2014" createMethod="" getMethod="smStateGetListByParams" createKeyParam="STATEID" getKeyParam="STATEID" service="frontws2" isExtService="true">
		<attribute name="SYSNAME" valueType="java.lang.String" create="true" search="true">LOSMMPreparation</attribute>
		<attribute name="NAME" valueType="java.lang.String" create="true">Meeting Minutes Preparation</attribute>
		<attribute name="TYPEID" valueType="java.lang.Long"  create="true" search="true" entityID="10"/>	
		<attribute name="ProjectID" valueType="java.lang.Long" entityID="2" search="true"/>	
	</entity>
	
	<entity name="FRNT_SMSTATE" id="2015" createMethod="" getMethod="smStateGetListByParams" createKeyParam="STATEID" getKeyParam="STATEID" service="frontws2" isExtService="true">
		<attribute name="SYSNAME" valueType="java.lang.String" create="true" search="true">LOSMMControl</attribute>
		<attribute name="NAME" valueType="java.lang.String" create="true">Meeting Minutes Control</attribute>
		<attribute name="TYPEID" valueType="java.lang.Long"  create="true" search="true" entityID="9"/>	
		<attribute name="ProjectID" valueType="java.lang.Long" entityID="2" search="true"/>	
	</entity>
	
	<entity name="FRNT_SMSTATE" id="2016" createMethod="" getMethod="smStateGetListByParams" createKeyParam="STATEID" getKeyParam="STATEID" service="frontws2" isExtService="true">
		<attribute name="SYSNAME" valueType="java.lang.String" create="true" search="true">LOSMMControl</attribute>
		<attribute name="NAME" valueType="java.lang.String" create="true">Meeting Minutes Control</attribute>
		<attribute name="TYPEID" valueType="java.lang.Long"  create="true" search="true" entityID="10"/>	
		<attribute name="ProjectID" valueType="java.lang.Long" entityID="2" search="true"/>	
	</entity>
	
	<entity name="FRNT_SMSTATE" id="2017" createMethod="" getMethod="smStateGetListByParams" createKeyParam="STATEID" getKeyParam="STATEID" service="frontws2" isExtService="true">
		<attribute name="SYSNAME" valueType="java.lang.String" create="true" search="true">LOSMakeDecisionApproverBranch</attribute>
		<attribute name="NAME" valueType="java.lang.String" create="true">Make Decision by Branch Manager</attribute>
		<attribute name="TYPEID" valueType="java.lang.Long"  create="true" search="true" entityID="9"/>	
		<attribute name="ProjectID" valueType="java.lang.Long" entityID="2" search="true"/>	
	</entity>
	
	<entity name="FRNT_SMSTATE" id="2018" createMethod="" getMethod="smStateGetListByParams" createKeyParam="STATEID" getKeyParam="STATEID" service="frontws2" isExtService="true">
		<attribute name="SYSNAME" valueType="java.lang.String" create="true" search="true">LOSMakeDecisionBM</attribute>
		<attribute name="NAME" valueType="java.lang.String" create="true">Make Decision by Branch Manager</attribute>
		<attribute name="TYPEID" valueType="java.lang.Long"  create="true" search="true" entityID="10"/>	
		<attribute name="ProjectID" valueType="java.lang.Long" entityID="2" search="true"/>	
	</entity>
	
	<entity name="FRNT_SMSTATE" id="2019" createMethod="" getMethod="smStateGetListByParams" createKeyParam="STATEID" getKeyParam="STATEID" service="frontws2" isExtService="true">
		<attribute name="SYSNAME" valueType="java.lang.String" create="true" search="true">LOSMakeDecisionApproverHO</attribute>
		<attribute name="NAME" valueType="java.lang.String" create="true">Make Decision</attribute>
		<attribute name="TYPEID" valueType="java.lang.Long"  create="true" search="true" entityID="9"/>	
		<attribute name="ProjectID" valueType="java.lang.Long" entityID="2" search="true"/>	
	</entity>
	
	<entity name="FRNT_SMSTATE" id="2020" createMethod="" getMethod="smStateGetListByParams" createKeyParam="STATEID" getKeyParam="STATEID" service="frontws2" isExtService="true">
		<attribute name="SYSNAME" valueType="java.lang.String" create="true" search="true">LOSMakeDecisionApproverHO</attribute>
		<attribute name="NAME" valueType="java.lang.String" create="true">Make Decision</attribute>
		<attribute name="TYPEID" valueType="java.lang.Long"  create="true" search="true" entityID="10"/>	
		<attribute name="ProjectID" valueType="java.lang.Long" entityID="2" search="true"/>	
	</entity>
	
	<entity name="FRNT_SMSTATE" id="2021" createMethod="" getMethod="smStateGetListByParams" createKeyParam="STATEID" getKeyParam="STATEID" service="frontws2" isExtService="true">
		<attribute name="SYSNAME" valueType="java.lang.String" create="true" search="true">LOSApprovalResultNotif</attribute>
		<attribute name="NAME" valueType="java.lang.String" create="true">Approval Result Notification</attribute>
		<attribute name="TYPEID" valueType="java.lang.Long"  create="true" search="true" entityID="9"/>	
		<attribute name="ProjectID" valueType="java.lang.Long" entityID="2" search="true"/>	
	</entity>
	
	<entity name="FRNT_SMSTATE" id="2022" createMethod="" getMethod="smStateGetListByParams" createKeyParam="STATEID" getKeyParam="STATEID" service="frontws2" isExtService="true">
		<attribute name="SYSNAME" valueType="java.lang.String" create="true" search="true">LOSApprovalResultNotif</attribute>
		<attribute name="NAME" valueType="java.lang.String" create="true">Approval Result Notification</attribute>
		<attribute name="TYPEID" valueType="java.lang.Long"  create="true" search="true" entityID="10"/>	
		<attribute name="ProjectID" valueType="java.lang.Long" entityID="2" search="true"/>	
	</entity>
	
	<entity name="FRNT_SMSTATE" id="2023" createMethod="" getMethod="smStateGetListByParams" createKeyParam="STATEID" getKeyParam="STATEID" service="frontws2" isExtService="true">
		<attribute name="SYSNAME" valueType="java.lang.String" create="true" search="true">LOSEscalationApproval</attribute>
		<attribute name="NAME" valueType="java.lang.String" create="true">Escalation Approval</attribute>
		<attribute name="TYPEID" valueType="java.lang.Long"  create="true" search="true" entityID="9"/>	
		<attribute name="ProjectID" valueType="java.lang.Long" entityID="2" search="true"/>	
	</entity>
	
	<entity name="FRNT_SMSTATE" id="2024" createMethod="" getMethod="smStateGetListByParams" createKeyParam="STATEID" getKeyParam="STATEID" service="frontws2" isExtService="true">
		<attribute name="SYSNAME" valueType="java.lang.String" create="true" search="true">LOSEscalationApproval</attribute>
		<attribute name="NAME" valueType="java.lang.String" create="true">Escalation Approval</attribute>
		<attribute name="TYPEID" valueType="java.lang.Long"  create="true" search="true" entityID="10"/>	
		<attribute name="ProjectID" valueType="java.lang.Long" entityID="2" search="true"/>	
	</entity>
	
	<!-- Этапы принятия решения -->
	<entity name="DMS_DECISIONSTAGE" id="3001" createMethod="" updateMethod="decisionStageModify" getMethod="decisionStageGetListByParams" createKeyParam="DECISIONSTAGEID" getKeyParam="DECISIONSTAGEID" service="dmsws" isIntService="true">
		<attribute name="STAGESYSNAME" valueType="java.lang.String" create="true" search="true">LOSDataInputControl</attribute>
		<attribute name="STAGENAME" valueType="java.lang.String" create="true">Data Input Control</attribute>
		<attribute name="DECISIONTERM" valueType="java.lang.Long" create="true">0</attribute>
		<attribute name="AUTHORIZEDTYPE" valueType="java.lang.Integer" create="true">2</attribute>
		<attribute name="AUTHORIZEDID" valueType="java.lang.Long" create="true" entityID="23"/>
		<attribute name="VALUELIST" valueType="java.util.Map" create="true" replaceID="9,10,2001,2002"><![CDATA[<?xml version="1.0" encoding="UTF-8"?><content version="1.0"><param name="OBJECTSTATELINKLIST" valueClass="java.util.ArrayList"><param name="" valueClass="ru.diasoft.utils.DefaultedHashMap"><param name="OBJECTTYPEID" value="$entityID9$" valueClass="java.lang.Long"/><param name="STATEID" value="$entityID2001$" valueClass="java.lang.Long"/></param><param name="" valueClass="ru.diasoft.utils.DefaultedHashMap"><param name="OBJECTTYPEID" value="$entityID10$" valueClass="java.lang.Long"/><param name="STATEID" value="$entityID2002$" valueClass="java.lang.Long"/></param></param></content>]]></attribute>
		<attribute name="MapToExpand" valueType="java.lang.String" create="true">VALUELIST</attribute>
		<attribute name="PAGEFLOWNAME" valueType="java.lang.String" create="true">[FTDSMVC]FORMLIB/dataInputControl/dataInputControl</attribute>
		<attribute name="DESCRIPTION" valueType="java.lang.String" create="true"></attribute>
	</entity>

	<entity name="DMS_DECISIONSTAGE" id="3003" createMethod="" updateMethod="decisionStageModify" getMethod="decisionStageGetListByParams" createKeyParam="DECISIONSTAGEID" getKeyParam="DECISIONSTAGEID" service="dmsws" isIntService="true">
		<attribute name="STAGESYSNAME" valueType="java.lang.String" create="true" search="true">LOSMakeRecommendations</attribute>
		<attribute name="STAGENAME" valueType="java.lang.String" create="true">Make Recommendations</attribute>
		<attribute name="DECISIONTERM" valueType="java.lang.Long" create="true">0</attribute>
		<attribute name="AUTHORIZEDTYPE" valueType="java.lang.Integer" create="true">2</attribute>
		<attribute name="AUTHORIZEDID" valueType="java.lang.Long" create="true" entityID="27"/>
		<attribute name="VALUELIST" valueType="java.util.Map" create="true" replaceID="9,10,2003,2004"><![CDATA[<?xml version="1.0" encoding="UTF-8"?><content version="1.0"><param name="OBJECTSTATELINKLIST" valueClass="java.util.ArrayList"><param name="" valueClass="ru.diasoft.utils.DefaultedHashMap"><param name="OBJECTTYPEID" value="$entityID9$" valueClass="java.lang.Long"/><param name="STATEID" value="$entityID2003$" valueClass="java.lang.Long"/></param><param name="" valueClass="ru.diasoft.utils.DefaultedHashMap"><param name="OBJECTTYPEID" value="$entityID10$" valueClass="java.lang.Long"/><param name="STATEID" value="$entityID2004$" valueClass="java.lang.Long"/></param></param></content>]]></attribute>
		<attribute name="MapToExpand" valueType="java.lang.String" create="true">VALUELIST</attribute>
		<attribute name="PAGEFLOWNAME" valueType="java.lang.String" create="true">[FTDSMVC]COMMON\decisionMaking\decisionMakingRecommendations</attribute>
		<attribute name="DESCRIPTION" valueType="java.lang.String" create="true"></attribute>
	</entity>
	
	
	<entity name="DMS_DECISIONSTAGE" id="3005" createMethod="" updateMethod="decisionStageModify" getMethod="decisionStageGetListByParams" createKeyParam="DECISIONSTAGEID" getKeyParam="DECISIONSTAGEID" service="dmsws" isIntService="true">
		<attribute name="STAGESYSNAME" valueType="java.lang.String" create="true" search="true">LOSDocsCheck</attribute>
		<attribute name="STAGENAME" valueType="java.lang.String" create="true">Document Check</attribute>
		<attribute name="DECISIONTERM" valueType="java.lang.Long" create="true">0</attribute>
		<attribute name="AUTHORIZEDTYPE" valueType="java.lang.Integer" create="true">2</attribute>
		<attribute name="AUTHORIZEDID" valueType="java.lang.Long" create="true" entityID="26"/>
		<attribute name="VALUELIST" valueType="java.util.Map" create="true" replaceID="9,10,2005,2006"><![CDATA[<?xml version="1.0" encoding="UTF-8"?><content version="1.0"><param name="OBJECTSTATELINKLIST" valueClass="java.util.ArrayList"><param name="" valueClass="ru.diasoft.utils.DefaultedHashMap"><param name="OBJECTTYPEID" value="$entityID9$" valueClass="java.lang.Long"/><param name="STATEID" value="$entityID2005$" valueClass="java.lang.Long"/></param><param name="" valueClass="ru.diasoft.utils.DefaultedHashMap"><param name="OBJECTTYPEID" value="$entityID10$" valueClass="java.lang.Long"/><param name="STATEID" value="$entityID2006$" valueClass="java.lang.Long"/></param></param></content>]]></attribute>
		<attribute name="MapToExpand" valueType="java.lang.String" create="true">VALUELIST</attribute>
		<attribute name="PAGEFLOWNAME" valueType="java.lang.String" create="true">[FTDSMVC]COMMON\decisionMaking\decisionMakingDocumentCheckINT</attribute>
		<attribute name="DESCRIPTION" valueType="java.lang.String" create="true"></attribute>
	</entity>
	
	
	<entity name="DMS_DECISIONSTAGE" id="3007" createMethod="" updateMethod="decisionStageModify" getMethod="decisionStageGetListByParams" createKeyParam="DECISIONSTAGEID" getKeyParam="DECISIONSTAGEID" service="dmsws" isIntService="true">
		<attribute name="STAGESYSNAME" valueType="java.lang.String" create="true" search="true">LOSAutoCheckVerification</attribute>
		<attribute name="STAGENAME" valueType="java.lang.String" create="true">Automatic Check Verification</attribute>
		<attribute name="DECISIONTERM" valueType="java.lang.Long" create="true">0</attribute>
		<attribute name="AUTHORIZEDTYPE" valueType="java.lang.Integer" create="true">2</attribute>		
		<attribute name="VALUELIST" valueType="java.util.Map" create="true" replaceID="9,10,2007,2008"><![CDATA[<?xml version="1.0" encoding="UTF-8"?><content version="1.0"><param name="OBJECTSTATELINKLIST" valueClass="java.util.ArrayList"><param name="" valueClass="ru.diasoft.utils.DefaultedHashMap"><param name="OBJECTTYPEID" value="$entityID9$" valueClass="java.lang.Long"/><param name="STATEID" value="$entityID2007$" valueClass="java.lang.Long"/></param><param name="" valueClass="ru.diasoft.utils.DefaultedHashMap"><param name="OBJECTTYPEID" value="$entityID10$" valueClass="java.lang.Long"/><param name="STATEID" value="$entityID2008$" valueClass="java.lang.Long"/></param></param></content>]]></attribute>
		<attribute name="MapToExpand" valueType="java.lang.String" create="true">VALUELIST</attribute>
		<attribute name="AUTHORIZEDID" valueType="java.lang.Long" create="true" entityID="21"/>
		<attribute name="PAGEFLOWNAME" valueType="java.lang.String" create="true">[FTDSMVC]FORMLIB/autoChecksVerification/autoChecksVerification</attribute>
		<attribute name="DESCRIPTION" valueType="java.lang.String" create="true"></attribute>
	</entity>
	
	<entity name="DMS_DECISIONSTAGE" id="3008" createMethod="" updateMethod="decisionStageModify" getMethod="decisionStageGetListByParams" createKeyParam="DECISIONSTAGEID" getKeyParam="DECISIONSTAGEID" service="dmsws" isIntService="true">
		<attribute name="STAGESYSNAME" valueType="java.lang.String" create="true" search="true">LOSReviewUnderwriterManager</attribute>
		<attribute name="STAGENAME" valueType="java.lang.String" create="true">Review by Underwriter Manager</attribute>
		<attribute name="DECISIONTERM" valueType="java.lang.Long" create="true">0</attribute>
		<attribute name="AUTHORIZEDTYPE" valueType="java.lang.Integer" create="true">2</attribute>		
		<attribute name="VALUELIST" valueType="java.util.Map" create="true" replaceID="9,10,2009,2010"><![CDATA[<?xml version="1.0" encoding="UTF-8"?><content version="1.0"><param name="OBJECTSTATELINKLIST" valueClass="java.util.ArrayList"><param name="" valueClass="ru.diasoft.utils.DefaultedHashMap"><param name="OBJECTTYPEID" value="$entityID9$" valueClass="java.lang.Long"/><param name="STATEID" value="$entityID2009$" valueClass="java.lang.Long"/></param><param name="" valueClass="ru.diasoft.utils.DefaultedHashMap"><param name="OBJECTTYPEID" value="$entityID10$" valueClass="java.lang.Long"/><param name="STATEID" value="$entityID2010$" valueClass="java.lang.Long"/></param></param></content>]]></attribute>
		<attribute name="MapToExpand" valueType="java.lang.String" create="true">VALUELIST</attribute>
		<attribute name="AUTHORIZEDID" valueType="java.lang.Long" create="true" entityID="28"/>
		<attribute name="PAGEFLOWNAME" valueType="java.lang.String" create="true">[FTDSMVC]COMMON/decisionMaking/decisionControlUnderwriterRecommendations</attribute>
		<attribute name="DESCRIPTION" valueType="java.lang.String" create="true"></attribute>
	</entity>
	
	<entity name="DMS_DECISIONSTAGE" id="3009" createMethod="" updateMethod="decisionStageModify" getMethod="decisionStageGetListByParams" createKeyParam="DECISIONSTAGEID" getKeyParam="DECISIONSTAGEID" service="dmsws" isIntService="true">
		<attribute name="STAGESYSNAME" valueType="java.lang.String" create="true" search="true">LOSReviewUnderwriterTL</attribute>
		<attribute name="STAGENAME" valueType="java.lang.String" create="true">Review by Team-leader of Underwriter</attribute>
		<attribute name="DECISIONTERM" valueType="java.lang.Long" create="true">0</attribute>
		<attribute name="AUTHORIZEDTYPE" valueType="java.lang.Integer" create="true">2</attribute>		
		<attribute name="VALUELIST" valueType="java.util.Map" create="true" replaceID="9,10,2011,2012"><![CDATA[<?xml version="1.0" encoding="UTF-8"?><content version="1.0"><param name="OBJECTSTATELINKLIST" valueClass="java.util.ArrayList"><param name="" valueClass="ru.diasoft.utils.DefaultedHashMap"><param name="OBJECTTYPEID" value="$entityID9$" valueClass="java.lang.Long"/><param name="STATEID" value="$entityID2011$" valueClass="java.lang.Long"/></param><param name="" valueClass="ru.diasoft.utils.DefaultedHashMap"><param name="OBJECTTYPEID" value="$entityID10$" valueClass="java.lang.Long"/><param name="STATEID" value="$entityID2012$" valueClass="java.lang.Long"/></param></param></content>]]></attribute>
		<attribute name="MapToExpand" valueType="java.lang.String" create="true">VALUELIST</attribute>
		<attribute name="AUTHORIZEDID" valueType="java.lang.Long" create="true" entityID="29"/>
		<attribute name="PAGEFLOWNAME" valueType="java.lang.String" create="true">[FTDSMVC]COMMON/decisionMaking/decisionControlUnderwriterRecommendations</attribute>
		<attribute name="DESCRIPTION" valueType="java.lang.String" create="true"></attribute>
	</entity>
	
	<entity name="DMS_DECISIONSTAGE" id="3010" createMethod="" updateMethod="decisionStageModify" getMethod="decisionStageGetListByParams" createKeyParam="DECISIONSTAGEID" getKeyParam="DECISIONSTAGEID" service="dmsws" isIntService="true">
		<attribute name="STAGESYSNAME" valueType="java.lang.String" create="true" search="true">LOSMMPreparation</attribute>
		<attribute name="STAGENAME" valueType="java.lang.String" create="true">Meeting Minutes Preparation</attribute>
		<attribute name="DECISIONTERM" valueType="java.lang.Long" create="true">0</attribute>
		<attribute name="AUTHORIZEDTYPE" valueType="java.lang.Integer" create="true">2</attribute>		
		<attribute name="VALUELIST" valueType="java.util.Map" create="true" replaceID="9,10,2013,2014"><![CDATA[<?xml version="1.0" encoding="UTF-8"?><content version="1.0"><param name="OBJECTSTATELINKLIST" valueClass="java.util.ArrayList"><param name="" valueClass="ru.diasoft.utils.DefaultedHashMap"><param name="OBJECTTYPEID" value="$entityID9$" valueClass="java.lang.Long"/><param name="STATEID" value="$entityID2013$" valueClass="java.lang.Long"/></param><param name="" valueClass="ru.diasoft.utils.DefaultedHashMap"><param name="OBJECTTYPEID" value="$entityID10$" valueClass="java.lang.Long"/><param name="STATEID" value="$entityID2014$" valueClass="java.lang.Long"/></param></param></content>]]></attribute>
		<attribute name="MapToExpand" valueType="java.lang.String" create="true">VALUELIST</attribute>
		<attribute name="AUTHORIZEDID" valueType="java.lang.Long" create="true" entityID="27"/>
		<attribute name="PAGEFLOWNAME" valueType="java.lang.String" create="true">[FTDSMVC]COMMON/decisionMaking/decisionCreditCommittie</attribute>
		<attribute name="DESCRIPTION" valueType="java.lang.String" create="true"></attribute>
	</entity>
	
	<entity name="DMS_DECISIONSTAGE" id="3011" createMethod="" updateMethod="decisionStageModify" getMethod="decisionStageGetListByParams" createKeyParam="DECISIONSTAGEID" getKeyParam="DECISIONSTAGEID" service="dmsws" isIntService="true">
		<attribute name="STAGESYSNAME" valueType="java.lang.String" create="true" search="true">LOSMMControl</attribute>
		<attribute name="STAGENAME" valueType="java.lang.String" create="true">Meeting Minutes Control</attribute>
		<attribute name="DECISIONTERM" valueType="java.lang.Long" create="true">0</attribute>
		<attribute name="AUTHORIZEDTYPE" valueType="java.lang.Integer" create="true">2</attribute>		
		<attribute name="VALUELIST" valueType="java.util.Map" create="true" replaceID="9,10,2015,2016"><![CDATA[<?xml version="1.0" encoding="UTF-8"?><content version="1.0"><param name="OBJECTSTATELINKLIST" valueClass="java.util.ArrayList"><param name="" valueClass="ru.diasoft.utils.DefaultedHashMap"><param name="OBJECTTYPEID" value="$entityID9$" valueClass="java.lang.Long"/><param name="STATEID" value="$entityID2015$" valueClass="java.lang.Long"/></param><param name="" valueClass="ru.diasoft.utils.DefaultedHashMap"><param name="OBJECTTYPEID" value="$entityID10$" valueClass="java.lang.Long"/><param name="STATEID" value="$entityID2016$" valueClass="java.lang.Long"/></param></param></content>]]></attribute>
		<attribute name="MapToExpand" valueType="java.lang.String" create="true">VALUELIST</attribute>
		<attribute name="AUTHORIZEDID" valueType="java.lang.Long" create="true" entityID="28"/>
		<attribute name="PAGEFLOWNAME" valueType="java.lang.String" create="true"></attribute>
		<attribute name="DESCRIPTION" valueType="java.lang.String" create="true"></attribute>
	</entity>
	
	<entity name="DMS_DECISIONSTAGE" id="3012" createMethod="" updateMethod="decisionStageModify" getMethod="decisionStageGetListByParams" createKeyParam="DECISIONSTAGEID" getKeyParam="DECISIONSTAGEID" service="dmsws" isIntService="true">
		<attribute name="STAGESYSNAME" valueType="java.lang.String" create="true" search="true">LOSMakeDecisionBM</attribute>
		<attribute name="STAGENAME" valueType="java.lang.String" create="true">Make Decision by Branch Manager</attribute>
		<attribute name="DECISIONTERM" valueType="java.lang.Long" create="true">0</attribute>
		<attribute name="AUTHORIZEDTYPE" valueType="java.lang.Integer" create="true">2</attribute>		
		<attribute name="VALUELIST" valueType="java.util.Map" create="true" replaceID="9,10,2017,2018"><![CDATA[<?xml version="1.0" encoding="UTF-8"?><content version="1.0"><param name="OBJECTSTATELINKLIST" valueClass="java.util.ArrayList"><param name="" valueClass="ru.diasoft.utils.DefaultedHashMap"><param name="OBJECTTYPEID" value="$entityID9$" valueClass="java.lang.Long"/><param name="STATEID" value="$entityID2017$" valueClass="java.lang.Long"/></param><param name="" valueClass="ru.diasoft.utils.DefaultedHashMap"><param name="OBJECTTYPEID" value="$entityID10$" valueClass="java.lang.Long"/><param name="STATEID" value="$entityID2018$" valueClass="java.lang.Long"/></param></param></content>]]></attribute>
		<attribute name="MapToExpand" valueType="java.lang.String" create="true">VALUELIST</attribute>
		<attribute name="AUTHORIZEDID" valueType="java.lang.Long" create="true" entityID="24"/>
		<attribute name="PAGEFLOWNAME" valueType="java.lang.String" create="true">[FTDSMVC]COMMON\decisionMaking\decisionBranchManager</attribute>
		<attribute name="DESCRIPTION" valueType="java.lang.String" create="true"></attribute>
	</entity>
	
	<entity name="DMS_DECISIONSTAGE" id="3013" createMethod="" updateMethod="decisionStageModify" getMethod="decisionStageGetListByParams" createKeyParam="DECISIONSTAGEID" getKeyParam="DECISIONSTAGEID" service="dmsws" isIntService="true">
		<attribute name="STAGESYSNAME" valueType="java.lang.String" create="true" search="true">LOSMakeDecisionApproverHO</attribute>
		<attribute name="STAGENAME" valueType="java.lang.String" create="true">Make Decision</attribute>
		<attribute name="DECISIONTERM" valueType="java.lang.Long" create="true">0</attribute>
		<attribute name="AUTHORIZEDTYPE" valueType="java.lang.Integer" create="true">2</attribute>		
		<attribute name="VALUELIST" valueType="java.util.Map" create="true" replaceID="9,10,2019,2020"><![CDATA[<?xml version="1.0" encoding="UTF-8"?><content version="1.0"><param name="OBJECTSTATELINKLIST" valueClass="java.util.ArrayList"><param name="" valueClass="ru.diasoft.utils.DefaultedHashMap"><param name="OBJECTTYPEID" value="$entityID9$" valueClass="java.lang.Long"/><param name="STATEID" value="$entityID2019$" valueClass="java.lang.Long"/></param><param name="" valueClass="ru.diasoft.utils.DefaultedHashMap"><param name="OBJECTTYPEID" value="$entityID10$" valueClass="java.lang.Long"/><param name="STATEID" value="$entityID2020$" valueClass="java.lang.Long"/></param></param></content>]]></attribute>
		<attribute name="MapToExpand" valueType="java.lang.String" create="true">VALUELIST</attribute>
		<attribute name="AUTHORIZEDID" valueType="java.lang.Long" create="true" entityID="32"/>
		<attribute name="PAGEFLOWNAME" valueType="java.lang.String" create="true">[FTDSMVC]COMMON\decisionMaking\decisionApproverHeadOffice</attribute>
		<attribute name="DESCRIPTION" valueType="java.lang.String" create="true"></attribute>
	</entity>
	
	<entity name="DMS_DECISIONSTAGE" id="3014" createMethod="" updateMethod="decisionStageModify" getMethod="decisionStageGetListByParams" createKeyParam="DECISIONSTAGEID" getKeyParam="DECISIONSTAGEID" service="dmsws" isIntService="true">
		<attribute name="STAGESYSNAME" valueType="java.lang.String" create="true" search="true">LOSApprovalResultNotif</attribute>
		<attribute name="STAGENAME" valueType="java.lang.String" create="true">Approval Result Notification</attribute>
		<attribute name="DECISIONTERM" valueType="java.lang.Long" create="true">0</attribute>
		<attribute name="AUTHORIZEDTYPE" valueType="java.lang.Integer" create="true">2</attribute>		
		<attribute name="VALUELIST" valueType="java.util.Map" create="true" replaceID="9,10,2021,2022"><![CDATA[<?xml version="1.0" encoding="UTF-8"?><content version="1.0"><param name="OBJECTSTATELINKLIST" valueClass="java.util.ArrayList"><param name="" valueClass="ru.diasoft.utils.DefaultedHashMap"><param name="OBJECTTYPEID" value="$entityID9$" valueClass="java.lang.Long"/><param name="STATEID" value="$entityID2021$" valueClass="java.lang.Long"/></param><param name="" valueClass="ru.diasoft.utils.DefaultedHashMap"><param name="OBJECTTYPEID" value="$entityID10$" valueClass="java.lang.Long"/><param name="STATEID" value="$entityID2022$" valueClass="java.lang.Long"/></param></param></content>]]></attribute>
		<attribute name="MapToExpand" valueType="java.lang.String" create="true">VALUELIST</attribute>
		<attribute name="AUTHORIZEDID" valueType="java.lang.Long" create="true" entityID="21"/>
		<attribute name="PAGEFLOWNAME" valueType="java.lang.String" create="true">[FTDSMVC]COMMON\decisionMaking\decisionMakingEscalate</attribute>
		<attribute name="DESCRIPTION" valueType="java.lang.String" create="true"></attribute>
	</entity>
	
	<entity name="DMS_DECISIONSTAGE" id="3015" createMethod="" updateMethod="decisionStageModify" getMethod="decisionStageGetListByParams" createKeyParam="DECISIONSTAGEID" getKeyParam="DECISIONSTAGEID" service="dmsws" isIntService="true">
		<attribute name="STAGESYSNAME" valueType="java.lang.String" create="true" search="true">LOSEscalationApproval</attribute>
		<attribute name="STAGENAME" valueType="java.lang.String" create="true">Escalation Approval</attribute>
		<attribute name="DECISIONTERM" valueType="java.lang.Long" create="true">0</attribute>
		<attribute name="AUTHORIZEDTYPE" valueType="java.lang.Integer" create="true">2</attribute>		
		<attribute name="VALUELIST" valueType="java.util.Map" create="true" replaceID="9,10,2023,2024"><![CDATA[<?xml version="1.0" encoding="UTF-8"?><content version="1.0"><param name="OBJECTSTATELINKLIST" valueClass="java.util.ArrayList"><param name="" valueClass="ru.diasoft.utils.DefaultedHashMap"><param name="OBJECTTYPEID" value="$entityID9$" valueClass="java.lang.Long"/><param name="STATEID" value="$entityID2023$" valueClass="java.lang.Long"/></param><param name="" valueClass="ru.diasoft.utils.DefaultedHashMap"><param name="OBJECTTYPEID" value="$entityID10$" valueClass="java.lang.Long"/><param name="STATEID" value="$entityID2024$" valueClass="java.lang.Long"/></param></param></content>]]></attribute>
		<attribute name="MapToExpand" valueType="java.lang.String" create="true">VALUELIST</attribute>
		<attribute name="AUTHORIZEDID" valueType="java.lang.Long" create="true" entityID="24"/>
		<attribute name="PAGEFLOWNAME" valueType="java.lang.String" create="true">[FTDSMVC]COMMON\decisionMaking\decisionMakingEscalate</attribute>
		<attribute name="DESCRIPTION" valueType="java.lang.String" create="true"></attribute>
	</entity>
	
</root>