﻿<?xml version="1.0" encoding="UTF-8"?>
<root>
	
	<entity name="AUTO_PK_SUPPORT" id="0" createMethod="setAutoPkSupportValues" getMethod="" createKeyParam="Result" getKeyParam="" service="">
		<attribute name="REF_REFERENCE" valueType="java.lang.String">REFERENCEID</attribute>
		<attribute name="REF_REFITEM" valueType="java.lang.String">REFITEMID</attribute>
	</entity>	
	
	<!-- Группы простых стправочников -->
	
	<entity name="REF_REFERENCEGROUP" id="1000001" createMethod="admReferenceGroupAdd" getMethod="admReferenceGroupChoose" createKeyParam="NEXT_ID" getKeyParam="REFERENCEGROUPID" service="adminws">
		<attribute name="GROUPNAME" valueType="java.lang.String" create="true" postSearch="true">Дистрибутивные справочники</attribute>
		<attribute name="PARENTGROUPID" valueType="java.lang.Long">0</attribute>
		<attribute name="DESCRIPTION" valueType="java.lang.String">Дистрибутивные справочники</attribute>
		<attribute name="LOCALE" valueType="java.lang.String" create="true" search="true">ru</attribute>		
	</entity>
	
	<entity name="REF_REFERENCEGROUP" id="1000002" createMethod="admReferenceGroupAdd" getMethod="admReferenceGroupChoose" createKeyParam="NEXT_ID" getKeyParam="REFERENCEGROUPID" service="adminws">
		<attribute name="GROUPNAME" valueType="java.lang.String" create="true" postSearch="true">Общие</attribute>
		<attribute name="PARENTGROUPID" valueType="java.lang.Long" entityID="1000001"/>
		<attribute name="DESCRIPTION" valueType="java.lang.String"> </attribute>
		<attribute name="LOCALE" valueType="java.lang.String" create="true" search="true">ru</attribute>		
	</entity>

	<!-- Простые стравочники -->
	
	<entity name="REF_REFERENCE" id="1000500" createMethod="admReferenceAdd" getMethod="admReferenceList" createKeyParam="NEXT_ID" getKeyParam="REFERENCEID" service="adminws">
        <attribute name="REFERENCEGROUPID" valueType="java.lang.Long" create="true" search="true" entityID="1000002"/>
        <attribute name="REFERENCEGROUP" valueType="java.lang.Long" create="true" search="true" entityID="1000002"/>
		<attribute name="REFERENCENAME" valueType="java.lang.String">Коды ответов от модуля Управление рисками</attribute>
		<attribute name="REFSYSNAME" valueType="java.lang.String" create="true" search="true" postSearch="true">limitControlResponseCodes</attribute>
		<attribute name="DESCRIPTION" valueType="java.lang.String">Коды ответов от модуля Управление рисками</attribute>
		<attribute name="LOCALE" valueType="java.lang.String" create="true" search="true">ru</attribute>
	</entity>
    <entity name="REF_REFERENCELNG" id="10005001" getMethod="admReferenceLngByID" createMethod="admReferenceAddLng" createKeyParam="REFERENCENAME" getKeyParam="REFERENCENAME" updateMethod="admReferenceUpdateLng"  service="adminws" silent="true">
        <attribute name="CharLocale" valueType="java.lang.String" create="true" search="true">ru        </attribute>
        <attribute name="LOCALE" valueType="java.lang.String" create="true" search="true">ru</attribute>
        <attribute name="DESCRIPTION" valueType="java.lang.String" create="true">Коды ответов от модуля Управление рисками</attribute>
        <attribute name="REFERENCENAME" valueType="java.lang.String" create="true">Коды ответов от модуля Управление рисками</attribute>
        <attribute name="REFERENCEID" valueType="java.lang.Long" search="true" create="true" entityID="1000500"/>
    </entity>	

	<!-- Элементы простых справочников -->
	
	<entity name="REF_REFITEM" id="1001000" createMethod="admReferenceItemAdd" getMethod="admReferenceItems" createKeyParam="REFITEMID" getKeyParam="REFITEMID" service="adminws">
		<attribute name="REFERENCEID" valueType="java.lang.Long" create="true" search="true" entityID="1000500"/>
		<attribute name="CODE" valueType="java.lang.String" create="true" search="true">33882112</attribute>
		<attribute name="SHORTVALUE" valueType="java.lang.String" create="true" search="true">dsLimitMassDeleteUtilizationByListObject</attribute>
		<attribute name="FULLVALUE" valueType="java.lang.String">success</attribute>
		<attribute name="RICOMMENT" valueType="java.lang.String">Бронирование снято успешно</attribute>
		<attribute name="SEARCHTEXT" valueType="java.lang.String" search="true">33882112</attribute>
		<attribute name="LOCALE" valueType="java.lang.String" create="true" search="true">ru</attribute>
	</entity>
	<entity name="REF_REFITEMLNG" id="10010001" getMethod="admReferenceItemLngByID" createMethod="admReferenceItemAddLng" createKeyParam="SHORTVALUE" getKeyParam="SHORTVALUE" updateMethod="admReferenceItemUpdateLng"  service="adminws" silent="true">
        <attribute name="CharLocale" valueType="java.lang.String" create="true" search="true">ru        </attribute>
        <attribute name="LOCALE" valueType="java.lang.String" create="true" search="true">ru</attribute>
        <attribute name="REFITEMID" valueType="java.lang.Long" search="true" create="true" entityID="1001000"/>
        <attribute name="SHORTVALUE" valueType="java.lang.String" create="true" postSearch="true">dsLimitMassDeleteUtilizationByListObject</attribute>
        <attribute name="FULLVALUE" valueType="java.lang.String" create="true">success</attribute>
        <attribute name="RICOMMENT" valueType="java.lang.String" create="true">Бронирование снято успешно</attribute>
    </entity>	
		
	<entity name="REF_REFITEM" id="1001001" createMethod="admReferenceItemAdd" getMethod="admReferenceItems" createKeyParam="REFITEMID" getKeyParam="REFITEMID" service="adminws">
		<attribute name="REFERENCEID" valueType="java.lang.Long" create="true" search="true" entityID="1000500"/>
		<attribute name="CODE" valueType="java.lang.String" create="true" search="true">33882113</attribute>
		<attribute name="SHORTVALUE" valueType="java.lang.String" create="true" search="true">dsLimitMassCheckByParam</attribute>
		<attribute name="FULLVALUE" valueType="java.lang.String">success</attribute>
		<attribute name="RICOMMENT" valueType="java.lang.String">Лимиты проверены успешно</attribute>
		<attribute name="SEARCHTEXT" valueType="java.lang.String" search="true">33882113</attribute>
		<attribute name="LOCALE" valueType="java.lang.String" create="true" search="true">ru</attribute>
	</entity>
	<entity name="REF_REFITEMLNG" id="10010011" getMethod="admReferenceItemLngByID" createMethod="admReferenceItemAddLng" createKeyParam="SHORTVALUE" getKeyParam="SHORTVALUE" updateMethod="admReferenceItemUpdateLng"  service="adminws" silent="true">
        <attribute name="CharLocale" valueType="java.lang.String" create="true" search="true">ru        </attribute>
        <attribute name="LOCALE" valueType="java.lang.String" create="true" search="true">ru</attribute>
        <attribute name="REFITEMID" valueType="java.lang.Long" search="true" create="true" entityID="1001001"/>
        <attribute name="SHORTVALUE" valueType="java.lang.String" create="true" postSearch="true">dsLimitMassCheckByParam</attribute>
        <attribute name="FULLVALUE" valueType="java.lang.String" create="true">success</attribute>
        <attribute name="RICOMMENT" valueType="java.lang.String" create="true">Лимиты проверены успешно</attribute>
    </entity>	
		
	<entity name="REF_REFITEM" id="1001002" createMethod="admReferenceItemAdd" getMethod="admReferenceItems" createKeyParam="REFITEMID" getKeyParam="REFITEMID" service="adminws">
		<attribute name="REFERENCEID" valueType="java.lang.Long" create="true" search="true" entityID="1000500"/>
		<attribute name="CODE" valueType="java.lang.String" create="true" search="true">33882114</attribute>
		<attribute name="SHORTVALUE" valueType="java.lang.String" create="true" search="true">dsLimitMassCheckByParam</attribute>
		<attribute name="FULLVALUE" valueType="java.lang.String">negative</attribute>
		<attribute name="RICOMMENT" valueType="java.lang.String">Лимит по заявке превышен либо произошла ошибка в работе метода проверки лимитов</attribute>
		<attribute name="SEARCHTEXT" valueType="java.lang.String" search="true">33882114</attribute>
		<attribute name="LOCALE" valueType="java.lang.String" create="true" search="true">ru</attribute>
	</entity>
	<entity name="REF_REFITEMLNG" id="10010021" getMethod="admReferenceItemLngByID" createMethod="admReferenceItemAddLng" createKeyParam="SHORTVALUE" getKeyParam="SHORTVALUE" updateMethod="admReferenceItemUpdateLng"  service="adminws" silent="true">
        <attribute name="CharLocale" valueType="java.lang.String" create="true" search="true">ru        </attribute>
        <attribute name="LOCALE" valueType="java.lang.String" create="true" search="true">ru</attribute>
        <attribute name="REFITEMID" valueType="java.lang.Long" search="true" create="true" entityID="1001002"/>
        <attribute name="SHORTVALUE" valueType="java.lang.String" create="true" postSearch="true">dsLimitMassCheckByParam</attribute>
        <attribute name="FULLVALUE" valueType="java.lang.String" create="true">negative</attribute>
        <attribute name="RICOMMENT" valueType="java.lang.String" create="true">Лимит по заявке превышен либо произошла ошибка в работе метода проверки лимитов</attribute>
    </entity>	
		
	<entity name="REF_REFITEM" id="1001003" createMethod="admReferenceItemAdd" getMethod="admReferenceItems" createKeyParam="REFITEMID" getKeyParam="REFITEMID" service="adminws">
		<attribute name="REFERENCEID" valueType="java.lang.Long" create="true" search="true" entityID="1000500"/>
		<attribute name="CODE" valueType="java.lang.String" create="true" search="true">33882115</attribute>
		<attribute name="SHORTVALUE" valueType="java.lang.String" create="true" search="true">dsLimitMassCheckByParam</attribute>
		<attribute name="FULLVALUE" valueType="java.lang.String">waiting</attribute>
		<attribute name="RICOMMENT" valueType="java.lang.String">Ожидание ручного акцептования лимитов</attribute>
		<attribute name="SEARCHTEXT" valueType="java.lang.String" search="true">33882115</attribute>
		<attribute name="LOCALE" valueType="java.lang.String" create="true" search="true">ru</attribute>
	</entity>
	<entity name="REF_REFITEMLNG" id="10010031" getMethod="admReferenceItemLngByID" createMethod="admReferenceItemAddLng" createKeyParam="SHORTVALUE" getKeyParam="SHORTVALUE" updateMethod="admReferenceItemUpdateLng"  service="adminws" silent="true">
        <attribute name="CharLocale" valueType="java.lang.String" create="true" search="true">ru        </attribute>
        <attribute name="LOCALE" valueType="java.lang.String" create="true" search="true">ru</attribute>
        <attribute name="REFITEMID" valueType="java.lang.Long" search="true" create="true" entityID="1001003"/>
        <attribute name="SHORTVALUE" valueType="java.lang.String" create="true" postSearch="true">dsLimitMassCheckByParam</attribute>
        <attribute name="FULLVALUE" valueType="java.lang.String" create="true">waiting</attribute>
        <attribute name="RICOMMENT" valueType="java.lang.String" create="true">Ожидание ручного акцептования лимитов</attribute>
    </entity>	
	
</root>