<?xml version="1.0" encoding="UTF-8"?>
<root> 
	<!--DOC_DOCUMENTTYPE-->
	<entity name="FRNT_SMTYPE" id="100"  createMethod="" getMethod="documentTypeGetListByParams" createKeyParam="DOCUMENTTYPEID" getKeyParam="DOCUMENTTYPEID" service="frontws2" isExtService="true">
		<attribute name="TYPESYSNAME" valueType="java.lang.String" create="true" search="true">autoLoanAppINT</attribute>
	</entity>
	<entity name="FRNT_SMTYPE" id="101"  createMethod="" getMethod="documentTypeGetListByParams" createKeyParam="DOCUMENTTYPEID" getKeyParam="DOCUMENTTYPEID" service="frontws2" isExtService="true">
		<attribute name="TYPESYSNAME" valueType="java.lang.String" create="true" search="true">issueCardAppINT</attribute>
	</entity>

	<!--Processing Stage-->
	<entity name="DOC_DOCPROCTYPE" id="3000" createMethod="" updateMethod="docProcessingTypeModify" getMethod="docProcessingTypeGetByDocTypeAndSysname" createKeyParam="DOCPROCTYPEID" getKeyParam="DOCPROCTYPEID" service="frontws2" isExtService="true">
		<attribute name="DOCUMENTTYPE" valueType="java.lang.Long" create="true" search="true" entityID="100"/>
		<attribute name="SYSNAME" valueType="java.lang.String" create="true" search="true">LOSFillFieldCheck</attribute>
		<attribute name="PAGEFLOWNAME" valueType="java.lang.String">[FTDSMVC]FORMLIB/fieldCheck/fieldCheckINT</attribute>
	</entity>	
	<entity name="DOC_DOCPROCTYPE" id="3001" createMethod="" updateMethod="docProcessingTypeModify" getMethod="docProcessingTypeGetByDocTypeAndSysname" createKeyParam="DOCPROCTYPEID" getKeyParam="DOCPROCTYPEID" service="frontws2" isExtService="true">
		<attribute name="DOCUMENTTYPE" valueType="java.lang.Long" create="true" search="true" entityID="101"/>
		<attribute name="SYSNAME" valueType="java.lang.String" create="true" search="true">LOSFillFieldCheck</attribute>
		<attribute name="PAGEFLOWNAME" valueType="java.lang.String">[FTDSMVC]FORMLIB/fieldCheck/fieldCheckINT</attribute>
	</entity>	

</root>