<?xml version="1.0" encoding="UTF-8"?>
<root> 
<!-- Projects --> 

	<entity name="CORE_PROJECT" id="2"  createMethod="" getMethod="admProjectBySysname" additionalProcessMethod="admProjectBySysname" processKeyParam="PROJECTID" createKeyParam="PROJECTID" getKeyParam="PROJECTID" service="adminws">
		<attribute name="PROJECTSYSNAME" valueType="java.lang.String" create="true" search="true">FTDSMVC</attribute>
	</entity>
	
	<!--DOC_DOCUMENTTYPE-->
	<entity name="FRNT_SMTYPE" id="100"  createMethod="" getMethod="documentTypeGetListByParams" createKeyParam="DOCUMENTTYPEID" getKeyParam="DOCUMENTTYPEID" service="frontws2" isExtService="true">
		<attribute name="TYPESYSNAME" valueType="java.lang.String" create="true" search="true">autoLoanAppINT</attribute>
		<!--attribute name="PARENTTYPEID" valueType="java.lang.Long"  create="true" search="true">application</attribute-->
	</entity>

	<!--Processing Stage-->
	<entity name="DOC_DOCPROCTYPE" id="200"  createMethod = "docProcessingTypeCreate" getMethod="docProcessingTypeGetByDocTypeAndSysname" createKeyParam="DOCPROCTYPEID" getKeyParam="DOCPROCTYPEID" service="frontws2" isExtService="true">
		<attribute name="DOCUMENTTYPE" valueType="java.lang.Long" create="true" search="true" entityID="100"/>
		<attribute name="SYSNAME" valueType="java.lang.String" create="true" search="true">decisionCheckINT</attribute>
		<attribute name="NAME" valueType="java.lang.String" create="true">Check decisionCheckINT</attribute>
		<!--attribute name="PAGEFLOWNAME" valueType="java.lang.String" create="true" search="true">autoLoanAppINT</attribute-->
	</entity>
	
	<entity name="DOC_DOCPROCTYPE" id="201"  createMethod = "docProcessingTypeCreate" getMethod="docProcessingTypeGetByDocTypeAndSysname" createKeyParam="DOCPROCTYPEID" getKeyParam="DOCPROCTYPEID" service="frontws2" isExtService="true">
		<attribute name="DOCUMENTTYPE" valueType="java.lang.Long" create="true" search="true" entityID="100"/>
		<attribute name="SYSNAME" valueType="java.lang.String" create="true" search="true">routingHOBranch</attribute>
		<attribute name="NAME" valueType="java.lang.String" create="true">Check routingHOBranch</attribute>
		<!--attribute name="PAGEFLOWNAME" valueType="java.lang.String" create="true" search="true">autoLoanAppINT</attribute-->
	</entity>

	</root>