<?xml version="1.0" encoding="UTF-8"?>
<root>
    <!-- Проекты -->
    <entity name="CORE_PROJECT" id="15" createMethod="" getMethod="admProjectBySysname" additionalProcessMethod="admProjectBySysname" processKeyParam="PROJECTID" createKeyParam="PROJECTID" getKeyParam="PROJECTID" service="adminws">
        <attribute name="PROJECTSYSNAME" valueType="java.lang.String" create="true" search="true">FTDS</attribute>
        <attribute name="PROJECTNAME" valueType="java.lang.String">FLEXTERA Decision Making Support</attribute>
    </entity>

    <entity name="CORE_PROCESSTYPE" id="1001" createMethod="shdaddjobtype" getMethod="shdJobTypes" createKeyParam="Result" getKeyParam="PROCESSTYPEID" service="corews">
        <attribute name="PROJECTSYSNAME" valueType="java.lang.String" search="true">FTDS</attribute>
        <attribute name="PROCTYPENAME" valueType="java.lang.String" create="true" search="true">dmsCheckPeriodDecisionStageByStates</attribute>
        <attribute name="PROCFILE" valueType="java.lang.String">dmsCheckPeriodDecisionStageByStates</attribute>
        <attribute name="DESCRIPTION" valueType="java.lang.String">Check decision validity</attribute>
        <attribute name="PROJECTID" valueType="java.lang.Long" create="true" search="true" entityID="15"/>
    </entity>
	
	 <entity name="CORE_PROCESSTYPE" id="1002" createMethod="shdaddjobtype" getMethod="shdJobTypes" createKeyParam="Result" getKeyParam="PROCESSTYPEID" service="corews">
        <attribute name="PROJECTSYSNAME" valueType="java.lang.String" search="true">FTDS</attribute>
        <attribute name="PROCTYPENAME" valueType="java.lang.String" create="true" search="true">STATEMACHINE/dmsTransferObject</attribute>
        <attribute name="PROCFILE" valueType="java.lang.String">STATEMACHINE/dmsTransferObject</attribute>
        <attribute name="DESCRIPTION" valueType="java.lang.String">STATEMACHINE/dmsTransferObject</attribute>
        <attribute name="PROJECTID" valueType="java.lang.Long" create="true" search="true" entityID="15"/>
    </entity>

	<entity name="CORE_PROCESSTYPE" id="1003" createMethod="shdaddjobtype" getMethod="shdJobTypes" createKeyParam="Result" getKeyParam="PROCESSTYPEID" service="corews">
        <attribute name="PROJECTSYSNAME" valueType="java.lang.String" search="true">FTDS</attribute>
        <attribute name="PROCTYPENAME" valueType="java.lang.String" create="true" search="true">STATEMACHINE/dmsTransferTask</attribute>
        <attribute name="PROCFILE" valueType="java.lang.String">STATEMACHINE/dmsTransferTask</attribute>
        <attribute name="DESCRIPTION" valueType="java.lang.String">STATEMACHINE/dmsTransferTask</attribute>
        <attribute name="PROJECTID" valueType="java.lang.Long" create="true" search="true" entityID="15"/>
    </entity>

	<entity name="CORE_PROCESSTYPE" id="1004" createMethod="shdaddjobtype" getMethod="shdJobTypes" createKeyParam="Result" getKeyParam="PROCESSTYPEID" service="corews">
        <attribute name="PROJECTSYSNAME" valueType="java.lang.String" search="true">FTDS</attribute>
        <attribute name="PROCTYPENAME" valueType="java.lang.String" create="true" search="true">dmsCheckRuleExecute</attribute>
        <attribute name="PROCFILE" valueType="java.lang.String">dmsCheckRuleExecute</attribute>
        <attribute name="DESCRIPTION" valueType="java.lang.String">dmsCheckRuleExecute</attribute>
        <attribute name="PROJECTID" valueType="java.lang.Long" create="true" search="true" entityID="15"/>
    </entity>

	<entity name="CORE_PROCESSTYPE" id="1005" createMethod="shdaddjobtype" getMethod="shdJobTypes" createKeyParam="Result" getKeyParam="PROCESSTYPEID" service="corews">
        <attribute name="PROJECTSYSNAME" valueType="java.lang.String" search="true">FTDS</attribute>
        <attribute name="PROCTYPENAME" valueType="java.lang.String" create="true" search="true">dmsSendEmailNotificationByTask</attribute>
        <attribute name="PROCFILE" valueType="java.lang.String">dmsSendEmailNotificationByTask</attribute>
        <attribute name="DESCRIPTION" valueType="java.lang.String">dmsSendEmailNotificationByTask</attribute>
        <attribute name="PROJECTID" valueType="java.lang.Long" create="true" search="true" entityID="15"/>
    </entity>
	
	<entity name="CORE_PROCESSTYPE" id="1006" createMethod="shdaddjobtype" getMethod="shdJobTypes" createKeyParam="Result" getKeyParam="PROCESSTYPEID" service="corews">
        <attribute name="PROJECTSYSNAME" valueType="java.lang.String" search="true">FTDS</attribute>
        <attribute name="PROCTYPENAME" valueType="java.lang.String" create="true" search="true">dmsCheckCompletedTasks</attribute>
        <attribute name="PROCFILE" valueType="java.lang.String">dmsCheckCompletedTasks</attribute>
        <attribute name="DESCRIPTION" valueType="java.lang.String">dmsCheckCompletedTasks</attribute>
        <attribute name="PROJECTID" valueType="java.lang.Long" create="true" search="true" entityID="15"/>
    </entity>

	<entity name="CORE_PROCESSTYPE" id="1007" createMethod="shdaddjobtype" getMethod="shdJobTypes" createKeyParam="Result" getKeyParam="PROCESSTYPEID" service="corews">
        <attribute name="PROJECTSYSNAME" valueType="java.lang.String" search="true">FTDS</attribute>
        <attribute name="PROCTYPENAME" valueType="java.lang.String" create="true" search="true">dmsChangeAvailableActionsFlag</attribute>
        <attribute name="PROCFILE" valueType="java.lang.String">dmsChangeAvailableActionsFlag</attribute>
        <attribute name="DESCRIPTION" valueType="java.lang.String">dmsChangeAvailableActionsFlag</attribute>
        <attribute name="PROJECTID" valueType="java.lang.Long" create="true" search="true" entityID="15"/>
    </entity>
	
	<entity name="CORE_PROCESSTYPE" id="1007" createMethod="shdaddjobtype" getMethod="shdJobTypes" createKeyParam="Result" getKeyParam="PROCESSTYPEID" service="corews">
        <attribute name="PROJECTSYSNAME" valueType="java.lang.String" search="true">FTDS</attribute>
        <attribute name="PROCTYPENAME" valueType="java.lang.String" create="true" search="true">dmsCurrentStageResult</attribute>
        <attribute name="PROCFILE" valueType="java.lang.String">dmsCurrentStageResult</attribute>
        <attribute name="DESCRIPTION" valueType="java.lang.String">dmsCurrentStageResult</attribute>
        <attribute name="PROJECTID" valueType="java.lang.Long" create="true" search="true" entityID="15"/>
    </entity>
	
	<entity name="CORE_PROCESSTYPE" id="1007" createMethod="shdaddjobtype" getMethod="shdJobTypes" createKeyParam="Result" getKeyParam="PROCESSTYPEID" service="corews">
        <attribute name="PROJECTSYSNAME" valueType="java.lang.String" search="true">FTDS</attribute>
        <attribute name="PROCTYPENAME" valueType="java.lang.String" create="true" search="true">dmsAutoNotificationClientINT</attribute>
        <attribute name="PROCFILE" valueType="java.lang.String">dmsAutoNotificationClientINT</attribute>
        <attribute name="DESCRIPTION" valueType="java.lang.String">dmsAutoNotificationClientINT</attribute>
        <attribute name="PROJECTID" valueType="java.lang.Long" create="true" search="true" entityID="15"/>
    </entity>
</root>