<?xml version="1.0" encoding="UTF-8"?>
<root>
    <!-- Проекты -->
    <entity name="CORE_PROJECT" id="2" createMethod="admProjectAdd" getMethod="admProjectBySysname" additionalProcessMethod="admProjectBySysname" processKeyParam="PROJECTID" createKeyParam="PROJECTID" getKeyParam="PROJECTID" service="adminws">
        <attribute name="PROJECTSYSNAME" valueType="java.lang.String" create="true" process="true" search="true">FTDS</attribute>
        <attribute name="PROJECTNAME" valueType="java.lang.String">FLEXTERA "Поддержка принятия решения"</attribute>
    </entity>

    <!--Серверный процесс «floanAfterLoanRemovalContracts» -->
    <entity name="CORE_PROCESSTYPE" id="100" createMethod="shdaddjobtype" getMethod="shdJobTypes" createKeyParam="Result" getKeyParam="PROCESSTYPEID" service="corews">
        <attribute name="PROJECTSYSNAME" valueType="java.lang.String" search="true">FTDS</attribute>
        <attribute name="PROCTYPENAME" valueType="java.lang.String" create="true" search="true">dmsCreditRegistryExtended</attribute>
        <attribute name="PROCFILE" valueType="java.lang.String">dmsCreditRegistryExtended</attribute>
        <attribute name="DESCRIPTION" valueType="java.lang.String">dmsCreditRegistryExtended</attribute>
        <attribute name="PROJECTID" valueType="java.lang.Long" create="true" search="true" entityID="2"/>
    </entity>

</root>