<?xml version="1.0" encoding="UTF-8"?>
<root>
	<!-- Общее для всех модулей -->
	<entity name="AUTO_PK_SUPPORT" id="0" createMethod="setAutoPkSupportValues" getMethod="" createKeyParam="Result" getKeyParam="" service="">
		<attribute name="REF_REFERENCEGROUP" valueType="java.lang.String">REFERENCEGROUPID</attribute>
		<attribute name="REF_REFERENCE" valueType="java.lang.String">REFERENCEID</attribute>
		<attribute name="REF_REFITEM" valueType="java.lang.String">REFITEMID</attribute>
	</entity>
	
	<!-- Проект -->
	
	<entity name="CORE_PROJECT" id="1" createMethod="admProjectAdd" getMethod="admProjectBySysname" additionalProcessMethod="admProjectBySysname" processKeyParam="PROJECTID" createKeyParam="PROJECTID" getKeyParam="PROJECTID" service="adminws">
		<attribute name="PROJECTSYSNAME" valueType="java.lang.String" create="true" process="true" search="true">FTDS</attribute>
		<attribute name="PROJECTNAME" valueType="java.lang.String">FLEXTERA "Поддержка принятия решения"</attribute>
		<attribute name="METADATAURL" valueType="java.lang.String">D:\METADATA\TEST\dms\</attribute>
		<attribute name="USERMETADATAURL" valueType="java.lang.String">D:\METADATA\TEST\dms\</attribute>
	</entity>
	
	<entity name="CORE_PROJECT" id="2" createMethod="admProjectAdd" getMethod="admProjectBySysname" additionalProcessMethod="admProjectBySysname" processKeyParam="PROJECTID" createKeyParam="PROJECTID" getKeyParam="PROJECTID" service="adminws">
		<attribute name="PROJECTSYSNAME" valueType="java.lang.String" create="true" process="true" search="true">FTFLOANS</attribute>
		<attribute name="PROJECTNAME" valueType="java.lang.String">FLEXTERA "Кредитная заявка и обслуживание заемщиков"</attribute>
		<attribute name="METADATAURL" valueType="java.lang.String">D:\METADATA\TEST\FTFLOANS\</attribute>
		<attribute name="USERMETADATAURL" valueType="java.lang.String">D:\METADATA\TEST\FTFLOANS\</attribute>
	</entity>	
	
	<!-- Машина состояний (состояния)-->
	
	<entity name="FRNT_SMSTATE" id="110" createMethod="smStateCreate" getMethod="smStateGetListByParams" createKeyParam="STATEID" getKeyParam="STATEID" service="frontws2">
		<attribute name="SYSNAME" valueType="java.lang.String" create="true" search="true">controlEnteredData</attribute>
		<attribute name="NAME" valueType="java.lang.String" create="true">Контроль введенных данных</attribute>
		<attribute name="TYPEID" valueType="java.lang.Long" create="true" search="true">1003</attribute>
		<attribute name="PROJECTID" valueType="java.lang.Long" create="true" search="true" entityID="2"/>
	</entity>
	
	<entity name="FRNT_SMSTATE" id="111" createMethod="smStateCreate" getMethod="smStateGetListByParams" createKeyParam="STATEID" getKeyParam="STATEID" service="frontws2">
		<attribute name="SYSNAME" valueType="java.lang.String" create="true" search="true">input</attribute>
		<attribute name="NAME" valueType="java.lang.String" create="true">Введено</attribute>
		<attribute name="TYPEID" valueType="java.lang.Long" create="true" search="true">1003</attribute>
		<attribute name="PROJECTID" valueType="java.lang.Long" create="true" search="true" entityID="2"/>
	</entity>

	<!-- Машина состояний (переходы) -->

	<entity name="FRNT_SMTRANS" id="210" createMethod="smTransitionCreate" updateMethod="smTransitionModify" getMethod="smTransitionGetListByParams" createKeyParam="TRANSITIONID" getKeyParam="TRANSITIONID" service="frontws2">
		<attribute name="SYSNAME" valueType="java.lang.String" create="true" search="true">sendToDataControl</attribute>
		<attribute name="NAME" valueType="java.lang.String" create="true">Передать на контроль введенных данных</attribute>
		<attribute name="FROMSTATEID" valueType="java.lang.Long" create="true" search="true" entityID="111"/>
		<attribute name="TOSTATEID" valueType="java.lang.Long" create="true" search="true" entityID="110"/>
		<attribute name="TYPEID" valueType="java.lang.Long" create="true" search="true">1003</attribute>
		<attribute name="PAGEFLOWNAME" valueType="java.lang.String" create="true">loanApp/mortgageLoanApp/sendToProcessing/sendToProcessing</attribute>
		<attribute name="TRANSORDER" valueType="java.lang.Integer" create="true">10</attribute>
		<attribute name="EVENTFLAG" valueType="java.lang.Integer" create="true">1</attribute>
	</entity>
	
	<!-- Роль -->
	
	<entity name="CORE_USERROLE" id="900" createMethod="admUserRoleAdd" getMethod="admUserRoleBySysname" createKeyParam="ROLEID" getKeyParam="ROLEID" service="adminws">
		<attribute name="ROLESYSNAME" valueType="java.lang.String" create="true" search="true">ExportVerificator</attribute>
		<attribute name="ROLENAME" valueType="java.lang.String" create="true">Контролер выгрузок в модуль БКИ</attribute>
		<attribute name="DESCRIPTION" valueType="java.lang.String" create="true">Контролер выгрузок в модуль БКИ</attribute>
	</entity>		

	<!-- Типы проверок -->

	<entity name="DMS_CHECKTYPE" id="2000" createMethod="checkTypeCreate" getMethod="checkTypeGetByIdOrSysname" createKeyParam="CHECKTYPEID" getKeyParam="CHECKTYPEID" service="dmsws">
		<attribute name="TYPESYSNAME" valueType="java.lang.String" create="true" search="true">subjDemands</attribute>
		<attribute name="TYPENAME" valueType="java.lang.String" create="true">Требования к субъекту</attribute>
		<attribute name="DESCRIPTION" valueType="java.lang.String" create="true">Требования к субъекту</attribute>
	</entity>
	
	<entity name="DMS_CHECKTYPE" id="2010" createMethod="checkTypeCreate" getMethod="checkTypeGetByIdOrSysname" createKeyParam="CHECKTYPEID" getKeyParam="CHECKTYPEID" service="dmsws">
		<attribute name="TYPESYSNAME" valueType="java.lang.String" create="true" search="true">decisionResult</attribute>
		<attribute name="TYPENAME" valueType="java.lang.String" create="true">Результаты рассмотрения УЛ</attribute>
		<attribute name="DESCRIPTION" valueType="java.lang.String" create="true">Результаты рассмотрения УЛ</attribute>
	</entity>	
	
	<!-- Проверки -->
	
	<entity name="DMS_CHECK" id="2100" createMethod="checkCreate" getMethod="checkGetByIdOrSysname" createKeyParam="CHECKID" getKeyParam="CHECKID" service="dmsws">
		<attribute name="CHECKTYPEID" valueType="java.lang.Long" create="true" search="true" entityID="2000"/>
		<attribute name="OBJECTTYPEID" valueType="java.lang.Long" create="true">50000</attribute>
		<attribute name="CHECKNAME" valueType="java.lang.String" create="true">Выгрузка заявки в модуль БКИ</attribute>
		<attribute name="CHECKSYSNAME" valueType="java.lang.String" create="true" search="true">ExportAppToBKI</attribute>
		<attribute name="RULELINK" valueType="java.lang.String" create="true">dmsExportAppToBKI</attribute>
		<attribute name="RULETYPE" valueType="java.lang.Integer" create="true">2</attribute>
		<attribute name="EXPIRATIONTERM" valueType="java.lang.Integer" create="true">0</attribute>
		<attribute name="MULTIFLAG" valueType="java.lang.Integer" create="true">0</attribute>
	</entity>	
	
	<entity name="DMS_CHECK" id="2200" createMethod="checkCreate" getMethod="checkGetByIdOrSysname" createKeyParam="CHECKID" getKeyParam="CHECKID" service="dmsws">
		<attribute name="CHECKTYPEID" valueType="java.lang.Long" create="true" search="true" entityID="2000"/>
		<attribute name="OBJECTTYPEID" valueType="java.lang.Long" create="true">50000</attribute>
		<attribute name="CHECKNAME" valueType="java.lang.String" create="true">Снятие бронирования лимитов</attribute>
		<attribute name="CHECKSYSNAME" valueType="java.lang.String" create="true" search="true">cancelLimit</attribute>
		<attribute name="RULELINK" valueType="java.lang.String" create="true">cancelLimit</attribute>
		<attribute name="RULETYPE" valueType="java.lang.Integer" create="true">2</attribute>
		<attribute name="EXPIRATIONTERM" valueType="java.lang.Integer" create="true"></attribute>
		<attribute name="MULTIFLAG" valueType="java.lang.Integer" create="true">0</attribute>
	</entity>
	
	<entity name="DMS_CHECK" id="2300" createMethod="checkCreate" getMethod="checkGetByIdOrSysname" createKeyParam="CHECKID" getKeyParam="CHECKID" service="dmsws">
		<attribute name="CHECKTYPEID" valueType="java.lang.Long" create="true" search="true" entityID="2010"/>
		<attribute name="OBJECTTYPEID" valueType="java.lang.Long" create="true">1001</attribute>
		<attribute name="CHECKNAME" valueType="java.lang.String" create="true">Проверка типа заявки и наличия залога</attribute>
		<attribute name="CHECKSYSNAME" valueType="java.lang.String" create="true" search="true">checkExitTransfer</attribute>
		<attribute name="RULELINK" valueType="java.lang.String" create="true">dmsExitTransfer</attribute>
		<attribute name="RULETYPE" valueType="java.lang.Integer" create="true">2</attribute>
		<attribute name="EXPIRATIONTERM" valueType="java.lang.Integer" create="true">0</attribute>
		<attribute name="MULTIFLAG" valueType="java.lang.Integer" create="true">0</attribute>
	</entity>	
	
	<!-- Сценарии проверок -->
	
	<entity name="DMS_SCRIPT" id="3000" createMethod="checkScriptCreate" getMethod="checkScriptGetByIdOrSysname" createKeyParam="SCRIPTID" getKeyParam="SCRIPTID" service="dmsws">
		<attribute name="SCRIPTSYSNAME" valueType="java.lang.String" create="true" search="true">appSendToBKI</attribute>
		<attribute name="SCRIPTNAME" valueType="java.lang.String" create="true">Отправка в БКИ заявок на рассмотрении</attribute>
		<attribute name="DESCRIPTION" valueType="java.lang.String" create="true">Отправка в БКИ заявок на рассмотрении</attribute>
	</entity>

	<entity name="DMS_SCRIPT" id="3020" createMethod="checkScriptCreate" getMethod="checkScriptGetByIdOrSysname" createKeyParam="SCRIPTID" getKeyParam="SCRIPTID" service="dmsws">
		<attribute name="SCRIPTSYSNAME" valueType="java.lang.String" create="true" search="true">sendToNextStage</attribute>
		<attribute name="SCRIPTNAME" valueType="java.lang.String" create="true">Маршрутизация на следующий этап</attribute>
		<attribute name="DESCRIPTION" valueType="java.lang.String" create="true">Маршрутизация на следующий этап</attribute>
	</entity>	
	
	<entity name="DMS_SCRIPT" id="3030" createMethod="checkScriptCreate" getMethod="checkScriptGetByIdOrSysname" createKeyParam="SCRIPTID" getKeyParam="SCRIPTID" service="dmsws">
		<attribute name="SCRIPTSYSNAME" valueType="java.lang.String" create="true" search="true">cancelLimit</attribute>
		<attribute name="SCRIPTNAME" valueType="java.lang.String" create="true">Снятие бронирования лимитов</attribute>
		<attribute name="DESCRIPTION" valueType="java.lang.String" create="true">Снятие бронирования лимитов</attribute>
	</entity>	
	
	<!-- Связь сценариев и состояний -->
	
	<entity name="DMS_SCRPTSTATELINK" id="4010" createMethod="scriptStateLinkCreate" getMethod="scriptStateLinkGetListByParams" createKeyParam="LINKID" getKeyParam="LINKID" service="dmsws">
		<attribute name="SCRIPTID" valueType="java.lang.Long" create="true" search="true" entityID="3000"/>
		<attribute name="STATEID" valueType="java.lang.Long" create="true" search="true" entityID="110"/>
		<attribute name="OBJECTTYPEID" valueType="java.lang.Long" create="true" search="true">1003</attribute>
	</entity>
	
	<!-- Связь проверок и сценариев -->	

	<entity name="DMS_CHECKSCRLINK" id="5000" createMethod="checkScrLinkCreate" getMethod="checkScrLinkGetListByParams" createKeyParam="LINKID" getKeyParam="LINKID" service="dmsws">
		<attribute name="SCRIPTID" valueType="java.lang.Long" create="true" search="true" entityID="3000"/>
		<attribute name="CHECKID" valueType="java.lang.Long" create="true" search="true" entityID="2100"/>
		<attribute name="CHECKORDER" valueType="java.lang.Integer" create="true" search="true">1</attribute>
	</entity>
	
	<entity name="DMS_CHECKSCRLINK" id="5080" createMethod="checkScrLinkCreate" getMethod="checkScrLinkGetListByParams" createKeyParam="LINKID" getKeyParam="LINKID" service="dmsws">
		<attribute name="SCRIPTID" valueType="java.lang.Long" create="true" search="true" entityID="3020"/>
		<attribute name="CHECKID" valueType="java.lang.Long" create="true" search="true" entityID="2100"/>
		<attribute name="CHECKORDER" valueType="java.lang.Integer" create="true" search="true">1</attribute>
	</entity>	
	
	<entity name="DMS_CHECKSCRLINK" id="5090" createMethod="checkScrLinkCreate" updateMethod="checkScrLinkModify" getMethod="checkScrLinkGetListByParams" createKeyParam="LINKID" getKeyParam="LINKID" service="dmsws">
		<attribute name="SCRIPTID" valueType="java.lang.Long" create="true" search="true" entityID="3020"/>
		<attribute name="CHECKID" valueType="java.lang.Long" create="true" search="true" entityID="2300"/>
		<attribute name="CHECKORDER" valueType="java.lang.Integer" create="true">2</attribute>
	</entity>
	
	<entity name="DMS_CHECKSCRLINK" id="5100" createMethod="checkScrLinkCreate" getMethod="checkScrLinkGetListByParams" createKeyParam="LINKID" getKeyParam="LINKID" service="dmsws">
		<attribute name="SCRIPTID" valueType="java.lang.Long" create="true" search="true" entityID="3030"/>
		<attribute name="CHECKID" valueType="java.lang.Long" create="true" search="true" entityID="2100"/>
		<attribute name="CHECKORDER" valueType="java.lang.Integer" create="true" search="true">1</attribute>
	</entity>	

	<entity name="DMS_CHECKSCRLINK" id="5120" createMethod="checkScrLinkCreate" updateMethod="checkScrLinkModify" getMethod="checkScrLinkGetListByParams" createKeyParam="LINKID" getKeyParam="LINKID" service="dmsws">
		<attribute name="SCRIPTID" valueType="java.lang.Long" create="true" search="true" entityID="3030"/>
		<attribute name="CHECKID" valueType="java.lang.Long" create="true" search="true" entityID="2200"/>
		<attribute name="CHECKORDER" valueType="java.lang.Integer" create="true">2</attribute>
	</entity>	
	
	<!-- Типы этапов обработки -->

	<entity name="DOC_DOCPROCTYPE" id="6000" createMethod="docProcessingTypeCreate" updateMethod="docProcessingTypeModify" getMethod="docProcessingTypeGetByDocTypeAndSysname" createKeyParam="DOCPROCTYPEID" getKeyParam="DOCPROCTYPEID" service="frontws2">
		<attribute name="DOCUMENTTYPE" valueType="java.lang.Long" create="true" search="true">1002</attribute>
		<attribute name="SYSNAME" valueType="java.lang.String" create="true" search="true">appSendToBKI</attribute>
		<attribute name="NAME" valueType="java.lang.String" create="true">Отправка в БКИ заявок на рассмотрении</attribute>
		<attribute name="PAGEFLOWNAME" valueType="java.lang.String" create="true">COMMON/verificationsProtocol/protocolViewer</attribute>
	</entity>

	<!-- Права на этапы обработки-->
	
	<entity name="FRNT_RIGHT" id="6100" createMethod="rightCreate" getMethod="rightGetListByParams" createKeyParam="RIGHTID" getKeyParam="RIGHTID" service="frontws2">
		<attribute name="OBJID" valueType="java.lang.Long" create="true" search="true" entityID="6000"/>
		<attribute name="OBJTYPEID" valueType="java.lang.Long" create="true" search="true">66800</attribute>
		<attribute name="SUBJID" valueType="java.lang.Long" create="true" search="true" entityID="900"/>
		<attribute name="SUBJTYPE" valueType="java.lang.String" create="true" search="true">ROLE</attribute>
		<attribute name="ACCESSMODE" valueType="java.lang.String">full</attribute>
	</entity>
	
</root>	