<?xml version="1.0" encoding="UTF-8"?>
<root>
  <jdbcDriver>org.h2.Driver</jdbcDriver>
  <dataSourceUrl>jdbc:h2:~/test</dataSourceUrl>
  <minCon>1</minCon>
  <maxCon>10</maxCon>
  <userName>sa</userName>
  <password />
  <frontws2>http://tienphong:9081/frontws2/frontws2</frontws2>
  <corews>http://tienphong:9080/corews/corews</corews>
  <adminws>http://tienphong:9080/adminws/adminws</adminws>
  <refws>http://tienphong:9081/refws/refws</refws>
  <filestoragews>http://server:port/filestoragews/filestoragews</filestoragews>
  <FlexteraLogin>dsa</FlexteraLogin>
  <FlexteraPassword>12345678</FlexteraPassword>
  <tpBankUrl>http://host:8080/?WSDL</tpBankUrl>
  <get-lead-url>http://host:8081/?WSDL</get-lead-url><!-- for method LOST-GET-LEAD -->
  <update-lead-url>http://host:8081/?WSDL</update-lead-url><!-- for method LOS-UPDATE-LEADSTATUS -->
  <appinfo-upload-url>http://host:8082/?WSDL</appinfo-upload-url><!-- for method FL-CREATE_LOAN -->
  <signature-upload-url>http://host:8083/?WSDL</signature-upload-url><!-- for method CFL-UPLOAD-SIG -->
  <get-approver-url>http://host:8083/?WSDL</get-approver-url><!-- for method InquiryCustomerInfo -->
  <sign-report-url>http://10.1.14.237:8452/WebService.asmx?wsdl</sign-report-url><!-- for method DocumentESignIntegration -->
  <environment>UAT</environment><!-- for method DocumentESignIntegration -->
  <uatworkername>uatworkername</uatworkername><!-- for method DocumentESignIntegration -->
  <name-storage>LosECM</name-storage>
  <tpBankLogin>bar</tpBankLogin>
  <tpBankPassword>foo</tpBankPassword>
  <leadStatusReference>leadStatus</leadStatusReference>
  <ServiceVersion>ServiceVersion</ServiceVersion>
  <SourceAppID>SourceAppID</SourceAppID>
  <TargetAppID>TargetAppID</TargetAppID>
  <UserId>UserId</UserId>
  <UserPassword>UserPassword</UserPassword>
  <LosEventUrl>http://localhost:7081/losevent</LosEventUrl>
  <LosEventUser>user</LosEventUser>
  <LosEventUserPassword>password</LosEventUserPassword>
  <ESignURL>http://localhost:7081/esign</ESignURL>
  <ESignUserID>user</ESignUserID>
  <ESignUserRole>user</ESignUserRole>
  <ESignUserPassword>password</ESignUserPassword>
  <get-report-url>http://ip_server:port/LosGetway/document/genReport</get-report-url>
</root>

