<?xml version="1.0" encoding="UTF-8"?>
<root>

	<entity name="DMS_DECISIONREF" id="1" createMethod="decisionRefCreate" getMethod="decisionRefGetListByParams" createKeyParam="REFSYSNAME" getKeyParam="REFSYSNAME" service="dmsws">
		<attribute name="REFSYSNAME" valueType="java.lang.String" create="true" search="true">f3_flow</attribute>
		<attribute name="REFNAME" valueType="java.lang.String" create="true">F3: HO Approval</attribute>
		<attribute name="ATTRIBUTES" valueType="java.lang.String" create="true"><![CDATA[<?xml version="1.0" encoding="UTF-8" standalone="no"?><content version="1.0"><param name="BUTTONKIND" value="" valueClass="java.lang.String"/></content>]]></attribute>
	</entity>
	
</root>	
		
		