<?xml version="1.0" encoding="UTF-8"?>
<root>
	<!-- Группы простых справочников -->
	<entity name="REF_REFERENCEGROUP" id="1000001" createMethod="admReferenceGroupAdd" getMethod="admReferenceGroupChoose" createKeyParam="NEXT_ID" getKeyParam="REFERENCEGROUPID" service="adminws">
		<attribute name="GROUPNAME" valueType="java.lang.String" create="true" postSearch="true">Distribution Reference Tables</attribute>
		<attribute name="PARENTGROUPID" valueType="java.lang.Long">0</attribute>
		<attribute name="DESCRIPTION" valueType="java.lang.String">Distribution Reference Tables</attribute>
		<attribute name="LOCALE" valueType="java.lang.String" create="true" search="true">en</attribute>		
	</entity>
	
	<entity name="REF_REFERENCEGROUP" id="1000002" createMethod="admReferenceGroupAdd" getMethod="admReferenceGroupChoose" createKeyParam="NEXT_ID" getKeyParam="REFERENCEGROUPID" service="adminws">
		<attribute name="GROUPNAME" valueType="java.lang.String" create="true" postSearch="true">Loan Origination System</attribute>
		<attribute name="PARENTGROUPID" valueType="java.lang.Long" entityID="1000001"/>
		<attribute name="DESCRIPTION" valueType="java.lang.String">Loan Origination System</attribute>
		<attribute name="LOCALE" valueType="java.lang.String" create="true" search="true">en</attribute>		
	</entity>
	
	<entity name="REF_REFERENCEGROUP" id="1000003" createMethod="admReferenceGroupAdd" getMethod="admReferenceGroupChoose" createKeyParam="NEXT_ID" getKeyParam="REFERENCEGROUPID" service="adminws">
		<attribute name="GROUPNAME" valueType="java.lang.String" create="true" postSearch="true">General</attribute>
		<attribute name="PARENTGROUPID" valueType="java.lang.Long" entityID="1000001"/>
		<attribute name="DESCRIPTION" valueType="java.lang.String">General</attribute>
		<attribute name="LOCALE" valueType="java.lang.String" create="true" search="true">en</attribute>		
	</entity>
	
	<!--Control Method-->
	<entity name="REF_REFERENCE" id="1000500" createMethod="admReferenceAdd" getMethod="admReferenceList" createKeyParam="NEXT_ID" getKeyParam="REFERENCEID" service="adminws">
        <attribute name="REFERENCEGROUPID" valueType="java.lang.Long" create="true" search="true" entityID="1000003"/>
        <attribute name="REFERENCEGROUP" valueType="java.lang.Long" create="true" search="true" entityID="1000003"/>
		<attribute name="REFERENCENAME" valueType="java.lang.String">Control Method</attribute>
		<attribute name="REFSYSNAME" valueType="java.lang.String" create="true" search="true" postSearch="true">controlMethodLOS</attribute>
		<attribute name="DESCRIPTION" valueType="java.lang.String">Control Method</attribute>
		<attribute name="LOCALE" valueType="java.lang.String" create="true" search="true">en</attribute>
	</entity>
	<entity name="REF_REFERENCELNG" id="10005001" getMethod="admReferenceLngByID" createMethod="admReferenceAddLng" createKeyParam="REFERENCENAME" getKeyParam="REFERENCENAME" updateMethod="admReferenceUpdateLng"  service="adminws" silent="true">
        <attribute name="CharLocale" valueType="java.lang.String" create="true" search="true">en</attribute>
        <attribute name="LOCALE" valueType="java.lang.String" create="true" search="true">en</attribute>
        <attribute name="DESCRIPTION" valueType="java.lang.String" create="true">Control Method</attribute>
        <attribute name="REFERENCENAME" valueType="java.lang.String" create="true">Control Method</attribute>
        <attribute name="REFERENCEID" valueType="java.lang.Long" search="true" create="true" entityID="1000500"/>
    </entity>
	
	<entity name="REF_REFITEM" id="1000501" createMethod="admReferenceItemAdd" getMethod="admReferenceItems" createKeyParam="REFITEMID" getKeyParam="REFITEMID" service="adminws">
 		<attribute name="REFERENCEID" valueType="java.lang.Long" create="true" search="true" entityID="1000500"/>
 		<attribute name="CODE" valueType="java.lang.String" create="true" search="true" postSearch="true">zeroStepControl</attribute>
 		<attribute name="SHORTVALUE" valueType="java.lang.String" create="true" postSearch="true">0 step of control</attribute>
 		<attribute name="LOCALE" valueType="java.lang.String" create="true" search="true">en</attribute>
 	</entity>
	<entity name="REF_REFITEMLNG" id="1000502" getMethod="admReferenceItemLngByID" createMethod="admReferenceItemAddLng" createKeyParam="SHORTVALUE" getKeyParam="SHORTVALUE" service="adminws" silent="true">
 		<attribute name="CharLocale" valueType="java.lang.String" create="true" search="true">en</attribute>
 		<attribute name="LOCALE" valueType="java.lang.String" create="true" search="true">en</attribute>
 		<attribute name="REFITEMID" valueType="java.lang.Long" search="true" create="true" entityID="1000501"/>
 		<attribute name="SHORTVALUE" valueType="java.lang.String" create="true">0 step of control</attribute>
 		<attribute name="FULLVALUE" valueType="java.lang.String" create="true"></attribute>
 	</entity>
 	
</root>	