<?xml version="1.0" encoding="UTF-8"?>
<root>

	<entity name="CORE_PROJECT" id="2"  createMethod="" getMethod="admProjectBySysname" additionalProcessMethod="admProjectBySysname" processKeyParam="PROJECTID" createKeyParam="PROJECTID" getKeyParam="PROJECTID" service="adminws">
		<attribute name="PROJECTSYSNAME" valueType="java.lang.String" create="true" search="true">FTDSMVC</attribute>
		</entity>
		
	<entity name="DMS_OBJECTTYPE" id="9" createMethod="" getMethod="dmsObjectTypeGetListByParams" createKeyParam="OBJECTTYPEID" getKeyParam="OBJECTTYPEID" service="dmsws" isIntService="true">
		<attribute name="OBJECTTYPEID" valueType="java.lang.Long" create="true" search="true">1103</attribute>
		<attribute name="SYSNAME" valueType="java.lang.String" create="true" search="true">autoLoanAppINT</attribute>
	</entity>				

	<entity name="DMS_OBJECTTYPE" id="10" createMethod="" getMethod="dmsObjectTypeGetListByParams" createKeyParam="OBJECTTYPEID" getKeyParam="OBJECTTYPEID" service="dmsws" isIntService="true">
		<attribute name="OBJECTTYPEID" valueType="java.lang.Long" create="true" search="true">1107</attribute>
		<attribute name="SYSNAME" valueType="java.lang.String" create="true" search="true">issueCardAppINT</attribute>
	</entity>	
	
	<entity name="DMS_OBJECTTYPE" id="11" createMethod="" getMethod="dmsObjectTypeGetListByParams" createKeyParam="OBJECTTYPEID" getKeyParam="OBJECTTYPEID" service="dmsws" isIntService="true">
		<attribute name="OBJECTTYPEID" valueType="java.lang.Long" create="true" search="true">1104</attribute>
		<attribute name="SYSNAME" valueType="java.lang.String" create="true" search="true">mortgageLoanAppINT</attribute>
	</entity>	
		
	<entity name="DMS_OBJECTTYPE" id="12" createMethod="" getMethod="dmsObjectTypeGetListByParams" createKeyParam="OBJECTTYPEID" getKeyParam="OBJECTTYPEID" service="dmsws" isIntService="true">
		<attribute name="OBJECTTYPEID" valueType="java.lang.Long" create="true" search="true">1105</attribute>
		<attribute name="SYSNAME" valueType="java.lang.String" create="true" search="true">consumerLoanAppINT</attribute>
	</entity>	
	
	<!-- User roles --> 
	<entity name="CORE_USERROLE" id="21" createMethod="" getMethod="admUserRoleBySysname" createKeyParam="ROLEID" getKeyParam="ROLEID" service="adminws">
		<attribute name="ROLESYSNAME" valueType="java.lang.String" create="true" search="true">LOSSalesPerson</attribute>
		<attribute name="LOCALE" valueType="java.lang.String">en</attribute>
	</entity>	
	
	<entity name="CORE_USERROLE" id="22"  createMethod="" getMethod="admUserRoleBySysname" createKeyParam="ROLEID" getKeyParam="ROLEID" service="adminws">
        <attribute name="ROLESYSNAME" valueType="java.lang.String" create="true" search="true">LOSSalesPersonAssistant</attribute>
        <attribute name="LOCALE" valueType="java.lang.String">en</attribute>
    </entity>
	
	<entity name="CORE_USERROLE" id="23" createMethod="" getMethod="admUserRoleBySysname" createKeyParam="ROLEID" getKeyParam="ROLEID" service="adminws">
        <attribute name="ROLESYSNAME" valueType="java.lang.String" create="true" search="true">LOSTeamLeaderOfSalesPerson</attribute>
        <attribute name="LOCALE" valueType="java.lang.String">en</attribute>
    </entity>
	
	<entity name="CORE_USERROLE" id="24" createMethod="" getMethod="admUserRoleBySysname" createKeyParam="ROLEID" getKeyParam="ROLEID" service="adminws">
		<attribute name="ROLESYSNAME" valueType="java.lang.String" create="true" search="true">LOSBranchManager</attribute>
		<attribute name="LOCALE" valueType="java.lang.String">en</attribute>
	</entity>
	
	<entity name="CORE_USERROLE" id="25" createMethod="" getMethod="admUserRoleBySysname" createKeyParam="ROLEID" getKeyParam="ROLEID" service="adminws">
		<attribute name="ROLESYSNAME" valueType="java.lang.String" create="true" search="true">LOSRelationshipManager</attribute>
		<attribute name="LOCALE" valueType="java.lang.String">en</attribute>
	</entity>

    <entity name="CORE_USERROLE" id="26" createMethod="" getMethod="admUserRoleBySysname" createKeyParam="ROLEID" getKeyParam="ROLEID" service="adminws">
        <attribute name="ROLESYSNAME" valueType="java.lang.String" create="true" search="true">LOSReappraisalAdmin</attribute>
        <attribute name="LOCALE" valueType="java.lang.String">en</attribute>
    </entity>

    <entity name="CORE_USERROLE" id="27" createMethod="" getMethod="admUserRoleBySysname" createKeyParam="ROLEID" getKeyParam="ROLEID" service="adminws">
        <attribute name="ROLESYSNAME" valueType="java.lang.String" create="true" search="true">LOSUnderwriter</attribute>
        <attribute name="LOCALE" valueType="java.lang.String">en</attribute>
    </entity>

    <entity name="CORE_USERROLE" id="28" createMethod="" getMethod="admUserRoleBySysname" createKeyParam="ROLEID" getKeyParam="ROLEID" service="adminws">
        <attribute name="ROLESYSNAME" valueType="java.lang.String" create="true" search="true">LOSUnderwriterManager</attribute>
        <attribute name="LOCALE" valueType="java.lang.String">en</attribute>
    </entity>

    <entity name="CORE_USERROLE" id="29" createMethod="" getMethod="admUserRoleBySysname" createKeyParam="ROLEID" getKeyParam="ROLEID" service="adminws">
        <attribute name="ROLESYSNAME" valueType="java.lang.String" create="true" search="true">LOSTeamleaderOfUnderwriter</attribute>
        <attribute name="LOCALE" valueType="java.lang.String">en</attribute>
    </entity>

    <entity name="CORE_USERROLE" id="30" createMethod="" getMethod="admUserRoleBySysname" createKeyParam="ROLEID" getKeyParam="ROLEID" service="adminws">
        <attribute name="ROLESYSNAME" valueType="java.lang.String" create="true" search="true">LOSFieldCheckInspector</attribute>
        <attribute name="LOCALE" valueType="java.lang.String">en</attribute>
    </entity>
	
	<entity name="CORE_USERROLE" id="31" createMethod="" getMethod="admUserRoleBySysname" createKeyParam="ROLEID" getKeyParam="ROLEID" service="adminws">
        <attribute name="ROLESYSNAME" valueType="java.lang.String" create="true" search="true">LOSFieldCheckInspector</attribute>
        <attribute name="LOCALE" valueType="java.lang.String">en</attribute>
    </entity>

    <entity name="CORE_USERROLE" id="32" createMethod="" getMethod="admUserRoleBySysname" createKeyParam="ROLEID" getKeyParam="ROLEID" service="adminws">
        <attribute name="ROLESYSNAME" valueType="java.lang.String" create="true" search="true">LOSApproverHO</attribute>
        <attribute name="LOCALE" valueType="java.lang.String">en</attribute>
    </entity>
	
    <entity name="CORE_USERROLE" id="33" createMethod="" getMethod="admUserRoleBySysname" createKeyParam="ROLEID" getKeyParam="ROLEID" service="adminws">
        <attribute name="ROLESYSNAME" valueType="java.lang.String" create="true" search="true">LOSCreditAdminBranch</attribute>
        <attribute name="LOCALE" valueType="java.lang.String">en</attribute>
    </entity>

    <entity name="CORE_USERROLE" id="34" createMethod="" getMethod="admUserRoleBySysname" createKeyParam="ROLEID" getKeyParam="ROLEID" service="adminws">
        <attribute name="ROLESYSNAME" valueType="java.lang.String" create="true" search="true">LOSCreditAdminHeadOffice</attribute>
        <attribute name="LOCALE" valueType="java.lang.String">en</attribute>
    </entity>

    <entity name="CORE_USERROLE" id="35" createMethod="" getMethod="admUserRoleBySysname" createKeyParam="ROLEID" getKeyParam="ROLEID" service="adminws">
        <attribute name="ROLESYSNAME" valueType="java.lang.String" create="true" search="true">LOSCADocumetPrep</attribute>
        <attribute name="LOCALE" valueType="java.lang.String">en</attribute>
    </entity>

    <entity name="CORE_USERROLE" id="36" createMethod="" getMethod="admUserRoleBySysname" createKeyParam="ROLEID" getKeyParam="ROLEID" service="adminws">
        <attribute name="ROLESYSNAME" valueType="java.lang.String" create="true" search="true">LOSCADocumentChecker</attribute>
        <attribute name="LOCALE" valueType="java.lang.String">en</attribute>
    </entity>
	
	<entity name="CORE_USERROLE" id="37" createMethod="" getMethod="admUserRoleBySysname" createKeyParam="ROLEID" getKeyParam="ROLEID" service="adminws">
        <attribute name="ROLESYSNAME" valueType="java.lang.String" create="true" search="true">LOSDocumentsCollector</attribute>
        <attribute name="LOCALE" valueType="java.lang.String">en</attribute>
    </entity>
	
	<!--Этапы машина состояний -->
	
	<entity name="FRNT_SMSTATE" id="2007" createMethod="" getMethod="smStateGetListByParams" createKeyParam="STATEID" getKeyParam="STATEID" service="frontws2" isExtService="true">
		<attribute name="SYSNAME" valueType="java.lang.String" create="true" search="true">LOSEscalationApproval</attribute>
		<attribute name="NAME" valueType="java.lang.String" create="true">Escalation Approval</attribute>
		<attribute name="TYPEID" valueType="java.lang.Long"  create="true" search="true" entityID="9"/>	
		<attribute name="ProjectID" valueType="java.lang.Long" entityID="2" search="true"/>	
	</entity>
	
	<entity name="FRNT_SMSTATE" id="2008" createMethod="" getMethod="smStateGetListByParams" createKeyParam="STATEID" getKeyParam="STATEID" service="frontws2" isExtService="true">
		<attribute name="SYSNAME" valueType="java.lang.String" create="true" search="true">LOSEscalationApproval</attribute>
		<attribute name="NAME" valueType="java.lang.String" create="true">Escalation Approval</attribute>
		<attribute name="TYPEID" valueType="java.lang.Long"  create="true" search="true" entityID="10"/>	
		<attribute name="ProjectID" valueType="java.lang.Long" entityID="2" search="true"/>	
	</entity>
	
	<entity name="FRNT_SMSTATE" id="2009" createMethod="" getMethod="smStateGetListByParams" createKeyParam="STATEID" getKeyParam="STATEID" service="frontws2" isExtService="true">
		<attribute name="SYSNAME" valueType="java.lang.String" create="true" search="true">LOSEscalationApproval</attribute>
		<attribute name="NAME" valueType="java.lang.String" create="true">Escalation Approval</attribute>
		<attribute name="TYPEID" valueType="java.lang.Long"  create="true" search="true" entityID="11"/>	
		<attribute name="ProjectID" valueType="java.lang.Long" entityID="2" search="true"/>	
	</entity>
	
		
	<entity name="FRNT_SMSTATE" id="2010" createMethod="" getMethod="smStateGetListByParams" createKeyParam="STATEID" getKeyParam="STATEID" service="frontws2" isExtService="true">
		<attribute name="SYSNAME" valueType="java.lang.String" create="true" search="true">LOSEscalationApproval</attribute>
		<attribute name="NAME" valueType="java.lang.String" create="true">Escalation Approval</attribute>
		<attribute name="TYPEID" valueType="java.lang.Long"  create="true" search="true" entityID="12"/>	
		<attribute name="ProjectID" valueType="java.lang.Long" entityID="2" search="true"/>	
	</entity>
	
	<!-- Этапы принятия решения -->
	<entity name="DMS_DECISIONSTAGE" id="3007" createMethod="" updateMethod="decisionStageModify" getMethod="decisionStageGetListByParams" createKeyParam="DECISIONSTAGEID" getKeyParam="DECISIONSTAGEID" service="dmsws" isIntService="true">
		<attribute name="STAGESYSNAME" valueType="java.lang.String" create="true" search="true">LOSEscalationApproval</attribute>
		<attribute name="STAGENAME" valueType="java.lang.String" create="true">Escalation Approval</attribute>
		<attribute name="DECISIONTERM" valueType="java.lang.Long" create="true">0</attribute>
		<attribute name="AUTHORIZEDTYPE" valueType="java.lang.Integer" create="true">2</attribute>
		<attribute name="AUTHORIZEDID" valueType="java.lang.Long" create="true" entityID="24"/>
		<attribute name="VALUELIST" valueType="java.util.Map" create="true" replaceID="9,2007,10,2008,11,2009,12,2010"><![CDATA[<?xml version="1.0" encoding="UTF-8"?><content version="1.0"><param name="OBJECTSTATELINKLIST" valueClass="java.util.ArrayList"><param name="" valueClass="ru.diasoft.utils.DefaultedHashMap"><param name="OBJECTTYPEID" value="$entityID9$" valueClass="java.lang.Long"/><param name="STATEID" value="$entityID2007$" valueClass="java.lang.Long"/></param><param name="" valueClass="ru.diasoft.utils.DefaultedHashMap"><param name="OBJECTTYPEID" value="$entityID10$" valueClass="java.lang.Long"/><param name="STATEID" value="$entityID2008$" valueClass="java.lang.Long"/></param><param name="" valueClass="ru.diasoft.utils.DefaultedHashMap"><param name="OBJECTTYPEID" value="$entityID11$" valueClass="java.lang.Long"/><param name="STATEID" value="$entityID2009$" valueClass="java.lang.Long"/></param><param name="" valueClass="ru.diasoft.utils.DefaultedHashMap"><param name="OBJECTTYPEID" value="$entityID12$" valueClass="java.lang.Long"/><param name="STATEID" value="$entityID2010$" valueClass="java.lang.Long"/></param></param></content>]]></attribute>
		<attribute name="MapToExpand" valueType="java.lang.String" create="true">VALUELIST</attribute>
		<attribute name="PAGEFLOWNAME" valueType="java.lang.String" create="true">[FTDSMVC]COMMON\decisionMaking\decisionMakingEscalate</attribute>
		<attribute name="DESCRIPTION" valueType="java.lang.String" create="true"></attribute>
	</entity>
	
</root>