<?xml version="1.0" encoding="UTF-8"?>
<root>
	<!-- Общее для всех модулей -->
	<entity name="AUTO_PK_SUPPORT" id="0" createMethod="setAutoPkSupportValues" getMethod="" createKeyParam="Result" getKeyParam="" service="">
		<attribute name="CORE_PROCESSTYPE" valueType="java.lang.String">PROCESSTYPEID</attribute>
		<attribute name="DMS_DATASET" valueType="java.lang.String">DATASETID</attribute>
		<attribute name="DMS_DATASETPARAM" valueType="java.lang.String">DATASETPARAMID</attribute>
		<attribute name="DMS_RULEGROUP" valueType="java.lang.String">RULEGROUPID</attribute>
		<attribute name="DMS_RULE" valueType="java.lang.String">RULEID</attribute>
		<attribute name="DMS_RULENODE" valueType="java.lang.String">RULENODEID</attribute>
	</entity>
	
	<!-- Проект -->

	<entity name="CORE_PROJECT" id="1" createMethod="admProjectAdd" getMethod="admProjectBySysname" additionalProcessMethod="admProjectBySysname" processKeyParam="PROJECTID" createKeyParam="PROJECTID" getKeyParam="PROJECTID" service="adminws">
		<attribute name="PROJECTSYSNAME" valueType="java.lang.String" create="true" process="true" search="true">FTDS</attribute>
		<attribute name="PROJECTNAME" valueType="java.lang.String">FLEXTERA "Поддержка принятия решения"</attribute>
		<attribute name="METADATAURL" valueType="java.lang.String">D:\METADATA\TEST\dms\</attribute>
		<attribute name="USERMETADATAURL" valueType="java.lang.String">D:\METADATA\TEST\dms\</attribute>
	</entity>
	
	<!-- Процесс -->
	
	<entity name="CORE_PROCESSTYPE" id="60" createMethod="shdaddjobtype" getMethod="shdJobTypes" createKeyParam="Result" getKeyParam="PROCESSTYPEID" service="corews">
		<attribute name="PROJECTSYSNAME" valueType="java.lang.String" search="true">FTDS</attribute>
		<attribute name="PROCTYPENAME" valueType="java.lang.String" create="true" search="true">dmsDefinitionSecurityInRule</attribute>
		<attribute name="PROCFILE" valueType="java.lang.String">dmsDefinitionSecurityInRule</attribute>
		<attribute name="DESCRIPTION" valueType="java.lang.String">Распределение задач между СЭБ по условиям</attribute>
		<attribute name="PROJECTID" valueType="java.lang.Long" create="true" search="true" entityID="1"/>
	</entity>	
	
	<!-- Наборы данных для правил-->		
	
	<entity name="DMS_DATASET" id="100" createMethod="ruleDatasetCreate" getMethod="ruleDatasetGetListByParams" createKeyParam="DATASETID" getKeyParam="DATASETID" service="dmsws" isIntService="true">
		<attribute name="SYSNAME" valueType="java.lang.String" create="true" search="true">ConditionsSEBParam</attribute>
		<attribute name="FULLNAME" valueType="java.lang.String" create="true">Параметры правил распределения задач между СЭБ</attribute>
	</entity>
	
	<!-- Параметры для набора данных (правила для проверок) -->	
	
	<!--<entity name="DMS_DATASETPARAM" id="150" createMethod="ruleDatasetParamCreate" getMethod="ruleDatasetParamGetListByParams" createKeyParam="DATASETPARAMID" getKeyParam="DATASETPARAMID" service="dmsws" isIntService="true">
		<attribute name="DATASETID" valueType="java.lang.Long" create="true" search="true" entityID="100"/>
		<attribute name="PARAMTYPE" valueType="java.lang.Integer" create="true" search="true">0</attribute>
		<attribute name="SYSNAME" valueType="java.lang.String" create="true" search="true">checkType</attribute>
		<attribute name="NAME" valueType="java.lang.String" create="true"></attribute>
		<attribute name="FULLNAME" valueType="java.lang.String" create="true">Тип (глубина) проверки</attribute>
		<attribute name="PARAMVALUETYPE" valueType="java.lang.String" create="true" search="true">java.lang.String</attribute>
		<attribute name="ISREQUIRED" valueType="java.lang.Integer" create="true">0</attribute>
	</entity>-->
	<entity name="DMS_DATASETPARAM" id="150" createMethod="ruleDatasetParamCreate" getMethod="ruleDatasetParamGetListByParams" createKeyParam="DATASETPARAMID" getKeyParam="DATASETPARAMID" service="dmsws" isIntService="true">
		<attribute name="DATASETID" valueType="java.lang.Long" create="true" search="true" entityID="100"/>
		<attribute name="PARAMTYPE" valueType="java.lang.Integer" create="true" search="true">0</attribute>
		<attribute name="SYSNAME" valueType="java.lang.String" create="true" search="true">clientSocialStatus</attribute>
		<attribute name="NAME" valueType="java.lang.String" create="true"></attribute>
		<attribute name="FULLNAME" valueType="java.lang.String" create="true">Социальный статус</attribute>
		<attribute name="PARAMVALUETYPE" valueType="java.lang.String" create="true" search="true">java.lang.String</attribute>
		<attribute name="ISREQUIRED" valueType="java.lang.Integer" create="true">0</attribute>
	</entity>		
	
	<entity name="DMS_DATASETPARAM" id="200" createMethod="ruleDatasetParamCreate" getMethod="ruleDatasetParamGetListByParams" createKeyParam="DATASETPARAMID" getKeyParam="DATASETPARAMID" service="dmsws" isIntService="true">
		<attribute name="DATASETID" valueType="java.lang.Long" create="true" search="true" entityID="100"/>
		<attribute name="PARAMTYPE" valueType="java.lang.Integer" create="true" search="true">0</attribute>
		<attribute name="SYSNAME" valueType="java.lang.String" create="true" search="true">bankProductName</attribute>
		<attribute name="NAME" valueType="java.lang.String" create="true"></attribute>
		<attribute name="FULLNAME" valueType="java.lang.String" create="true">Наименование продукта</attribute>
		<attribute name="PARAMVALUETYPE" valueType="java.lang.String" create="true" search="true">java.lang.String</attribute>
		<attribute name="ISREQUIRED" valueType="java.lang.Integer" create="true">0</attribute>
	</entity>
	
	<!-- Группы правил -->
	
	<entity name="DMS_RULEGROUP" id="250" createMethod="ruleGroupCreate" getMethod="ruleGroupGetListByParams" createKeyParam="RULEGROUPID" getKeyParam="RULEGROUPID" service="dmsws" isIntService="true">
		<attribute name="SYSNAME" valueType="java.lang.String" create="true" search="true">DefinitionSEB</attribute>
		<attribute name="NAME" valueType="java.lang.String" create="true">Перераспределение заявок по СЭБ</attribute>
		<attribute name="DESCRIPTION" valueType="java.lang.String" create="true">Перераспределение заявок по СЭБ</attribute>
	</entity>
	
	<!-- Правила  СЭБ-->
	
	<entity name="DMS_RULE" id="300" createMethod="ruleCreate" getMethod="ruleGetListByParams" createKeyParam="RULEID" getKeyParam="RULEID" service="dmsws" isIntService="true">
		<attribute name="SYSNAME" valueType="java.lang.String" create="true" search="true">SEB1</attribute>
		<attribute name="NAME" valueType="java.lang.String" create="true">Распределение задач СЭБ 1</attribute>
		<attribute name="DESCRIPTION" valueType="java.lang.String" create="true"></attribute>
		<attribute name="RULEGROUPID" valueType="java.lang.Long" create="true" search="true" entityID="250"/>
		<attribute name="DATASETID" valueType="java.lang.Long" create="true" search="true" entityID="100"/>
	</entity>
		
	<entity name="DMS_RULE" id="350" createMethod="ruleCreate" getMethod="ruleGetListByParams" createKeyParam="RULEID" getKeyParam="RULEID" service="dmsws" isIntService="true">
		<attribute name="SYSNAME" valueType="java.lang.String" create="true" search="true">SEB2</attribute>
		<attribute name="NAME" valueType="java.lang.String" create="true">Распределение задач СЭБ 2</attribute>
		<attribute name="DESCRIPTION" valueType="java.lang.String" create="true"></attribute>
		<attribute name="RULEGROUPID" valueType="java.lang.Long" create="true" search="true" entityID="250"/>
		<attribute name="DATASETID" valueType="java.lang.Long" create="true" search="true" entityID="100"/>
	</entity>
	
	<entity name="DMS_RULENODE" id="400" createMethod="ruleNodeCreate" getMethod="ruleNodeGetListByParams" createKeyParam="RULENODEID" getKeyParam="RULENODEID" service="dmsws">
		<attribute name="PARENTRULENODEID" valueType="java.lang.Long" create="true" search="true">0</attribute>
		<attribute name="RULEID" valueType="java.lang.Long" create="true" search="true" entityID="300"/>
		<attribute name="NODETYPE" valueType="java.lang.String" create="true">6</attribute>
		<attribute name="NODEVALUE" valueType="java.util.Map" create="true" replaceID="150,200"><![CDATA[<?xml version="1.0" encoding="UTF-8"?><content version="1.0"><param name="CELLS" valueClass="java.util.ArrayList"><param name="" valueClass="ru.diasoft.utils.DefaultedHashMap"><param name="VALUE" value="60" valueClass="java.lang.String"/><param name="CONDITIONS" valueClass="java.util.ArrayList"><param name="" valueClass="ru.diasoft.utils.DefaultedHashMap"><param name="DATASETPARAMID" value="$entityID200$" valueClass="java.lang.Integer"/><param name="DEFAULTVALUE" value="" valueClass="java.lang.String"/><param name="PARAMID" value="2" valueClass="java.lang.Integer"/><param name="CONDITION" value="" valueClass="java.lang.String"/><param name="ID" value="1" valueClass="java.lang.Integer"/><param name="PARAMSYSNAME" value="bankProductName" valueClass="java.lang.String"/><param name="TOPVALUE" value="Кредит на новый автомобиль (с обязательным страхованием Автокаско)" valueClass="java.lang.String"/><param name="LOWVALUE" value="Кредит на новый автомобиль (с обязательным страхованием Автокаско)" valueClass="java.lang.String"/></param><param name="" valueClass="ru.diasoft.utils.DefaultedHashMap"><param name="DEFAULTVALUE" value="Работа по найму" valueClass="java.lang.String"/><param name="DATASETPARAMID" value="$entityID150$" valueClass="java.lang.String"/><param name="PARAMID" value="3" valueClass="java.lang.Integer"/><param name="PARAMSYSNAME" value="clientSocialStatus" valueClass="java.lang.String"/><param name="ID" value="1" valueClass="java.lang.Integer"/><param name="CONDITION" value="" valueClass="java.lang.String"/><param name="TOPVALUE" value="Работа по найму" valueClass="java.lang.String"/><param name="LOWVALUE" value="Работа по найму" valueClass="java.lang.String"/></param></param><param name="ID" value="0" valueClass="java.lang.Integer"/></param><param name="" valueClass="ru.diasoft.utils.DefaultedHashMap"><param name="VALUE" value="30" valueClass="java.lang.String"/><param name="CONDITIONS" valueClass="java.util.ArrayList"><param name="" valueClass="ru.diasoft.utils.DefaultedHashMap"><param name="DATASETPARAMID" value="$entityID200$" valueClass="java.lang.Integer"/><param name="DEFAULTVALUE" value="" valueClass="java.lang.String"/><param name="PARAMID" value="2" valueClass="java.lang.Integer"/><param name="CONDITION" value="" valueClass="java.lang.String"/><param name="ID" value="1" valueClass="java.lang.Integer"/><param name="PARAMSYSNAME" value="bankProductName" valueClass="java.lang.String"/><param name="TOPVALUE" value="Кредит на новый автомобиль (с обязательным страхованием Автокаско)" valueClass="java.lang.String"/><param name="LOWVALUE" value="Кредит на новый автомобиль (с обязательным страхованием Автокаско)" valueClass="java.lang.String"/></param><param name="" valueClass="ru.diasoft.utils.DefaultedHashMap"><param name="DEFAULTVALUE" value="Работа по найму" valueClass="java.lang.String"/><param name="DATASETPARAMID" value="$entityID150$" valueClass="java.lang.String"/><param name="PARAMID" value="3" valueClass="java.lang.Integer"/><param name="PARAMSYSNAME" value="clientSocialStatus" valueClass="java.lang.String"/><param name="ID" value="2" valueClass="java.lang.Integer"/><param name="CONDITION" value="" valueClass="java.lang.String"/><param name="TOPVALUE" value="Военнослужащий" valueClass="java.lang.String"/><param name="LOWVALUE" value="Военнослужащий" valueClass="java.lang.String"/></param></param><param name="ID" value="1" valueClass="java.lang.Integer"/></param><param name="" valueClass="ru.diasoft.utils.DefaultedHashMap"><param name="VALUE" value="0" valueClass="java.lang.String"/><param name="CONDITIONS" valueClass="java.util.ArrayList"><param name="" valueClass="ru.diasoft.utils.DefaultedHashMap"><param name="DATASETPARAMID" value="$entityID200$" valueClass="java.lang.Integer"/><param name="DEFAULTVALUE" value="" valueClass="java.lang.String"/><param name="PARAMID" value="2" valueClass="java.lang.Integer"/><param name="CONDITION" value="" valueClass="java.lang.String"/><param name="ID" value="1" valueClass="java.lang.Integer"/><param name="PARAMSYSNAME" value="bankProductName" valueClass="java.lang.String"/><param name="TOPVALUE" value="Кредит на новый автомобиль (с обязательным страхованием Автокаско)" valueClass="java.lang.String"/><param name="LOWVALUE" value="Кредит на новый автомобиль (с обязательным страхованием Автокаско)" valueClass="java.lang.String"/></param><param name="" valueClass="ru.diasoft.utils.DefaultedHashMap"><param name="DEFAULTVALUE" value="Работа по найму" valueClass="java.lang.String"/><param name="DATASETPARAMID" value="$entityID150$" valueClass="java.lang.String"/><param name="PARAMID" value="3" valueClass="java.lang.Integer"/><param name="PARAMSYSNAME" value="clientSocialStatus" valueClass="java.lang.String"/><param name="ID" value="3" valueClass="java.lang.Integer"/><param name="CONDITION" value="" valueClass="java.lang.String"/><param name="TOPVALUE" value="Предприниматель" valueClass="java.lang.String"/><param name="LOWVALUE" value="Предприниматель" valueClass="java.lang.String"/></param></param><param name="ID" value="2" valueClass="java.lang.Integer"/></param><param name="" valueClass="ru.diasoft.utils.DefaultedHashMap"><param name="VALUE" value="0" valueClass="java.lang.String"/><param name="CONDITIONS" valueClass="java.util.ArrayList"><param name="" valueClass="ru.diasoft.utils.DefaultedHashMap"><param name="DATASETPARAMID" value="$entityID200$" valueClass="java.lang.Integer"/><param name="DEFAULTVALUE" value="" valueClass="java.lang.String"/><param name="PARAMID" value="2" valueClass="java.lang.Integer"/><param name="CONDITION" value="" valueClass="java.lang.String"/><param name="ID" value="1" valueClass="java.lang.Integer"/><param name="PARAMSYSNAME" value="bankProductName" valueClass="java.lang.String"/><param name="TOPVALUE" value="Кредит на новый автомобиль (с обязательным страхованием Автокаско)" valueClass="java.lang.String"/><param name="LOWVALUE" value="Кредит на новый автомобиль (с обязательным страхованием Автокаско)" valueClass="java.lang.String"/></param><param name="" valueClass="ru.diasoft.utils.DefaultedHashMap"><param name="DEFAULTVALUE" value="Работа по найму" valueClass="java.lang.String"/><param name="DATASETPARAMID" value="$entityID150$" valueClass="java.lang.String"/><param name="PARAMID" value="3" valueClass="java.lang.Integer"/><param name="PARAMSYSNAME" value="clientSocialStatus" valueClass="java.lang.String"/><param name="ID" value="4" valueClass="java.lang.Integer"/><param name="CONDITION" value="" valueClass="java.lang.String"/><param name="TOPVALUE" value="Частная практика" valueClass="java.lang.String"/><param name="LOWVALUE" value="Частная практика" valueClass="java.lang.String"/></param></param><param name="ID" value="3" valueClass="java.lang.Integer"/></param><param name="" valueClass="ru.diasoft.utils.DefaultedHashMap"><param name="VALUE" value="80" valueClass="java.lang.String"/><param name="CONDITIONS" valueClass="java.util.ArrayList"><param name="" valueClass="ru.diasoft.utils.DefaultedHashMap"><param name="DATASETPARAMID" value="$entityID200$" valueClass="java.lang.Integer"/><param name="DEFAULTVALUE" value="" valueClass="java.lang.String"/><param name="PARAMID" value="2" valueClass="java.lang.Integer"/><param name="CONDITION" value="" valueClass="java.lang.String"/><param name="ID" value="1" valueClass="java.lang.Integer"/><param name="PARAMSYSNAME" value="bankProductName" valueClass="java.lang.String"/><param name="TOPVALUE" value="Кредит на новый автомобиль (с обязательным страхованием Автокаско)" valueClass="java.lang.String"/><param name="LOWVALUE" value="Кредит на новый автомобиль (с обязательным страхованием Автокаско)" valueClass="java.lang.String"/></param><param name="" valueClass="ru.diasoft.utils.DefaultedHashMap"><param name="DEFAULTVALUE" value="Работа по найму" valueClass="java.lang.String"/><param name="DATASETPARAMID" value="$entityID150$" valueClass="java.lang.String"/><param name="PARAMID" value="3" valueClass="java.lang.Integer"/><param name="PARAMSYSNAME" value="clientSocialStatus" valueClass="java.lang.String"/><param name="ID" value="5" valueClass="java.lang.Integer"/><param name="CONDITION" value="" valueClass="java.lang.String"/><param name="TOPVALUE" value="Студент" valueClass="java.lang.String"/><param name="LOWVALUE" value="Студент" valueClass="java.lang.String"/></param></param><param name="ID" value="4" valueClass="java.lang.Integer"/></param><param name="" valueClass="ru.diasoft.utils.DefaultedHashMap"><param name="VALUE" value="80" valueClass="java.lang.String"/><param name="CONDITIONS" valueClass="java.util.ArrayList"><param name="" valueClass="ru.diasoft.utils.DefaultedHashMap"><param name="DATASETPARAMID" value="$entityID200$" valueClass="java.lang.Integer"/><param name="DEFAULTVALUE" value="" valueClass="java.lang.String"/><param name="PARAMID" value="2" valueClass="java.lang.Integer"/><param name="CONDITION" value="" valueClass="java.lang.String"/><param name="ID" value="1" valueClass="java.lang.Integer"/><param name="PARAMSYSNAME" value="bankProductName" valueClass="java.lang.String"/><param name="TOPVALUE" value="Кредит на новый автомобиль (с обязательным страхованием Автокаско)" valueClass="java.lang.String"/><param name="LOWVALUE" value="Кредит на новый автомобиль (с обязательным страхованием Автокаско)" valueClass="java.lang.String"/></param><param name="" valueClass="ru.diasoft.utils.DefaultedHashMap"><param name="DEFAULTVALUE" value="Работа по найму" valueClass="java.lang.String"/><param name="DATASETPARAMID" value="$entityID150$" valueClass="java.lang.String"/><param name="PARAMID" value="3" valueClass="java.lang.Integer"/><param name="PARAMSYSNAME" value="clientSocialStatus" valueClass="java.lang.String"/><param name="ID" value="6" valueClass="java.lang.Integer"/><param name="CONDITION" value="" valueClass="java.lang.String"/><param name="TOPVALUE" value="Пенсионер" valueClass="java.lang.String"/><param name="LOWVALUE" value="Пенсионер" valueClass="java.lang.String"/></param></param><param name="ID" value="5" valueClass="java.lang.Integer"/></param><param name="" valueClass="ru.diasoft.utils.DefaultedHashMap"><param name="VALUE" value="100" valueClass="java.lang.String"/><param name="CONDITIONS" valueClass="java.util.ArrayList"><param name="" valueClass="ru.diasoft.utils.DefaultedHashMap"><param name="DATASETPARAMID" value="$entityID200$" valueClass="java.lang.Integer"/><param name="DEFAULTVALUE" value="" valueClass="java.lang.String"/><param name="PARAMID" value="2" valueClass="java.lang.Integer"/><param name="CONDITION" value="" valueClass="java.lang.String"/><param name="ID" value="1" valueClass="java.lang.Integer"/><param name="PARAMSYSNAME" value="bankProductName" valueClass="java.lang.String"/><param name="TOPVALUE" value="Кредит на новый автомобиль (с обязательным страхованием Автокаско)" valueClass="java.lang.String"/><param name="LOWVALUE" value="Кредит на новый автомобиль (с обязательным страхованием Автокаско)" valueClass="java.lang.String"/></param><param name="" valueClass="ru.diasoft.utils.DefaultedHashMap"><param name="DEFAULTVALUE" value="Работа по найму" valueClass="java.lang.String"/><param name="DATASETPARAMID" value="$entityID150$" valueClass="java.lang.String"/><param name="PARAMID" value="3" valueClass="java.lang.Integer"/><param name="PARAMSYSNAME" value="clientSocialStatus" valueClass="java.lang.String"/><param name="ID" value="7" valueClass="java.lang.Integer"/><param name="CONDITION" value="" valueClass="java.lang.String"/><param name="TOPVALUE" value="Безработный" valueClass="java.lang.String"/><param name="LOWVALUE" value="Безработный" valueClass="java.lang.String"/></param></param><param name="ID" value="6" valueClass="java.lang.Integer"/></param><param name="" valueClass="ru.diasoft.utils.DefaultedHashMap"><param name="VALUE" value="40" valueClass="java.lang.String"/><param name="CONDITIONS" valueClass="java.util.ArrayList"><param name="" valueClass="ru.diasoft.utils.DefaultedHashMap"><param name="DATASETPARAMID" value="$entityID200$" valueClass="java.lang.Integer"/><param name="DEFAULTVALUE" value="" valueClass="java.lang.String"/><param name="PARAMID" value="2" valueClass="java.lang.Integer"/><param name="CONDITION" value="" valueClass="java.lang.String"/><param name="ID" value="1" valueClass="java.lang.Integer"/><param name="PARAMSYSNAME" value="bankProductName" valueClass="java.lang.String"/><param name="TOPVALUE" value="Кредит на новый автомобиль (с обязательным страхованием Автокаско)" valueClass="java.lang.String"/><param name="LOWVALUE" value="Кредит на новый автомобиль (с обязательным страхованием Автокаско)" valueClass="java.lang.String"/></param><param name="" valueClass="ru.diasoft.utils.DefaultedHashMap"><param name="DEFAULTVALUE" value="Работа по найму" valueClass="java.lang.String"/><param name="DATASETPARAMID" value="$entityID150$" valueClass="java.lang.String"/><param name="PARAMID" value="3" valueClass="java.lang.Integer"/><param name="PARAMSYSNAME" value="clientSocialStatus" valueClass="java.lang.String"/><param name="ID" value="8" valueClass="java.lang.Integer"/><param name="CONDITION" value="" valueClass="java.lang.String"/><param name="TOPVALUE" value="Частичная занятость" valueClass="java.lang.String"/><param name="LOWVALUE" value="Частичная занятость" valueClass="java.lang.String"/></param></param><param name="ID" value="7" valueClass="java.lang.Integer"/></param><param name="" valueClass="ru.diasoft.utils.DefaultedHashMap"><param name="VALUE" value="50" valueClass="java.lang.String"/><param name="CONDITIONS" valueClass="java.util.ArrayList"><param name="" valueClass="ru.diasoft.utils.DefaultedHashMap"><param name="DATASETPARAMID" value="$entityID200$" valueClass="java.lang.Integer"/><param name="DEFAULTVALUE" value="" valueClass="java.lang.String"/><param name="PARAMID" value="2" valueClass="java.lang.Integer"/><param name="CONDITION" value="" valueClass="java.lang.String"/><param name="ID" value="1" valueClass="java.lang.Integer"/><param name="PARAMSYSNAME" value="bankProductName" valueClass="java.lang.String"/><param name="TOPVALUE" value="Кредит на новый автомобиль (с обязательным страхованием Автокаско)" valueClass="java.lang.String"/><param name="LOWVALUE" value="Кредит на новый автомобиль (с обязательным страхованием Автокаско)" valueClass="java.lang.String"/></param><param name="" valueClass="ru.diasoft.utils.DefaultedHashMap"><param name="DEFAULTVALUE" value="Работа по найму" valueClass="java.lang.String"/><param name="DATASETPARAMID" value="$entityID150$" valueClass="java.lang.String"/><param name="PARAMID" value="3" valueClass="java.lang.Integer"/><param name="PARAMSYSNAME" value="clientSocialStatus" valueClass="java.lang.String"/><param name="ID" value="9" valueClass="java.lang.Integer"/><param name="CONDITION" value="" valueClass="java.lang.String"/><param name="TOPVALUE" value="Другое" valueClass="java.lang.String"/><param name="LOWVALUE" value="Другое" valueClass="java.lang.String"/></param></param><param name="ID" value="8" valueClass="java.lang.Integer"/></param><param name="" valueClass="ru.diasoft.utils.DefaultedHashMap"><param name="VALUE" value="0" valueClass="java.lang.String"/><param name="CONDITIONS" valueClass="java.util.ArrayList"><param name="" valueClass="ru.diasoft.utils.DefaultedHashMap"><param name="DATASETPARAMID" value="$entityID200$" valueClass="java.lang.Integer"/><param name="DEFAULTVALUE" value="" valueClass="java.lang.String"/><param name="PARAMID" value="2" valueClass="java.lang.Integer"/><param name="CONDITION" value="" valueClass="java.lang.String"/><param name="ID" value="1" valueClass="java.lang.Integer"/><param name="PARAMSYSNAME" value="bankProductName" valueClass="java.lang.String"/><param name="TOPVALUE" value="Кредит на новый автомобиль (с обязательным страхованием Автокаско)" valueClass="java.lang.String"/><param name="LOWVALUE" value="Кредит на новый автомобиль (с обязательным страхованием Автокаско)" valueClass="java.lang.String"/></param><param name="" valueClass="ru.diasoft.utils.DefaultedHashMap"><param name="DEFAULTVALUE" value="Работа по найму" valueClass="java.lang.String"/><param name="DATASETPARAMID" value="$entityID150$" valueClass="java.lang.String"/><param name="PARAMID" value="3" valueClass="java.lang.Integer"/><param name="PARAMSYSNAME" value="clientSocialStatus" valueClass="java.lang.String"/><param name="ID" value="10" valueClass="java.lang.Integer"/><param name="CONDITION" value="" valueClass="java.lang.String"/><param name="TOPVALUE" value="Предприниматель/Частная практика" valueClass="java.lang.String"/><param name="LOWVALUE" value="Предприниматель/Частная практика" valueClass="java.lang.String"/></param></param><param name="ID" value="9" valueClass="java.lang.Integer"/></param></param><param name="PARAMETERS" valueClass="java.util.ArrayList"><param name="" valueClass="ru.diasoft.utils.DefaultedHashMap"><param name="DATASETPARAMID" value="$entityID200$" valueClass="java.lang.Integer"/><param name="DEFAULTVALUE" value="" valueClass="java.lang.String"/><param name="CONDITIONS" valueClass="java.util.ArrayList"><param name="" valueClass="ru.diasoft.utils.DefaultedHashMap"><param name="DEFAULTVALUE" value="" valueClass="java.lang.String"/><param name="DATASETPARAMID" value="$entityID200$" valueClass="java.lang.Integer"/><param name="PARAMID" value="2" valueClass="java.lang.Integer"/><param name="PARAMSYSNAME" value="bankProductName" valueClass="java.lang.String"/><param name="ID" value="1" valueClass="java.lang.Integer"/><param name="CONDITION" value="" valueClass="java.lang.String"/><param name="TOPVALUE" value="Кредит на новый автомобиль (с обязательным страхованием Автокаско)" valueClass="java.lang.String"/><param name="LOWVALUE" value="Кредит на новый автомобиль (с обязательным страхованием Автокаско)" valueClass="java.lang.String"/></param></param><param name="ID" value="2" valueClass="java.lang.Integer"/><param name="PARAMSYSNAME" value="bankProductName" valueClass="java.lang.String"/></param><param name="" valueClass="ru.diasoft.utils.DefaultedHashMap"><param name="DATASETPARAMID" value="$entityID150$" valueClass="java.lang.String"/><param name="DEFAULTVALUE" value="Работа по найму" valueClass="java.lang.String"/><param name="CONDITIONS" valueClass="java.util.ArrayList"><param name="" valueClass="ru.diasoft.utils.DefaultedHashMap"><param name="DATASETPARAMID" value="$entityID150$" valueClass="java.lang.String"/><param name="DEFAULTVALUE" value="Работа по найму" valueClass="java.lang.String"/><param name="PARAMID" value="3" valueClass="java.lang.Integer"/><param name="CONDITION" value="" valueClass="java.lang.String"/><param name="ID" value="1" valueClass="java.lang.Integer"/><param name="PARAMSYSNAME" value="clientSocialStatus" valueClass="java.lang.String"/><param name="TOPVALUE" value="Работа по найму" valueClass="java.lang.String"/><param name="LOWVALUE" value="Работа по найму" valueClass="java.lang.String"/></param><param name="" valueClass="ru.diasoft.utils.DefaultedHashMap"><param name="DATASETPARAMID" value="$entityID150$" valueClass="java.lang.String"/><param name="DEFAULTVALUE" value="Работа по найму" valueClass="java.lang.String"/><param name="PARAMID" value="3" valueClass="java.lang.Integer"/><param name="CONDITION" value="" valueClass="java.lang.String"/><param name="ID" value="2" valueClass="java.lang.Integer"/><param name="PARAMSYSNAME" value="clientSocialStatus" valueClass="java.lang.String"/><param name="TOPVALUE" value="Военнослужащий" valueClass="java.lang.String"/><param name="LOWVALUE" value="Военнослужащий" valueClass="java.lang.String"/></param><param name="" valueClass="ru.diasoft.utils.DefaultedHashMap"><param name="DATASETPARAMID" value="$entityID150$" valueClass="java.lang.String"/><param name="DEFAULTVALUE" value="Работа по найму" valueClass="java.lang.String"/><param name="PARAMID" value="3" valueClass="java.lang.Integer"/><param name="CONDITION" value="" valueClass="java.lang.String"/><param name="ID" value="3" valueClass="java.lang.Integer"/><param name="PARAMSYSNAME" value="clientSocialStatus" valueClass="java.lang.String"/><param name="TOPVALUE" value="Предприниматель" valueClass="java.lang.String"/><param name="LOWVALUE" value="Предприниматель" valueClass="java.lang.String"/></param><param name="" valueClass="ru.diasoft.utils.DefaultedHashMap"><param name="DATASETPARAMID" value="$entityID150$" valueClass="java.lang.String"/><param name="DEFAULTVALUE" value="Работа по найму" valueClass="java.lang.String"/><param name="PARAMID" value="3" valueClass="java.lang.Integer"/><param name="CONDITION" value="" valueClass="java.lang.String"/><param name="ID" value="4" valueClass="java.lang.Integer"/><param name="PARAMSYSNAME" value="clientSocialStatus" valueClass="java.lang.String"/><param name="TOPVALUE" value="Частная практика" valueClass="java.lang.String"/><param name="LOWVALUE" value="Частная практика" valueClass="java.lang.String"/></param><param name="" valueClass="ru.diasoft.utils.DefaultedHashMap"><param name="DATASETPARAMID" value="$entityID150$" valueClass="java.lang.String"/><param name="DEFAULTVALUE" value="Работа по найму" valueClass="java.lang.String"/><param name="PARAMID" value="3" valueClass="java.lang.Integer"/><param name="CONDITION" value="" valueClass="java.lang.String"/><param name="ID" value="5" valueClass="java.lang.Integer"/><param name="PARAMSYSNAME" value="clientSocialStatus" valueClass="java.lang.String"/><param name="TOPVALUE" value="Студент" valueClass="java.lang.String"/><param name="LOWVALUE" value="Студент" valueClass="java.lang.String"/></param><param name="" valueClass="ru.diasoft.utils.DefaultedHashMap"><param name="DATASETPARAMID" value="$entityID150$" valueClass="java.lang.String"/><param name="DEFAULTVALUE" value="Работа по найму" valueClass="java.lang.String"/><param name="PARAMID" value="3" valueClass="java.lang.Integer"/><param name="CONDITION" value="" valueClass="java.lang.String"/><param name="ID" value="6" valueClass="java.lang.Integer"/><param name="PARAMSYSNAME" value="clientSocialStatus" valueClass="java.lang.String"/><param name="TOPVALUE" value="Пенсионер" valueClass="java.lang.String"/><param name="LOWVALUE" value="Пенсионер" valueClass="java.lang.String"/></param><param name="" valueClass="ru.diasoft.utils.DefaultedHashMap"><param name="DATASETPARAMID" value="$entityID150$" valueClass="java.lang.String"/><param name="DEFAULTVALUE" value="Работа по найму" valueClass="java.lang.String"/><param name="PARAMID" value="3" valueClass="java.lang.Integer"/><param name="CONDITION" value="" valueClass="java.lang.String"/><param name="ID" value="7" valueClass="java.lang.Integer"/><param name="PARAMSYSNAME" value="clientSocialStatus" valueClass="java.lang.String"/><param name="TOPVALUE" value="Безработный" valueClass="java.lang.String"/><param name="LOWVALUE" value="Безработный" valueClass="java.lang.String"/></param><param name="" valueClass="ru.diasoft.utils.DefaultedHashMap"><param name="DATASETPARAMID" value="$entityID150$" valueClass="java.lang.String"/><param name="DEFAULTVALUE" value="Работа по найму" valueClass="java.lang.String"/><param name="PARAMID" value="3" valueClass="java.lang.Integer"/><param name="CONDITION" value="" valueClass="java.lang.String"/><param name="ID" value="8" valueClass="java.lang.Integer"/><param name="PARAMSYSNAME" value="clientSocialStatus" valueClass="java.lang.String"/><param name="TOPVALUE" value="Частичная занятость" valueClass="java.lang.String"/><param name="LOWVALUE" value="Частичная занятость" valueClass="java.lang.String"/></param><param name="" valueClass="ru.diasoft.utils.DefaultedHashMap"><param name="DATASETPARAMID" value="$entityID150$" valueClass="java.lang.String"/><param name="DEFAULTVALUE" value="Работа по найму" valueClass="java.lang.String"/><param name="PARAMID" value="3" valueClass="java.lang.Integer"/><param name="CONDITION" value="" valueClass="java.lang.String"/><param name="ID" value="9" valueClass="java.lang.Integer"/><param name="PARAMSYSNAME" value="clientSocialStatus" valueClass="java.lang.String"/><param name="TOPVALUE" value="Другое" valueClass="java.lang.String"/><param name="LOWVALUE" value="Другое" valueClass="java.lang.String"/></param><param name="" valueClass="ru.diasoft.utils.DefaultedHashMap"><param name="DATASETPARAMID" value="$entityID150$" valueClass="java.lang.String"/><param name="DEFAULTVALUE" value="Работа по найму" valueClass="java.lang.String"/><param name="PARAMID" value="3" valueClass="java.lang.Integer"/><param name="CONDITION" value="" valueClass="java.lang.String"/><param name="ID" value="10" valueClass="java.lang.Integer"/><param name="PARAMSYSNAME" value="clientSocialStatus" valueClass="java.lang.String"/><param name="TOPVALUE" value="Предприниматель/Частная практика" valueClass="java.lang.String"/><param name="LOWVALUE" value="Предприниматель/Частная практика" valueClass="java.lang.String"/></param></param><param name="ID" value="3" valueClass="java.lang.Integer"/><param name="PARAMSYSNAME" value="clientSocialStatus" valueClass="java.lang.String"/></param></param><param name="VALUETYPE" value="java.lang.Integer" valueClass="java.lang.String"/></content>]]></attribute>
		<attribute name="DEFAULTVALUE" valueType="java.lang.String" create="true"></attribute>
		<attribute name="ISUSEDEFAULT" valueType="java.lang.Integer" create="true">0</attribute>
		<attribute name="ORDERNO" valueType="java.lang.Integer" create="true" search="true">1</attribute>
		<attribute name="MARK" valueType="java.lang.Integer" create="true" search="true"></attribute>
		<attribute name="SYSNAME" valueType="java.lang.String" create="true"></attribute>
		<attribute name="NAME" valueType="java.lang.String" create="true"></attribute>
	</entity>

	<entity name="DMS_RULENODE" id="450" createMethod="ruleNodeCreate" getMethod="ruleNodeGetListByParams" createKeyParam="RULENODEID" getKeyParam="RULENODEID" service="dmsws">
		<attribute name="PARENTRULENODEID" valueType="java.lang.Long" create="true" search="true">0</attribute>
		<attribute name="RULEID" valueType="java.lang.Long" create="true" search="true" entityID="350"/>
		<attribute name="NODETYPE" valueType="java.lang.String" create="true">6</attribute>
		<attribute name="NODEVALUE" valueType="java.util.Map" create="true" replaceID="150,200"><![CDATA[<?xml version="1.0" encoding="UTF-8"?><content version="1.0"><param name="CELLS" valueClass="java.util.ArrayList"><param name="" valueClass="ru.diasoft.utils.DefaultedHashMap"><param name="VALUE" value="40" valueClass="java.lang.String"/><param name="CONDITIONS" valueClass="java.util.ArrayList"><param name="" valueClass="ru.diasoft.utils.DefaultedHashMap"><param name="DEFAULTVALUE" value="" valueClass="java.lang.String"/><param name="DATASETPARAMID" value="$entityID200$" valueClass="java.lang.Integer"/><param name="PARAMID" value="2" valueClass="java.lang.Integer"/><param name="PARAMSYSNAME" value="bankProductName" valueClass="java.lang.String"/><param name="ID" value="1" valueClass="java.lang.Integer"/><param name="CONDITION" value="" valueClass="java.lang.String"/><param name="TOPVALUE" value="Кредит на новый автомобиль (с обязательным страхованием Автокаско)" valueClass="java.lang.String"/><param name="LOWVALUE" value="Кредит на новый автомобиль (с обязательным страхованием Автокаско)" valueClass="java.lang.String"/></param><param name="" valueClass="ru.diasoft.utils.DefaultedHashMap"><param name="DEFAULTVALUE" value="Работа по найму" valueClass="java.lang.String"/><param name="DATASETPARAMID" value="$entityID150$" valueClass="java.lang.String"/><param name="PARAMID" value="3" valueClass="java.lang.Integer"/><param name="PARAMSYSNAME" value="clientSocialStatus" valueClass="java.lang.String"/><param name="ID" value="1" valueClass="java.lang.Integer"/><param name="CONDITION" value="" valueClass="java.lang.String"/><param name="TOPVALUE" value="Работа по найму" valueClass="java.lang.String"/><param name="LOWVALUE" value="Работа по найму" valueClass="java.lang.String"/></param></param><param name="ID" value="0" valueClass="java.lang.Integer"/></param><param name="" valueClass="ru.diasoft.utils.DefaultedHashMap"><param name="VALUE" value="70" valueClass="java.lang.String"/><param name="CONDITIONS" valueClass="java.util.ArrayList"><param name="" valueClass="ru.diasoft.utils.DefaultedHashMap"><param name="DEFAULTVALUE" value="" valueClass="java.lang.String"/><param name="DATASETPARAMID" value="$entityID200$" valueClass="java.lang.Integer"/><param name="PARAMID" value="2" valueClass="java.lang.Integer"/><param name="PARAMSYSNAME" value="bankProductName" valueClass="java.lang.String"/><param name="ID" value="1" valueClass="java.lang.Integer"/><param name="CONDITION" value="" valueClass="java.lang.String"/><param name="TOPVALUE" value="Кредит на новый автомобиль (с обязательным страхованием Автокаско)" valueClass="java.lang.String"/><param name="LOWVALUE" value="Кредит на новый автомобиль (с обязательным страхованием Автокаско)" valueClass="java.lang.String"/></param><param name="" valueClass="ru.diasoft.utils.DefaultedHashMap"><param name="DEFAULTVALUE" value="Работа по найму" valueClass="java.lang.String"/><param name="DATASETPARAMID" value="$entityID150$" valueClass="java.lang.String"/><param name="PARAMID" value="3" valueClass="java.lang.Integer"/><param name="PARAMSYSNAME" value="clientSocialStatus" valueClass="java.lang.String"/><param name="ID" value="2" valueClass="java.lang.Integer"/><param name="CONDITION" value="" valueClass="java.lang.String"/><param name="TOPVALUE" value="Военнослужащий" valueClass="java.lang.String"/><param name="LOWVALUE" value="Военнослужащий" valueClass="java.lang.String"/></param></param><param name="ID" value="1" valueClass="java.lang.Integer"/></param><param name="" valueClass="ru.diasoft.utils.DefaultedHashMap"><param name="VALUE" value="100" valueClass="java.lang.String"/><param name="CONDITIONS" valueClass="java.util.ArrayList"><param name="" valueClass="ru.diasoft.utils.DefaultedHashMap"><param name="DEFAULTVALUE" value="" valueClass="java.lang.String"/><param name="DATASETPARAMID" value="$entityID200$" valueClass="java.lang.Integer"/><param name="PARAMID" value="2" valueClass="java.lang.Integer"/><param name="PARAMSYSNAME" value="bankProductName" valueClass="java.lang.String"/><param name="ID" value="1" valueClass="java.lang.Integer"/><param name="CONDITION" value="" valueClass="java.lang.String"/><param name="TOPVALUE" value="Кредит на новый автомобиль (с обязательным страхованием Автокаско)" valueClass="java.lang.String"/><param name="LOWVALUE" value="Кредит на новый автомобиль (с обязательным страхованием Автокаско)" valueClass="java.lang.String"/></param><param name="" valueClass="ru.diasoft.utils.DefaultedHashMap"><param name="DEFAULTVALUE" value="Работа по найму" valueClass="java.lang.String"/><param name="DATASETPARAMID" value="$entityID150$" valueClass="java.lang.String"/><param name="PARAMID" value="3" valueClass="java.lang.Integer"/><param name="PARAMSYSNAME" value="clientSocialStatus" valueClass="java.lang.String"/><param name="ID" value="3" valueClass="java.lang.Integer"/><param name="CONDITION" value="" valueClass="java.lang.String"/><param name="TOPVALUE" value="Предприниматель" valueClass="java.lang.String"/><param name="LOWVALUE" value="Предприниматель" valueClass="java.lang.String"/></param></param><param name="ID" value="2" valueClass="java.lang.Integer"/></param><param name="" valueClass="ru.diasoft.utils.DefaultedHashMap"><param name="VALUE" value="100" valueClass="java.lang.String"/><param name="CONDITIONS" valueClass="java.util.ArrayList"><param name="" valueClass="ru.diasoft.utils.DefaultedHashMap"><param name="DEFAULTVALUE" value="" valueClass="java.lang.String"/><param name="DATASETPARAMID" value="$entityID200$" valueClass="java.lang.Integer"/><param name="PARAMID" value="2" valueClass="java.lang.Integer"/><param name="PARAMSYSNAME" value="bankProductName" valueClass="java.lang.String"/><param name="ID" value="1" valueClass="java.lang.Integer"/><param name="CONDITION" value="" valueClass="java.lang.String"/><param name="TOPVALUE" value="Кредит на новый автомобиль (с обязательным страхованием Автокаско)" valueClass="java.lang.String"/><param name="LOWVALUE" value="Кредит на новый автомобиль (с обязательным страхованием Автокаско)" valueClass="java.lang.String"/></param><param name="" valueClass="ru.diasoft.utils.DefaultedHashMap"><param name="DEFAULTVALUE" value="Работа по найму" valueClass="java.lang.String"/><param name="DATASETPARAMID" value="$entityID150$" valueClass="java.lang.String"/><param name="PARAMID" value="3" valueClass="java.lang.Integer"/><param name="PARAMSYSNAME" value="clientSocialStatus" valueClass="java.lang.String"/><param name="ID" value="4" valueClass="java.lang.Integer"/><param name="CONDITION" value="" valueClass="java.lang.String"/><param name="TOPVALUE" value="Частная практика" valueClass="java.lang.String"/><param name="LOWVALUE" value="Частная практика" valueClass="java.lang.String"/></param></param><param name="ID" value="3" valueClass="java.lang.Integer"/></param><param name="" valueClass="ru.diasoft.utils.DefaultedHashMap"><param name="VALUE" value="20" valueClass="java.lang.String"/><param name="CONDITIONS" valueClass="java.util.ArrayList"><param name="" valueClass="ru.diasoft.utils.DefaultedHashMap"><param name="DEFAULTVALUE" value="" valueClass="java.lang.String"/><param name="DATASETPARAMID" value="$entityID200$" valueClass="java.lang.Integer"/><param name="PARAMID" value="2" valueClass="java.lang.Integer"/><param name="PARAMSYSNAME" value="bankProductName" valueClass="java.lang.String"/><param name="ID" value="1" valueClass="java.lang.Integer"/><param name="CONDITION" value="" valueClass="java.lang.String"/><param name="TOPVALUE" value="Кредит на новый автомобиль (с обязательным страхованием Автокаско)" valueClass="java.lang.String"/><param name="LOWVALUE" value="Кредит на новый автомобиль (с обязательным страхованием Автокаско)" valueClass="java.lang.String"/></param><param name="" valueClass="ru.diasoft.utils.DefaultedHashMap"><param name="DEFAULTVALUE" value="Работа по найму" valueClass="java.lang.String"/><param name="DATASETPARAMID" value="$entityID150$" valueClass="java.lang.String"/><param name="PARAMID" value="3" valueClass="java.lang.Integer"/><param name="PARAMSYSNAME" value="clientSocialStatus" valueClass="java.lang.String"/><param name="ID" value="5" valueClass="java.lang.Integer"/><param name="CONDITION" value="" valueClass="java.lang.String"/><param name="TOPVALUE" value="Студент" valueClass="java.lang.String"/><param name="LOWVALUE" value="Студент" valueClass="java.lang.String"/></param></param><param name="ID" value="4" valueClass="java.lang.Integer"/></param><param name="" valueClass="ru.diasoft.utils.DefaultedHashMap"><param name="VALUE" value="20" valueClass="java.lang.String"/><param name="CONDITIONS" valueClass="java.util.ArrayList"><param name="" valueClass="ru.diasoft.utils.DefaultedHashMap"><param name="DEFAULTVALUE" value="" valueClass="java.lang.String"/><param name="DATASETPARAMID" value="$entityID200$" valueClass="java.lang.Integer"/><param name="PARAMID" value="2" valueClass="java.lang.Integer"/><param name="PARAMSYSNAME" value="bankProductName" valueClass="java.lang.String"/><param name="ID" value="1" valueClass="java.lang.Integer"/><param name="CONDITION" value="" valueClass="java.lang.String"/><param name="TOPVALUE" value="Кредит на новый автомобиль (с обязательным страхованием Автокаско)" valueClass="java.lang.String"/><param name="LOWVALUE" value="Кредит на новый автомобиль (с обязательным страхованием Автокаско)" valueClass="java.lang.String"/></param><param name="" valueClass="ru.diasoft.utils.DefaultedHashMap"><param name="DEFAULTVALUE" value="Работа по найму" valueClass="java.lang.String"/><param name="DATASETPARAMID" value="$entityID150$" valueClass="java.lang.String"/><param name="PARAMID" value="3" valueClass="java.lang.Integer"/><param name="PARAMSYSNAME" value="clientSocialStatus" valueClass="java.lang.String"/><param name="ID" value="6" valueClass="java.lang.Integer"/><param name="CONDITION" value="" valueClass="java.lang.String"/><param name="TOPVALUE" value="Пенсионер" valueClass="java.lang.String"/><param name="LOWVALUE" value="Пенсионер" valueClass="java.lang.String"/></param></param><param name="ID" value="5" valueClass="java.lang.Integer"/></param><param name="" valueClass="ru.diasoft.utils.DefaultedHashMap"><param name="VALUE" value="0" valueClass="java.lang.String"/><param name="CONDITIONS" valueClass="java.util.ArrayList"><param name="" valueClass="ru.diasoft.utils.DefaultedHashMap"><param name="DEFAULTVALUE" value="" valueClass="java.lang.String"/><param name="DATASETPARAMID" value="$entityID200$" valueClass="java.lang.Integer"/><param name="PARAMID" value="2" valueClass="java.lang.Integer"/><param name="PARAMSYSNAME" value="bankProductName" valueClass="java.lang.String"/><param name="ID" value="1" valueClass="java.lang.Integer"/><param name="CONDITION" value="" valueClass="java.lang.String"/><param name="TOPVALUE" value="Кредит на новый автомобиль (с обязательным страхованием Автокаско)" valueClass="java.lang.String"/><param name="LOWVALUE" value="Кредит на новый автомобиль (с обязательным страхованием Автокаско)" valueClass="java.lang.String"/></param><param name="" valueClass="ru.diasoft.utils.DefaultedHashMap"><param name="DEFAULTVALUE" value="Работа по найму" valueClass="java.lang.String"/><param name="DATASETPARAMID" value="$entityID150$" valueClass="java.lang.String"/><param name="PARAMID" value="3" valueClass="java.lang.Integer"/><param name="PARAMSYSNAME" value="clientSocialStatus" valueClass="java.lang.String"/><param name="ID" value="7" valueClass="java.lang.Integer"/><param name="CONDITION" value="" valueClass="java.lang.String"/><param name="TOPVALUE" value="Безработный" valueClass="java.lang.String"/><param name="LOWVALUE" value="Безработный" valueClass="java.lang.String"/></param></param><param name="ID" value="6" valueClass="java.lang.Integer"/></param><param name="" valueClass="ru.diasoft.utils.DefaultedHashMap"><param name="VALUE" value="60" valueClass="java.lang.String"/><param name="CONDITIONS" valueClass="java.util.ArrayList"><param name="" valueClass="ru.diasoft.utils.DefaultedHashMap"><param name="DEFAULTVALUE" value="" valueClass="java.lang.String"/><param name="DATASETPARAMID" value="$entityID200$" valueClass="java.lang.Integer"/><param name="PARAMID" value="2" valueClass="java.lang.Integer"/><param name="PARAMSYSNAME" value="bankProductName" valueClass="java.lang.String"/><param name="ID" value="1" valueClass="java.lang.Integer"/><param name="CONDITION" value="" valueClass="java.lang.String"/><param name="TOPVALUE" value="Кредит на новый автомобиль (с обязательным страхованием Автокаско)" valueClass="java.lang.String"/><param name="LOWVALUE" value="Кредит на новый автомобиль (с обязательным страхованием Автокаско)" valueClass="java.lang.String"/></param><param name="" valueClass="ru.diasoft.utils.DefaultedHashMap"><param name="DEFAULTVALUE" value="Работа по найму" valueClass="java.lang.String"/><param name="DATASETPARAMID" value="$entityID150$" valueClass="java.lang.String"/><param name="PARAMID" value="3" valueClass="java.lang.Integer"/><param name="PARAMSYSNAME" value="clientSocialStatus" valueClass="java.lang.String"/><param name="ID" value="8" valueClass="java.lang.Integer"/><param name="CONDITION" value="" valueClass="java.lang.String"/><param name="TOPVALUE" value="Частичная занятость" valueClass="java.lang.String"/><param name="LOWVALUE" value="Частичная занятость" valueClass="java.lang.String"/></param></param><param name="ID" value="7" valueClass="java.lang.Integer"/></param><param name="" valueClass="ru.diasoft.utils.DefaultedHashMap"><param name="VALUE" value="50" valueClass="java.lang.String"/><param name="CONDITIONS" valueClass="java.util.ArrayList"><param name="" valueClass="ru.diasoft.utils.DefaultedHashMap"><param name="DEFAULTVALUE" value="" valueClass="java.lang.String"/><param name="DATASETPARAMID" value="$entityID200$" valueClass="java.lang.Integer"/><param name="PARAMID" value="2" valueClass="java.lang.Integer"/><param name="PARAMSYSNAME" value="bankProductName" valueClass="java.lang.String"/><param name="ID" value="1" valueClass="java.lang.Integer"/><param name="CONDITION" value="" valueClass="java.lang.String"/><param name="TOPVALUE" value="Кредит на новый автомобиль (с обязательным страхованием Автокаско)" valueClass="java.lang.String"/><param name="LOWVALUE" value="Кредит на новый автомобиль (с обязательным страхованием Автокаско)" valueClass="java.lang.String"/></param><param name="" valueClass="ru.diasoft.utils.DefaultedHashMap"><param name="DEFAULTVALUE" value="Работа по найму" valueClass="java.lang.String"/><param name="DATASETPARAMID" value="$entityID150$" valueClass="java.lang.String"/><param name="PARAMID" value="3" valueClass="java.lang.Integer"/><param name="PARAMSYSNAME" value="clientSocialStatus" valueClass="java.lang.String"/><param name="ID" value="9" valueClass="java.lang.Integer"/><param name="CONDITION" value="" valueClass="java.lang.String"/><param name="TOPVALUE" value="Другое" valueClass="java.lang.String"/><param name="LOWVALUE" value="Другое" valueClass="java.lang.String"/></param></param><param name="ID" value="8" valueClass="java.lang.Integer"/></param><param name="" valueClass="ru.diasoft.utils.DefaultedHashMap"><param name="VALUE" value="100" valueClass="java.lang.String"/><param name="CONDITIONS" valueClass="java.util.ArrayList"><param name="" valueClass="ru.diasoft.utils.DefaultedHashMap"><param name="DEFAULTVALUE" value="" valueClass="java.lang.String"/><param name="DATASETPARAMID" value="$entityID200$" valueClass="java.lang.Integer"/><param name="PARAMID" value="2" valueClass="java.lang.Integer"/><param name="PARAMSYSNAME" value="bankProductName" valueClass="java.lang.String"/><param name="ID" value="1" valueClass="java.lang.Integer"/><param name="CONDITION" value="" valueClass="java.lang.String"/><param name="TOPVALUE" value="Кредит на новый автомобиль (с обязательным страхованием Автокаско)" valueClass="java.lang.String"/><param name="LOWVALUE" value="Кредит на новый автомобиль (с обязательным страхованием Автокаско)" valueClass="java.lang.String"/></param><param name="" valueClass="ru.diasoft.utils.DefaultedHashMap"><param name="DEFAULTVALUE" value="Работа по найму" valueClass="java.lang.String"/><param name="DATASETPARAMID" value="$entityID150$" valueClass="java.lang.String"/><param name="PARAMID" value="3" valueClass="java.lang.Integer"/><param name="PARAMSYSNAME" value="clientSocialStatus" valueClass="java.lang.String"/><param name="ID" value="10" valueClass="java.lang.Integer"/><param name="CONDITION" value="" valueClass="java.lang.String"/><param name="TOPVALUE" value="Предприниматель/Частная практика" valueClass="java.lang.String"/><param name="LOWVALUE" value="Предприниматель/Частная практика" valueClass="java.lang.String"/></param></param><param name="ID" value="9" valueClass="java.lang.Integer"/></param></param><param name="PARAMETERS" valueClass="java.util.ArrayList"><param name="" valueClass="ru.diasoft.utils.DefaultedHashMap"><param name="DATASETPARAMID" value="$entityID200$" valueClass="java.lang.Integer"/><param name="DEFAULTVALUE" value="" valueClass="java.lang.String"/><param name="CONDITIONS" valueClass="java.util.ArrayList"><param name="" valueClass="ru.diasoft.utils.DefaultedHashMap"><param name="DATASETPARAMID" value="$entityID200$" valueClass="java.lang.Integer"/><param name="DEFAULTVALUE" value="" valueClass="java.lang.String"/><param name="PARAMID" value="2" valueClass="java.lang.Integer"/><param name="CONDITION" value="" valueClass="java.lang.String"/><param name="ID" value="1" valueClass="java.lang.Integer"/><param name="PARAMSYSNAME" value="bankProductName" valueClass="java.lang.String"/><param name="TOPVALUE" value="Кредит на новый автомобиль (с обязательным страхованием Автокаско)" valueClass="java.lang.String"/><param name="LOWVALUE" value="Кредит на новый автомобиль (с обязательным страхованием Автокаско)" valueClass="java.lang.String"/></param></param><param name="ID" value="2" valueClass="java.lang.Integer"/><param name="PARAMSYSNAME" value="bankProductName" valueClass="java.lang.String"/></param><param name="" valueClass="ru.diasoft.utils.DefaultedHashMap"><param name="DATASETPARAMID" value="$entityID150$" valueClass="java.lang.String"/><param name="DEFAULTVALUE" value="Работа по найму" valueClass="java.lang.String"/><param name="CONDITIONS" valueClass="java.util.ArrayList"><param name="" valueClass="ru.diasoft.utils.DefaultedHashMap"><param name="DATASETPARAMID" value="$entityID150$" valueClass="java.lang.String"/><param name="DEFAULTVALUE" value="Работа по найму" valueClass="java.lang.String"/><param name="PARAMID" value="3" valueClass="java.lang.Integer"/><param name="CONDITION" value="" valueClass="java.lang.String"/><param name="ID" value="1" valueClass="java.lang.Integer"/><param name="PARAMSYSNAME" value="clientSocialStatus" valueClass="java.lang.String"/><param name="TOPVALUE" value="Работа по найму" valueClass="java.lang.String"/><param name="LOWVALUE" value="Работа по найму" valueClass="java.lang.String"/></param><param name="" valueClass="ru.diasoft.utils.DefaultedHashMap"><param name="DATASETPARAMID" value="$entityID150$" valueClass="java.lang.String"/><param name="DEFAULTVALUE" value="Работа по найму" valueClass="java.lang.String"/><param name="PARAMID" value="3" valueClass="java.lang.Integer"/><param name="CONDITION" value="" valueClass="java.lang.String"/><param name="ID" value="2" valueClass="java.lang.Integer"/><param name="PARAMSYSNAME" value="clientSocialStatus" valueClass="java.lang.String"/><param name="TOPVALUE" value="Военнослужащий" valueClass="java.lang.String"/><param name="LOWVALUE" value="Военнослужащий" valueClass="java.lang.String"/></param><param name="" valueClass="ru.diasoft.utils.DefaultedHashMap"><param name="DATASETPARAMID" value="$entityID150$" valueClass="java.lang.String"/><param name="DEFAULTVALUE" value="Работа по найму" valueClass="java.lang.String"/><param name="PARAMID" value="3" valueClass="java.lang.Integer"/><param name="CONDITION" value="" valueClass="java.lang.String"/><param name="ID" value="3" valueClass="java.lang.Integer"/><param name="PARAMSYSNAME" value="clientSocialStatus" valueClass="java.lang.String"/><param name="TOPVALUE" value="Предприниматель" valueClass="java.lang.String"/><param name="LOWVALUE" value="Предприниматель" valueClass="java.lang.String"/></param><param name="" valueClass="ru.diasoft.utils.DefaultedHashMap"><param name="DATASETPARAMID" value="$entityID150$" valueClass="java.lang.String"/><param name="DEFAULTVALUE" value="Работа по найму" valueClass="java.lang.String"/><param name="PARAMID" value="3" valueClass="java.lang.Integer"/><param name="CONDITION" value="" valueClass="java.lang.String"/><param name="ID" value="4" valueClass="java.lang.Integer"/><param name="PARAMSYSNAME" value="clientSocialStatus" valueClass="java.lang.String"/><param name="TOPVALUE" value="Частная практика" valueClass="java.lang.String"/><param name="LOWVALUE" value="Частная практика" valueClass="java.lang.String"/></param><param name="" valueClass="ru.diasoft.utils.DefaultedHashMap"><param name="DATASETPARAMID" value="$entityID150$" valueClass="java.lang.String"/><param name="DEFAULTVALUE" value="Работа по найму" valueClass="java.lang.String"/><param name="PARAMID" value="3" valueClass="java.lang.Integer"/><param name="CONDITION" value="" valueClass="java.lang.String"/><param name="ID" value="5" valueClass="java.lang.Integer"/><param name="PARAMSYSNAME" value="clientSocialStatus" valueClass="java.lang.String"/><param name="TOPVALUE" value="Студент" valueClass="java.lang.String"/><param name="LOWVALUE" value="Студент" valueClass="java.lang.String"/></param><param name="" valueClass="ru.diasoft.utils.DefaultedHashMap"><param name="DATASETPARAMID" value="$entityID150$" valueClass="java.lang.String"/><param name="DEFAULTVALUE" value="Работа по найму" valueClass="java.lang.String"/><param name="PARAMID" value="3" valueClass="java.lang.Integer"/><param name="CONDITION" value="" valueClass="java.lang.String"/><param name="ID" value="6" valueClass="java.lang.Integer"/><param name="PARAMSYSNAME" value="clientSocialStatus" valueClass="java.lang.String"/><param name="TOPVALUE" value="Пенсионер" valueClass="java.lang.String"/><param name="LOWVALUE" value="Пенсионер" valueClass="java.lang.String"/></param><param name="" valueClass="ru.diasoft.utils.DefaultedHashMap"><param name="DATASETPARAMID" value="$entityID150$" valueClass="java.lang.String"/><param name="DEFAULTVALUE" value="Работа по найму" valueClass="java.lang.String"/><param name="PARAMID" value="3" valueClass="java.lang.Integer"/><param name="CONDITION" value="" valueClass="java.lang.String"/><param name="ID" value="7" valueClass="java.lang.Integer"/><param name="PARAMSYSNAME" value="clientSocialStatus" valueClass="java.lang.String"/><param name="TOPVALUE" value="Безработный" valueClass="java.lang.String"/><param name="LOWVALUE" value="Безработный" valueClass="java.lang.String"/></param><param name="" valueClass="ru.diasoft.utils.DefaultedHashMap"><param name="DATASETPARAMID" value="$entityID150$" valueClass="java.lang.String"/><param name="DEFAULTVALUE" value="Работа по найму" valueClass="java.lang.String"/><param name="PARAMID" value="3" valueClass="java.lang.Integer"/><param name="CONDITION" value="" valueClass="java.lang.String"/><param name="ID" value="8" valueClass="java.lang.Integer"/><param name="PARAMSYSNAME" value="clientSocialStatus" valueClass="java.lang.String"/><param name="TOPVALUE" value="Частичная занятость" valueClass="java.lang.String"/><param name="LOWVALUE" value="Частичная занятость" valueClass="java.lang.String"/></param><param name="" valueClass="ru.diasoft.utils.DefaultedHashMap"><param name="DATASETPARAMID" value="$entityID150$" valueClass="java.lang.String"/><param name="DEFAULTVALUE" value="Работа по найму" valueClass="java.lang.String"/><param name="PARAMID" value="3" valueClass="java.lang.Integer"/><param name="CONDITION" value="" valueClass="java.lang.String"/><param name="ID" value="9" valueClass="java.lang.Integer"/><param name="PARAMSYSNAME" value="clientSocialStatus" valueClass="java.lang.String"/><param name="TOPVALUE" value="Другое" valueClass="java.lang.String"/><param name="LOWVALUE" value="Другое" valueClass="java.lang.String"/></param><param name="" valueClass="ru.diasoft.utils.DefaultedHashMap"><param name="DATASETPARAMID" value="$entityID150$" valueClass="java.lang.String"/><param name="DEFAULTVALUE" value="Работа по найму" valueClass="java.lang.String"/><param name="PARAMID" value="3" valueClass="java.lang.Integer"/><param name="CONDITION" value="" valueClass="java.lang.String"/><param name="ID" value="10" valueClass="java.lang.Integer"/><param name="PARAMSYSNAME" value="clientSocialStatus" valueClass="java.lang.String"/><param name="TOPVALUE" value="Предприниматель/Частная практика" valueClass="java.lang.String"/><param name="LOWVALUE" value="Предприниматель/Частная практика" valueClass="java.lang.String"/></param></param><param name="ID" value="3" valueClass="java.lang.Integer"/><param name="PARAMSYSNAME" value="clientSocialStatus" valueClass="java.lang.String"/></param></param><param name="VALUETYPE" value="java.lang.Integer" valueClass="java.lang.String"/></content>]]></attribute>
		<attribute name="DEFAULTVALUE" valueType="java.lang.String" create="true"></attribute>
		<attribute name="ISUSEDEFAULT" valueType="java.lang.Integer" create="true">0</attribute>
		<attribute name="ORDERNO" valueType="java.lang.Integer" create="true" search="true">1</attribute>
		<attribute name="MARK" valueType="java.lang.Integer" create="true" search="true"></attribute>
		<attribute name="SYSNAME" valueType="java.lang.String" create="true"></attribute>
		<attribute name="NAME" valueType="java.lang.String" create="true"></attribute>
	</entity>



</root>