<?xml version="1.0" encoding="UTF-8"?><root>
    <!--Сценарий "Automatic Disbursement and Loan Creation"-->
    <entity createKeyParam="SCRIPTID" createMethod="checkScriptCreate" getKeyParam="SCRIPTID" getMethod="checkScriptGetByIdOrSysname" id="1" isIntService="true" name="DMS_SCRIPT" service="dmsws">
        <attribute create="true" name="SCRIPTSYSNAME" search="true" valueType="java.lang.String">decisionAutoDisbursement</attribute>
        <attribute create="true" name="SCRIPTNAME" valueType="java.lang.String">Automatic Disbursement and Loan Creation</attribute>
        <attribute create="true" name="DESCRIPTION" valueType="java.lang.String"/>
    </entity>
    <!--Банковские продукты-->
    <!--Связь сценариев и продуктов-->
    <!--Состояния-->
    <entity createKeyParam="STATEID" createMethod="smStateCreate" getKeyParam="STATEID" getMethod="smStateGetListByParams" id="11" isExtService="true" name="FRNT_SMSTATE" service="frontws2">
        <attribute create="true" name="SYSNAME" search="true" valueType="java.lang.String">LOSAutoDisbursement</attribute>
        <attribute create="true" name="NAME" search="true" valueType="java.lang.String">Automatic Disbursement and Loan Creation</attribute>
        <attribute create="true" name="TYPEID" search="true" valueType="java.lang.Long">1108</attribute>
    </entity>
    <entity createKeyParam="STATEID" createMethod="smStateCreate" getKeyParam="STATEID" getMethod="smStateGetListByParams" id="12" isExtService="true" name="FRNT_SMSTATE" service="frontws2">
        <attribute create="true" name="SYSNAME" search="true" valueType="java.lang.String">LOSCustomerNotificationOnApproval</attribute>
        <attribute create="true" name="NAME" search="true" valueType="java.lang.String">Customer Notification on Approval</attribute>
        <attribute create="true" name="TYPEID" search="true" valueType="java.lang.Long">1108</attribute>
    </entity>
    <entity createKeyParam="STATEID" createMethod="smStateCreate" getKeyParam="STATEID" getMethod="smStateGetListByParams" id="13" isExtService="true" name="FRNT_SMSTATE" service="frontws2">
        <attribute create="true" name="SYSNAME" search="true" valueType="java.lang.String">LOSDisbursement</attribute>
        <attribute create="true" name="NAME" search="true" valueType="java.lang.String">Manual Disbursement and Loan Creation</attribute>
        <attribute create="true" name="TYPEID" search="true" valueType="java.lang.Long">1108</attribute>
    </entity>
    <!--Связь сценариев и состояний-->
    <entity createKeyParam="LINKID" createMethod="scriptStateLinkCreate" getKeyParam="LINKID" getMethod="scriptStateLinkGetListByParams" id="3" isIntService="true" name="DMS_SCRPTSTATELINK" service="dmsws">
        <attribute create="true" entityID="1" name="SCRIPTID" search="true" valueType="java.lang.Long"/>
        <attribute create="true" entityID="11" name="STATEID" search="true" valueType="java.lang.Long"/>
        <attribute create="true" name="OBJECTTYPEID" search="true" valueType="java.lang.Long">1108</attribute>
    </entity>
    <!--Типы проверок-->
    <entity createKeyParam="CHECKTYPEID" createMethod="checkTypeCreate" getKeyParam="CHECKTYPEID" getMethod="checkTypeGetByIdOrSysname" id="4" isIntService="true" name="DMS_CHECKTYPE" service="dmsws">
        <attribute create="true" name="TYPESYSNAME" search="true" valueType="java.lang.String">decisionResult</attribute>
        <attribute create="true" name="TYPENAME" valueType="java.lang.String">Decision Result</attribute>
        <attribute create="true" name="DESCRIPTION" valueType="java.lang.String">Decision Result</attribute>
    </entity>
    <entity createKeyParam="CHECKTYPEID" createMethod="checkTypeCreate" getKeyParam="CHECKTYPEID" getMethod="checkTypeGetByIdOrSysname" id="5" isIntService="true" name="DMS_CHECKTYPE" service="dmsws">
        <attribute create="true" name="TYPESYSNAME" search="true" valueType="java.lang.String">subjDemands</attribute>
        <attribute create="true" name="TYPENAME" valueType="java.lang.String">Demands to Subject</attribute>
        <attribute create="true" name="DESCRIPTION" valueType="java.lang.String">Demands to Subject</attribute>
    </entity>
    <!--Проверки-->
    <entity createKeyParam="CHECKID" createMethod="checkCreate" getKeyParam="CHECKID" getMethod="checkGetByIdOrSysname" id="14" isIntService="true" name="DMS_CHECK" service="dmsws">
        <attribute create="true" entityID="4" name="CHECKTYPEID" search="true" valueType="java.lang.Long"/>
        <attribute create="true" name="OBJECTTYPEID" valueType="java.lang.Long">1108</attribute>
        <attribute create="true" name="CHECKNAME" valueType="java.lang.String">Data Uploading to External ABS (Flexcube)</attribute>
        <attribute create="true" name="CHECKSYSNAME" search="true" valueType="java.lang.String">dmsExternalABSUploadDataINT</attribute>
        <attribute create="true" name="RULELINK" valueType="java.lang.String">ADAPTER/dmsExternalABSUploadDataINT</attribute>
        <attribute create="true" name="RULETYPE" valueType="java.lang.Integer">2</attribute>
        <attribute create="true" name="EXPIRATIONTERM" valueType="java.lang.Integer">0</attribute>
        <attribute create="true" name="MULTIFLAG" valueType="java.lang.Integer">0</attribute>
    </entity>
    <!--Связанные проверки-->
    <entity createKeyParam="LINKID" createMethod="checkScrLinkCreate" getKeyParam="LINKID" getMethod="checkScrLinkGetListByParams" id="2" isIntService="true" name="DMS_CHECKSCRLINK" service="dmsws">
        <attribute create="true" entityID="1" name="SCRIPTID" search="true" valueType="java.lang.Long"/>
        <attribute create="true" entityID="14" name="CHECKID" search="true" valueType="java.lang.Long"/>
        <attribute create="true" name="CHECKORDER" search="true" valueType="java.lang.Integer">1</attribute>
    </entity>
    <!--Точки маршрутизации-->
    <entity createKeyParam="POINTID" createMethod="routingPointCreate" getKeyParam="POINTID" getMethod="routingPointGetListByParams" id="6" isIntService="true" name="DMS_ROUTINGPOINT" service="dmsws">
        <attribute create="true" entityID="1" name="SCRIPTID" search="true" valueType="java.lang.Long"/>
        <attribute create="true" entityID="14" name="CHECKID" search="true" valueType="java.lang.Long"/>
        <attribute create="true" entityID="11" name="STATEID" search="true" valueType="java.lang.Long"/>
        <attribute create="true" name="POINTSYSNAME" search="true" valueType="java.lang.String">routingAutoDisbursement</attribute>
        <attribute create="true" name="POINTNAME" valueType="java.lang.String">Automatic Disbursement and Loan Creation</attribute>
        <attribute create="true" name="OBJECTTYPEID" valueType="java.lang.Long">1108</attribute>
        <attribute create="true" name="DESCRIPTION" valueType="java.lang.String"/>
    </entity>
    <!--Маршруты-->
    <entity createKeyParam="ROUTINGID" createMethod="routingCreate" getKeyParam="ROUTINGID" getMethod="routingGetListByParams" id="9" isIntService="true" name="DMS_ROUTING" service="dmsws">
        <attribute create="true" entityID="6" name="POINTID" search="true" valueType="java.lang.Long"/>
        <attribute create="true" name="RULELINK" search="true" valueType="java.lang.String">ruleCheckAccept</attribute>
        <attribute create="true" name="RULEPRIORITY" search="true" valueType="java.lang.Integer">1</attribute>
    </entity>
    <entity createKeyParam="ROUTINGID" createMethod="routingCreate" getKeyParam="ROUTINGID" getMethod="routingGetListByParams" id="10" isIntService="true" name="DMS_ROUTING" service="dmsws">
        <attribute create="true" entityID="6" name="POINTID" search="true" valueType="java.lang.Long"/>
        <attribute create="true" name="RULELINK" search="true" valueType="java.lang.String">ruleCheckDeny</attribute>
        <attribute create="true" name="RULEPRIORITY" search="true" valueType="java.lang.Integer">2</attribute>
    </entity>
    <!--Переходы-->
    <entity createKeyParam="TRANSITIONID" createMethod="smTransitionCreate" getKeyParam="TRANSITIONID" getMethod="smTransitionGetListByParams" id="15" isExtService="true" name="FRNT_SMTRANS" service="frontws2">
        <attribute create="true" entityID="11" name="FROMSTATEID" search="true" valueType="java.lang.Long"/>
        <attribute create="true" entityID="12" name="TOSTATEID" search="true" valueType="java.lang.Long"/>
        <attribute create="true" name="SYSNAME" search="true" valueType="java.lang.String">LOSApproveApp</attribute>
        <attribute create="true" name="NAME" valueType="java.lang.String">Approve Application</attribute>
        <attribute create="true" name="TYPEID" search="true" valueType="java.lang.String">1108</attribute>
    </entity>
    <entity createKeyParam="TRANSITIONID" createMethod="smTransitionCreate" getKeyParam="TRANSITIONID" getMethod="smTransitionGetListByParams" id="16" isExtService="true" name="FRNT_SMTRANS" service="frontws2">
        <attribute create="true" entityID="11" name="FROMSTATEID" search="true" valueType="java.lang.Long"/>
        <attribute create="true" entityID="13" name="TOSTATEID" search="true" valueType="java.lang.Long"/>
        <attribute create="true" name="SYSNAME" search="true" valueType="java.lang.String">LOSRejectApp</attribute>
        <attribute create="true" name="NAME" valueType="java.lang.String">Reject Application</attribute>
        <attribute create="true" name="TYPEID" search="true" valueType="java.lang.String">1108</attribute>
    </entity>
    <!--Маршрутизация объектов-->
    <entity createKeyParam="ROUTINGOBJECTID" createMethod="routingObjectCreate" getKeyParam="ROUTINGOBJECTID" getMethod="routingObjectGetListByParams" id="7" isIntService="true" name="DMS_ROUTINGOBJECT" service="dmsws">
        <attribute create="true" entityID="9" name="ROUTINGID" search="true" valueType="java.lang.Long"/>
        <attribute create="true" entityID="15" name="TRANSITIONID" search="true" valueType="java.lang.Long"/>
        <attribute create="true" name="OBJECTTYPEID" search="true" valueType="java.lang.Integer">1108</attribute>
        <attribute create="true" name="MAINOBJECTFLAG" search="true" valueType="java.lang.Integer">1</attribute>
    </entity>
    <entity createKeyParam="ROUTINGOBJECTID" createMethod="routingObjectCreate" getKeyParam="ROUTINGOBJECTID" getMethod="routingObjectGetListByParams" id="8" isIntService="true" name="DMS_ROUTINGOBJECT" service="dmsws">
        <attribute create="true" entityID="10" name="ROUTINGID" search="true" valueType="java.lang.Long"/>
        <attribute create="true" entityID="16" name="TRANSITIONID" search="true" valueType="java.lang.Long"/>
        <attribute create="true" name="OBJECTTYPEID" search="true" valueType="java.lang.Integer">1108</attribute>
        <attribute create="true" name="MAINOBJECTFLAG" search="true" valueType="java.lang.Integer">1</attribute>
    </entity>
</root>