<?xml version="1.0" encoding="UTF-8"?>
<filestorageutils-config default-schema-id="0">
    <filestorageutils-schema id="0" name="Sharepoint0">
        <description>Sharepoint description</description>
        <entry provider="ru.diasoft.fa.platform.lib.fileutils.SharePointProvider"
		adapter="ru.diasoft.sharepoint.adapter.Axis2Adapter">
            <property name="wsdlList">
                <description>wsdlList url</description>
                <value>http://2008dit2:22263/test/_vti_bin/Lists.asmx?WSDL</value>
            </property>
            <property name="entryPointList">
                <description>url entry point for list</description>
                <value>http://2008dit2:22263/test/_vti_bin/Lists.asmx</value>
            </property>
            <property name="wsdlCopy">
                <description>wsdlCopy url</description>
                <value>http://2008dit2:22263/test/_vti_bin/Copy.asmx?WSDL</value>
            </property>
            <property name="entryPointCopy">
                <description>url entry point for copy</description>
                <value>http://2008dit2:22263/test/_vti_bin/Copy.asmx</value>
            </property>
            <property name="baseUrl">
                <description>base url for sharepoint</description>
                <value>http://2008dit2:22263/</value>
            </property>
	    <property name="siteUrl">
                <description>Sharepoint site url</description>
                <value>http://2008dit2:22263/test/</value>
            </property>
            <property name="listName">
                <description>list library name in sharepoint</description>
                <value>UploadUnitTest</value>
            </property>
            <property name="user">
                <description>user login for sharepoint site</description>
                <value>DiasoftFramework</value>
            </property>
            <property name="password">
                <description>password for sharepoint site</description>
                <value>r8mVNaoTb</value>
            </property>
		<property name="domain">
			<description>NT Domain value</description>
			<value>DIASOFT</value>
		</property>
		<property name="host">
			<value>2008dit2</value>
			<description>NT host value</description>
		</property>
            <property name="authMode">
                <description>Auth Mode on SharePoint Services</description>
                <value>Classic</value>
            </property>
            <property name="authProvider">
                <description>Auth token Provider</description>
                <value>NTLM2</value>
            </property>
        </entry>
    </filestorageutils-schema>
	<filestorageutils-schema id="1" name="DB">
		<entry provider="ru.diasoft.fa.platform.lib.fileutils.DBProvider">
			<property name="jdbcDriver">
				<description></description>
				<value>oracle.jdbc.driver.OracleDriver</value>	
			</property>		
			<property name="jdbcSourceUrl">
                                <description></description>
                                <value>jdbc:oracle:thin:@10.1.10.60:1521:FLEX703S1</value>
                        </property>	
			<property name="jdbcUser">
                                <description></description>
                                <value>vtutrinov</value>
                        </property>	
			<property name="jdbcPassword">
                                <description></description>
                                <value>motnq734tb2</value>
                        </property>	
			<property name="jdbcMinCon">
                                <description></description>
                                <value>1</value>
                        </property>
			<property name="jdbcMaxCon">
                                <description></description>
                                <value>10</value>
                        </property>	
		</entry>	
	</filestorageutils-schema>
	<filestorageutils-schema id="22" name="ECM_SharePoint"> 
        	<description>ECM Middleware for SharePoint</description> 
        	<entry provider="ru.diasoft.fa.platform.lib.fileutils.ECMMiddlewareProvider">
            	<property name="ECMLogin"> 
                	<description>required parameter</description> 
                	<value>myEcmLogin</value> 
            	</property>
            <property name="ECMPassword"> 
                <description>required parameter</description> 
                <value>myEcmPassword</value> 
            </property>
            <property name="baseUrl"> 
                <description>optional parameter</description> 
                <value></value> 
            </property>
          <property name="UploadWSDL"> 
                <description>uploadDocument</description> 
                <value>http://172.17.0.4:8330/ecmservice/ws/ecmservice?wsdl</value> 
            </property>
          <property name="UploadOperation"> 
                <description>optional parameter</description> 
                <value>uploadDocument</value> 
            </property>
          <property name="DownloadOperation"> 
                <description>optional parameter</description> 
                <value>downloadDocument</value> 
            </property>
          <property name="DownloadWSDL"> 
                <description>required parameter</description> 
                <value>http://172.17.0.4:8330/ecmservice/ws/ecmservice?wsdl</value> 
            </property>
        </entry> 
    </filestorageutils-schema>
	<filestorageutils-schema id="3" name="fileSystem">
                <description>File provider</description>
                <entry provider="ru.diasoft.fa.platform.lib.fileutils.FileProvider">
		<property name="uploadPath">
                	<description>required parameter</description>
                	<value>/tmp/upload</value>
            	</property>	
		</entry>
	</filestorageutils-schema>
	<filestorageutils-schema id="4" name="REPORT">
                <description>File report provider</description>
                <entry provider="ru.diasoft.fa.platform.lib.fileutils.FileProvider">
        	        <property name="uploadPath">
	                        <description>required parameter</description>
                        	<value>/tmp/upload/REPORTS</value>
                	</property>
			<property name="forceFileRename">
                                <description>required parameter</description>
                                <value>false</value>
                        </property>
                </entry>
        </filestorageutils-schema>	
	<filestorageutils-schema id="5" name="LosEcm">
                <description>File provider</description>
                <entry provider="ru.diasoft.fa.platform.lib.fileutils.LosEcmProvider">
        	        <property name="oauthConsumerKey">
	                        <description>OAuth server cosumer key</description>
                        	<value>ocrhcyEvP2OY47lacKzmpV8C5hJqJX9ybujuWJk8LPOGe3w2aCu0dTB6Q9B2h5at</value>
                	</property>
			<property name="apiUrl">
	                        <description>LOS ECM API URL</description>
                        	<value>http://VM-DC-LOSAPI01.NOR.TPB.COM:9080/LOSAPIs</value>
                	</property>
			<property name="oauthTokenResource">
                                <description>OAuth token web resource</description>
                                <value>/rest/oauth/getOAuthTokenKey</value>
                        </property>
			<property name="addDocumentResource">
                                <description>Add doucment web resource</description>
                                <value>/rest/document/addNewDocument</value>
                        </property>
			<property name="updateDocumentResource">
                                <description>Update doucment web resource</description>
                                <value>/rest/document/updateDocument</value>
                        </property>
			<property name="getDocumentResource">
                                <description>Get doucment web resource</description>
                                <value>/rest/document/getDocument</value>
                        </property>
			<property name="deleteDocumentResource">
                                <description>Delete doucment web resource</description>
                                <value>/rest/document/deleteDocument</value>
                        </property>
			<property name="oauthSignatureMethod">
                                <description>OAuth signature method(optional property, default=HMAC-SHA1)</description>
                                <value>HMAC-SHA1</value>
                        </property>
			<property name="oauthVersion">
                                <description>OAuth version(optional property, default=1.0)</description>
                                <value>1.0</value>
                        </property>
                </entry>
      </filestorageutils-schema>
</filestorageutils-config>
