<?xml version="1.0" encoding="UTF-8"?>
<root> 
<!-- Сводная информация по файлу проливки:
 Objects DMS_RULEGROUP - 1
 Objects DMS_OPERATION - 1
 Objects DMS_DATASET - 2
 Objects DMS_DATASETPARAM - 1
 Objects DMS_RULE - 3
 Objects DMS_RULENODE - 7
 -->
	<!-- Rule groups --> 
	<entity name="DMS_RULEGROUP" id="6963054081780250000" createMethod="ruleGroupCreate" getMethod="ruleGroupGetListByParams" createKeyParam="RULEGROUPID" getKeyParam="RULEGROUPID" service="dmsws">
		<attribute name="SYSNAME" valueType="java.lang.String" create="true" search="true">routeRulesINT</attribute>
		<attribute name="NAME" valueType="java.lang.String" create="true">Route Rules</attribute>
		<attribute name="DESCRIPTION" valueType="java.lang.String" create="true">Route Rules</attribute>
	</entity>

	<!-- Operations --> 
	<entity name="DMS_OPERATION" id="1072086398887376600" createMethod="ruleOperationCreate" getMethod="ruleOperationGetListByParams" createKeyParam="OPERATIONID" getKeyParam="OPERATIONID" service="dmsws">
		<attribute name="SYSNAME" valueType="java.lang.String" create="true" search="true">EQUAL</attribute>
		<attribute name="GROUPSYSNAME" valueType="java.lang.String" create="true" search="true">CHK</attribute>
	</entity>

	<!-- Datasets --> 
	<entity name="DMS_DATASET" id="4519831574007828000" createMethod="ruleDatasetCreate" getMethod="ruleDatasetGetListByParams" createKeyParam="DATASETID" getKeyParam="DATASETID" service="dmsws">
		<attribute name="SYSNAME" valueType="java.lang.String" create="true" search="true">checkStageResultsINT</attribute>
		<attribute name="FULLNAME" valueType="java.lang.String" create="true">Check Stage Result</attribute>
	</entity>

	<entity name="DMS_DATASET" id="3164599731249833500" createMethod="ruleDatasetCreate" getMethod="ruleDatasetGetListByParams" createKeyParam="DATASETID" getKeyParam="DATASETID" service="dmsws">
		<attribute name="SYSNAME" valueType="java.lang.String" create="true" search="true">routingINT</attribute>
		<attribute name="FULLNAME" valueType="java.lang.String" create="true">Dataset for Routing</attribute>
	</entity>

	<!-- Parameters --> 
	<entity name="DMS_DATASETPARAM" id="3748316574043471000" createMethod="ruleDatasetParamCreate" getMethod="ruleDatasetParamGetListByParams" createKeyParam="DATASETPARAMID" getKeyParam="DATASETPARAMID" service="dmsws">
		<attribute name="DATASETID" valueType="java.lang.Long" create="true" search="true" entityID="4519831574007828000"/>
		<attribute name="PARAMTYPE" valueType="java.lang.String" create="true" search="true">0</attribute>
		<attribute name="SYSNAME" valueType="java.lang.String" create="true" search="true">checkResult</attribute>
		<attribute name="NAME" valueType="java.lang.String" create="true"></attribute>
		<attribute name="FULLNAME" valueType="java.lang.String" create="true">Check Result</attribute>
		<attribute name="PARAMVALUETYPE" valueType="java.lang.String" create="true" search="true">java.lang.String</attribute>
		<attribute name="ISREQUIRED" valueType="java.lang.String" create="true">0</attribute>
	</entity>

	<!-- Rules --> 
	<entity name="DMS_RULE" id="7862240069356231000" createMethod="ruleCreate" getMethod="ruleGetListByParams" createKeyParam="RULEID" getKeyParam="RULEID" service="dmsws">
		<attribute name="SYSNAME" valueType="java.lang.String" create="true" search="true">checkForRoutingAfterMMC</attribute>
		<attribute name="NAME" valueType="java.lang.String" create="true">Check for routing after MMC</attribute>
		<attribute name="DESCRIPTION" valueType="java.lang.String" create="true"></attribute>
		<attribute name="RULEGROUPID" valueType="java.lang.Long" create="true" search="true" entityID="6963054081780250000"/>
		<attribute name="DATASETID" valueType="java.lang.Long" create="true" search="true" entityID="3164599731249833500"/>
	</entity>

	<entity name="DMS_RULE" id="5337648075304056000" createMethod="ruleCreate" getMethod="ruleGetListByParams" createKeyParam="RULEID" getKeyParam="RULEID" service="dmsws">
		<attribute name="SYSNAME" valueType="java.lang.String" create="true" search="true">ruleRoutingAfterMMC_Notification</attribute>
		<attribute name="NAME" valueType="java.lang.String" create="true">Rule for Routing after Meeting Minutes Control to Notification</attribute>
		<attribute name="DESCRIPTION" valueType="java.lang.String" create="true"></attribute>
		<attribute name="RULEGROUPID" valueType="java.lang.Long" create="true" search="true" entityID="6963054081780250000"/>
		<attribute name="DATASETID" valueType="java.lang.Long" create="true" search="true" entityID="4519831574007828000"/>
	</entity>

	<entity name="DMS_RULE" id="2216397674430885000" createMethod="ruleCreate" getMethod="ruleGetListByParams" createKeyParam="RULEID" getKeyParam="RULEID" service="dmsws">
		<attribute name="SYSNAME" valueType="java.lang.String" create="true" search="true">ruleRoutingAfterMMC_AutoNotification</attribute>
		<attribute name="NAME" valueType="java.lang.String" create="true">Rule routing after Meeting Minutes Control to AutoNotification</attribute>
		<attribute name="DESCRIPTION" valueType="java.lang.String" create="true"></attribute>
		<attribute name="RULEGROUPID" valueType="java.lang.Long" create="true" search="true" entityID="6963054081780250000"/>
		<attribute name="DATASETID" valueType="java.lang.Long" create="true" search="true" entityID="4519831574007828000"/>
	</entity>

	<!-- Nodes of rules --> 
	<entity name="DMS_RULENODE" id="2956040727334626300" createMethod="ruleNodeCreate" getMethod="ruleNodeGetListByParams" createKeyParam="RULENODEID" getKeyParam="RULENODEID" service="dmsws">
		<attribute name="PARENTRULENODEID" valueType="java.lang.Long" create="true" search="true">0</attribute>
		<attribute name="RULEID" valueType="java.lang.Long" create="true" search="true" entityID="7862240069356231000"/>
		<attribute name="NODETYPE" valueType="java.lang.String" create="true">6</attribute>
		<attribute name="VALUEID" valueType="java.lang.Long" create="true" search="true">null</attribute>
		<attribute name="NODEVALUE" valueType="java.util.Map" create="true"><![CDATA[<?xml version="1.0" encoding="UTF-8" standalone="no"?><content version="1.0"><param name="CELLS" valueClass="java.util.ArrayList"><param name="" valueClass="ru.diasoft.utils.DefaultedHashMap"><param name="VALUE" value="LOSSendToAutomaticNotification" valueClass="java.lang.String"/><param name="CONDITIONS" valueClass="java.util.ArrayList"><param name="" valueClass="ru.diasoft.utils.DefaultedHashMap"><param name="DEFAULTVALUE" value="" valueClass="java.lang.String"/><param name="DATASETPARAMID" value="57" valueClass="java.lang.String"/><param name="PARAMID" value="1" valueClass="java.lang.Integer"/><param name="PARAMSYSNAME" value="LOSMMPreparation" valueClass="java.lang.String"/><param name="ID" value="1" valueClass="java.lang.Integer"/><param name="CONDITION" value="( approve , approve ]" valueClass="java.lang.String"/><param name="TOPVALUE" value="approve" valueClass="java.lang.String"/><param name="LOWVALUE" value="approve" valueClass="java.lang.String"/><param name="INTERVALTYPE" value="1" valueClass="java.lang.String"/></param><param name="" valueClass="ru.diasoft.utils.DefaultedHashMap"><param name="DEFAULTVALUE" value="" valueClass="java.lang.String"/><param name="DATASETPARAMID" value="18012" valueClass="java.lang.String"/><param name="PARAMID" value="2" valueClass="java.lang.Integer"/><param name="PARAMSYSNAME" value="LOSMMControl" valueClass="java.lang.String"/><param name="ID" value="1" valueClass="java.lang.Integer"/><param name="CONDITION" value="( approve , approve ]" valueClass="java.lang.String"/><param name="TOPVALUE" value="approve" valueClass="java.lang.String"/><param name="LOWVALUE" value="approve" valueClass="java.lang.String"/><param name="INTERVALTYPE" value="1" valueClass="java.lang.String"/></param></param><param name="ID" value="0" valueClass="java.lang.Integer"/></param><param name="" valueClass="ru.diasoft.utils.DefaultedHashMap"><param name="VALUE" value="LOSSendToNotification" valueClass="java.lang.String"/><param name="CONDITIONS" valueClass="java.util.ArrayList"><param name="" valueClass="ru.diasoft.utils.DefaultedHashMap"><param name="DEFAULTVALUE" value="" valueClass="java.lang.String"/><param name="DATASETPARAMID" value="57" valueClass="java.lang.String"/><param name="PARAMID" value="1" valueClass="java.lang.Integer"/><param name="PARAMSYSNAME" value="LOSMMPreparation" valueClass="java.lang.String"/><param name="ID" value="2" valueClass="java.lang.Integer"/><param name="CONDITION" value="( approveWithConditions , approveWithConditions ]" valueClass="java.lang.String"/><param name="TOPVALUE" value="approveWithConditions" valueClass="java.lang.String"/><param name="LOWVALUE" value="approveWithConditions" valueClass="java.lang.String"/><param name="INTERVALTYPE" value="1" valueClass="java.lang.String"/></param><param name="" valueClass="ru.diasoft.utils.DefaultedHashMap"><param name="DEFAULTVALUE" value="" valueClass="java.lang.String"/><param name="DATASETPARAMID" value="18012" valueClass="java.lang.String"/><param name="PARAMID" value="2" valueClass="java.lang.Integer"/><param name="PARAMSYSNAME" value="LOSMMControl" valueClass="java.lang.String"/><param name="ID" value="1" valueClass="java.lang.Integer"/><param name="CONDITION" value="( approve , approve ]" valueClass="java.lang.String"/><param name="TOPVALUE" value="approve" valueClass="java.lang.String"/><param name="LOWVALUE" value="approve" valueClass="java.lang.String"/><param name="INTERVALTYPE" value="1" valueClass="java.lang.String"/></param></param><param name="ID" value="1" valueClass="java.lang.Integer"/></param><param name="" valueClass="ru.diasoft.utils.DefaultedHashMap"><param name="VALUE" value="LOSSendToNotification" valueClass="java.lang.String"/><param name="CONDITIONS" valueClass="java.util.ArrayList"><param name="" valueClass="ru.diasoft.utils.DefaultedHashMap"><param name="DEFAULTVALUE" value="" valueClass="java.lang.String"/><param name="DATASETPARAMID" value="57" valueClass="java.lang.String"/><param name="PARAMID" value="1" valueClass="java.lang.Integer"/><param name="PARAMSYSNAME" value="LOSMMPreparation" valueClass="java.lang.String"/><param name="ID" value="3" valueClass="java.lang.Integer"/><param name="CONDITION" value="( reject , reject ]" valueClass="java.lang.String"/><param name="TOPVALUE" value="reject" valueClass="java.lang.String"/><param name="LOWVALUE" value="reject" valueClass="java.lang.String"/><param name="INTERVALTYPE" value="1" valueClass="java.lang.String"/></param><param name="" valueClass="ru.diasoft.utils.DefaultedHashMap"><param name="DEFAULTVALUE" value="" valueClass="java.lang.String"/><param name="DATASETPARAMID" value="18012" valueClass="java.lang.String"/><param name="PARAMID" value="2" valueClass="java.lang.Integer"/><param name="PARAMSYSNAME" value="LOSMMControl" valueClass="java.lang.String"/><param name="ID" value="1" valueClass="java.lang.Integer"/><param name="CONDITION" value="( approve , approve ]" valueClass="java.lang.String"/><param name="TOPVALUE" value="approve" valueClass="java.lang.String"/><param name="LOWVALUE" value="approve" valueClass="java.lang.String"/><param name="INTERVALTYPE" value="1" valueClass="java.lang.String"/></param></param><param name="ID" value="2" valueClass="java.lang.Integer"/></param></param><param name="PARAMETERS" valueClass="java.util.ArrayList"><param name="" valueClass="ru.diasoft.utils.DefaultedHashMap"><param name="DATASETPARAMID" value="57" valueClass="java.lang.String"/><param name="DEFAULTVALUE" value="" valueClass="java.lang.String"/><param name="CONDITIONS" valueClass="java.util.ArrayList"><param name="" valueClass="ru.diasoft.utils.DefaultedHashMap"><param name="DEFAULTVALUE" value="" valueClass="java.lang.String"/><param name="DATASETPARAMID" value="57" valueClass="java.lang.String"/><param name="PARAMID" value="1" valueClass="java.lang.Integer"/><param name="CONDITION" value="" valueClass="java.lang.String"/><param name="ID" value="1" valueClass="java.lang.Integer"/><param name="PARAMSYSNAME" value="LOSMMPreparation" valueClass="java.lang.String"/><param name="TOPVALUE" value="approve" valueClass="java.lang.String"/><param name="LOWVALUE" value="approve" valueClass="java.lang.String"/><param name="INTERVALTYPE" value="1" valueClass="java.lang.String"/></param><param name="" valueClass="ru.diasoft.utils.DefaultedHashMap"><param name="DEFAULTVALUE" value="" valueClass="java.lang.String"/><param name="DATASETPARAMID" value="57" valueClass="java.lang.String"/><param name="PARAMID" value="1" valueClass="java.lang.Integer"/><param name="CONDITION" value="" valueClass="java.lang.String"/><param name="ID" value="2" valueClass="java.lang.Integer"/><param name="PARAMSYSNAME" value="LOSMMPreparation" valueClass="java.lang.String"/><param name="TOPVALUE" value="approveWithConditions" valueClass="java.lang.String"/><param name="LOWVALUE" value="approveWithConditions" valueClass="java.lang.String"/><param name="INTERVALTYPE" value="1" valueClass="java.lang.String"/></param><param name="" valueClass="ru.diasoft.utils.DefaultedHashMap"><param name="DEFAULTVALUE" value="" valueClass="java.lang.String"/><param name="DATASETPARAMID" value="57" valueClass="java.lang.String"/><param name="PARAMID" value="1" valueClass="java.lang.Integer"/><param name="CONDITION" value="" valueClass="java.lang.String"/><param name="ID" value="3" valueClass="java.lang.Integer"/><param name="PARAMSYSNAME" value="LOSMMPreparation" valueClass="java.lang.String"/><param name="TOPVALUE" value="reject" valueClass="java.lang.String"/><param name="LOWVALUE" value="reject" valueClass="java.lang.String"/><param name="INTERVALTYPE" value="1" valueClass="java.lang.String"/></param></param><param name="ID" value="1" valueClass="java.lang.Integer"/><param name="PARAMSYSNAME" value="LOSMMPreparation" valueClass="java.lang.String"/></param><param name="" valueClass="ru.diasoft.utils.DefaultedHashMap"><param name="DATASETPARAMID" value="18012" valueClass="java.lang.String"/><param name="DEFAULTVALUE" value="" valueClass="java.lang.String"/><param name="CONDITIONS" valueClass="java.util.ArrayList"><param name="" valueClass="ru.diasoft.utils.DefaultedHashMap"><param name="DEFAULTVALUE" value="" valueClass="java.lang.String"/><param name="DATASETPARAMID" value="18012" valueClass="java.lang.String"/><param name="PARAMID" value="2" valueClass="java.lang.Integer"/><param name="CONDITION" value="" valueClass="java.lang.String"/><param name="ID" value="1" valueClass="java.lang.Integer"/><param name="PARAMSYSNAME" value="LOSMMControl" valueClass="java.lang.String"/><param name="TOPVALUE" value="approve" valueClass="java.lang.String"/><param name="LOWVALUE" value="approve" valueClass="java.lang.String"/><param name="INTERVALTYPE" value="1" valueClass="java.lang.String"/></param></param><param name="ID" value="2" valueClass="java.lang.Integer"/><param name="PARAMSYSNAME" value="LOSMMControl" valueClass="java.lang.String"/></param></param><param name="VALUETYPE" value="java.lang.String" valueClass="java.lang.String"/></content>]]></attribute>
		<attribute name="DEFAULTVALUE" valueType="java.lang.String" create="true">LOSSendToNotification</attribute>
		<attribute name="ISUSEDEFAULT" valueType="java.lang.Integer" create="true">0</attribute>
		<attribute name="ORDERNO" valueType="java.lang.Integer" create="true" search="true">5021</attribute>
		<attribute name="MARK" valueType="java.lang.Integer" create="true" search="true"></attribute>
		<attribute name="SYSNAME" valueType="java.lang.String" create="true"></attribute>
		<attribute name="NAME" valueType="java.lang.String" create="true"></attribute>
	</entity>

	<entity name="DMS_RULENODE" id="6236447198995168000" createMethod="ruleNodeCreate" getMethod="ruleNodeGetListByParams" createKeyParam="RULENODEID" getKeyParam="RULENODEID" service="dmsws">
		<attribute name="PARENTRULENODEID" valueType="java.lang.Long" create="true" search="true">0</attribute>
		<attribute name="RULEID" valueType="java.lang.Long" create="true" search="true" entityID="5337648075304056000"/>
		<attribute name="NODETYPE" valueType="java.lang.String" create="true">0</attribute>
		<attribute name="VALUEID" valueType="java.lang.Long" create="true" search="true" entityID="1072086398887376600"/>
		<attribute name="NODEVALUE" valueType="java.util.Map" create="true"></attribute>
		<attribute name="DEFAULTVALUE" valueType="java.lang.String" create="true"></attribute>
		<attribute name="ISUSEDEFAULT" valueType="java.lang.Integer" create="true">0</attribute>
		<attribute name="ORDERNO" valueType="java.lang.Integer" create="true" search="true">5024</attribute>
		<attribute name="MARK" valueType="java.lang.Integer" create="true" search="true"></attribute>
		<attribute name="SYSNAME" valueType="java.lang.String" create="true"></attribute>
		<attribute name="NAME" valueType="java.lang.String" create="true"></attribute>
	</entity>

	<entity name="DMS_RULENODE" id="3236378686035207000" createMethod="ruleNodeCreate" getMethod="ruleNodeGetListByParams" createKeyParam="RULENODEID" getKeyParam="RULENODEID" service="dmsws">
		<attribute name="PARENTRULENODEID" valueType="java.lang.Long" create="true" search="true">0</attribute>
		<attribute name="RULEID" valueType="java.lang.Long" create="true" search="true" entityID="2216397674430885000"/>
		<attribute name="NODETYPE" valueType="java.lang.String" create="true">0</attribute>
		<attribute name="VALUEID" valueType="java.lang.Long" create="true" search="true" entityID="1072086398887376600"/>
		<attribute name="NODEVALUE" valueType="java.util.Map" create="true"></attribute>
		<attribute name="DEFAULTVALUE" valueType="java.lang.String" create="true"></attribute>
		<attribute name="ISUSEDEFAULT" valueType="java.lang.Integer" create="true">0</attribute>
		<attribute name="ORDERNO" valueType="java.lang.Integer" create="true" search="true">5025</attribute>
		<attribute name="MARK" valueType="java.lang.Integer" create="true" search="true"></attribute>
		<attribute name="SYSNAME" valueType="java.lang.String" create="true"></attribute>
		<attribute name="NAME" valueType="java.lang.String" create="true"></attribute>
	</entity>

	<entity name="DMS_RULENODE" id="5501529056923309000" createMethod="ruleNodeCreate" getMethod="ruleNodeGetListByParams" createKeyParam="RULENODEID" getKeyParam="RULENODEID" service="dmsws">
		<attribute name="PARENTRULENODEID" valueType="java.lang.Long" create="true" search="true" entityID="6236447198995168000"/>
		<attribute name="RULEID" valueType="java.lang.Long" create="true" search="true" entityID="5337648075304056000"/>
		<attribute name="NODETYPE" valueType="java.lang.String" create="true">1</attribute>
		<attribute name="VALUEID" valueType="java.lang.Long" create="true" search="true" entityID="3748316574043471000"/>
		<attribute name="NODEVALUE" valueType="java.util.Map" create="true"></attribute>
		<attribute name="DEFAULTVALUE" valueType="java.lang.String" create="true"></attribute>
		<attribute name="ISUSEDEFAULT" valueType="java.lang.Integer" create="true">0</attribute>
		<attribute name="ORDERNO" valueType="java.lang.Integer" create="true" search="true">2</attribute>
		<attribute name="MARK" valueType="java.lang.Integer" create="true" search="true"></attribute>
		<attribute name="SYSNAME" valueType="java.lang.String" create="true"></attribute>
		<attribute name="NAME" valueType="java.lang.String" create="true"></attribute>
	</entity>

	<entity name="DMS_RULENODE" id="3439094243684586000" createMethod="ruleNodeCreate" getMethod="ruleNodeGetListByParams" createKeyParam="RULENODEID" getKeyParam="RULENODEID" service="dmsws">
		<attribute name="PARENTRULENODEID" valueType="java.lang.Long" create="true" search="true" entityID="6236447198995168000"/>
		<attribute name="RULEID" valueType="java.lang.Long" create="true" search="true" entityID="5337648075304056000"/>
		<attribute name="NODETYPE" valueType="java.lang.String" create="true">3</attribute>
		<attribute name="VALUEID" valueType="java.lang.Long" create="true" search="true">null</attribute>
		<attribute name="NODEVALUE" valueType="java.util.Map" create="true"><![CDATA[<?xml version="1.0" encoding="UTF-8" standalone="no"?><content version="1.0"><param name="VALUE" value="LOSSendToNotification" valueClass="java.lang.String"/><param name="VALUETYPE" value="java.lang.String" valueClass="java.lang.String"/></content>]]></attribute>
		<attribute name="DEFAULTVALUE" valueType="java.lang.String" create="true"></attribute>
		<attribute name="ISUSEDEFAULT" valueType="java.lang.Integer" create="true">0</attribute>
		<attribute name="ORDERNO" valueType="java.lang.Integer" create="true" search="true">1</attribute>
		<attribute name="MARK" valueType="java.lang.Integer" create="true" search="true">0</attribute>
		<attribute name="SYSNAME" valueType="java.lang.String" create="true"></attribute>
		<attribute name="NAME" valueType="java.lang.String" create="true"></attribute>
	</entity>

	<entity name="DMS_RULENODE" id="8742565671900394000" createMethod="ruleNodeCreate" getMethod="ruleNodeGetListByParams" createKeyParam="RULENODEID" getKeyParam="RULENODEID" service="dmsws">
		<attribute name="PARENTRULENODEID" valueType="java.lang.Long" create="true" search="true" entityID="3236378686035207000"/>
		<attribute name="RULEID" valueType="java.lang.Long" create="true" search="true" entityID="2216397674430885000"/>
		<attribute name="NODETYPE" valueType="java.lang.String" create="true">3</attribute>
		<attribute name="VALUEID" valueType="java.lang.Long" create="true" search="true">null</attribute>
		<attribute name="NODEVALUE" valueType="java.util.Map" create="true"><![CDATA[<?xml version="1.0" encoding="UTF-8" standalone="no"?><content version="1.0"><param name="VALUE" value="LOSSendToAutomaticNotification" valueClass="java.lang.String"/><param name="VALUETYPE" value="java.lang.String" valueClass="java.lang.String"/></content>]]></attribute>
		<attribute name="DEFAULTVALUE" valueType="java.lang.String" create="true"></attribute>
		<attribute name="ISUSEDEFAULT" valueType="java.lang.Integer" create="true">0</attribute>
		<attribute name="ORDERNO" valueType="java.lang.Integer" create="true" search="true">1</attribute>
		<attribute name="MARK" valueType="java.lang.Integer" create="true" search="true">0</attribute>
		<attribute name="SYSNAME" valueType="java.lang.String" create="true"></attribute>
		<attribute name="NAME" valueType="java.lang.String" create="true"></attribute>
	</entity>

	<entity name="DMS_RULENODE" id="4510781429993462000" createMethod="ruleNodeCreate" getMethod="ruleNodeGetListByParams" createKeyParam="RULENODEID" getKeyParam="RULENODEID" service="dmsws">
		<attribute name="PARENTRULENODEID" valueType="java.lang.Long" create="true" search="true" entityID="3236378686035207000"/>
		<attribute name="RULEID" valueType="java.lang.Long" create="true" search="true" entityID="2216397674430885000"/>
		<attribute name="NODETYPE" valueType="java.lang.String" create="true">1</attribute>
		<attribute name="VALUEID" valueType="java.lang.Long" create="true" search="true" entityID="3748316574043471000"/>
		<attribute name="NODEVALUE" valueType="java.util.Map" create="true"></attribute>
		<attribute name="DEFAULTVALUE" valueType="java.lang.String" create="true"></attribute>
		<attribute name="ISUSEDEFAULT" valueType="java.lang.Integer" create="true">0</attribute>
		<attribute name="ORDERNO" valueType="java.lang.Integer" create="true" search="true">2</attribute>
		<attribute name="MARK" valueType="java.lang.Integer" create="true" search="true"></attribute>
		<attribute name="SYSNAME" valueType="java.lang.String" create="true"></attribute>
		<attribute name="NAME" valueType="java.lang.String" create="true"></attribute>
	</entity>

</root> 
