<?xml version="1.0" encoding="UTF-8"?>
<root>
    <!-- Сводная информация по файлу проливки:
     Объектов DMS_RULEGROUP - 1
     Объектов DMS_OPERATION - 1
     Объектов DMS_DATASET - 2
     Объектов DMS_DATASETPARAM - 1
     Объектов DMS_RULE - 4
     Объектов DMS_RULENODE - 10
     -->
    <!-- Группы правил -->
    <entity name="DMS_RULEGROUP" id="1032365613100098400" createMethod="ruleGroupCreate" getMethod="ruleGroupGetListByParams" createKeyParam="RULEGROUPID" getKeyParam="RULEGROUPID" service="dmsws">
        <attribute name="SYSNAME" valueType="java.lang.String" create="true" search="true">routeRulesINT</attribute>
        <attribute name="NAME" valueType="java.lang.String" create="true">Route Rules</attribute>
        <attribute name="DESCRIPTION" valueType="java.lang.String" create="true">Route Rules</attribute>
    </entity>

    <!-- Операции -->
    <entity name="DMS_OPERATION" id="4773009061423625000" createMethod="ruleOperationCreate" getMethod="ruleOperationGetListByParams" createKeyParam="OPERATIONID" getKeyParam="OPERATIONID" service="dmsws">
        <attribute name="SYSNAME" valueType="java.lang.String" create="true" search="true">EQUAL</attribute>
        <attribute name="GROUPSYSNAME" valueType="java.lang.String" create="true" search="true">CHK</attribute>
    </entity>

    <entity name="DMS_OPERATION" id="6006071338380895000" createMethod="ruleOperationCreate" getMethod="ruleOperationGetListByParams" createKeyParam="OPERATIONID" getKeyParam="OPERATIONID" service="dmsws">
        <attribute name="SYSNAME" valueType="java.lang.String" create="true" search="true">SUM</attribute>
        <attribute name="GROUPSYSNAME" valueType="java.lang.String" create="true" search="true">CALC</attribute>
    </entity>


    <!-- Наборы данных -->
    <entity name="DMS_DATASET" id="4919857452650756000" createMethod="ruleDatasetCreate" getMethod="ruleDatasetGetListByParams" createKeyParam="DATASETID" getKeyParam="DATASETID" service="dmsws">
        <attribute name="SYSNAME" valueType="java.lang.String" create="true" search="true">checkStageResultsINT</attribute>
        <attribute name="FULLNAME" valueType="java.lang.String" create="true">Check Stage Result</attribute>
    </entity>

    <entity name="DMS_DATASET" id="5801432915273185000" createMethod="ruleDatasetCreate" getMethod="ruleDatasetGetListByParams" createKeyParam="DATASETID" getKeyParam="DATASETID" service="dmsws">
        <attribute name="SYSNAME" valueType="java.lang.String" create="true" search="true">routingINT</attribute>
        <attribute name="FULLNAME" valueType="java.lang.String" create="true">Dataset for Routing</attribute>
    </entity>

    <!-- Наборы данных -->
    <entity name="DMS_DATASET" id="7780836903259795000" createMethod="ruleDatasetCreate" getMethod="ruleDatasetGetListByParams" createKeyParam="DATASETID" getKeyParam="DATASETID" service="dmsws">
        <attribute name="SYSNAME" valueType="java.lang.String" create="true" search="true">checkResultsINT</attribute>
        <attribute name="FULLNAME" valueType="java.lang.String" create="true">Check Result</attribute>
    </entity>

    <!-- Параметры -->
    <entity name="DMS_DATASETPARAM" id="5697450290812064000" createMethod="ruleDatasetParamCreate" getMethod="ruleDatasetParamGetListByParams" createKeyParam="DATASETPARAMID" getKeyParam="DATASETPARAMID" service="dmsws">
        <attribute name="DATASETID" valueType="java.lang.Long" create="true" search="true" entityID="4919857452650756000"/>
        <attribute name="PARAMTYPE" valueType="java.lang.String" create="true" search="true">0</attribute>
        <attribute name="SYSNAME" valueType="java.lang.String" create="true" search="true">checkResult</attribute>
        <attribute name="NAME" valueType="java.lang.String" create="true"></attribute>
        <attribute name="FULLNAME" valueType="java.lang.String" create="true">Check Result</attribute>
        <attribute name="PARAMVALUETYPE" valueType="java.lang.String" create="true" search="true">java.lang.String</attribute>
        <attribute name="ISREQUIRED" valueType="java.lang.String" create="true">0</attribute>
    </entity>

    <entity name="DMS_DATASETPARAM" id="1655093116147634400" createMethod="ruleDatasetParamCreate" getMethod="ruleDatasetParamGetListByParams" createKeyParam="DATASETPARAMID" getKeyParam="DATASETPARAMID" service="dmsws">
        <attribute name="DATASETID" valueType="java.lang.Long" create="true" search="true" entityID="4919857452650756000"/>
        <attribute name="PARAMTYPE" valueType="java.lang.String" create="true" search="true">0</attribute>
        <attribute name="SYSNAME" valueType="java.lang.String" create="true" search="true">checkResult</attribute>
        <attribute name="NAME" valueType="java.lang.String" create="true"></attribute>
        <attribute name="FULLNAME" valueType="java.lang.String" create="true">Check Result</attribute>
        <attribute name="PARAMVALUETYPE" valueType="java.lang.String" create="true" search="true">java.lang.Integer</attribute>
        <attribute name="ISREQUIRED" valueType="java.lang.String" create="true">0</attribute>
    </entity>

    <entity name="DMS_DATASETPARAM" id="5028265019399142000" createMethod="ruleDatasetParamCreate" getMethod="ruleDatasetParamGetListByParams" createKeyParam="DATASETPARAMID" getKeyParam="DATASETPARAMID" service="dmsws">
        <attribute name="DATASETID" valueType="java.lang.Long" create="true" search="true" entityID="5801432915273185000"/>
        <attribute name="PARAMTYPE" valueType="java.lang.String" create="true" search="true">0</attribute>
        <attribute name="SYSNAME" valueType="java.lang.String" create="true" search="true">controlMethodSysName</attribute>
        <attribute name="NAME" valueType="java.lang.String" create="true"></attribute>
        <attribute name="FULLNAME" valueType="java.lang.String" create="true">Method Of Control</attribute>
        <attribute name="PARAMVALUETYPE" valueType="java.lang.String" create="true" search="true">java.lang.String</attribute>
        <attribute name="ISREQUIRED" valueType="java.lang.String" create="true">0</attribute>
    </entity>

    <entity name="DMS_DATASETPARAM" id="4178635114740475400" createMethod="ruleDatasetParamCreate" getMethod="ruleDatasetParamGetListByParams" createKeyParam="DATASETPARAMID" getKeyParam="DATASETPARAMID" service="dmsws">
        <attribute name="DATASETID" valueType="java.lang.Long" create="true" search="true" entityID="5801432915273185000"/>
        <attribute name="PARAMTYPE" valueType="java.lang.String" create="true" search="true">0</attribute>
        <attribute name="SYSNAME" valueType="java.lang.String" create="true" search="true">approverLevelUnderwriter</attribute>
        <attribute name="NAME" valueType="java.lang.String" create="true"></attribute>
        <attribute name="FULLNAME" valueType="java.lang.String" create="true">The approver level chosen by Underwriter</attribute>
        <attribute name="PARAMVALUETYPE" valueType="java.lang.String" create="true" search="true">java.lang.String</attribute>
        <attribute name="ISREQUIRED" valueType="java.lang.String" create="true">0</attribute>
    </entity>

    <entity name="DMS_DATASETPARAM" id="3809038671829211605" createMethod="ruleDatasetParamCreate" getMethod="ruleDatasetParamGetListByParams" createKeyParam="DATASETPARAMID" getKeyParam="DATASETPARAMID" service="dmsws">
        <attribute name="DATASETID" valueType="java.lang.Long" create="true" search="true" entityID="5801432915273185000"/>
        <attribute name="PARAMTYPE" valueType="java.lang.String" create="true" search="true">0</attribute>
        <attribute name="SYSNAME" valueType="java.lang.String" create="true" search="true">LOSMMPreparation</attribute>
        <attribute name="NAME" valueType="java.lang.String" create="true"></attribute>
        <attribute name="FULLNAME" valueType="java.lang.String" create="true">Decision from Meeting Minutes Preparation State</attribute>
        <attribute name="PARAMVALUETYPE" valueType="java.lang.String" create="true" search="true">java.lang.String</attribute>
        <attribute name="ISREQUIRED" valueType="java.lang.String" create="true">0</attribute>
    </entity>

    <entity name="DMS_DATASETPARAM" id="3809038671829311605" createMethod="ruleDatasetParamCreate" getMethod="ruleDatasetParamGetListByParams" createKeyParam="DATASETPARAMID" getKeyParam="DATASETPARAMID" service="dmsws">
        <attribute name="DATASETID" valueType="java.lang.Long" create="true" search="true" entityID="5801432915273185000"/>
        <attribute name="PARAMTYPE" valueType="java.lang.String" create="true" search="true">0</attribute>
        <attribute name="SYSNAME" valueType="java.lang.String" create="true" search="true">LOSMMControl</attribute>
        <attribute name="NAME" valueType="java.lang.String" create="true"></attribute>
        <attribute name="FULLNAME" valueType="java.lang.String" create="true">Decision from Meeting Minutes Control State</attribute>
        <attribute name="PARAMVALUETYPE" valueType="java.lang.String" create="true" search="true">java.lang.String</attribute>
        <attribute name="ISREQUIRED" valueType="java.lang.String" create="true">0</attribute>
    </entity>

    <entity name="DMS_DATASETPARAM" id="1655093116147634400" createMethod="ruleDatasetParamCreate" getMethod="ruleDatasetParamGetListByParams" createKeyParam="DATASETPARAMID" getKeyParam="DATASETPARAMID" service="dmsws">
        <attribute name="DATASETID" valueType="java.lang.Long" create="true" search="true" entityID="7780836903259795000"/>
        <attribute name="PARAMTYPE" valueType="java.lang.String" create="true" search="true">0</attribute>
        <attribute name="SYSNAME" valueType="java.lang.String" create="true" search="true">checkResult</attribute>
        <attribute name="NAME" valueType="java.lang.String" create="true"></attribute>
        <attribute name="FULLNAME" valueType="java.lang.String" create="true">Check Result</attribute>
        <attribute name="PARAMVALUETYPE" valueType="java.lang.String" create="true" search="true">java.lang.Integer</attribute>
        <attribute name="ISREQUIRED" valueType="java.lang.String" create="true">0</attribute>
    </entity>

    <entity name="DMS_DATASETPARAM" id="3809038671829211600" createMethod="ruleDatasetParamCreate" getMethod="ruleDatasetParamGetListByParams" createKeyParam="DATASETPARAMID" getKeyParam="DATASETPARAMID" service="dmsws">
        <attribute name="DATASETID" valueType="java.lang.Long" create="true" search="true" entityID="5801432915273185000"/>
        <attribute name="PARAMTYPE" valueType="java.lang.String" create="true" search="true">0</attribute>
        <attribute name="SYSNAME" valueType="java.lang.String" create="true" search="true">LOSAutoCheckVerification</attribute>
        <attribute name="NAME" valueType="java.lang.String" create="true"></attribute>
        <attribute name="FULLNAME" valueType="java.lang.String" create="true">Decision from AutoCheck Verification State</attribute>
        <attribute name="PARAMVALUETYPE" valueType="java.lang.String" create="true" search="true">java.lang.String</attribute>
        <attribute name="ISREQUIRED" valueType="java.lang.String" create="true">0</attribute>
    </entity>

    <entity name="DMS_DATASETPARAM" id="3809038671829211601" createMethod="ruleDatasetParamCreate" getMethod="ruleDatasetParamGetListByParams" createKeyParam="DATASETPARAMID" getKeyParam="DATASETPARAMID" service="dmsws">
        <attribute name="DATASETID" valueType="java.lang.Long" create="true" search="true" entityID="5801432915273185000"/>
        <attribute name="PARAMTYPE" valueType="java.lang.String" create="true" search="true">0</attribute>
        <attribute name="SYSNAME" valueType="java.lang.String" create="true" search="true">LOSDataInputControl</attribute>
        <attribute name="NAME" valueType="java.lang.String" create="true"></attribute>
        <attribute name="FULLNAME" valueType="java.lang.String" create="true">Decision from Data Input Control State</attribute>
        <attribute name="PARAMVALUETYPE" valueType="java.lang.String" create="true" search="true">java.lang.String</attribute>
        <attribute name="ISREQUIRED" valueType="java.lang.String" create="true">0</attribute>
    </entity>

    <!-- Правила -->
    <entity name="DMS_RULE" id="7190176694204361000" createMethod="ruleCreate" getMethod="ruleGetListByParams" createKeyParam="RULEID" getKeyParam="RULEID" service="dmsws">
        <attribute name="SYSNAME" valueType="java.lang.String" create="true" search="true">routeToHOINT</attribute>
        <attribute name="NAME" valueType="java.lang.String" create="true">Route to HO</attribute>
        <attribute name="DESCRIPTION" valueType="java.lang.String" create="true">The rule for application routing to Head office or Branch for decision Making</attribute>
        <attribute name="RULEGROUPID" valueType="java.lang.Long" create="true" search="true" entityID="1032365613100098400"/>
        <attribute name="DATASETID" valueType="java.lang.Long" create="true" search="true" entityID="5801432915273185000"/>
    </entity>

    <entity name="DMS_RULE" id="7862240069356231000" createMethod="ruleCreate" getMethod="ruleGetListByParams" createKeyParam="RULEID" getKeyParam="RULEID" service="dmsws">
        <attribute name="SYSNAME" valueType="java.lang.String" create="true" search="true">checkForRoutingAfterMMC</attribute>
        <attribute name="NAME" valueType="java.lang.String" create="true">Check for routing after MMC</attribute>
        <attribute name="DESCRIPTION" valueType="java.lang.String" create="true"></attribute>
        <attribute name="RULEGROUPID" valueType="java.lang.Long" create="true" search="true" entityID="1032365613100098400"/>
        <attribute name="DATASETID" valueType="java.lang.Long" create="true" search="true" entityID="5801432915273185000"/>
    </entity>

    <entity name="DMS_RULE" id="6784560648440554000" createMethod="ruleCreate" getMethod="ruleGetListByParams" createKeyParam="RULEID" getKeyParam="RULEID" service="dmsws">
        <attribute name="SYSNAME" valueType="java.lang.String" create="true" search="true">ruleSendToSupplementINT</attribute>
        <attribute name="NAME" valueType="java.lang.String" create="true">Rule Send to Supplement</attribute>
        <attribute name="DESCRIPTION" valueType="java.lang.String" create="true"></attribute>
        <attribute name="RULEGROUPID" valueType="java.lang.Long" create="true" search="true" entityID="1032365613100098400"/>
        <attribute name="DATASETID" valueType="java.lang.Long" create="true" search="true" entityID="4919857452650756000"/>
    </entity>

    <entity name="DMS_RULE" id="7119096554935384000" createMethod="ruleCreate" getMethod="ruleGetListByParams" createKeyParam="RULEID" getKeyParam="RULEID" service="dmsws">
        <attribute name="SYSNAME" valueType="java.lang.String" create="true" search="true">ruleSendToUnderwriterINT</attribute>
        <attribute name="NAME" valueType="java.lang.String" create="true">Rule Send to Underwriter Review</attribute>
        <attribute name="DESCRIPTION" valueType="java.lang.String" create="true"></attribute>
        <attribute name="RULEGROUPID" valueType="java.lang.Long" create="true" search="true" entityID="1032365613100098400"/>
        <attribute name="DATASETID" valueType="java.lang.Long" create="true" search="true" entityID="4919857452650756000"/>
    </entity>

    <entity name="DMS_RULE" id="7649614963113153000" createMethod="ruleCreate" getMethod="ruleGetListByParams" createKeyParam="RULEID" getKeyParam="RULEID" service="dmsws">
        <attribute name="SYSNAME" valueType="java.lang.String" create="true" search="true">ruleRouteToBranchManagerINT</attribute>
        <attribute name="NAME" valueType="java.lang.String" create="true">Rule Send to Branch Manager</attribute>
        <attribute name="DESCRIPTION" valueType="java.lang.String" create="true"></attribute>
        <attribute name="RULEGROUPID" valueType="java.lang.Long" create="true" search="true" entityID="1032365613100098400"/>
        <attribute name="DATASETID" valueType="java.lang.Long" create="true" search="true" entityID="4919857452650756000"/>
    </entity>

    <entity name="DMS_RULE" id="3660918219584419300" createMethod="ruleCreate" getMethod="ruleGetListByParams" createKeyParam="RULEID" getKeyParam="RULEID" service="dmsws">
        <attribute name="SYSNAME" valueType="java.lang.String" create="true" search="true">rule2StepsOfUnderwriterControl</attribute>
        <attribute name="NAME" valueType="java.lang.String" create="true">Rule for 2 steps of Underwriter Control</attribute>
        <attribute name="DESCRIPTION" valueType="java.lang.String" create="true"></attribute>
        <attribute name="RULEGROUPID" valueType="java.lang.Long" create="true" search="true" entityID="1032365613100098400"/>
        <attribute name="DATASETID" valueType="java.lang.Long" create="true" search="true" entityID="5801432915273185000"/>
    </entity>

    <entity name="DMS_RULE" id="3660918219584419350" createMethod="ruleCreate" getMethod="ruleGetListByParams" createKeyParam="RULEID" getKeyParam="RULEID" service="dmsws">
        <attribute name="SYSNAME" valueType="java.lang.String" create="true" search="true">rule1StepsOfUnderwriterControl</attribute>
        <attribute name="NAME" valueType="java.lang.String" create="true">Rule for 1 steps of Underwriter Control</attribute>
        <attribute name="DESCRIPTION" valueType="java.lang.String" create="true"></attribute>
        <attribute name="RULEGROUPID" valueType="java.lang.Long" create="true" search="true" entityID="1032365613100098400"/>
        <attribute name="DATASETID" valueType="java.lang.Long" create="true" search="true" entityID="5801432915273185000"/>
    </entity>

    <entity name="DMS_RULE" id="8612153807524000000" createMethod="ruleCreate" getMethod="ruleGetListByParams" createKeyParam="RULEID" getKeyParam="RULEID" service="dmsws">
        <attribute name="SYSNAME" valueType="java.lang.String" create="true" search="true">ruleSendToAutoNotificationMM</attribute>
        <attribute name="NAME" valueType="java.lang.String" create="true">Rule Send to Auto Notification after Meeting Minutes</attribute>
        <attribute name="DESCRIPTION" valueType="java.lang.String" create="true"></attribute>
        <attribute name="RULEGROUPID" valueType="java.lang.Long" create="true" search="true" entityID="1032365613100098400"/>
        <attribute name="DATASETID" valueType="java.lang.Long" create="true" search="true" entityID="5801432915273185000"/>
    </entity>

    <entity name="DMS_RULE" id="9149974481678445000" createMethod="ruleCreate" getMethod="ruleGetListByParams" createKeyParam="RULEID" getKeyParam="RULEID" service="dmsws">
        <attribute name="SYSNAME" valueType="java.lang.String" create="true" search="true">ruleSendToNotificationMM</attribute>
        <attribute name="NAME" valueType="java.lang.String" create="true">Rule Send to Notification after Meeting Minutes</attribute>
        <attribute name="DESCRIPTION" valueType="java.lang.String" create="true"></attribute>
        <attribute name="RULEGROUPID" valueType="java.lang.Long" create="true" search="true" entityID="1032365613100098400"/>
        <attribute name="DATASETID" valueType="java.lang.Long" create="true" search="true" entityID="5801432915273185000"/>
    </entity>

    <entity name="DMS_RULE" id="7303906583475189000" createMethod="ruleCreate" getMethod="ruleGetListByParams" createKeyParam="RULEID" getKeyParam="RULEID" service="dmsws">
        <attribute name="SYSNAME" valueType="java.lang.String" create="true" search="true">ruleSentToApproverHeadOffice</attribute>
        <attribute name="NAME" valueType="java.lang.String" create="true">Rule Send To Approver (HeadOffice)</attribute>
        <attribute name="DESCRIPTION" valueType="java.lang.String" create="true"></attribute>
        <attribute name="RULEGROUPID" valueType="java.lang.Long" create="true" search="true" entityID="1032365613100098400"/>
        <attribute name="DATASETID" valueType="java.lang.Long" create="true" search="true" entityID="5801432915273185000"/>
    </entity>

    <entity name="DMS_RULE" id="267422023882464350" createMethod="ruleCreate" getMethod="ruleGetListByParams" createKeyParam="RULEID" getKeyParam="RULEID" service="dmsws">
        <attribute name="SYSNAME" valueType="java.lang.String" create="true" search="true">ruleSentToCreditCommittee</attribute>
        <attribute name="NAME" valueType="java.lang.String" create="true">Rule Send To Credit Committee</attribute>
        <attribute name="DESCRIPTION" valueType="java.lang.String" create="true"></attribute>
        <attribute name="RULEGROUPID" valueType="java.lang.Long" create="true" search="true" entityID="1032365613100098400"/>
        <attribute name="DATASETID" valueType="java.lang.Long" create="true" search="true" entityID="5801432915273185000"/>
    </entity>

    <entity name="DMS_RULE" id="7012809502159699000" createMethod="ruleCreate" getMethod="ruleGetListByParams" createKeyParam="RULEID" getKeyParam="RULEID" service="dmsws">
        <attribute name="SYSNAME" valueType="java.lang.String" create="true" search="true">ruleAutoNotificationSuccsess</attribute>
        <attribute name="NAME" valueType="java.lang.String" create="true">Auto Notification Result Success</attribute>
        <attribute name="DESCRIPTION" valueType="java.lang.String" create="true">Auto Notification Result Success</attribute>
        <attribute name="RULEGROUPID" valueType="java.lang.Long" create="true" search="true" entityID="1032365613100098400"/>
        <attribute name="DATASETID" valueType="java.lang.Long" create="true" search="true" entityID="7780836903259795000"/>
    </entity>

    <entity name="DMS_RULE" id="2482726346142850600" createMethod="ruleCreate" getMethod="ruleGetListByParams" createKeyParam="RULEID" getKeyParam="RULEID" service="dmsws">
        <attribute name="SYSNAME" valueType="java.lang.String" create="true" search="true">ruleAutoNotificationError</attribute>
        <attribute name="NAME" valueType="java.lang.String" create="true">Auto Notification Result Error</attribute>
        <attribute name="DESCRIPTION" valueType="java.lang.String" create="true">Auto Notification Result Error</attribute>
        <attribute name="RULEGROUPID" valueType="java.lang.Long" create="true" search="true" entityID="1032365613100098400"/>
        <attribute name="DATASETID" valueType="java.lang.Long" create="true" search="true" entityID="7780836903259795000"/>
    </entity>


    <!-- Узлы правил -->
    <entity name="DMS_RULENODE" id="2956040727334626300" createMethod="ruleNodeCreate" updateMethod="ruleNodeModify" getMethod="ruleNodeGetListByParams" createKeyParam="RULENODEID" getKeyParam="RULENODEID" service="dmsws">
        <attribute name="PARENTRULENODEID" valueType="java.lang.Long" create="true" search="true">0</attribute>
        <attribute name="RULEID" valueType="java.lang.Long" create="true" search="true" entityID="7862240069356231000"/>
        <attribute name="NODETYPE" valueType="java.lang.String" create="true">6</attribute>
        <attribute name="VALUEID" valueType="java.lang.Long" create="true" search="true">null</attribute>
        <attribute name="NODEVALUE" valueType="java.util.Map" create="true" replaceID="3809038671829211605,3809038671829311605"><![CDATA[<?xml version="1.0" encoding="UTF-8" standalone="no"?><content version="1.0"><param name="CELLS" valueClass="java.util.ArrayList"><param name="" valueClass="ru.diasoft.utils.DefaultedHashMap"><param name="VALUE" value="LOSSendToAutomaticNotification" valueClass="java.lang.String"/><param name="CONDITIONS" valueClass="java.util.ArrayList"><param name="" valueClass="ru.diasoft.utils.DefaultedHashMap"><param name="DEFAULTVALUE" value="" valueClass="java.lang.String"/><param name="DATASETPARAMID" value="$entityID3809038671829211605$" valueClass="java.lang.String"/><param name="PARAMID" value="1" valueClass="java.lang.Integer"/><param name="PARAMSYSNAME" value="LOSMMPreparation" valueClass="java.lang.String"/><param name="ID" value="1" valueClass="java.lang.Integer"/><param name="CONDITION" value="( approve , approve ]" valueClass="java.lang.String"/><param name="TOPVALUE" value="approve" valueClass="java.lang.String"/><param name="LOWVALUE" value="approve" valueClass="java.lang.String"/><param name="INTERVALTYPE" value="1" valueClass="java.lang.String"/></param><param name="" valueClass="ru.diasoft.utils.DefaultedHashMap"><param name="DEFAULTVALUE" value="" valueClass="java.lang.String"/><param name="DATASETPARAMID" value="$entityID3809038671829311605$" valueClass="java.lang.String"/><param name="PARAMID" value="2" valueClass="java.lang.Integer"/><param name="PARAMSYSNAME" value="LOSMMControl" valueClass="java.lang.String"/><param name="ID" value="1" valueClass="java.lang.Integer"/><param name="CONDITION" value="( approve , approve ]" valueClass="java.lang.String"/><param name="TOPVALUE" value="approve" valueClass="java.lang.String"/><param name="LOWVALUE" value="approve" valueClass="java.lang.String"/><param name="INTERVALTYPE" value="1" valueClass="java.lang.String"/></param></param><param name="ID" value="0" valueClass="java.lang.Integer"/></param><param name="" valueClass="ru.diasoft.utils.DefaultedHashMap"><param name="VALUE" value="LOSSendToNotification" valueClass="java.lang.String"/><param name="CONDITIONS" valueClass="java.util.ArrayList"><param name="" valueClass="ru.diasoft.utils.DefaultedHashMap"><param name="DEFAULTVALUE" value="" valueClass="java.lang.String"/><param name="DATASETPARAMID" value="$entityID3809038671829211605$" valueClass="java.lang.String"/><param name="PARAMID" value="1" valueClass="java.lang.Integer"/><param name="PARAMSYSNAME" value="LOSMMPreparation" valueClass="java.lang.String"/><param name="ID" value="2" valueClass="java.lang.Integer"/><param name="CONDITION" value="( approveWithConditions , approveWithConditions ]" valueClass="java.lang.String"/><param name="TOPVALUE" value="approveWithConditions" valueClass="java.lang.String"/><param name="LOWVALUE" value="approveWithConditions" valueClass="java.lang.String"/><param name="INTERVALTYPE" value="1" valueClass="java.lang.String"/></param><param name="" valueClass="ru.diasoft.utils.DefaultedHashMap"><param name="DEFAULTVALUE" value="" valueClass="java.lang.String"/><param name="DATASETPARAMID" value="$entityID3809038671829311605$" valueClass="java.lang.String"/><param name="PARAMID" value="2" valueClass="java.lang.Integer"/><param name="PARAMSYSNAME" value="LOSMMControl" valueClass="java.lang.String"/><param name="ID" value="1" valueClass="java.lang.Integer"/><param name="CONDITION" value="( approve , approve ]" valueClass="java.lang.String"/><param name="TOPVALUE" value="approve" valueClass="java.lang.String"/><param name="LOWVALUE" value="approve" valueClass="java.lang.String"/><param name="INTERVALTYPE" value="1" valueClass="java.lang.String"/></param></param><param name="ID" value="1" valueClass="java.lang.Integer"/></param><param name="" valueClass="ru.diasoft.utils.DefaultedHashMap"><param name="VALUE" value="LOSSendToNotification" valueClass="java.lang.String"/><param name="CONDITIONS" valueClass="java.util.ArrayList"><param name="" valueClass="ru.diasoft.utils.DefaultedHashMap"><param name="DEFAULTVALUE" value="" valueClass="java.lang.String"/><param name="DATASETPARAMID" value="$entityID3809038671829211605$" valueClass="java.lang.String"/><param name="PARAMID" value="1" valueClass="java.lang.Integer"/><param name="PARAMSYSNAME" value="LOSMMPreparation" valueClass="java.lang.String"/><param name="ID" value="3" valueClass="java.lang.Integer"/><param name="CONDITION" value="( reject , reject ]" valueClass="java.lang.String"/><param name="TOPVALUE" value="reject" valueClass="java.lang.String"/><param name="LOWVALUE" value="reject" valueClass="java.lang.String"/><param name="INTERVALTYPE" value="1" valueClass="java.lang.String"/></param><param name="" valueClass="ru.diasoft.utils.DefaultedHashMap"><param name="DEFAULTVALUE" value="" valueClass="java.lang.String"/><param name="DATASETPARAMID" value="$entityID3809038671829311605$" valueClass="java.lang.String"/><param name="PARAMID" value="2" valueClass="java.lang.Integer"/><param name="PARAMSYSNAME" value="LOSMMControl" valueClass="java.lang.String"/><param name="ID" value="1" valueClass="java.lang.Integer"/><param name="CONDITION" value="( approve , approve ]" valueClass="java.lang.String"/><param name="TOPVALUE" value="approve" valueClass="java.lang.String"/><param name="LOWVALUE" value="approve" valueClass="java.lang.String"/><param name="INTERVALTYPE" value="1" valueClass="java.lang.String"/></param></param><param name="ID" value="2" valueClass="java.lang.Integer"/></param></param><param name="PARAMETERS" valueClass="java.util.ArrayList"><param name="" valueClass="ru.diasoft.utils.DefaultedHashMap"><param name="DATASETPARAMID" value="$entityID3809038671829211605$" valueClass="java.lang.String"/><param name="DEFAULTVALUE" value="" valueClass="java.lang.String"/><param name="CONDITIONS" valueClass="java.util.ArrayList"><param name="" valueClass="ru.diasoft.utils.DefaultedHashMap"><param name="DEFAULTVALUE" value="" valueClass="java.lang.String"/><param name="DATASETPARAMID" value="$entityID3809038671829211605$" valueClass="java.lang.String"/><param name="PARAMID" value="1" valueClass="java.lang.Integer"/><param name="CONDITION" value="" valueClass="java.lang.String"/><param name="ID" value="1" valueClass="java.lang.Integer"/><param name="PARAMSYSNAME" value="LOSMMPreparation" valueClass="java.lang.String"/><param name="TOPVALUE" value="approve" valueClass="java.lang.String"/><param name="LOWVALUE" value="approve" valueClass="java.lang.String"/><param name="INTERVALTYPE" value="1" valueClass="java.lang.String"/></param><param name="" valueClass="ru.diasoft.utils.DefaultedHashMap"><param name="DEFAULTVALUE" value="" valueClass="java.lang.String"/><param name="DATASETPARAMID" value="$entityID3809038671829211605$" valueClass="java.lang.String"/><param name="PARAMID" value="1" valueClass="java.lang.Integer"/><param name="CONDITION" value="" valueClass="java.lang.String"/><param name="ID" value="2" valueClass="java.lang.Integer"/><param name="PARAMSYSNAME" value="LOSMMPreparation" valueClass="java.lang.String"/><param name="TOPVALUE" value="approveWithConditions" valueClass="java.lang.String"/><param name="LOWVALUE" value="approveWithConditions" valueClass="java.lang.String"/><param name="INTERVALTYPE" value="1" valueClass="java.lang.String"/></param><param name="" valueClass="ru.diasoft.utils.DefaultedHashMap"><param name="DEFAULTVALUE" value="" valueClass="java.lang.String"/><param name="DATASETPARAMID" value="$entityID3809038671829211605$" valueClass="java.lang.String"/><param name="PARAMID" value="1" valueClass="java.lang.Integer"/><param name="CONDITION" value="" valueClass="java.lang.String"/><param name="ID" value="3" valueClass="java.lang.Integer"/><param name="PARAMSYSNAME" value="LOSMMPreparation" valueClass="java.lang.String"/><param name="TOPVALUE" value="reject" valueClass="java.lang.String"/><param name="LOWVALUE" value="reject" valueClass="java.lang.String"/><param name="INTERVALTYPE" value="1" valueClass="java.lang.String"/></param></param><param name="ID" value="1" valueClass="java.lang.Integer"/><param name="PARAMSYSNAME" value="LOSMMPreparation" valueClass="java.lang.String"/></param><param name="" valueClass="ru.diasoft.utils.DefaultedHashMap"><param name="DATASETPARAMID" value="$entityID3809038671829311605$" valueClass="java.lang.String"/><param name="DEFAULTVALUE" value="" valueClass="java.lang.String"/><param name="CONDITIONS" valueClass="java.util.ArrayList"><param name="" valueClass="ru.diasoft.utils.DefaultedHashMap"><param name="DEFAULTVALUE" value="" valueClass="java.lang.String"/><param name="DATASETPARAMID" value="$entityID3809038671829311605$" valueClass="java.lang.String"/><param name="PARAMID" value="2" valueClass="java.lang.Integer"/><param name="CONDITION" value="" valueClass="java.lang.String"/><param name="ID" value="1" valueClass="java.lang.Integer"/><param name="PARAMSYSNAME" value="LOSMMControl" valueClass="java.lang.String"/><param name="TOPVALUE" value="approve" valueClass="java.lang.String"/><param name="LOWVALUE" value="approve" valueClass="java.lang.String"/><param name="INTERVALTYPE" value="1" valueClass="java.lang.String"/></param></param><param name="ID" value="2" valueClass="java.lang.Integer"/><param name="PARAMSYSNAME" value="LOSMMControl" valueClass="java.lang.String"/></param></param><param name="VALUETYPE" value="java.lang.String" valueClass="java.lang.String"/></content>]]></attribute>
        <attribute name="DEFAULTVALUE" valueType="java.lang.String" create="true">LOSSendToNotification</attribute>
        <attribute name="ISUSEDEFAULT" valueType="java.lang.Integer" create="true">0</attribute>
        <attribute name="ORDERNO" valueType="java.lang.Integer" create="true" search="true">5021</attribute>
        <attribute name="MARK" valueType="java.lang.Integer" create="true" search="true"></attribute>
        <attribute name="SYSNAME" valueType="java.lang.String" create="true"></attribute>
        <attribute name="NAME" valueType="java.lang.String" create="true"></attribute>
    </entity>

    <entity name="DMS_RULENODE" id="2824637370531521500" createMethod="ruleNodeCreate" updateMethod="ruleNodeModify" getMethod="ruleNodeGetListByParams" createKeyParam="RULENODEID" getKeyParam="RULENODEID" service="dmsws">
        <attribute name="PARENTRULENODEID" valueType="java.lang.Long" create="true" search="true">0</attribute>
        <attribute name="RULEID" valueType="java.lang.Long" create="true" search="true" entityID="7190176694204361000"/>
        <attribute name="NODETYPE" valueType="java.lang.String" create="true">6</attribute>
        <attribute name="VALUEID" valueType="java.lang.Long" create="true" search="true">null</attribute>
        <attribute name="NODEVALUE" valueType="java.util.Map" create="true" replaceID="3809038671829211600,3809038671829211601"><![CDATA[<?xml version="1.0" encoding="UTF-8" standalone="no"?><content version="1.0"><param name="CELLS" valueClass="java.util.ArrayList"><param name="" valueClass="ru.diasoft.utils.DefaultedHashMap"><param name="VALUE" value="LOSSendToBranchApproval" valueClass="java.lang.String"/><param name="CONDITIONS" valueClass="java.util.ArrayList"><param name="" valueClass="ru.diasoft.utils.DefaultedHashMap"><param name="DEFAULTVALUE" value="" valueClass="java.lang.String"/><param name="DATASETPARAMID" value="$entityID3809038671829211600$" valueClass="java.lang.String"/><param name="PARAMTYPE" value="Параметр" valueClass="java.lang.String"/><param name="PARAMID" value="2" valueClass="java.lang.Integer"/><param name="PARAMSYSNAME" value="LOSAutoCheckVerification" valueClass="java.lang.String"/><param name="CONDITION" value="( sendToBranchApproval , sendToBranchApproval ]" valueClass="java.lang.String"/><param name="ID" value="2" valueClass="java.lang.Integer"/><param name="TOPVALUE" value="sendToBranchApproval" valueClass="java.lang.String"/><param name="LOWVALUE" value="sendToBranchApproval" valueClass="java.lang.String"/><param name="INTERVALTYPE" value="1" valueClass="java.lang.String"/></param><param name="" valueClass="ru.diasoft.utils.DefaultedHashMap"><param name="DEFAULTVALUE" value="" valueClass="java.lang.String"/><param name="DATASETPARAMID" value="$entityID3809038671829211601$" valueClass="java.lang.String"/><param name="PARAMTYPE" value="Параметр" valueClass="java.lang.String"/><param name="PARAMID" value="1" valueClass="java.lang.Integer"/><param name="PARAMSYSNAME" value="LOSDataInputControl" valueClass="java.lang.String"/><param name="CONDITION" value="( approve , approve ]" valueClass="java.lang.String"/><param name="ID" value="2" valueClass="java.lang.Integer"/><param name="TOPVALUE" value="approve" valueClass="java.lang.String"/><param name="LOWVALUE" value="approve" valueClass="java.lang.String"/><param name="INTERVALTYPE" value="1" valueClass="java.lang.String"/></param></param><param name="ID" value="0" valueClass="java.lang.Integer"/></param><param name="" valueClass="ru.diasoft.utils.DefaultedHashMap"><param name="VALUE" value="LOSSendToHOApproval" valueClass="java.lang.String"/><param name="CONDITIONS" valueClass="java.util.ArrayList"><param name="" valueClass="ru.diasoft.utils.DefaultedHashMap"><param name="DEFAULTVALUE" value="" valueClass="java.lang.String"/><param name="DATASETPARAMID" value="$entityID3809038671829211601$" valueClass="java.lang.String"/><param name="PARAMTYPE" value="Параметр" valueClass="java.lang.String"/><param name="PARAMID" value="1" valueClass="java.lang.Integer"/><param name="PARAMSYSNAME" value="LOSDataInputControl" valueClass="java.lang.String"/><param name="CONDITION" value="( approve , approve ]" valueClass="java.lang.String"/><param name="ID" value="2" valueClass="java.lang.Integer"/><param name="TOPVALUE" value="approve" valueClass="java.lang.String"/><param name="LOWVALUE" value="approve" valueClass="java.lang.String"/><param name="INTERVALTYPE" value="1" valueClass="java.lang.String"/></param><param name="" valueClass="ru.diasoft.utils.DefaultedHashMap"><param name="DEFAULTVALUE" value="" valueClass="java.lang.String"/><param name="DATASETPARAMID" value="$entityID3809038671829211600$" valueClass="java.lang.String"/><param name="PARAMTYPE" value="Параметр" valueClass="java.lang.String"/><param name="PARAMID" value="2" valueClass="java.lang.Integer"/><param name="PARAMSYSNAME" value="LOSAutoCheckVerification" valueClass="java.lang.String"/><param name="CONDITION" value="( sendToUnderwriter , sendToUnderwriter ]" valueClass="java.lang.String"/><param name="ID" value="1" valueClass="java.lang.Integer"/><param name="TOPVALUE" value="sendToUnderwriter" valueClass="java.lang.String"/><param name="LOWVALUE" value="sendToUnderwriter" valueClass="java.lang.String"/><param name="INTERVALTYPE" value="1" valueClass="java.lang.String"/></param></param><param name="ID" value="1" valueClass="java.lang.Integer"/></param></param><param name="PARAMETERS" valueClass="java.util.ArrayList"><param name="" valueClass="ru.diasoft.utils.DefaultedHashMap"><param name="DATASETPARAMID" value="$entityID3809038671829211601$" valueClass="java.lang.String"/><param name="DEFAULTVALUE" value="" valueClass="java.lang.String"/><param name="CONDITIONS" valueClass="java.util.ArrayList"><param name="" valueClass="ru.diasoft.utils.DefaultedHashMap"><param name="DEFAULTVALUE" value="" valueClass="java.lang.String"/><param name="DATASETPARAMID" value="$entityID3809038671829211601$" valueClass="java.lang.String"/><param name="PARAMTYPE" value="Параметр" valueClass="java.lang.String"/><param name="PARAMID" value="1" valueClass="java.lang.Integer"/><param name="CONDITION" value="" valueClass="java.lang.String"/><param name="ID" value="2" valueClass="java.lang.Integer"/><param name="PARAMSYSNAME" value="LOSDataInputControl" valueClass="java.lang.String"/><param name="TOPVALUE" value="approve" valueClass="java.lang.String"/><param name="LOWVALUE" value="approve" valueClass="java.lang.String"/><param name="INTERVALTYPE" value="1" valueClass="java.lang.String"/></param></param><param name="ID" value="1" valueClass="java.lang.Integer"/><param name="PARAMSYSNAME" value="LOSDataInputControl" valueClass="java.lang.String"/></param><param name="" valueClass="ru.diasoft.utils.DefaultedHashMap"><param name="DATASETPARAMID" value="$entityID3809038671829211600$" valueClass="java.lang.String"/><param name="DEFAULTVALUE" value="" valueClass="java.lang.String"/><param name="CONDITIONS" valueClass="java.util.ArrayList"><param name="" valueClass="ru.diasoft.utils.DefaultedHashMap"><param name="DEFAULTVALUE" value="" valueClass="java.lang.String"/><param name="DATASETPARAMID" value="$entityID3809038671829211600$" valueClass="java.lang.String"/><param name="PARAMTYPE" value="Параметр" valueClass="java.lang.String"/><param name="PARAMID" value="2" valueClass="java.lang.Integer"/><param name="CONDITION" value="" valueClass="java.lang.String"/><param name="ID" value="1" valueClass="java.lang.Integer"/><param name="PARAMSYSNAME" value="LOSAutoCheckVerification" valueClass="java.lang.String"/><param name="TOPVALUE" value="sendToUnderwriter" valueClass="java.lang.String"/><param name="LOWVALUE" value="sendToUnderwriter" valueClass="java.lang.String"/><param name="INTERVALTYPE" value="1" valueClass="java.lang.String"/></param><param name="" valueClass="ru.diasoft.utils.DefaultedHashMap"><param name="DEFAULTVALUE" value="" valueClass="java.lang.String"/><param name="DATASETPARAMID" value="$entityID3809038671829211600$" valueClass="java.lang.String"/><param name="PARAMTYPE" value="Параметр" valueClass="java.lang.String"/><param name="PARAMID" value="2" valueClass="java.lang.Integer"/><param name="CONDITION" value="" valueClass="java.lang.String"/><param name="ID" value="2" valueClass="java.lang.Integer"/><param name="PARAMSYSNAME" value="LOSAutoCheckVerification" valueClass="java.lang.String"/><param name="TOPVALUE" value="sendToBranchApproval" valueClass="java.lang.String"/><param name="LOWVALUE" value="sendToBranchApproval" valueClass="java.lang.String"/><param name="INTERVALTYPE" value="1" valueClass="java.lang.String"/></param></param><param name="ID" value="2" valueClass="java.lang.Integer"/><param name="PARAMSYSNAME" value="LOSAutoCheckVerification" valueClass="java.lang.String"/></param></param><param name="VALUETYPE" value="java.lang.String" valueClass="java.lang.String"/></content>]]></attribute>
        <attribute name="DEFAULTVALUE" valueType="java.lang.String" create="true"></attribute>
        <attribute name="ISUSEDEFAULT" valueType="java.lang.Integer" create="true">0</attribute>
        <attribute name="ORDERNO" valueType="java.lang.Integer" create="true" search="true">428</attribute>
        <attribute name="MARK" valueType="java.lang.Integer" create="true" search="true">0</attribute>
        <attribute name="SYSNAME" valueType="java.lang.String" create="true"></attribute>
        <attribute name="NAME" valueType="java.lang.String" create="true"></attribute>
    </entity>

    <entity name="DMS_RULENODE" id="7878691219773002000" createMethod="ruleNodeCreate" getMethod="ruleNodeGetListByParams" createKeyParam="RULENODEID" getKeyParam="RULENODEID" service="dmsws">
        <attribute name="PARENTRULENODEID" valueType="java.lang.Long" create="true" search="true">0</attribute>
        <attribute name="RULEID" valueType="java.lang.Long" create="true" search="true" entityID="6784560648440554000"/>
        <attribute name="NODETYPE" valueType="java.lang.String" create="true">0</attribute>
        <attribute name="VALUEID" valueType="java.lang.Long" create="true" search="true" entityID="4773009061423625000"/>
        <attribute name="NODEVALUE" valueType="java.util.Map" create="true"><![CDATA[<?xml version="1.0" encoding="UTF-8" standalone="no"?><content version="1.0"/>]]></attribute>
        <attribute name="DEFAULTVALUE" valueType="java.lang.String" create="true"></attribute>
        <attribute name="ISUSEDEFAULT" valueType="java.lang.Integer" create="true">0</attribute>
        <attribute name="ORDERNO" valueType="java.lang.Integer" create="true" search="true">431</attribute>
        <attribute name="MARK" valueType="java.lang.Integer" create="true" search="true">0</attribute>
        <attribute name="SYSNAME" valueType="java.lang.String" create="true"></attribute>
        <attribute name="NAME" valueType="java.lang.String" create="true"></attribute>
    </entity>

    <entity name="DMS_RULENODE" id="558935207395763460" createMethod="ruleNodeCreate" getMethod="ruleNodeGetListByParams" createKeyParam="RULENODEID" getKeyParam="RULENODEID" service="dmsws">
        <attribute name="PARENTRULENODEID" valueType="java.lang.Long" create="true" search="true">0</attribute>
        <attribute name="RULEID" valueType="java.lang.Long" create="true" search="true" entityID="7119096554935384000"/>
        <attribute name="NODETYPE" valueType="java.lang.String" create="true">0</attribute>
        <attribute name="VALUEID" valueType="java.lang.Long" create="true" search="true" entityID="4773009061423625000"/>
        <attribute name="NODEVALUE" valueType="java.util.Map" create="true"><![CDATA[<?xml version="1.0" encoding="UTF-8" standalone="no"?><content version="1.0"/>]]></attribute>
        <attribute name="DEFAULTVALUE" valueType="java.lang.String" create="true"></attribute>
        <attribute name="ISUSEDEFAULT" valueType="java.lang.Integer" create="true">0</attribute>
        <attribute name="ORDERNO" valueType="java.lang.Integer" create="true" search="true">445</attribute>
        <attribute name="MARK" valueType="java.lang.Integer" create="true" search="true">0</attribute>
        <attribute name="SYSNAME" valueType="java.lang.String" create="true"></attribute>
        <attribute name="NAME" valueType="java.lang.String" create="true"></attribute>
    </entity>

    <entity name="DMS_RULENODE" id="8167946143710318000" createMethod="ruleNodeCreate" getMethod="ruleNodeGetListByParams" createKeyParam="RULENODEID" getKeyParam="RULENODEID" service="dmsws">
        <attribute name="PARENTRULENODEID" valueType="java.lang.Long" create="true" search="true">0</attribute>
        <attribute name="RULEID" valueType="java.lang.Long" create="true" search="true" entityID="7649614963113153000"/>
        <attribute name="NODETYPE" valueType="java.lang.String" create="true">0</attribute>
        <attribute name="VALUEID" valueType="java.lang.Long" create="true" search="true" entityID="4773009061423625000"/>
        <attribute name="NODEVALUE" valueType="java.util.Map" create="true"><![CDATA[<?xml version="1.0" encoding="UTF-8" standalone="no"?><content version="1.0"/>]]></attribute>
        <attribute name="DEFAULTVALUE" valueType="java.lang.String" create="true"></attribute>
        <attribute name="ISUSEDEFAULT" valueType="java.lang.Integer" create="true">0</attribute>
        <attribute name="ORDERNO" valueType="java.lang.Integer" create="true" search="true">446</attribute>
        <attribute name="MARK" valueType="java.lang.Integer" create="true" search="true">0</attribute>
        <attribute name="SYSNAME" valueType="java.lang.String" create="true"></attribute>
        <attribute name="NAME" valueType="java.lang.String" create="true"></attribute>
    </entity>

    <entity name="DMS_RULENODE" id="1329054189885115100" createMethod="ruleNodeCreate" getMethod="ruleNodeGetListByParams" createKeyParam="RULENODEID" getKeyParam="RULENODEID" service="dmsws">
        <attribute name="PARENTRULENODEID" valueType="java.lang.Long" create="true" search="true" entityID="7878691219773002000"/>
        <attribute name="RULEID" valueType="java.lang.Long" create="true" search="true" entityID="6784560648440554000"/>
        <attribute name="NODETYPE" valueType="java.lang.String" create="true">1</attribute>
        <attribute name="VALUEID" valueType="java.lang.Long" create="true" search="true" entityID="5697450290812064000"/>
        <attribute name="NODEVALUE" valueType="java.util.Map" create="true"><![CDATA[{}]]></attribute>
        <attribute name="DEFAULTVALUE" valueType="java.lang.String" create="true"></attribute>
        <attribute name="ISUSEDEFAULT" valueType="java.lang.Integer" create="true">0</attribute>
        <attribute name="ORDERNO" valueType="java.lang.Integer" create="true" search="true">2</attribute>
        <attribute name="MARK" valueType="java.lang.Integer" create="true" search="true">0</attribute>
        <attribute name="SYSNAME" valueType="java.lang.String" create="true"></attribute>
        <attribute name="NAME" valueType="java.lang.String" create="true"></attribute>
    </entity>

    <entity name="DMS_RULENODE" id="7790062994685604000" createMethod="ruleNodeCreate" getMethod="ruleNodeGetListByParams" createKeyParam="RULENODEID" getKeyParam="RULENODEID" service="dmsws">
        <attribute name="PARENTRULENODEID" valueType="java.lang.Long" create="true" search="true" entityID="7878691219773002000"/>
        <attribute name="RULEID" valueType="java.lang.Long" create="true" search="true" entityID="6784560648440554000"/>
        <attribute name="NODETYPE" valueType="java.lang.String" create="true">3</attribute>
        <attribute name="VALUEID" valueType="java.lang.Long" create="true" search="true">null</attribute>
        <attribute name="NODEVALUE" valueType="java.util.Map" create="true"><![CDATA[<?xml version="1.0" encoding="UTF-8" standalone="no"?><content version="1.0"><param name="VALUE" value="LOSSendToAppSupplement" valueClass="java.lang.String"/><param name="VALUETYPE" value="java.lang.String" valueClass="java.lang.String"/></content>]]></attribute>
        <attribute name="DEFAULTVALUE" valueType="java.lang.String" create="true"></attribute>
        <attribute name="ISUSEDEFAULT" valueType="java.lang.Integer" create="true">0</attribute>
        <attribute name="ORDERNO" valueType="java.lang.Integer" create="true" search="true">1</attribute>
        <attribute name="MARK" valueType="java.lang.Integer" create="true" search="true">0</attribute>
        <attribute name="SYSNAME" valueType="java.lang.String" create="true"></attribute>
        <attribute name="NAME" valueType="java.lang.String" create="true"></attribute>
    </entity>

    <entity name="DMS_RULENODE" id="1059252866087891100" createMethod="ruleNodeCreate" getMethod="ruleNodeGetListByParams" createKeyParam="RULENODEID" getKeyParam="RULENODEID" service="dmsws">
        <attribute name="PARENTRULENODEID" valueType="java.lang.Long" create="true" search="true" entityID="558935207395763460"/>
        <attribute name="RULEID" valueType="java.lang.Long" create="true" search="true" entityID="7119096554935384000"/>
        <attribute name="NODETYPE" valueType="java.lang.String" create="true">1</attribute>
        <attribute name="VALUEID" valueType="java.lang.Long" create="true" search="true" entityID="5697450290812064000"/>
        <attribute name="NODEVALUE" valueType="java.util.Map" create="true"><![CDATA[{}]]></attribute>
        <attribute name="DEFAULTVALUE" valueType="java.lang.String" create="true"></attribute>
        <attribute name="ISUSEDEFAULT" valueType="java.lang.Integer" create="true">0</attribute>
        <attribute name="ORDERNO" valueType="java.lang.Integer" create="true" search="true">1</attribute>
        <attribute name="MARK" valueType="java.lang.Integer" create="true" search="true">0</attribute>
        <attribute name="SYSNAME" valueType="java.lang.String" create="true"></attribute>
        <attribute name="NAME" valueType="java.lang.String" create="true"></attribute>
    </entity>

    <entity name="DMS_RULENODE" id="700241948638833400" createMethod="ruleNodeCreate" getMethod="ruleNodeGetListByParams" createKeyParam="RULENODEID" getKeyParam="RULENODEID" service="dmsws">
        <attribute name="PARENTRULENODEID" valueType="java.lang.Long" create="true" search="true" entityID="558935207395763460"/>
        <attribute name="RULEID" valueType="java.lang.Long" create="true" search="true" entityID="7119096554935384000"/>
        <attribute name="NODETYPE" valueType="java.lang.String" create="true">3</attribute>
        <attribute name="VALUEID" valueType="java.lang.Long" create="true" search="true">null</attribute>
        <attribute name="NODEVALUE" valueType="java.util.Map" create="true"><![CDATA[<?xml version="1.0" encoding="UTF-8" standalone="no"?><content version="1.0"><param name="VALUE" value="LOSSendToHOApproval" valueClass="java.lang.String"/><param name="VALUETYPE" value="java.lang.String" valueClass="java.lang.String"/></content>]]></attribute>
        <attribute name="DEFAULTVALUE" valueType="java.lang.String" create="true"></attribute>
        <attribute name="ISUSEDEFAULT" valueType="java.lang.Integer" create="true">0</attribute>
        <attribute name="ORDERNO" valueType="java.lang.Integer" create="true" search="true">2</attribute>
        <attribute name="MARK" valueType="java.lang.Integer" create="true" search="true">0</attribute>
        <attribute name="SYSNAME" valueType="java.lang.String" create="true"></attribute>
        <attribute name="NAME" valueType="java.lang.String" create="true"></attribute>
    </entity>

    <entity name="DMS_RULENODE" id="4943953549645238000" createMethod="ruleNodeCreate" getMethod="ruleNodeGetListByParams" createKeyParam="RULENODEID" getKeyParam="RULENODEID" service="dmsws">
        <attribute name="PARENTRULENODEID" valueType="java.lang.Long" create="true" search="true" entityID="8167946143710318000"/>
        <attribute name="RULEID" valueType="java.lang.Long" create="true" search="true" entityID="7649614963113153000"/>
        <attribute name="NODETYPE" valueType="java.lang.String" create="true">1</attribute>
        <attribute name="VALUEID" valueType="java.lang.Long" create="true" search="true" entityID="5697450290812064000"/>
        <attribute name="NODEVALUE" valueType="java.util.Map" create="true"><![CDATA[{}]]></attribute>
        <attribute name="DEFAULTVALUE" valueType="java.lang.String" create="true"></attribute>
        <attribute name="ISUSEDEFAULT" valueType="java.lang.Integer" create="true">0</attribute>
        <attribute name="ORDERNO" valueType="java.lang.Integer" create="true" search="true">1</attribute>
        <attribute name="MARK" valueType="java.lang.Integer" create="true" search="true">0</attribute>
        <attribute name="SYSNAME" valueType="java.lang.String" create="true"></attribute>
        <attribute name="NAME" valueType="java.lang.String" create="true"></attribute>
    </entity>

    <entity name="DMS_RULENODE" id="938240444155214500" createMethod="ruleNodeCreate" getMethod="ruleNodeGetListByParams" createKeyParam="RULENODEID" getKeyParam="RULENODEID" service="dmsws">
        <attribute name="PARENTRULENODEID" valueType="java.lang.Long" create="true" search="true" entityID="8167946143710318000"/>
        <attribute name="RULEID" valueType="java.lang.Long" create="true" search="true" entityID="7649614963113153000"/>
        <attribute name="NODETYPE" valueType="java.lang.String" create="true">3</attribute>
        <attribute name="VALUEID" valueType="java.lang.Long" create="true" search="true">null</attribute>
        <attribute name="NODEVALUE" valueType="java.util.Map" create="true"><![CDATA[<?xml version="1.0" encoding="UTF-8" standalone="no"?><content version="1.0"><param name="VALUE" value="LOSSendToBranchApproval" valueClass="java.lang.String"/><param name="VALUETYPE" value="java.lang.String" valueClass="java.lang.String"/></content>]]></attribute>
        <attribute name="DEFAULTVALUE" valueType="java.lang.String" create="true"></attribute>
        <attribute name="ISUSEDEFAULT" valueType="java.lang.Integer" create="true">0</attribute>
        <attribute name="ORDERNO" valueType="java.lang.Integer" create="true" search="true">2</attribute>
        <attribute name="MARK" valueType="java.lang.Integer" create="true" search="true">0</attribute>
        <attribute name="SYSNAME" valueType="java.lang.String" create="true"></attribute>
        <attribute name="NAME" valueType="java.lang.String" create="true"></attribute>
    </entity>

    <entity name="DMS_RULENODE" id="3823120317614745600" createMethod="ruleNodeCreate" getMethod="ruleNodeGetListByParams" createKeyParam="RULENODEID" getKeyParam="RULENODEID" service="dmsws">
        <attribute name="PARENTRULENODEID" valueType="java.lang.Long" create="true" search="true">0</attribute>
        <attribute name="RULEID" valueType="java.lang.Long" create="true" search="true" entityID="3660918219584419300"/>
        <attribute name="NODETYPE" valueType="java.lang.String" create="true">0</attribute>
        <attribute name="VALUEID" valueType="java.lang.Long" create="true" search="true" entityID="4773009061423625000"/>
        <attribute name="NODEVALUE" valueType="java.util.Map" create="true"></attribute>
        <attribute name="DEFAULTVALUE" valueType="java.lang.String" create="true"></attribute>
        <attribute name="ISUSEDEFAULT" valueType="java.lang.Integer" create="true">0</attribute>
        <attribute name="ORDERNO" valueType="java.lang.Integer" create="true" search="true">447</attribute>
        <attribute name="MARK" valueType="java.lang.Integer" create="true" search="true"></attribute>
        <attribute name="SYSNAME" valueType="java.lang.String" create="true"></attribute>
        <attribute name="NAME" valueType="java.lang.String" create="true"></attribute>
    </entity>

    <entity name="DMS_RULENODE" id="2956135397721534500" createMethod="ruleNodeCreate" getMethod="ruleNodeGetListByParams" createKeyParam="RULENODEID" getKeyParam="RULENODEID" service="dmsws">
        <attribute name="PARENTRULENODEID" valueType="java.lang.Long" create="true" search="true" entityID="3823120317614745600"/>
        <attribute name="RULEID" valueType="java.lang.Long" create="true" search="true" entityID="3660918219584419300"/>
        <attribute name="NODETYPE" valueType="java.lang.String" create="true">1</attribute>
        <attribute name="VALUEID" valueType="java.lang.Long" create="true" search="true" entityID="5028265019399142000"/>
        <attribute name="NODEVALUE" valueType="java.util.Map" create="true"></attribute>
        <attribute name="DEFAULTVALUE" valueType="java.lang.String" create="true"></attribute>
        <attribute name="ISUSEDEFAULT" valueType="java.lang.Integer" create="true">0</attribute>
        <attribute name="ORDERNO" valueType="java.lang.Integer" create="true" search="true">1</attribute>
        <attribute name="MARK" valueType="java.lang.Integer" create="true" search="true"></attribute>
        <attribute name="SYSNAME" valueType="java.lang.String" create="true"></attribute>
        <attribute name="NAME" valueType="java.lang.String" create="true"></attribute>
    </entity>

    <entity name="DMS_RULENODE" id="6516932355313312000" createMethod="ruleNodeCreate" getMethod="ruleNodeGetListByParams" createKeyParam="RULENODEID" getKeyParam="RULENODEID" service="dmsws">
        <attribute name="PARENTRULENODEID" valueType="java.lang.Long" create="true" search="true" entityID="3823120317614745600"/>
        <attribute name="RULEID" valueType="java.lang.Long" create="true" search="true" entityID="3660918219584419300"/>
        <attribute name="NODETYPE" valueType="java.lang.String" create="true">3</attribute>
        <attribute name="VALUEID" valueType="java.lang.Long" create="true" search="true">null</attribute>
        <attribute name="NODEVALUE" valueType="java.util.Map" create="true"><![CDATA[<?xml version="1.0" encoding="UTF-8" standalone="no"?><content version="1.0"><param name="VALUE" value="twoStepControl" valueClass="java.lang.String"/><param name="VALUETYPE" value="java.lang.String" valueClass="java.lang.String"/></content>]]></attribute>
        <attribute name="DEFAULTVALUE" valueType="java.lang.String" create="true"></attribute>
        <attribute name="ISUSEDEFAULT" valueType="java.lang.Integer" create="true">0</attribute>
        <attribute name="ORDERNO" valueType="java.lang.Integer" create="true" search="true">2</attribute>
        <attribute name="MARK" valueType="java.lang.Integer" create="true" search="true">0</attribute>
        <attribute name="SYSNAME" valueType="java.lang.String" create="true"></attribute>
        <attribute name="NAME" valueType="java.lang.String" create="true"></attribute>
    </entity>

    <!-- -->

    <entity name="DMS_RULENODE" id="7408913651336090000" createMethod="ruleNodeCreate" getMethod="ruleNodeGetListByParams" createKeyParam="RULENODEID" getKeyParam="RULENODEID" service="dmsws">
        <attribute name="PARENTRULENODEID" valueType="java.lang.Long" create="true" search="true">0</attribute>
        <attribute name="RULEID" valueType="java.lang.Long" create="true" search="true" entityID="3660918219584419350"/>
        <attribute name="NODETYPE" valueType="java.lang.String" create="true">0</attribute>
        <attribute name="VALUEID" valueType="java.lang.Long" create="true" search="true" entityID="4773009061423625000"/>
        <attribute name="NODEVALUE" valueType="java.util.Map" create="true"><![CDATA[<?xml version="1.0" encoding="UTF-8" standalone="no"?><content version="1.0"/>]]></attribute>
        <attribute name="DEFAULTVALUE" valueType="java.lang.String" create="true"></attribute>
        <attribute name="ISUSEDEFAULT" valueType="java.lang.Integer" create="true">0</attribute>
        <attribute name="ORDERNO" valueType="java.lang.Integer" create="true" search="true">447</attribute>
        <attribute name="MARK" valueType="java.lang.Integer" create="true" search="true">0</attribute>
        <attribute name="SYSNAME" valueType="java.lang.String" create="true"></attribute>
        <attribute name="NAME" valueType="java.lang.String" create="true"></attribute>
    </entity>

    <entity name="DMS_RULENODE" id="5264897043697231000" createMethod="ruleNodeCreate" getMethod="ruleNodeGetListByParams" createKeyParam="RULENODEID" getKeyParam="RULENODEID" service="dmsws">
        <attribute name="PARENTRULENODEID" valueType="java.lang.Long" create="true" search="true" entityID="7408913651336090000"/>
        <attribute name="RULEID" valueType="java.lang.Long" create="true" search="true" entityID="3660918219584419350"/>
        <attribute name="NODETYPE" valueType="java.lang.String" create="true">1</attribute>
        <attribute name="VALUEID" valueType="java.lang.Long" create="true" search="true" entityID="5028265019399142000"/>
        <attribute name="NODEVALUE" valueType="java.util.Map" create="true"></attribute>
        <attribute name="DEFAULTVALUE" valueType="java.lang.String" create="true"></attribute>
        <attribute name="ISUSEDEFAULT" valueType="java.lang.Integer" create="true">0</attribute>
        <attribute name="ORDERNO" valueType="java.lang.Integer" create="true" search="true">1</attribute>
        <attribute name="MARK" valueType="java.lang.Integer" create="true" search="true"></attribute>
        <attribute name="SYSNAME" valueType="java.lang.String" create="true"></attribute>
        <attribute name="NAME" valueType="java.lang.String" create="true"></attribute>
    </entity>

    <entity name="DMS_RULENODE" id="3528918813810212000" createMethod="ruleNodeCreate" getMethod="ruleNodeGetListByParams" createKeyParam="RULENODEID" getKeyParam="RULENODEID" service="dmsws">
        <attribute name="PARENTRULENODEID" valueType="java.lang.Long" create="true" search="true" entityID="7408913651336090000"/>
        <attribute name="RULEID" valueType="java.lang.Long" create="true" search="true" entityID="3660918219584419350"/>
        <attribute name="NODETYPE" valueType="java.lang.String" create="true">3</attribute>
        <attribute name="VALUEID" valueType="java.lang.Long" create="true" search="true">null</attribute>
        <attribute name="NODEVALUE" valueType="java.util.Map" create="true"><![CDATA[<?xml version="1.0" encoding="UTF-8" standalone="no"?><content version="1.0"><param name="VALUE" value="oneStepControl" valueClass="java.lang.String"/><param name="VALUETYPE" value="java.lang.String" valueClass="java.lang.String"/></content>]]></attribute>
        <attribute name="DEFAULTVALUE" valueType="java.lang.String" create="true"></attribute>
        <attribute name="ISUSEDEFAULT" valueType="java.lang.Integer" create="true">0</attribute>
        <attribute name="ORDERNO" valueType="java.lang.Integer" create="true" search="true">2</attribute>
        <attribute name="MARK" valueType="java.lang.Integer" create="true" search="true">0</attribute>
        <attribute name="SYSNAME" valueType="java.lang.String" create="true"></attribute>
        <attribute name="NAME" valueType="java.lang.String" create="true"></attribute>
    </entity>

    <entity name="DMS_RULENODE" id="4748731263343458000" createMethod="ruleNodeCreate" getMethod="ruleNodeGetListByParams" createKeyParam="RULENODEID" getKeyParam="RULENODEID" service="dmsws">
        <attribute name="PARENTRULENODEID" valueType="java.lang.Long" create="true" search="true">0</attribute>
        <attribute name="RULEID" valueType="java.lang.Long" create="true" search="true" entityID="7303906583475189000"/>
        <attribute name="NODETYPE" valueType="java.lang.String" create="true">0</attribute>
        <attribute name="VALUEID" valueType="java.lang.Long" create="true" search="true" entityID="4773009061423625000"/>
        <attribute name="NODEVALUE" valueType="java.util.Map" create="true"></attribute>
        <attribute name="DEFAULTVALUE" valueType="java.lang.String" create="true"></attribute>
        <attribute name="ISUSEDEFAULT" valueType="java.lang.Integer" create="true">0</attribute>
        <attribute name="ORDERNO" valueType="java.lang.Integer" create="true" search="true">448</attribute>
        <attribute name="MARK" valueType="java.lang.Integer" create="true" search="true"></attribute>
        <attribute name="SYSNAME" valueType="java.lang.String" create="true"></attribute>
        <attribute name="NAME" valueType="java.lang.String" create="true"></attribute>
    </entity>

    <entity name="DMS_RULENODE" id="8969633179146466000" createMethod="ruleNodeCreate" getMethod="ruleNodeGetListByParams" createKeyParam="RULENODEID" getKeyParam="RULENODEID" service="dmsws">
        <attribute name="PARENTRULENODEID" valueType="java.lang.Long" create="true" search="true">0</attribute>
        <attribute name="RULEID" valueType="java.lang.Long" create="true" search="true" entityID="267422023882464350"/>
        <attribute name="NODETYPE" valueType="java.lang.String" create="true">0</attribute>
        <attribute name="VALUEID" valueType="java.lang.Long" create="true" search="true" entityID="4773009061423625000"/>
        <attribute name="NODEVALUE" valueType="java.util.Map" create="true"></attribute>
        <attribute name="DEFAULTVALUE" valueType="java.lang.String" create="true"></attribute>
        <attribute name="ISUSEDEFAULT" valueType="java.lang.Integer" create="true">0</attribute>
        <attribute name="ORDERNO" valueType="java.lang.Integer" create="true" search="true">449</attribute>
        <attribute name="MARK" valueType="java.lang.Integer" create="true" search="true"></attribute>
        <attribute name="SYSNAME" valueType="java.lang.String" create="true"></attribute>
        <attribute name="NAME" valueType="java.lang.String" create="true"></attribute>
    </entity>

    <entity name="DMS_RULENODE" id="8516162045015780000" createMethod="ruleNodeCreate" getMethod="ruleNodeGetListByParams" createKeyParam="RULENODEID" getKeyParam="RULENODEID" service="dmsws">
        <attribute name="PARENTRULENODEID" valueType="java.lang.Long" create="true" search="true" entityID="4748731263343458000"/>
        <attribute name="RULEID" valueType="java.lang.Long" create="true" search="true" entityID="7303906583475189000"/>
        <attribute name="NODETYPE" valueType="java.lang.String" create="true">3</attribute>
        <attribute name="VALUEID" valueType="java.lang.Long" create="true" search="true">null</attribute>
        <attribute name="NODEVALUE" valueType="java.util.Map" create="true"><![CDATA[<?xml version="1.0" encoding="UTF-8" standalone="no"?><content version="1.0"><param name="VALUE" value="Approver" valueClass="java.lang.String"/><param name="VALUETYPE" value="java.lang.String" valueClass="java.lang.String"/></content>]]></attribute>
        <attribute name="DEFAULTVALUE" valueType="java.lang.String" create="true"></attribute>
        <attribute name="ISUSEDEFAULT" valueType="java.lang.Integer" create="true">0</attribute>
        <attribute name="ORDERNO" valueType="java.lang.Integer" create="true" search="true">1</attribute>
        <attribute name="MARK" valueType="java.lang.Integer" create="true" search="true">0</attribute>
        <attribute name="SYSNAME" valueType="java.lang.String" create="true"></attribute>
        <attribute name="NAME" valueType="java.lang.String" create="true"></attribute>
    </entity>

    <entity name="DMS_RULENODE" id="780150199762040400" createMethod="ruleNodeCreate" getMethod="ruleNodeGetListByParams" createKeyParam="RULENODEID" getKeyParam="RULENODEID" service="dmsws">
        <attribute name="PARENTRULENODEID" valueType="java.lang.Long" create="true" search="true" entityID="4748731263343458000"/>
        <attribute name="RULEID" valueType="java.lang.Long" create="true" search="true" entityID="7303906583475189000"/>
        <attribute name="NODETYPE" valueType="java.lang.String" create="true">1</attribute>
        <attribute name="VALUEID" valueType="java.lang.Long" create="true" search="true" entityID="4178635114740475400"/>
        <attribute name="NODEVALUE" valueType="java.util.Map" create="true"></attribute>
        <attribute name="DEFAULTVALUE" valueType="java.lang.String" create="true"></attribute>
        <attribute name="ISUSEDEFAULT" valueType="java.lang.Integer" create="true">0</attribute>
        <attribute name="ORDERNO" valueType="java.lang.Integer" create="true" search="true">2</attribute>
        <attribute name="MARK" valueType="java.lang.Integer" create="true" search="true"></attribute>
        <attribute name="SYSNAME" valueType="java.lang.String" create="true"></attribute>
        <attribute name="NAME" valueType="java.lang.String" create="true"></attribute>
    </entity>

    <entity name="DMS_RULENODE" id="2000685159733409300" createMethod="ruleNodeCreate" getMethod="ruleNodeGetListByParams" createKeyParam="RULENODEID" getKeyParam="RULENODEID" service="dmsws">
        <attribute name="PARENTRULENODEID" valueType="java.lang.Long" create="true" search="true" entityID="8969633179146466000"/>
        <attribute name="RULEID" valueType="java.lang.Long" create="true" search="true" entityID="267422023882464350"/>
        <attribute name="NODETYPE" valueType="java.lang.String" create="true">3</attribute>
        <attribute name="VALUEID" valueType="java.lang.Long" create="true" search="true">null</attribute>
        <attribute name="NODEVALUE" valueType="java.util.Map" create="true"><![CDATA[<?xml version="1.0" encoding="UTF-8" standalone="no"?><content version="1.0"><param name="VALUE" value="Credit Committee" valueClass="java.lang.String"/><param name="VALUETYPE" value="java.lang.String" valueClass="java.lang.String"/></content>]]></attribute>
        <attribute name="DEFAULTVALUE" valueType="java.lang.String" create="true"></attribute>
        <attribute name="ISUSEDEFAULT" valueType="java.lang.Integer" create="true">0</attribute>
        <attribute name="ORDERNO" valueType="java.lang.Integer" create="true" search="true">1</attribute>
        <attribute name="MARK" valueType="java.lang.Integer" create="true" search="true">0</attribute>
        <attribute name="SYSNAME" valueType="java.lang.String" create="true"></attribute>
        <attribute name="NAME" valueType="java.lang.String" create="true"></attribute>
    </entity>

    <entity name="DMS_RULENODE" id="5721453615054753000" createMethod="ruleNodeCreate" getMethod="ruleNodeGetListByParams" createKeyParam="RULENODEID" getKeyParam="RULENODEID" service="dmsws">
        <attribute name="PARENTRULENODEID" valueType="java.lang.Long" create="true" search="true" entityID="8969633179146466000"/>
        <attribute name="RULEID" valueType="java.lang.Long" create="true" search="true" entityID="267422023882464350"/>
        <attribute name="NODETYPE" valueType="java.lang.String" create="true">1</attribute>
        <attribute name="VALUEID" valueType="java.lang.Long" create="true" search="true" entityID="4178635114740475400"/>
        <attribute name="NODEVALUE" valueType="java.util.Map" create="true"></attribute>
        <attribute name="DEFAULTVALUE" valueType="java.lang.String" create="true"></attribute>
        <attribute name="ISUSEDEFAULT" valueType="java.lang.Integer" create="true">0</attribute>
        <attribute name="ORDERNO" valueType="java.lang.Integer" create="true" search="true">2</attribute>
        <attribute name="MARK" valueType="java.lang.Integer" create="true" search="true"></attribute>
        <attribute name="SYSNAME" valueType="java.lang.String" create="true"></attribute>
        <attribute name="NAME" valueType="java.lang.String" create="true"></attribute>
    </entity>

    <entity name="DMS_RULENODE" id="7568056149839778000" createMethod="ruleNodeCreate" getMethod="ruleNodeGetListByParams" createKeyParam="RULENODEID" getKeyParam="RULENODEID" service="dmsws">
        <attribute name="PARENTRULENODEID" valueType="java.lang.Long" create="true" search="true">0</attribute>
        <attribute name="RULEID" valueType="java.lang.Long" create="true" search="true" entityID="8612153807524000000"/>
        <attribute name="NODETYPE" valueType="java.lang.String" create="true">0</attribute>
        <attribute name="VALUEID" valueType="java.lang.Long" create="true" search="true" entityID="6006071338380895000"/>
        <attribute name="NODEVALUE" valueType="java.util.Map" create="true"></attribute>
        <attribute name="DEFAULTVALUE" valueType="java.lang.String" create="true"></attribute>
        <attribute name="ISUSEDEFAULT" valueType="java.lang.Integer" create="true">0</attribute>
        <attribute name="ORDERNO" valueType="java.lang.Integer" create="true" search="true">451</attribute>
        <attribute name="MARK" valueType="java.lang.Integer" create="true" search="true"></attribute>
        <attribute name="SYSNAME" valueType="java.lang.String" create="true"></attribute>
        <attribute name="NAME" valueType="java.lang.String" create="true"></attribute>
    </entity>

    <entity name="DMS_RULENODE" id="1916403497990151400" createMethod="ruleNodeCreate" getMethod="ruleNodeGetListByParams" createKeyParam="RULENODEID" getKeyParam="RULENODEID" service="dmsws">
        <attribute name="PARENTRULENODEID" valueType="java.lang.Long" create="true" search="true">0</attribute>
        <attribute name="RULEID" valueType="java.lang.Long" create="true" search="true" entityID="9149974481678445000"/>
        <attribute name="NODETYPE" valueType="java.lang.String" create="true">0</attribute>
        <attribute name="VALUEID" valueType="java.lang.Long" create="true" search="true" entityID="4773009061423625000"/>
        <attribute name="NODEVALUE" valueType="java.util.Map" create="true"></attribute>
        <attribute name="DEFAULTVALUE" valueType="java.lang.String" create="true"></attribute>
        <attribute name="ISUSEDEFAULT" valueType="java.lang.Integer" create="true">0</attribute>
        <attribute name="ORDERNO" valueType="java.lang.Integer" create="true" search="true">452</attribute>
        <attribute name="MARK" valueType="java.lang.Integer" create="true" search="true"></attribute>
        <attribute name="SYSNAME" valueType="java.lang.String" create="true"></attribute>
        <attribute name="NAME" valueType="java.lang.String" create="true"></attribute>
    </entity>

    <entity name="DMS_RULENODE" id="4023748179896859600" createMethod="ruleNodeCreate" getMethod="ruleNodeGetListByParams" createKeyParam="RULENODEID" getKeyParam="RULENODEID" service="dmsws">
        <attribute name="PARENTRULENODEID" valueType="java.lang.Long" create="true" search="true" entityID="7568056149839778000"/>
        <attribute name="RULEID" valueType="java.lang.Long" create="true" search="true" entityID="8612153807524000000"/>
        <attribute name="NODETYPE" valueType="java.lang.String" create="true">0</attribute>
        <attribute name="VALUEID" valueType="java.lang.Long" create="true" search="true" entityID="4773009061423625000"/>
        <attribute name="NODEVALUE" valueType="java.util.Map" create="true"></attribute>
        <attribute name="DEFAULTVALUE" valueType="java.lang.String" create="true"></attribute>
        <attribute name="ISUSEDEFAULT" valueType="java.lang.Integer" create="true">0</attribute>
        <attribute name="ORDERNO" valueType="java.lang.Integer" create="true" search="true">1</attribute>
        <attribute name="MARK" valueType="java.lang.Integer" create="true" search="true"></attribute>
        <attribute name="SYSNAME" valueType="java.lang.String" create="true"></attribute>
        <attribute name="NAME" valueType="java.lang.String" create="true"></attribute>
    </entity>

    <entity name="DMS_RULENODE" id="4915170702325726000" createMethod="ruleNodeCreate" getMethod="ruleNodeGetListByParams" createKeyParam="RULENODEID" getKeyParam="RULENODEID" service="dmsws">
        <attribute name="PARENTRULENODEID" valueType="java.lang.Long" create="true" search="true" entityID="7568056149839778000"/>
        <attribute name="RULEID" valueType="java.lang.Long" create="true" search="true" entityID="8612153807524000000"/>
        <attribute name="NODETYPE" valueType="java.lang.String" create="true">0</attribute>
        <attribute name="VALUEID" valueType="java.lang.Long" create="true" search="true" entityID="4773009061423625000"/>
        <attribute name="NODEVALUE" valueType="java.util.Map" create="true"></attribute>
        <attribute name="DEFAULTVALUE" valueType="java.lang.String" create="true"></attribute>
        <attribute name="ISUSEDEFAULT" valueType="java.lang.Integer" create="true">0</attribute>
        <attribute name="ORDERNO" valueType="java.lang.Integer" create="true" search="true">2</attribute>
        <attribute name="MARK" valueType="java.lang.Integer" create="true" search="true"></attribute>
        <attribute name="SYSNAME" valueType="java.lang.String" create="true"></attribute>
        <attribute name="NAME" valueType="java.lang.String" create="true"></attribute>
    </entity>

    <entity name="DMS_RULENODE" id="489485660672815300" createMethod="ruleNodeCreate" getMethod="ruleNodeGetListByParams" createKeyParam="RULENODEID" getKeyParam="RULENODEID" service="dmsws">
        <attribute name="PARENTRULENODEID" valueType="java.lang.Long" create="true" search="true" entityID="1916403497990151400"/>
        <attribute name="RULEID" valueType="java.lang.Long" create="true" search="true" entityID="9149974481678445000"/>
        <attribute name="NODETYPE" valueType="java.lang.String" create="true">1</attribute>
        <attribute name="VALUEID" valueType="java.lang.Long" create="true" search="true" entityID="3809038671829211605"/>
        <attribute name="NODEVALUE" valueType="java.util.Map" create="true"></attribute>
        <attribute name="DEFAULTVALUE" valueType="java.lang.String" create="true"></attribute>
        <attribute name="ISUSEDEFAULT" valueType="java.lang.Integer" create="true">0</attribute>
        <attribute name="ORDERNO" valueType="java.lang.Integer" create="true" search="true">1</attribute>
        <attribute name="MARK" valueType="java.lang.Integer" create="true" search="true"></attribute>
        <attribute name="SYSNAME" valueType="java.lang.String" create="true"></attribute>
        <attribute name="NAME" valueType="java.lang.String" create="true"></attribute>
    </entity>

    <entity name="DMS_RULENODE" id="1867477865718492400" createMethod="ruleNodeCreate" getMethod="ruleNodeGetListByParams" createKeyParam="RULENODEID" getKeyParam="RULENODEID" service="dmsws">
        <attribute name="PARENTRULENODEID" valueType="java.lang.Long" create="true" search="true" entityID="1916403497990151400"/>
        <attribute name="RULEID" valueType="java.lang.Long" create="true" search="true" entityID="9149974481678445000"/>
        <attribute name="NODETYPE" valueType="java.lang.String" create="true">3</attribute>
        <attribute name="VALUEID" valueType="java.lang.Long" create="true" search="true">null</attribute>
        <attribute name="NODEVALUE" valueType="java.util.Map" create="true"><![CDATA[<?xml version="1.0" encoding="UTF-8" standalone="no"?><content version="1.0"><param name="VALUE" value="reject" valueClass="java.lang.String"/><param name="VALUETYPE" value="java.lang.String" valueClass="java.lang.String"/></content>]]></attribute>
        <attribute name="DEFAULTVALUE" valueType="java.lang.String" create="true"></attribute>
        <attribute name="ISUSEDEFAULT" valueType="java.lang.Integer" create="true">0</attribute>
        <attribute name="ORDERNO" valueType="java.lang.Integer" create="true" search="true">2</attribute>
        <attribute name="MARK" valueType="java.lang.Integer" create="true" search="true">0</attribute>
        <attribute name="SYSNAME" valueType="java.lang.String" create="true"></attribute>
        <attribute name="NAME" valueType="java.lang.String" create="true"></attribute>
    </entity>

    <entity name="DMS_RULENODE" id="8169993354036494000" createMethod="ruleNodeCreate" getMethod="ruleNodeGetListByParams" createKeyParam="RULENODEID" getKeyParam="RULENODEID" service="dmsws">
        <attribute name="PARENTRULENODEID" valueType="java.lang.Long" create="true" search="true" entityID="4023748179896859600"/>
        <attribute name="RULEID" valueType="java.lang.Long" create="true" search="true" entityID="8612153807524000000"/>
        <attribute name="NODETYPE" valueType="java.lang.String" create="true">1</attribute>
        <attribute name="VALUEID" valueType="java.lang.Long" create="true" search="true" entityID="3809038671829211605"/>
        <attribute name="NODEVALUE" valueType="java.util.Map" create="true"></attribute>
        <attribute name="DEFAULTVALUE" valueType="java.lang.String" create="true"></attribute>
        <attribute name="ISUSEDEFAULT" valueType="java.lang.Integer" create="true">0</attribute>
        <attribute name="ORDERNO" valueType="java.lang.Integer" create="true" search="true">1</attribute>
        <attribute name="MARK" valueType="java.lang.Integer" create="true" search="true"></attribute>
        <attribute name="SYSNAME" valueType="java.lang.String" create="true"></attribute>
        <attribute name="NAME" valueType="java.lang.String" create="true"></attribute>
    </entity>

    <entity name="DMS_RULENODE" id="5822218888401808000" createMethod="ruleNodeCreate" getMethod="ruleNodeGetListByParams" createKeyParam="RULENODEID" getKeyParam="RULENODEID" service="dmsws">
        <attribute name="PARENTRULENODEID" valueType="java.lang.Long" create="true" search="true" entityID="4023748179896859600"/>
        <attribute name="RULEID" valueType="java.lang.Long" create="true" search="true" entityID="8612153807524000000"/>
        <attribute name="NODETYPE" valueType="java.lang.String" create="true">3</attribute>
        <attribute name="VALUEID" valueType="java.lang.Long" create="true" search="true">null</attribute>
        <attribute name="NODEVALUE" valueType="java.util.Map" create="true"><![CDATA[<?xml version="1.0" encoding="UTF-8" standalone="no"?><content version="1.0"><param name="VALUE" value="approve" valueClass="java.lang.String"/><param name="VALUETYPE" value="java.lang.String" valueClass="java.lang.String"/></content>]]></attribute>
        <attribute name="DEFAULTVALUE" valueType="java.lang.String" create="true"></attribute>
        <attribute name="ISUSEDEFAULT" valueType="java.lang.Integer" create="true">0</attribute>
        <attribute name="ORDERNO" valueType="java.lang.Integer" create="true" search="true">2</attribute>
        <attribute name="MARK" valueType="java.lang.Integer" create="true" search="true">0</attribute>
        <attribute name="SYSNAME" valueType="java.lang.String" create="true"></attribute>
        <attribute name="NAME" valueType="java.lang.String" create="true"></attribute>
    </entity>

    <entity name="DMS_RULENODE" id="7499826889387714000" createMethod="ruleNodeCreate" getMethod="ruleNodeGetListByParams" createKeyParam="RULENODEID" getKeyParam="RULENODEID" service="dmsws">
        <attribute name="PARENTRULENODEID" valueType="java.lang.Long" create="true" search="true" entityID="4915170702325726000"/>
        <attribute name="RULEID" valueType="java.lang.Long" create="true" search="true" entityID="8612153807524000000"/>
        <attribute name="NODETYPE" valueType="java.lang.String" create="true">1</attribute>
        <attribute name="VALUEID" valueType="java.lang.Long" create="true" search="true" entityID="3809038671829211605"/>
        <attribute name="NODEVALUE" valueType="java.util.Map" create="true"></attribute>
        <attribute name="DEFAULTVALUE" valueType="java.lang.String" create="true"></attribute>
        <attribute name="ISUSEDEFAULT" valueType="java.lang.Integer" create="true">0</attribute>
        <attribute name="ORDERNO" valueType="java.lang.Integer" create="true" search="true">1</attribute>
        <attribute name="MARK" valueType="java.lang.Integer" create="true" search="true"></attribute>
        <attribute name="SYSNAME" valueType="java.lang.String" create="true"></attribute>
        <attribute name="NAME" valueType="java.lang.String" create="true"></attribute>
    </entity>

    <entity name="DMS_RULENODE" id="9071013303994697000" createMethod="ruleNodeCreate" getMethod="ruleNodeGetListByParams" createKeyParam="RULENODEID" getKeyParam="RULENODEID" service="dmsws">
        <attribute name="PARENTRULENODEID" valueType="java.lang.Long" create="true" search="true" entityID="4915170702325726000"/>
        <attribute name="RULEID" valueType="java.lang.Long" create="true" search="true" entityID="8612153807524000000"/>
        <attribute name="NODETYPE" valueType="java.lang.String" create="true">3</attribute>
        <attribute name="VALUEID" valueType="java.lang.Long" create="true" search="true">null</attribute>
        <attribute name="NODEVALUE" valueType="java.util.Map" create="true"><![CDATA[<?xml version="1.0" encoding="UTF-8" standalone="no"?><content version="1.0"><param name="VALUE" value="approveWithConditions" valueClass="java.lang.String"/><param name="VALUETYPE" value="java.lang.String" valueClass="java.lang.String"/></content>]]></attribute>
        <attribute name="DEFAULTVALUE" valueType="java.lang.String" create="true"></attribute>
        <attribute name="ISUSEDEFAULT" valueType="java.lang.Integer" create="true">0</attribute>
        <attribute name="ORDERNO" valueType="java.lang.Integer" create="true" search="true">2</attribute>
        <attribute name="MARK" valueType="java.lang.Integer" create="true" search="true">0</attribute>
        <attribute name="SYSNAME" valueType="java.lang.String" create="true"></attribute>
        <attribute name="NAME" valueType="java.lang.String" create="true"></attribute>
    </entity>
    <entity name="DMS_RULENODE" id="6086187644611950000" createMethod="ruleNodeCreate" getMethod="ruleNodeGetListByParams" createKeyParam="RULENODEID" getKeyParam="RULENODEID" service="dmsws">
        <attribute name="PARENTRULENODEID" valueType="java.lang.Long" create="true" search="true">0</attribute>
        <attribute name="RULEID" valueType="java.lang.Long" create="true" search="true" entityID="7012809502159699000"/>
        <attribute name="NODETYPE" valueType="java.lang.String" create="true">0</attribute>
        <attribute name="VALUEID" valueType="java.lang.Long" create="true" search="true" entityID="4773009061423625000"/>
        <attribute name="NODEVALUE" valueType="java.util.Map" create="true"></attribute>
        <attribute name="DEFAULTVALUE" valueType="java.lang.String" create="true"></attribute>
        <attribute name="ISUSEDEFAULT" valueType="java.lang.Integer" create="true">0</attribute>
        <attribute name="ORDERNO" valueType="java.lang.Integer" create="true" search="true">392</attribute>
        <attribute name="MARK" valueType="java.lang.Integer" create="true" search="true"></attribute>
        <attribute name="SYSNAME" valueType="java.lang.String" create="true"></attribute>
        <attribute name="NAME" valueType="java.lang.String" create="true"></attribute>
    </entity>

    <entity name="DMS_RULENODE" id="5080748756777511000" createMethod="ruleNodeCreate" getMethod="ruleNodeGetListByParams" createKeyParam="RULENODEID" getKeyParam="RULENODEID" service="dmsws">
        <attribute name="PARENTRULENODEID" valueType="java.lang.Long" create="true" search="true" entityID="6086187644611950000"/>
        <attribute name="RULEID" valueType="java.lang.Long" create="true" search="true" entityID="7012809502159699000"/>
        <attribute name="NODETYPE" valueType="java.lang.String" create="true">3</attribute>
        <attribute name="VALUEID" valueType="java.lang.Long" create="true" search="true">null</attribute>
        <attribute name="NODEVALUE" valueType="java.util.Map" create="true"><![CDATA[<?xml version="1.0" encoding="UTF-8" standalone="no"?><content version="1.0"><param name="VALUE" value="1" valueClass="java.lang.Integer"/><param name="VALUETYPE" value="java.lang.Integer" valueClass="java.lang.String"/></content>]]></attribute>
        <attribute name="DEFAULTVALUE" valueType="java.lang.String" create="true"></attribute>
        <attribute name="ISUSEDEFAULT" valueType="java.lang.Integer" create="true">0</attribute>
        <attribute name="ORDERNO" valueType="java.lang.Integer" create="true" search="true">1</attribute>
        <attribute name="MARK" valueType="java.lang.Integer" create="true" search="true">0</attribute>
        <attribute name="SYSNAME" valueType="java.lang.String" create="true"></attribute>
        <attribute name="NAME" valueType="java.lang.String" create="true"></attribute>
    </entity>

    <entity name="DMS_RULENODE" id="2809048294271731000" createMethod="ruleNodeCreate" getMethod="ruleNodeGetListByParams" createKeyParam="RULENODEID" getKeyParam="RULENODEID" service="dmsws">
        <attribute name="PARENTRULENODEID" valueType="java.lang.Long" create="true" search="true" entityID="6086187644611950000"/>
        <attribute name="RULEID" valueType="java.lang.Long" create="true" search="true" entityID="7012809502159699000"/>
        <attribute name="NODETYPE" valueType="java.lang.String" create="true">1</attribute>
        <attribute name="VALUEID" valueType="java.lang.Long" create="true" search="true" entityID="1655093116147634400"/>
        <attribute name="NODEVALUE" valueType="java.util.Map" create="true"></attribute>
        <attribute name="DEFAULTVALUE" valueType="java.lang.String" create="true"></attribute>
        <attribute name="ISUSEDEFAULT" valueType="java.lang.Integer" create="true">0</attribute>
        <attribute name="ORDERNO" valueType="java.lang.Integer" create="true" search="true">2</attribute>
        <attribute name="MARK" valueType="java.lang.Integer" create="true" search="true"></attribute>
        <attribute name="SYSNAME" valueType="java.lang.String" create="true"></attribute>
        <attribute name="NAME" valueType="java.lang.String" create="true"></attribute>
    </entity>

    <entity name="DMS_RULENODE" id="7583422098784138000" createMethod="ruleNodeCreate" getMethod="ruleNodeGetListByParams" createKeyParam="RULENODEID" getKeyParam="RULENODEID" service="dmsws">
        <attribute name="PARENTRULENODEID" valueType="java.lang.Long" create="true" search="true">0</attribute>
        <attribute name="RULEID" valueType="java.lang.Long" create="true" search="true" entityID="2482726346142850600"/>
        <attribute name="NODETYPE" valueType="java.lang.String" create="true">0</attribute>
        <attribute name="VALUEID" valueType="java.lang.Long" create="true" search="true" entityID="4773009061423625000"/>
        <attribute name="NODEVALUE" valueType="java.util.Map" create="true"></attribute>
        <attribute name="DEFAULTVALUE" valueType="java.lang.String" create="true"></attribute>
        <attribute name="ISUSEDEFAULT" valueType="java.lang.Integer" create="true">0</attribute>
        <attribute name="ORDERNO" valueType="java.lang.Integer" create="true" search="true">393</attribute>
        <attribute name="MARK" valueType="java.lang.Integer" create="true" search="true"></attribute>
        <attribute name="SYSNAME" valueType="java.lang.String" create="true"></attribute>
        <attribute name="NAME" valueType="java.lang.String" create="true"></attribute>
    </entity>

    <entity name="DMS_RULENODE" id="8046072521435448000" createMethod="ruleNodeCreate" getMethod="ruleNodeGetListByParams" createKeyParam="RULENODEID" getKeyParam="RULENODEID" service="dmsws">
        <attribute name="PARENTRULENODEID" valueType="java.lang.Long" create="true" search="true" entityID="7583422098784138000"/>
        <attribute name="RULEID" valueType="java.lang.Long" create="true" search="true" entityID="2482726346142850600"/>
        <attribute name="NODETYPE" valueType="java.lang.String" create="true">1</attribute>
        <attribute name="VALUEID" valueType="java.lang.Long" create="true" search="true" entityID="1655093116147634400"/>
        <attribute name="NODEVALUE" valueType="java.util.Map" create="true"></attribute>
        <attribute name="DEFAULTVALUE" valueType="java.lang.String" create="true"></attribute>
        <attribute name="ISUSEDEFAULT" valueType="java.lang.Integer" create="true">0</attribute>
        <attribute name="ORDERNO" valueType="java.lang.Integer" create="true" search="true">1</attribute>
        <attribute name="MARK" valueType="java.lang.Integer" create="true" search="true"></attribute>
        <attribute name="SYSNAME" valueType="java.lang.String" create="true"></attribute>
        <attribute name="NAME" valueType="java.lang.String" create="true"></attribute>
    </entity>

    <entity name="DMS_RULENODE" id="5177579928664649000" createMethod="ruleNodeCreate" getMethod="ruleNodeGetListByParams" createKeyParam="RULENODEID" getKeyParam="RULENODEID" service="dmsws">
        <attribute name="PARENTRULENODEID" valueType="java.lang.Long" create="true" search="true" entityID="7583422098784138000"/>
        <attribute name="RULEID" valueType="java.lang.Long" create="true" search="true" entityID="2482726346142850600"/>
        <attribute name="NODETYPE" valueType="java.lang.String" create="true">3</attribute>
        <attribute name="VALUEID" valueType="java.lang.Long" create="true" search="true">null</attribute>
        <attribute name="NODEVALUE" valueType="java.util.Map" create="true"><![CDATA[<?xml version="1.0" encoding="UTF-8" standalone="no"?><content version="1.0"><param name="VALUE" value="0" valueClass="java.lang.Integer"/><param name="VALUETYPE" value="java.lang.Integer" valueClass="java.lang.String"/></content>]]></attribute>
        <attribute name="DEFAULTVALUE" valueType="java.lang.String" create="true"></attribute>
        <attribute name="ISUSEDEFAULT" valueType="java.lang.Integer" create="true">0</attribute>
        <attribute name="ORDERNO" valueType="java.lang.Integer" create="true" search="true">2</attribute>
        <attribute name="MARK" valueType="java.lang.Integer" create="true" search="true">0</attribute>
        <attribute name="SYSNAME" valueType="java.lang.String" create="true"></attribute>
        <attribute name="NAME" valueType="java.lang.String" create="true"></attribute>
    </entity>
</root> 
