<?xml version="1.0" encoding="UTF-8"?>
<root>
<!-- Типы проверок -->
	
	<entity name="DMS_CHECKTYPE" id="10" createMethod="checkTypeCreate" getMethod="checkTypeGetByIdOrSysname" createKeyParam="CHECKTYPEID" getKeyParam="CHECKTYPEID" service="dmsws" isIntService="true">
		<attribute name="TYPESYSNAME" valueType="java.lang.String" create="true" search="true">decisionResult</attribute>
		<attribute name="TYPENAME" valueType="java.lang.String" create="true">Decision Result</attribute>
		<attribute name="DESCRIPTION" valueType="java.lang.String" create="true">Decision Result</attribute>
	</entity>

	<entity name="DMS_OBJECTTYPE" id="21" createMethod="dmsObjectTypeCreate" getMethod="dmsObjectTypeGetListByParams" createKeyParam="OBJECTTYPEID" getKeyParam="OBJECTTYPEID" service="dmsws" isIntService="true">
		<attribute name="OBJECTTYPEID" valueType="java.lang.Long" create="true" search="true">50000</attribute>
		<attribute name="SYSNAME" valueType="java.lang.String" create="true" search="true">CLIENT</attribute>
	</entity>	
	
	<!-- Проверки -->
	<entity name="DMS_CHECK" id="2001" createMethod="checkCreate" getMethod="checkGetByIdOrSysname" createKeyParam="CHECKID" getKeyParam="CHECKID" service="dmsws" isIntService="true">
		<attribute name="CHECKTYPEID" valueType="java.lang.Long" create="true" search="true" entityID="10"/>
		<attribute name="OBJECTTYPEID" valueType="java.lang.Long" create="true" entityID="21"/>
		<attribute name="CHECKNAME" valueType="java.lang.String" create="true">checkContinue</attribute>
		<attribute name="CHECKSYSNAME" valueType="java.lang.String" create="true" search="true">checkContinue</attribute>
		<attribute name="RULELINK" valueType="java.lang.String" create="true">ruleContinue</attribute>
		<attribute name="RULETYPE" valueType="java.lang.Integer" create="true">1</attribute>
		<attribute name="EXPIRATIONTERM" valueType="java.lang.Integer" create="true">0</attribute>
		<attribute name="MULTIFLAG" valueType="java.lang.Integer" create="true">0</attribute>
	</entity>

</root>