<?xml version="1.0" encoding="UTF-8"?>
<root> 
<!-- General info of the firmware file.:
 Objects DMS_RULEGROUP - 1
 Objects DMS_OPERATION - 0
 Objects DMS_DATASET - 1
 Objects DMS_DATASETPARAM - 3
 Objects DMS_RULE - 1
 Objects DMS_RULENODE - 1
 Objects DMS_LOGSCHEME - 0
 Objects DMS_RULENODELOG - 0
 -->
	<!-- Rule groups --> 
	<entity name="DMS_RULEGROUP" id="8378801021407371000" createMethod="ruleGroupCreate" getMethod="ruleGroupGetListByParams" createKeyParam="RULEGROUPID" getKeyParam="RULEGROUPID" service="dmsws">
		<attribute name="SYSNAME" valueType="java.lang.String" create="true" search="true">routeRulesINT</attribute>
		<attribute name="NAME" valueType="java.lang.String" create="true">Route Rules</attribute>
		<attribute name="DESCRIPTION" valueType="java.lang.String" create="true">Route Rules</attribute>
	</entity>

	<!-- Operations --> 
	<!-- Datasets --> 
	<entity name="DMS_DATASET" id="5517965709642582000" createMethod="ruleDatasetCreate" getMethod="ruleDatasetGetListByParams" createKeyParam="DATASETID" getKeyParam="DATASETID" service="dmsws">
		<attribute name="SYSNAME" valueType="java.lang.String" create="true" search="true">routingINT</attribute>
		<attribute name="FULLNAME" valueType="java.lang.String" create="true">Dataset for Routing</attribute>
	</entity>

	<!-- Parameters --> 
	<entity name="DMS_DATASETPARAM" id="9091864702056074000" createMethod="ruleDatasetParamCreate" getMethod="ruleDatasetParamGetListByParams" createKeyParam="DATASETPARAMID" getKeyParam="DATASETPARAMID" service="dmsws">
		<attribute name="DATASETID" valueType="java.lang.Long" create="true" search="true" entityID="5517965709642582000"/>
		<attribute name="PARAMTYPE" valueType="java.lang.String" create="true" search="true">0</attribute>
		<attribute name="SYSNAME" valueType="java.lang.String" create="true" search="true">foApproverPersonRole</attribute>
		<attribute name="NAME" valueType="java.lang.String" create="true"></attribute>
		<attribute name="FULLNAME" valueType="java.lang.String" create="true"></attribute>
		<attribute name="PARAMVALUETYPE" valueType="java.lang.String" create="true" search="true">java.lang.String</attribute>
		<attribute name="ISREQUIRED" valueType="java.lang.String" create="true">0</attribute>
	</entity>

	<entity name="DMS_DATASETPARAM" id="4296322554832944000" createMethod="ruleDatasetParamCreate" getMethod="ruleDatasetParamGetListByParams" createKeyParam="DATASETPARAMID" getKeyParam="DATASETPARAMID" service="dmsws">
		<attribute name="DATASETID" valueType="java.lang.Long" create="true" search="true" entityID="5517965709642582000"/>
		<attribute name="PARAMTYPE" valueType="java.lang.String" create="true" search="true">0</attribute>
		<attribute name="SYSNAME" valueType="java.lang.String" create="true" search="true">LOSAutoCheckVerification</attribute>
		<attribute name="NAME" valueType="java.lang.String" create="true"></attribute>
		<attribute name="FULLNAME" valueType="java.lang.String" create="true">Decision from AutoCheck Verification State</attribute>
		<attribute name="PARAMVALUETYPE" valueType="java.lang.String" create="true" search="true">java.lang.String</attribute>
		<attribute name="ISREQUIRED" valueType="java.lang.String" create="true">0</attribute>
	</entity>

	<entity name="DMS_DATASETPARAM" id="3200256274407435300" createMethod="ruleDatasetParamCreate" getMethod="ruleDatasetParamGetListByParams" createKeyParam="DATASETPARAMID" getKeyParam="DATASETPARAMID" service="dmsws">
		<attribute name="DATASETID" valueType="java.lang.Long" create="true" search="true" entityID="5517965709642582000"/>
		<attribute name="PARAMTYPE" valueType="java.lang.String" create="true" search="true">0</attribute>
		<attribute name="SYSNAME" valueType="java.lang.String" create="true" search="true">LOSDataInputControl</attribute>
		<attribute name="NAME" valueType="java.lang.String" create="true"></attribute>
		<attribute name="FULLNAME" valueType="java.lang.String" create="true">Decision from Data Input Control State</attribute>
		<attribute name="PARAMVALUETYPE" valueType="java.lang.String" create="true" search="true">java.lang.String</attribute>
		<attribute name="ISREQUIRED" valueType="java.lang.String" create="true">0</attribute>
	</entity>

	<!-- Rules --> 
	<entity name="DMS_RULE" id="5635236126607102000" createMethod="ruleCreate" getMethod="ruleGetListByParams" createKeyParam="RULEID" updateMethod="ruleNodesDeleteByRuleID" getKeyParam="RULEID" service="dmsws">
		<attribute name="SYSNAME" valueType="java.lang.String" create="true" search="true">routeToHOINT</attribute>
		<attribute name="NAME" valueType="java.lang.String" create="true">Route to HO</attribute>
		<attribute name="DESCRIPTION" valueType="java.lang.String" create="true">The rule for application routing to Head office or Branch for decision Making</attribute>
		<attribute name="RULEGROUPID" valueType="java.lang.Long" create="true" search="true" entityID="8378801021407371000"/>
		<attribute name="DATASETID" valueType="java.lang.Long" create="true" search="true" entityID="5517965709642582000"/>
	</entity>

	<!-- Nodes of rules --> 
	<entity name="DMS_RULENODE" id="3261797519122157000" createMethod="ruleNodeCreate" getMethod="ruleNodeGetListByParams" createKeyParam="RULENODEID" getKeyParam="RULENODEID" service="dmsws">
		<attribute name="PARENTRULENODEID" valueType="java.lang.Long" create="true" search="true">0</attribute>
		<attribute name="RULEID" valueType="java.lang.Long" create="true" search="true" entityID="5635236126607102000"/>
		<attribute name="NODETYPE" valueType="java.lang.String" create="true">6</attribute>
		<attribute name="VALUEID" valueType="java.lang.Long" create="true" search="true">null</attribute>
		<attribute name="NODEVALUE" valueType="java.util.Map" create="true" replaceID="4296322554832944000,3200256274407435300,9091864702056074000"><![CDATA[<?xml version="1.0" encoding="UTF-8" standalone="no"?><content version="1.0"><param name="CELLS" valueClass="java.util.ArrayList"><param name="" valueClass="ru.diasoft.utils.DefaultedHashMap"><param name="VALUE" value="LOSSendToBranchApproval" valueClass="java.lang.String"/><param name="CONDITIONS" valueClass="java.util.ArrayList"><param name="" valueClass="ru.diasoft.utils.DefaultedHashMap"><param name="DATASETPARAMID" value="$entityID4296322554832944000$" valueClass="java.lang.String"/><param name="DEFAULTVALUE" value="f2_flow" valueClass="java.lang.String"/><param name="PARAMID" value="1" valueClass="java.lang.Integer"/><param name="ID" value="1" valueClass="java.lang.Integer"/><param name="PARAMSYSNAME" value="LOSAutoCheckVerification" valueClass="java.lang.String"/><param name="CONDITION" value="[ f0_flow , f0_flow ]" valueClass="java.lang.String"/><param name="TOPVALUE" value="f0_flow" valueClass="java.lang.String"/><param name="LOWVALUE" value="f0_flow" valueClass="java.lang.String"/><param name="INTERVALTYPE" value="3" valueClass="java.lang.String"/></param><param name="" valueClass="ru.diasoft.utils.DefaultedHashMap"><param name="DATASETPARAMID" value="$entityID3200256274407435300$" valueClass="java.lang.String"/><param name="DEFAULTVALUE" value="approve" valueClass="java.lang.String"/><param name="PARAMID" value="2" valueClass="java.lang.Integer"/><param name="ID" value="1" valueClass="java.lang.Integer"/><param name="PARAMSYSNAME" value="LOSDataInputControl" valueClass="java.lang.String"/><param name="CONDITION" value="[ approve , approve ]" valueClass="java.lang.String"/><param name="TOPVALUE" value="approve" valueClass="java.lang.String"/><param name="LOWVALUE" value="approve" valueClass="java.lang.String"/><param name="INTERVALTYPE" value="3" valueClass="java.lang.String"/></param><param name="" valueClass="ru.diasoft.utils.DefaultedHashMap"><param name="DATASETPARAMID" value="$entityID9091864702056074000$" valueClass="java.lang.Integer"/><param name="DEFAULTVALUE" value="LOSBranchManager" valueClass="java.lang.String"/><param name="PARAMID" value="3" valueClass="java.lang.Integer"/><param name="ID" value="1" valueClass="java.lang.Integer"/><param name="PARAMSYSNAME" value="foApproverPersonRole" valueClass="java.lang.String"/><param name="CONDITION" value="[ LOSBranchManager , LOSBranchManager ]" valueClass="java.lang.String"/><param name="TOPVALUE" value="LOSBranchManager" valueClass="java.lang.String"/><param name="LOWVALUE" value="LOSBranchManager" valueClass="java.lang.String"/><param name="INTERVALTYPE" value="3" valueClass="java.lang.String"/></param></param><param name="ID" value="0" valueClass="java.lang.Integer"/></param><param name="" valueClass="ru.diasoft.utils.DefaultedHashMap"><param name="VALUE" value="LOSSendToHOApproval" valueClass="java.lang.String"/><param name="CONDITIONS" valueClass="java.util.ArrayList"><param name="" valueClass="ru.diasoft.utils.DefaultedHashMap"><param name="DATASETPARAMID" value="$entityID4296322554832944000$" valueClass="java.lang.String"/><param name="DEFAULTVALUE" value="f2_flow" valueClass="java.lang.String"/><param name="PARAMID" value="1" valueClass="java.lang.Integer"/><param name="ID" value="4" valueClass="java.lang.Integer"/><param name="PARAMSYSNAME" value="LOSAutoCheckVerification" valueClass="java.lang.String"/><param name="CONDITION" value="[ f2_flow , f2_flow ]" valueClass="java.lang.String"/><param name="TOPVALUE" value="f2_flow" valueClass="java.lang.String"/><param name="LOWVALUE" value="f2_flow" valueClass="java.lang.String"/><param name="INTERVALTYPE" value="3" valueClass="java.lang.String"/></param><param name="" valueClass="ru.diasoft.utils.DefaultedHashMap"><param name="DATASETPARAMID" value="$entityID3200256274407435300$" valueClass="java.lang.String"/><param name="DEFAULTVALUE" value="approve" valueClass="java.lang.String"/><param name="PARAMID" value="2" valueClass="java.lang.Integer"/><param name="ID" value="1" valueClass="java.lang.Integer"/><param name="PARAMSYSNAME" value="LOSDataInputControl" valueClass="java.lang.String"/><param name="CONDITION" value="[ approve , approve ]" valueClass="java.lang.String"/><param name="TOPVALUE" value="approve" valueClass="java.lang.String"/><param name="LOWVALUE" value="approve" valueClass="java.lang.String"/><param name="INTERVALTYPE" value="3" valueClass="java.lang.String"/></param><param name="" valueClass="ru.diasoft.utils.DefaultedHashMap"><param name="DATASETPARAMID" value="$entityID9091864702056074000$" valueClass="java.lang.Integer"/><param name="DEFAULTVALUE" value="foApproverPersonRole_default" valueClass="java.lang.String"/><param name="PARAMID" value="3" valueClass="java.lang.Integer"/><param name="ID" value="3" valueClass="java.lang.Integer"/><param name="PARAMSYSNAME" value="foApproverPersonRole" valueClass="java.lang.String"/><param name="CONDITION" value="[ foApproverPersonRole_default , foApproverPersonRole_default ]" valueClass="java.lang.String"/><param name="TOPVALUE" value="foApproverPersonRole_default" valueClass="java.lang.String"/><param name="LOWVALUE" value="foApproverPersonRole_default" valueClass="java.lang.String"/><param name="INTERVALTYPE" value="3" valueClass="java.lang.String"/></param></param><param name="ID" value="1" valueClass="java.lang.Integer"/></param><param name="" valueClass="ru.diasoft.utils.DefaultedHashMap"><param name="VALUE" value="LOSSendToHOApproval" valueClass="java.lang.String"/><param name="CONDITIONS" valueClass="java.util.ArrayList"><param name="" valueClass="ru.diasoft.utils.DefaultedHashMap"><param name="DATASETPARAMID" value="$entityID3200256274407435300$" valueClass="java.lang.String"/><param name="DEFAULTVALUE" value="approve" valueClass="java.lang.String"/><param name="PARAMID" value="2" valueClass="java.lang.Integer"/><param name="ID" value="1" valueClass="java.lang.Integer"/><param name="PARAMSYSNAME" value="LOSDataInputControl" valueClass="java.lang.String"/><param name="CONDITION" value="[ approve , approve ]" valueClass="java.lang.String"/><param name="TOPVALUE" value="approve" valueClass="java.lang.String"/><param name="LOWVALUE" value="approve" valueClass="java.lang.String"/><param name="INTERVALTYPE" value="3" valueClass="java.lang.String"/></param><param name="" valueClass="ru.diasoft.utils.DefaultedHashMap"><param name="DATASETPARAMID" value="$entityID4296322554832944000$" valueClass="java.lang.String"/><param name="DEFAULTVALUE" value="f2_flow" valueClass="java.lang.String"/><param name="PARAMID" value="1" valueClass="java.lang.Integer"/><param name="ID" value="5" valueClass="java.lang.Integer"/><param name="PARAMSYSNAME" value="LOSAutoCheckVerification" valueClass="java.lang.String"/><param name="CONDITION" value="[ n_flow , n_flow ]" valueClass="java.lang.String"/><param name="TOPVALUE" value="n_flow" valueClass="java.lang.String"/><param name="LOWVALUE" value="n_flow" valueClass="java.lang.String"/><param name="INTERVALTYPE" value="3" valueClass="java.lang.String"/></param><param name="" valueClass="ru.diasoft.utils.DefaultedHashMap"><param name="DATASETPARAMID" value="$entityID9091864702056074000$" valueClass="java.lang.Integer"/><param name="DEFAULTVALUE" value="foApproverPersonRole_default" valueClass="java.lang.String"/><param name="PARAMID" value="3" valueClass="java.lang.Integer"/><param name="ID" value="3" valueClass="java.lang.Integer"/><param name="PARAMSYSNAME" value="foApproverPersonRole" valueClass="java.lang.String"/><param name="CONDITION" value="[ foApproverPersonRole_default , foApproverPersonRole_default ]" valueClass="java.lang.String"/><param name="TOPVALUE" value="foApproverPersonRole_default" valueClass="java.lang.String"/><param name="LOWVALUE" value="foApproverPersonRole_default" valueClass="java.lang.String"/><param name="INTERVALTYPE" value="3" valueClass="java.lang.String"/></param></param><param name="ID" value="2" valueClass="java.lang.Integer"/></param><param name="" valueClass="ru.diasoft.utils.DefaultedHashMap"><param name="VALUE" value="LOSSendToHOApproval_F1" valueClass="java.lang.String"/><param name="CONDITIONS" valueClass="java.util.ArrayList"><param name="" valueClass="ru.diasoft.utils.DefaultedHashMap"><param name="DATASETPARAMID" value="$entityID4296322554832944000$" valueClass="java.lang.String"/><param name="DEFAULTVALUE" value="f2_flow" valueClass="java.lang.String"/><param name="PARAMID" value="1" valueClass="java.lang.Integer"/><param name="ID" value="3" valueClass="java.lang.Integer"/><param name="PARAMSYSNAME" value="LOSAutoCheckVerification" valueClass="java.lang.String"/><param name="CONDITION" value="[ f1_flow , f1_flow ]" valueClass="java.lang.String"/><param name="TOPVALUE" value="f1_flow" valueClass="java.lang.String"/><param name="LOWVALUE" value="f1_flow" valueClass="java.lang.String"/><param name="INTERVALTYPE" value="3" valueClass="java.lang.String"/></param><param name="" valueClass="ru.diasoft.utils.DefaultedHashMap"><param name="DATASETPARAMID" value="$entityID3200256274407435300$" valueClass="java.lang.String"/><param name="DEFAULTVALUE" value="approve" valueClass="java.lang.String"/><param name="PARAMID" value="2" valueClass="java.lang.Integer"/><param name="ID" value="1" valueClass="java.lang.Integer"/><param name="PARAMSYSNAME" value="LOSDataInputControl" valueClass="java.lang.String"/><param name="CONDITION" value="[ approve , approve ]" valueClass="java.lang.String"/><param name="TOPVALUE" value="approve" valueClass="java.lang.String"/><param name="LOWVALUE" value="approve" valueClass="java.lang.String"/><param name="INTERVALTYPE" value="3" valueClass="java.lang.String"/></param><param name="" valueClass="ru.diasoft.utils.DefaultedHashMap"><param name="DATASETPARAMID" value="$entityID9091864702056074000$" valueClass="java.lang.Integer"/><param name="DEFAULTVALUE" value="foApproverPersonRole_default" valueClass="java.lang.String"/><param name="PARAMID" value="3" valueClass="java.lang.Integer"/><param name="ID" value="3" valueClass="java.lang.Integer"/><param name="PARAMSYSNAME" value="foApproverPersonRole" valueClass="java.lang.String"/><param name="CONDITION" value="[ foApproverPersonRole_default , foApproverPersonRole_default ]" valueClass="java.lang.String"/><param name="TOPVALUE" value="foApproverPersonRole_default" valueClass="java.lang.String"/><param name="LOWVALUE" value="foApproverPersonRole_default" valueClass="java.lang.String"/><param name="INTERVALTYPE" value="3" valueClass="java.lang.String"/></param></param><param name="ID" value="3" valueClass="java.lang.Integer"/></param><param name="" valueClass="ru.diasoft.utils.DefaultedHashMap"><param name="VALUE" value="LOSSendToHOApproval_F0" valueClass="java.lang.String"/><param name="CONDITIONS" valueClass="java.util.ArrayList"><param name="" valueClass="ru.diasoft.utils.DefaultedHashMap"><param name="DATASETPARAMID" value="$entityID4296322554832944000$" valueClass="java.lang.Integer"/><param name="DEFAULTVALUE" value="f2_flow" valueClass="java.lang.String"/><param name="PARAMID" value="1" valueClass="java.lang.Integer"/><param name="ID" value="1" valueClass="java.lang.Integer"/><param name="PARAMSYSNAME" value="LOSAutoCheckVerification" valueClass="java.lang.String"/><param name="CONDITION" value="[ f0_flow , f0_flow ]" valueClass="java.lang.String"/><param name="TOPVALUE" value="f0_flow" valueClass="java.lang.String"/><param name="LOWVALUE" value="f0_flow" valueClass="java.lang.String"/><param name="INTERVALTYPE" value="3" valueClass="java.lang.String"/></param><param name="" valueClass="ru.diasoft.utils.DefaultedHashMap"><param name="DATASETPARAMID" value="$entityID3200256274407435300$" valueClass="java.lang.Integer"/><param name="DEFAULTVALUE" value="approve" valueClass="java.lang.String"/><param name="PARAMID" value="2" valueClass="java.lang.Integer"/><param name="ID" value="1" valueClass="java.lang.Integer"/><param name="PARAMSYSNAME" value="LOSDataInputControl" valueClass="java.lang.String"/><param name="CONDITION" value="[ approve , approve ]" valueClass="java.lang.String"/><param name="TOPVALUE" value="approve" valueClass="java.lang.String"/><param name="LOWVALUE" value="approve" valueClass="java.lang.String"/><param name="INTERVALTYPE" value="3" valueClass="java.lang.String"/></param><param name="" valueClass="ru.diasoft.utils.DefaultedHashMap"><param name="DATASETPARAMID" value="$entityID9091864702056074000$" valueClass="java.lang.Integer"/><param name="DEFAULTVALUE" value="foApproverPersonRole_default" valueClass="java.lang.String"/><param name="PARAMID" value="3" valueClass="java.lang.Integer"/><param name="ID" value="2" valueClass="java.lang.Integer"/><param name="PARAMSYSNAME" value="foApproverPersonRole" valueClass="java.lang.String"/><param name="CONDITION" value="[ LOSApproverHO , LOSApproverHO ]" valueClass="java.lang.String"/><param name="TOPVALUE" value="LOSApproverHO" valueClass="java.lang.String"/><param name="LOWVALUE" value="LOSApproverHO" valueClass="java.lang.String"/><param name="INTERVALTYPE" value="3" valueClass="java.lang.String"/></param></param><param name="ID" value="4" valueClass="java.lang.Integer"/></param><param name="" valueClass="ru.diasoft.utils.DefaultedHashMap"><param name="VALUE" value="LOSSendToBranchApproval" valueClass="java.lang.String"/><param name="CONDITIONS" valueClass="java.util.ArrayList"><param name="" valueClass="ru.diasoft.utils.DefaultedHashMap"><param name="DATASETPARAMID" value="$entityID4296322554832944000$" valueClass="java.lang.Integer"/><param name="DEFAULTVALUE" value="f2_flow" valueClass="java.lang.String"/><param name="PARAMID" value="1" valueClass="java.lang.Integer"/><param name="ID" value="1" valueClass="java.lang.Integer"/><param name="PARAMSYSNAME" value="LOSAutoCheckVerification" valueClass="java.lang.String"/><param name="CONDITION" value="[ f0_flow , f0_flow ]" valueClass="java.lang.String"/><param name="TOPVALUE" value="f0_flow" valueClass="java.lang.String"/><param name="LOWVALUE" value="f0_flow" valueClass="java.lang.String"/><param name="INTERVALTYPE" value="3" valueClass="java.lang.String"/></param><param name="" valueClass="ru.diasoft.utils.DefaultedHashMap"><param name="DATASETPARAMID" value="$entityID3200256274407435300$" valueClass="java.lang.Integer"/><param name="DEFAULTVALUE" value="approve" valueClass="java.lang.String"/><param name="PARAMID" value="2" valueClass="java.lang.Integer"/><param name="ID" value="1" valueClass="java.lang.Integer"/><param name="PARAMSYSNAME" value="LOSDataInputControl" valueClass="java.lang.String"/><param name="CONDITION" value="[ approve , approve ]" valueClass="java.lang.String"/><param name="TOPVALUE" value="approve" valueClass="java.lang.String"/><param name="LOWVALUE" value="approve" valueClass="java.lang.String"/><param name="INTERVALTYPE" value="3" valueClass="java.lang.String"/></param><param name="" valueClass="ru.diasoft.utils.DefaultedHashMap"><param name="DATASETPARAMID" value="$entityID9091864702056074000$" valueClass="java.lang.Integer"/><param name="DEFAULTVALUE" value="foApproverPersonRole_default" valueClass="java.lang.String"/><param name="PARAMID" value="3" valueClass="java.lang.Integer"/><param name="ID" value="3" valueClass="java.lang.Integer"/><param name="PARAMSYSNAME" value="foApproverPersonRole" valueClass="java.lang.String"/><param name="CONDITION" value="[ foApproverPersonRole_default , foApproverPersonRole_default ]" valueClass="java.lang.String"/><param name="TOPVALUE" value="foApproverPersonRole_default" valueClass="java.lang.String"/><param name="LOWVALUE" value="foApproverPersonRole_default" valueClass="java.lang.String"/><param name="INTERVALTYPE" value="3" valueClass="java.lang.String"/></param></param><param name="ID" value="5" valueClass="java.lang.Integer"/></param></param><param name="PARAMETERS" valueClass="java.util.ArrayList"><param name="" valueClass="ru.diasoft.utils.DefaultedHashMap"><param name="DATASETPARAMID" value="$entityID4296322554832944000$" valueClass="java.lang.Integer"/><param name="DEFAULTVALUE" value="f2_flow" valueClass="java.lang.String"/><param name="CONDITIONS" valueClass="java.util.ArrayList"><param name="" valueClass="ru.diasoft.utils.DefaultedHashMap"><param name="DATASETPARAMID" value="$entityID4296322554832944000$" valueClass="java.lang.Integer"/><param name="DEFAULTVALUE" value="f2_flow" valueClass="java.lang.String"/><param name="PARAMID" value="1" valueClass="java.lang.Integer"/><param name="ID" value="1" valueClass="java.lang.Integer"/><param name="PARAMSYSNAME" value="LOSAutoCheckVerification" valueClass="java.lang.String"/><param name="CONDITION" value="" valueClass="java.lang.String"/><param name="TOPVALUE" value="f0_flow" valueClass="java.lang.String"/><param name="LOWVALUE" value="f0_flow" valueClass="java.lang.String"/><param name="INTERVALTYPE" value="3" valueClass="java.lang.String"/></param><param name="" valueClass="ru.diasoft.utils.DefaultedHashMap"><param name="DATASETPARAMID" value="$entityID4296322554832944000$" valueClass="java.lang.Integer"/><param name="DEFAULTVALUE" value="f2_flow" valueClass="java.lang.String"/><param name="PARAMID" value="1" valueClass="java.lang.Integer"/><param name="ID" value="3" valueClass="java.lang.Integer"/><param name="PARAMSYSNAME" value="LOSAutoCheckVerification" valueClass="java.lang.String"/><param name="CONDITION" value="" valueClass="java.lang.String"/><param name="TOPVALUE" value="f1_flow" valueClass="java.lang.String"/><param name="LOWVALUE" value="f1_flow" valueClass="java.lang.String"/><param name="INTERVALTYPE" value="3" valueClass="java.lang.String"/></param><param name="" valueClass="ru.diasoft.utils.DefaultedHashMap"><param name="DATASETPARAMID" value="$entityID4296322554832944000$" valueClass="java.lang.Integer"/><param name="DEFAULTVALUE" value="f2_flow" valueClass="java.lang.String"/><param name="PARAMID" value="1" valueClass="java.lang.Integer"/><param name="ID" value="4" valueClass="java.lang.Integer"/><param name="PARAMSYSNAME" value="LOSAutoCheckVerification" valueClass="java.lang.String"/><param name="CONDITION" value="" valueClass="java.lang.String"/><param name="TOPVALUE" value="f2_flow" valueClass="java.lang.String"/><param name="LOWVALUE" value="f2_flow" valueClass="java.lang.String"/><param name="INTERVALTYPE" value="3" valueClass="java.lang.String"/></param><param name="" valueClass="ru.diasoft.utils.DefaultedHashMap"><param name="DATASETPARAMID" value="$entityID4296322554832944000$" valueClass="java.lang.Integer"/><param name="DEFAULTVALUE" value="f2_flow" valueClass="java.lang.String"/><param name="PARAMID" value="1" valueClass="java.lang.Integer"/><param name="ID" value="5" valueClass="java.lang.Integer"/><param name="PARAMSYSNAME" value="LOSAutoCheckVerification" valueClass="java.lang.String"/><param name="CONDITION" value="" valueClass="java.lang.String"/><param name="TOPVALUE" value="n_flow" valueClass="java.lang.String"/><param name="LOWVALUE" value="n_flow" valueClass="java.lang.String"/><param name="INTERVALTYPE" value="3" valueClass="java.lang.String"/></param></param><param name="PARAMSYSNAME" value="LOSAutoCheckVerification" valueClass="java.lang.String"/><param name="ID" value="1" valueClass="java.lang.Integer"/></param><param name="" valueClass="ru.diasoft.utils.DefaultedHashMap"><param name="DATASETPARAMID" value="$entityID3200256274407435300$" valueClass="java.lang.Integer"/><param name="DEFAULTVALUE" value="approve" valueClass="java.lang.String"/><param name="CONDITIONS" valueClass="java.util.ArrayList"><param name="" valueClass="ru.diasoft.utils.DefaultedHashMap"><param name="DATASETPARAMID" value="$entityID3200256274407435300$" valueClass="java.lang.Integer"/><param name="DEFAULTVALUE" value="approve" valueClass="java.lang.String"/><param name="PARAMID" value="2" valueClass="java.lang.Integer"/><param name="ID" value="1" valueClass="java.lang.Integer"/><param name="PARAMSYSNAME" value="LOSDataInputControl" valueClass="java.lang.String"/><param name="CONDITION" value="" valueClass="java.lang.String"/><param name="TOPVALUE" value="approve" valueClass="java.lang.String"/><param name="LOWVALUE" value="approve" valueClass="java.lang.String"/><param name="INTERVALTYPE" value="3" valueClass="java.lang.String"/></param></param><param name="PARAMSYSNAME" value="LOSDataInputControl" valueClass="java.lang.String"/><param name="ID" value="2" valueClass="java.lang.Integer"/></param><param name="" valueClass="ru.diasoft.utils.DefaultedHashMap"><param name="DATASETPARAMID" value="$entityID9091864702056074000$" valueClass="java.lang.Integer"/><param name="DEFAULTVALUE" value="foApproverPersonRole_default" valueClass="java.lang.String"/><param name="CONDITIONS" valueClass="java.util.ArrayList"><param name="" valueClass="ru.diasoft.utils.DefaultedHashMap"><param name="DATASETPARAMID" value="$entityID9091864702056074000$" valueClass="java.lang.Integer"/><param name="DEFAULTVALUE" value="foApproverPersonRole_default" valueClass="java.lang.String"/><param name="PARAMID" value="3" valueClass="java.lang.Integer"/><param name="PARAMSYSNAME" value="foApproverPersonRole" valueClass="java.lang.String"/><param name="ID" value="1" valueClass="java.lang.Integer"/><param name="CONDITION" value="" valueClass="java.lang.String"/><param name="TOPVALUE" value="LOSBranchManager" valueClass="java.lang.String"/><param name="LOWVALUE" value="LOSBranchManager" valueClass="java.lang.String"/><param name="INTERVALTYPE" value="3" valueClass="java.lang.String"/></param><param name="" valueClass="ru.diasoft.utils.DefaultedHashMap"><param name="DATASETPARAMID" value="$entityID9091864702056074000$" valueClass="java.lang.Integer"/><param name="DEFAULTVALUE" value="foApproverPersonRole_default" valueClass="java.lang.String"/><param name="PARAMID" value="3" valueClass="java.lang.Integer"/><param name="PARAMSYSNAME" value="foApproverPersonRole" valueClass="java.lang.String"/><param name="ID" value="2" valueClass="java.lang.Integer"/><param name="CONDITION" value="" valueClass="java.lang.String"/><param name="TOPVALUE" value="LOSApproverHO" valueClass="java.lang.String"/><param name="LOWVALUE" value="LOSApproverHO" valueClass="java.lang.String"/><param name="INTERVALTYPE" value="3" valueClass="java.lang.String"/></param><param name="" valueClass="ru.diasoft.utils.DefaultedHashMap"><param name="DATASETPARAMID" value="$entityID9091864702056074000$" valueClass="java.lang.Integer"/><param name="DEFAULTVALUE" value="foApproverPersonRole_default" valueClass="java.lang.String"/><param name="PARAMID" value="3" valueClass="java.lang.Integer"/><param name="PARAMSYSNAME" value="foApproverPersonRole" valueClass="java.lang.String"/><param name="ID" value="3" valueClass="java.lang.Integer"/><param name="CONDITION" value="" valueClass="java.lang.String"/><param name="TOPVALUE" value="foApproverPersonRole_default" valueClass="java.lang.String"/><param name="LOWVALUE" value="foApproverPersonRole_default" valueClass="java.lang.String"/><param name="INTERVALTYPE" value="3" valueClass="java.lang.String"/></param></param><param name="PARAMSYSNAME" value="foApproverPersonRole" valueClass="java.lang.String"/><param name="ID" value="3" valueClass="java.lang.Integer"/></param></param><param name="VALUETYPE" value="java.lang.String" valueClass="java.lang.String"/></content>]]></attribute>
		<attribute name="DEFAULTVALUE" valueType="java.lang.String" create="true">AddDEFAULT</attribute>
		<attribute name="ISUSEDEFAULT" valueType="java.lang.Integer" create="true">0</attribute>
		<attribute name="ORDERNO" valueType="java.lang.Integer" create="true" search="true">428</attribute>
		<attribute name="MARK" valueType="java.lang.Integer" create="true" search="true">0</attribute>
		<attribute name="SYSNAME" valueType="java.lang.String" create="true"></attribute>
		<attribute name="NAME" valueType="java.lang.String" create="true"></attribute>
	</entity>

	<!-- Event report schemes --> 
	<!-- Messages --> 
</root> 
