<?xml version="1.0" encoding="UTF-8"?>
<root>

	<!-- Группы простых справочников -->
	<entity name="REF_REFERENCEGROUP" id="1" createMethod="admReferenceGroupAdd" getMethod="admReferenceGroupChoose" createKeyParam="NEXT_ID" getKeyParam="REFERENCEGROUPID" service="adminws">
		<attribute name="GROUPNAME" valueType="java.lang.String" create="true" postSearch="true">Дистрибутивные справочники</attribute>
		<attribute name="PARENTGROUPID" valueType="java.lang.Long">0</attribute>
		<attribute name="DESCRIPTION" valueType="java.lang.String">Дистрибутивные справочники</attribute>
		<attribute name="LOCALE" valueType="java.lang.String" create="true" search="true">ru</attribute>		
	</entity>
	

	<!-- Простые стравочники -->
	<entity name="REF_REFERENCE" id="1003500" createMethod="admReferenceAdd" getMethod="admReferenceList" createKeyParam="NEXT_ID" getKeyParam="REFERENCEID" service="adminws">
        <attribute name="REFERENCEGROUPID" valueType="java.lang.Long" create="true" search="true" entityID="1"/>
        <attribute name="REFERENCEGROUP" valueType="java.lang.Long" create="true" search="true" entityID="1"/>
		<attribute name="REFERENCENAME" valueType="java.lang.String">Exeption Branches</attribute>
		<attribute name="REFSYSNAME" valueType="java.lang.String" create="true" search="true" postSearch="true">LOSExeptionBranches</attribute>
		<attribute name="DESCRIPTION" valueType="java.lang.String">Exeption Branches</attribute>
		<attribute name="LOCALE" valueType="java.lang.String" create="true" search="true">en</attribute>
	</entity>
	
	<entity name="REF_REFERENCELNG" id="1003501" getMethod="admReferenceLngByID" createMethod="admReferenceAddLng" createKeyParam="REFERENCENAME" getKeyParam="REFERENCENAME" updateMethod="admReferenceUpdateLng"  service="adminws" silent="true">
        <attribute name="CharLocale" valueType="java.lang.String" create="true" search="true">en</attribute>
        <attribute name="LOCALE" valueType="java.lang.String" create="true" search="true">en</attribute>
        <attribute name="DESCRIPTION" valueType="java.lang.String" create="true">Exeption Branches</attribute>
        <attribute name="REFERENCENAME" valueType="java.lang.String" create="true">Exeption Branches</attribute>
        <attribute name="REFERENCEID" valueType="java.lang.Long" search="true" create="true" entityID="1003500"/>
    </entity>
	

</root>