<?xml version="1.0" encoding="UTF-8"?>
<root> 
<!-- Projects --> 
	<entity name="CORE_PROJECT" id="3001" createMethod="" getMethod="admProjectBySysname" additionalProcessMethod="admProjectBySysname" processKeyParam="PROJECTID" createKeyParam="PROJECTID" getKeyParam="PROJECTID" service="adminws">
		<attribute name="PROJECTSYSNAME" valueType="java.lang.String" create="true" search="true">FTFLOINTMVC</attribute>
	</entity>

	<entity name="CORE_PROJECT" id="2" createMethod="" getMethod="admProjectBySysname" additionalProcessMethod="admProjectBySysname" processKeyParam="PROJECTID" createKeyParam="PROJECTID" getKeyParam="PROJECTID" service="adminws">
		<attribute name="PROJECTSYSNAME" valueType="java.lang.String" create="true" search="true">FTDSMVC</attribute>
	</entity>
	
	<!-- SM Objects --> 
	<entity name="FRNT_SMTYPE" id="4049049859200659500"  createMethod ="" getMethod="smObjectTypeGetListByParams" createKeyParam="OBJECTTYPEID" getKeyParam="OBJECTTYPEID" service="frontws2">
		<attribute name="SYSNAME" valueType="java.lang.String" create="true" search="true">autoLoanAppINT</attribute>
		<!--attribute name="PARENTTYPEID" valueType="java.lang.Long"  create="true" search="true">application</attribute-->
	</entity>

    <!-- States of SM --> 
	<entity name="FRNT_SMSTATE" id="4283282252338039300" createMethod="smStateCreate" getMethod="smStateGetListByParams" createKeyParam="STATEID" getKeyParam="STATEID" service="frontws2">
		<attribute name="SYSNAME" valueType="java.lang.String" create="true" search="true">LOSRouting</attribute>
		<attribute name="NAME" valueType="java.lang.String" create="true">Routing</attribute>
		<attribute name="TYPEID" valueType="java.lang.Long"  create="true" search="true" entityID="4049049859200659500"/>
		<attribute name="PROJECTID" valueType="java.lang.Long"  create="true" search="true" entityID="2"/>
	</entity>
	
	<entity name="FRNT_SMSTATE" id="311130912672886700" createMethod="smStateCreate" getMethod="smStateGetListByParams" createKeyParam="STATEID" getKeyParam="STATEID" service="frontws2">
		<attribute name="SYSNAME" valueType="java.lang.String" create="true" search="true">LOSReviewApproverHO</attribute>
		<attribute name="NAME" valueType="java.lang.String" create="true">Review by Approver</attribute>
		<attribute name="TYPEID" valueType="java.lang.Long"  create="true" search="true" entityID="4049049859200659500"/>
		<attribute name="PROJECTID" valueType="java.lang.Long"  create="true" search="true" entityID="2"/>
	</entity>
	
	<!-- Типы задач-->
	<entity name="CORE_TASKTYPE" id="2054" createMethod="dstasktypeadd" updateMethod ="dstasktypeupdate" getMethod="GETTASKTYPEID" additionalProcessMethod="GETTASKTYPEID" createKeyParam="TASKTYPEID" getKeyParam="TASKTYPEID" processKeyParam="TASKTYPEID" service="corews">
        <attribute name="PROJECTSYSNAME" valueType="java.lang.String" search="true" process="true">FTDSMVC</attribute>
        <attribute name="TASKTYPESYSNAME" valueType="java.lang.String" create="true" search="true" getTranscodeName="TASKTYPENAME" process="true">LOSReviewByApproverFO</attribute>
        <attribute name="TaskTypeName" valueType="java.lang.String">Review by Approver</attribute>
	   <attribute name="PageFlowName" valueType="java.lang.String">[FTDSMVC]COMMON/TASK/getUserIDForCurrentTask</attribute>
        <attribute name="ProjectID" valueType="java.lang.Long"  entityID="2"/>
    </entity>
	
	<!-- User roles --> 
	<entity name="CORE_USERROLE" id="32" createMethod ="" getMethod="admUserRoleBySysname" createKeyParam="ROLEID" getKeyParam="ROLEID" service="adminws">
        <attribute name="ROLESYSNAME" valueType="java.lang.String" create="true" search="true">LOSApproverHO</attribute>
        <attribute name="LOCALE" valueType="java.lang.String">en</attribute>
    </entity>
	
	<!-- Transfers of SM --> 
	<entity name="FRNT_SMTRANS" id="4653119309811027000" createMethod="smTransitionCreate" getMethod="smTransitionGetListByParams" createKeyParam="TRANSITIONID" getKeyParam="TRANSITIONID" service="frontws2">
		<attribute name="SYSNAME" valueType="java.lang.String" create="true" search="true">LOSSendToApprover</attribute>
		<attribute name="NAME" valueType="java.lang.String" create="true" >Send to Approver HO</attribute>
		<attribute name="PAGEFLOWNAME" valueType="java.lang.String" create="true" >[FTFLOINTMVC]FORMLIB/sendToProcessing/sendToProcessing</attribute>
		<attribute name="TRANSORDER" valueType="java.lang.Integer" create="true" >1</attribute>
		<attribute name="EVENTFLAG" valueType="java.lang.Integer" create="true" >0</attribute>
		<attribute name="FROMSTATEID" valueType="java.lang.Long"  create="true" search="true" entityID="4283282252338039300"/>
		<attribute name="TOSTATEID" valueType="java.lang.Long"  create="true" search="true" entityID="311130912672886700"/>
		<attribute name="TYPEID" valueType="java.lang.Long"  create="true" search="true" entityID="4049049859200659500"/>
	</entity>	
		<entity name="FRNT_TASKACTION" id="3792094707126636000" createMethod="taskActionCreate" getMethod="taskActionGetListByParams" createKeyParam="TASKACTIONID" getKeyParam="TASKACTIONID" service="frontws2">
			<attribute name="TASKACTION" valueType="java.lang.Integer" create="true" search="true">0</attribute>
			<attribute name="TASKSTATE" valueType="java.lang.String" create="true" search="true">NEW</attribute>
			<attribute name="ASSIGNTYPE" valueType="java.lang.String" create="true" search="true">USERROLE</attribute>
			<attribute name="ACTIONORDER" valueType="java.lang.Long" create="true" search="true">2</attribute>
			<attribute name="TRANSITIONID" valueType="java.lang.Long"  create="true" search="true" entityID="4653119309811027000"/>
			<attribute name="TASKTYPEID" valueType="java.lang.Long"  create="true" search="true" entityID="2054"/>
			<attribute name="ASSIGNOBJECT" valueType="java.lang.Long"  create="true" search="true" entityID="32"/>
		</entity>
		
	</root>