<?xml version="1.0" encoding="UTF-8"?>
<root>
    <!-- Группа «Дистрибутивные справочники» -->
    <entity name="REF_REFERENCEGROUP" id="1002005" createMethod="admReferenceGroupAdd" getMethod="admReferenceGroupChoose" createKeyParam="NEXT_ID" getKeyParam="REFERENCEGROUPID" service="adminws">
        <attribute name="GROUPNAME" valueType="java.lang.String" create="true" postSearch="true">Дистрибутивные справочники</attribute>
        <attribute name="PARENTGROUPID" valueType="java.lang.Long">0</attribute>
        <attribute name="DESCRIPTION" valueType="java.lang.String">Дистрибутивные справочники</attribute>
        <attribute name="LOCALE" valueType="java.lang.String" create="true" search="true">ru</attribute>
    </entity>

    <!-- Группа «Общие» -->
    <entity name="REF_REFERENCEGROUP" id="1002006" createMethod="admReferenceGroupAdd" getMethod="admReferenceGroupChoose" createKeyParam="NEXT_ID" getKeyParam="REFERENCEGROUPID" service="adminws">
        <attribute name="GROUPNAME" valueType="java.lang.String" create="true" postSearch="true">Общие</attribute>
        <attribute name="PARENTGROUPID" valueType="java.lang.Long" entityID="1002005"/>
        <attribute name="DESCRIPTION" valueType="java.lang.String">Общие</attribute>
        <attribute name="LOCALE" valueType="java.lang.String" create="true" search="true">ru</attribute>
    </entity>

    <!--Простой справочник «Причины отказа» -->
    <entity name="REF_REFERENCE" id="2003021" createMethod="admReferenceAdd" getMethod="admReferenceList" createKeyParam="NEXT_ID" getKeyParam="REFERENCEID" service="adminws">
        <attribute name="LOCALE" valueType="java.lang.String" create="true" search="true">ru</attribute>
        <attribute name="REFERENCEGROUPID" valueType="java.lang.Long" create="true" search="true" entityID="1002006"/>
        <attribute name="REFERENCEGROUP" valueType="java.lang.Long" create="true" search="true" entityID="1002006"/>
        <attribute name="REFSYSNAME" valueType="java.lang.String" create="true" search="true" postSearch="true">refuseReasons</attribute>
        <attribute name="REFERENCENAME" valueType="java.lang.String">Причины отказа</attribute>
        <attribute name="DESCRIPTION" valueType="java.lang.String">Причины отказа</attribute>
    </entity>

    <!--Локаль для простого справочника «Причины отказа» -->
    <entity name="REF_REFERENCELNG" id="2203021" getMethod="admReferenceLngByID" createMethod="admReferenceAddLng" createKeyParam="REFERENCENAME" getKeyParam="REFERENCENAME" updateMethod="admReferenceUpdateLng"  service="adminws" silent="true">
        <attribute name="CharLocale" valueType="java.lang.String" create="true" search="true">ru        </attribute>
        <attribute name="LOCALE" valueType="java.lang.String" create="true" search="true">ru</attribute>
        <attribute name="DESCRIPTION" valueType="java.lang.String" create="true">Причины отказа</attribute>
        <attribute name="REFERENCENAME" valueType="java.lang.String" create="true">Причины отказа</attribute>
        <attribute name="REFERENCEID" valueType="java.lang.Long" search="true" create="true" entityID="2003021"/>
    </entity>

    <!--Элемент простого справочника «Причины отказа» -->
    <entity name="REF_REFITEM" id="3004426" createMethod="admReferenceItemAdd" getMethod="admReferenceItems" createKeyParam="REFITEMID" getKeyParam="REFITEMID" service="adminws">
        <attribute name="REFERENCEID" valueType="java.lang.Long" create="true" search="true" entityID="2003021"/>
        <attribute name="CODE" valueType="java.lang.String" postSearch="true" create="true">AUTO_01</attribute>
        <attribute name="LOCALE" valueType="java.lang.String" create="true" search="true">ru</attribute>
        <attribute name="SHORTVALUE" valueType="java.lang.String">Отклонение по автоматичеким проверкам</attribute>
        <attribute name="FULLVALUE" valueType="java.lang.String">Отклонение по автоматичеким проверкам</attribute>
        <attribute name="RICOMMENT" valueType="java.lang.String"/>
    </entity>

    <!--Локаль элемента простого справочника «Причины отказа» -->
    <entity name="REF_REFITEMLNG" id="4004426" getMethod="admReferenceItemLngByID" createMethod="admReferenceItemAddLng" createKeyParam="SHORTVALUE" getKeyParam="SHORTVALUE" updateMethod="admReferenceItemUpdateLng"  service="adminws" silent="true">
        <attribute name="CharLocale" valueType="java.lang.String" create="true" search="true">ru        </attribute>
        <attribute name="LOCALE" valueType="java.lang.String" create="true" search="true">ru</attribute>
        <attribute name="REFITEMID" valueType="java.lang.Long" search="true" create="true" entityID="3004426"/>
        <attribute name="SHORTVALUE" valueType="java.lang.String" create="true" postSearch="true">Отклонение по автоматичеким проверкам</attribute>
        <attribute name="FULLVALUE" valueType="java.lang.String" create="true">Отклонение по автоматичеким проверкам</attribute>
        <attribute name="RICOMMENT" valueType="java.lang.String" create="true"/>
    </entity>
    <!--Элемент простого справочника «Причины отказа» -->
    <entity name="REF_REFITEM" id="3004427" createMethod="admReferenceItemAdd" getMethod="admReferenceItems" createKeyParam="REFITEMID" getKeyParam="REFITEMID" service="adminws">
        <attribute name="REFERENCEID" valueType="java.lang.Long" create="true" search="true" entityID="2003021"/>
        <attribute name="CODE" valueType="java.lang.String" postSearch="true" create="true">SB_01</attribute>
        <attribute name="LOCALE" valueType="java.lang.String" create="true" search="true">ru</attribute>
        <attribute name="SHORTVALUE" valueType="java.lang.String">Компрометирующий материал в том числе криминального характера</attribute>
        <attribute name="FULLVALUE" valueType="java.lang.String">Компрометирующий материал в том числе криминального характера</attribute>
        <attribute name="RICOMMENT" valueType="java.lang.String"/>
    </entity>

    <!--Локаль элемента простого справочника «Причины отказа» -->
    <entity name="REF_REFITEMLNG" id="4004427" getMethod="admReferenceItemLngByID" createMethod="admReferenceItemAddLng" createKeyParam="SHORTVALUE" getKeyParam="SHORTVALUE" updateMethod="admReferenceItemUpdateLng"  service="adminws" silent="true">
        <attribute name="CharLocale" valueType="java.lang.String" create="true" search="true">ru        </attribute>
        <attribute name="LOCALE" valueType="java.lang.String" create="true" search="true">ru</attribute>
        <attribute name="REFITEMID" valueType="java.lang.Long" search="true" create="true" entityID="3004427"/>
        <attribute name="SHORTVALUE" valueType="java.lang.String" create="true" postSearch="true">Компрометирующий материал в том числе криминального характера</attribute>
        <attribute name="FULLVALUE" valueType="java.lang.String" create="true">Компрометирующий материал в том числе криминального характера</attribute>
        <attribute name="RICOMMENT" valueType="java.lang.String" create="true"/>
    </entity>
    <!--Элемент простого справочника «Причины отказа» -->
    <entity name="REF_REFITEM" id="3004428" createMethod="admReferenceItemAdd" getMethod="admReferenceItems" createKeyParam="REFITEMID" getKeyParam="REFITEMID" service="adminws">
        <attribute name="REFERENCEID" valueType="java.lang.Long" create="true" search="true" entityID="2003021"/>
        <attribute name="CODE" valueType="java.lang.String" postSearch="true" create="true">SB_02</attribute>
        <attribute name="LOCALE" valueType="java.lang.String" create="true" search="true">ru</attribute>
        <attribute name="SHORTVALUE" valueType="java.lang.String">Признаки мошеннической схемы</attribute>
        <attribute name="FULLVALUE" valueType="java.lang.String">Признаки мошеннической схемы</attribute>
        <attribute name="RICOMMENT" valueType="java.lang.String"/>
    </entity>

    <!--Локаль элемента простого справочника «Причины отказа» -->
    <entity name="REF_REFITEMLNG" id="4004428" getMethod="admReferenceItemLngByID" createMethod="admReferenceItemAddLng" createKeyParam="SHORTVALUE" getKeyParam="SHORTVALUE" updateMethod="admReferenceItemUpdateLng"  service="adminws" silent="true">
        <attribute name="CharLocale" valueType="java.lang.String" create="true" search="true">ru        </attribute>
        <attribute name="LOCALE" valueType="java.lang.String" create="true" search="true">ru</attribute>
        <attribute name="REFITEMID" valueType="java.lang.Long" search="true" create="true" entityID="3004428"/>
        <attribute name="SHORTVALUE" valueType="java.lang.String" create="true" postSearch="true">Признаки мошеннической схемы</attribute>
        <attribute name="FULLVALUE" valueType="java.lang.String" create="true">Признаки мошеннической схемы</attribute>
        <attribute name="RICOMMENT" valueType="java.lang.String" create="true"/>
    </entity>
    <!--Элемент простого справочника «Причины отказа» -->
    <entity name="REF_REFITEM" id="3004429" createMethod="admReferenceItemAdd" getMethod="admReferenceItems" createKeyParam="REFITEMID" getKeyParam="REFITEMID" service="adminws">
        <attribute name="REFERENCEID" valueType="java.lang.Long" create="true" search="true" entityID="2003021"/>
        <attribute name="CODE" valueType="java.lang.String" postSearch="true" create="true">SB_03</attribute>
        <attribute name="LOCALE" valueType="java.lang.String" create="true" search="true">ru</attribute>
        <attribute name="SHORTVALUE" valueType="java.lang.String">Негативная характеристика Заёмщика со стороны родственников, коллег и/или других источников</attribute>
        <attribute name="FULLVALUE" valueType="java.lang.String">Негативная характеристика Заёмщика со стороны родственников, коллег и/или других источников</attribute>
        <attribute name="RICOMMENT" valueType="java.lang.String"/>
    </entity>

    <!--Локаль элемента простого справочника «Причины отказа» -->
    <entity name="REF_REFITEMLNG" id="4004429" getMethod="admReferenceItemLngByID" createMethod="admReferenceItemAddLng" createKeyParam="SHORTVALUE" getKeyParam="SHORTVALUE" updateMethod="admReferenceItemUpdateLng"  service="adminws" silent="true">
        <attribute name="CharLocale" valueType="java.lang.String" create="true" search="true">ru        </attribute>
        <attribute name="LOCALE" valueType="java.lang.String" create="true" search="true">ru</attribute>
        <attribute name="REFITEMID" valueType="java.lang.Long" search="true" create="true" entityID="3004429"/>
        <attribute name="SHORTVALUE" valueType="java.lang.String" create="true" postSearch="true">Негативная характеристика Заёмщика со стороны родственников, коллег и/или других источников</attribute>
        <attribute name="FULLVALUE" valueType="java.lang.String" create="true">Негативная характеристика Заёмщика со стороны родственников, коллег и/или других источников</attribute>
        <attribute name="RICOMMENT" valueType="java.lang.String" create="true"/>
    </entity>
    <!--Элемент простого справочника «Причины отказа» -->
    <entity name="REF_REFITEM" id="3004430" createMethod="admReferenceItemAdd" getMethod="admReferenceItems" createKeyParam="REFITEMID" getKeyParam="REFITEMID" service="adminws">
        <attribute name="REFERENCEID" valueType="java.lang.Long" create="true" search="true" entityID="2003021"/>
        <attribute name="CODE" valueType="java.lang.String" postSearch="true" create="true">SB_04</attribute>
        <attribute name="LOCALE" valueType="java.lang.String" create="true" search="true">ru</attribute>
        <attribute name="SHORTVALUE" valueType="java.lang.String">Получение кредита в пользу третьих лиц, не являющихся родственниками</attribute>
        <attribute name="FULLVALUE" valueType="java.lang.String">Получение кредита в пользу третьих лиц, не являющихся родственниками</attribute>
        <attribute name="RICOMMENT" valueType="java.lang.String"/>
    </entity>

    <!--Локаль элемента простого справочника «Причины отказа» -->
    <entity name="REF_REFITEMLNG" id="4004430" getMethod="admReferenceItemLngByID" createMethod="admReferenceItemAddLng" createKeyParam="SHORTVALUE" getKeyParam="SHORTVALUE" updateMethod="admReferenceItemUpdateLng"  service="adminws" silent="true">
        <attribute name="CharLocale" valueType="java.lang.String" create="true" search="true">ru        </attribute>
        <attribute name="LOCALE" valueType="java.lang.String" create="true" search="true">ru</attribute>
        <attribute name="REFITEMID" valueType="java.lang.Long" search="true" create="true" entityID="3004430"/>
        <attribute name="SHORTVALUE" valueType="java.lang.String" create="true" postSearch="true">Получение кредита в пользу третьих лиц, не являющихся родственниками</attribute>
        <attribute name="FULLVALUE" valueType="java.lang.String" create="true">Получение кредита в пользу третьих лиц, не являющихся родственниками</attribute>
        <attribute name="RICOMMENT" valueType="java.lang.String" create="true"/>
    </entity>
    <!--Элемент простого справочника «Причины отказа» -->
    <entity name="REF_REFITEM" id="3004431" createMethod="admReferenceItemAdd" getMethod="admReferenceItems" createKeyParam="REFITEMID" getKeyParam="REFITEMID" service="adminws">
        <attribute name="REFERENCEID" valueType="java.lang.Long" create="true" search="true" entityID="2003021"/>
        <attribute name="CODE" valueType="java.lang.String" postSearch="true" create="true">SB_05</attribute>
        <attribute name="LOCALE" valueType="java.lang.String" create="true" search="true">ru</attribute>
        <attribute name="SHORTVALUE" valueType="java.lang.String">Криминальное окружение заёмщика</attribute>
        <attribute name="FULLVALUE" valueType="java.lang.String">Криминальное окружение заёмщика</attribute>
        <attribute name="RICOMMENT" valueType="java.lang.String"/>
    </entity>

    <!--Локаль элемента простого справочника «Причины отказа» -->
    <entity name="REF_REFITEMLNG" id="4004431" getMethod="admReferenceItemLngByID" createMethod="admReferenceItemAddLng" createKeyParam="SHORTVALUE" getKeyParam="SHORTVALUE" updateMethod="admReferenceItemUpdateLng"  service="adminws" silent="true">
        <attribute name="CharLocale" valueType="java.lang.String" create="true" search="true">ru        </attribute>
        <attribute name="LOCALE" valueType="java.lang.String" create="true" search="true">ru</attribute>
        <attribute name="REFITEMID" valueType="java.lang.Long" search="true" create="true" entityID="3004431"/>
        <attribute name="SHORTVALUE" valueType="java.lang.String" create="true" postSearch="true">Криминальное окружение заёмщика</attribute>
        <attribute name="FULLVALUE" valueType="java.lang.String" create="true">Криминальное окружение заёмщика</attribute>
        <attribute name="RICOMMENT" valueType="java.lang.String" create="true"/>
    </entity>
    <!--Элемент простого справочника «Причины отказа» -->
    <entity name="REF_REFITEM" id="3004432" createMethod="admReferenceItemAdd" getMethod="admReferenceItems" createKeyParam="REFITEMID" getKeyParam="REFITEMID" service="adminws">
        <attribute name="REFERENCEID" valueType="java.lang.Long" create="true" search="true" entityID="2003021"/>
        <attribute name="CODE" valueType="java.lang.String" postSearch="true" create="true">SB_06</attribute>
        <attribute name="LOCALE" valueType="java.lang.String" create="true" search="true">ru</attribute>
        <attribute name="SHORTVALUE" valueType="java.lang.String">Уволен/в процессе увольнения/никогда не являлся сотрудником/трудоустроен формально</attribute>
        <attribute name="FULLVALUE" valueType="java.lang.String">Уволен/в процессе увольнения/никогда не являлся сотрудником/трудоустроен формально</attribute>
        <attribute name="RICOMMENT" valueType="java.lang.String"/>
    </entity>

    <!--Локаль элемента простого справочника «Причины отказа» -->
    <entity name="REF_REFITEMLNG" id="4004432" getMethod="admReferenceItemLngByID" createMethod="admReferenceItemAddLng" createKeyParam="SHORTVALUE" getKeyParam="SHORTVALUE" updateMethod="admReferenceItemUpdateLng"  service="adminws" silent="true">
        <attribute name="CharLocale" valueType="java.lang.String" create="true" search="true">ru        </attribute>
        <attribute name="LOCALE" valueType="java.lang.String" create="true" search="true">ru</attribute>
        <attribute name="REFITEMID" valueType="java.lang.Long" search="true" create="true" entityID="3004432"/>
        <attribute name="SHORTVALUE" valueType="java.lang.String" create="true" postSearch="true">Уволен/в процессе увольнения/никогда не являлся сотрудником/трудоустроен формально</attribute>
        <attribute name="FULLVALUE" valueType="java.lang.String" create="true">Уволен/в процессе увольнения/никогда не являлся сотрудником/трудоустроен формально</attribute>
        <attribute name="RICOMMENT" valueType="java.lang.String" create="true"/>
    </entity>
    <!--Элемент простого справочника «Причины отказа» -->
    <entity name="REF_REFITEM" id="3004433" createMethod="admReferenceItemAdd" getMethod="admReferenceItems" createKeyParam="REFITEMID" getKeyParam="REFITEMID" service="adminws">
        <attribute name="REFERENCEID" valueType="java.lang.Long" create="true" search="true" entityID="2003021"/>
        <attribute name="CODE" valueType="java.lang.String" postSearch="true" create="true">SB_07</attribute>
        <attribute name="LOCALE" valueType="java.lang.String" create="true" search="true">ru</attribute>
        <attribute name="SHORTVALUE" valueType="java.lang.String">У компании отсутствует офис/в офисе нет никого кроме Заёмщика (триггер применим ко всем группам заёмщиков за исключением ИП)</attribute>
        <attribute name="FULLVALUE" valueType="java.lang.String">У компании отсутствует офис/в офисе нет никого кроме Заёмщика (триггер применим ко всем группам заёмщиков за исключением ИП)</attribute>
        <attribute name="RICOMMENT" valueType="java.lang.String"/>
    </entity>

    <!--Локаль элемента простого справочника «Причины отказа» -->
    <entity name="REF_REFITEMLNG" id="4004433" getMethod="admReferenceItemLngByID" createMethod="admReferenceItemAddLng" createKeyParam="SHORTVALUE" getKeyParam="SHORTVALUE" updateMethod="admReferenceItemUpdateLng"  service="adminws" silent="true">
        <attribute name="CharLocale" valueType="java.lang.String" create="true" search="true">ru        </attribute>
        <attribute name="LOCALE" valueType="java.lang.String" create="true" search="true">ru</attribute>
        <attribute name="REFITEMID" valueType="java.lang.Long" search="true" create="true" entityID="3004433"/>
        <attribute name="SHORTVALUE" valueType="java.lang.String" create="true" postSearch="true">У компании отсутствует офис/в офисе нет никого кроме Заёмщика (триггер применим ко всем группам заёмщиков за исключением ИП)</attribute>
        <attribute name="FULLVALUE" valueType="java.lang.String" create="true">У компании отсутствует офис/в офисе нет никого кроме Заёмщика (триггер применим ко всем группам заёмщиков за исключением ИП)</attribute>
        <attribute name="RICOMMENT" valueType="java.lang.String" create="true"/>
    </entity>
    <!--Элемент простого справочника «Причины отказа» -->
    <entity name="REF_REFITEM" id="3004434" createMethod="admReferenceItemAdd" getMethod="admReferenceItems" createKeyParam="REFITEMID" getKeyParam="REFITEMID" service="adminws">
        <attribute name="REFERENCEID" valueType="java.lang.Long" create="true" search="true" entityID="2003021"/>
        <attribute name="CODE" valueType="java.lang.String" postSearch="true" create="true">SB_08</attribute>
        <attribute name="LOCALE" valueType="java.lang.String" create="true" search="true">ru</attribute>
        <attribute name="SHORTVALUE" valueType="java.lang.String">Подтвержденный стаж не соответствует указанному в Заявлении и не соответствует минимальным требованиям Банка</attribute>
        <attribute name="FULLVALUE" valueType="java.lang.String">Подтвержденный стаж не соответствует указанному в Заявлении и не соответствует минимальным требованиям Банка</attribute>
        <attribute name="RICOMMENT" valueType="java.lang.String"/>
    </entity>

    <!--Локаль элемента простого справочника «Причины отказа» -->
    <entity name="REF_REFITEMLNG" id="4004434" getMethod="admReferenceItemLngByID" createMethod="admReferenceItemAddLng" createKeyParam="SHORTVALUE" getKeyParam="SHORTVALUE" updateMethod="admReferenceItemUpdateLng"  service="adminws" silent="true">
        <attribute name="CharLocale" valueType="java.lang.String" create="true" search="true">ru        </attribute>
        <attribute name="LOCALE" valueType="java.lang.String" create="true" search="true">ru</attribute>
        <attribute name="REFITEMID" valueType="java.lang.Long" search="true" create="true" entityID="3004434"/>
        <attribute name="SHORTVALUE" valueType="java.lang.String" create="true" postSearch="true">Подтвержденный стаж не соответствует указанному в Заявлении и не соответствует минимальным требованиям Банка</attribute>
        <attribute name="FULLVALUE" valueType="java.lang.String" create="true">Подтвержденный стаж не соответствует указанному в Заявлении и не соответствует минимальным требованиям Банка</attribute>
        <attribute name="RICOMMENT" valueType="java.lang.String" create="true"/>
    </entity>
    <!--Элемент простого справочника «Причины отказа» -->
    <entity name="REF_REFITEM" id="3004435" createMethod="admReferenceItemAdd" getMethod="admReferenceItems" createKeyParam="REFITEMID" getKeyParam="REFITEMID" service="adminws">
        <attribute name="REFERENCEID" valueType="java.lang.Long" create="true" search="true" entityID="2003021"/>
        <attribute name="CODE" valueType="java.lang.String" postSearch="true" create="true">SB_09</attribute>
        <attribute name="LOCALE" valueType="java.lang.String" create="true" search="true">ru</attribute>
        <attribute name="SHORTVALUE" valueType="java.lang.String">Указанный рабочий номер телефона "заряжен" на предоставление недостоверной и ненадёжной информации</attribute>
        <attribute name="FULLVALUE" valueType="java.lang.String">Указанный рабочий номер телефона "заряжен" на предоставление недостоверной и ненадёжной информации</attribute>
        <attribute name="RICOMMENT" valueType="java.lang.String"/>
    </entity>

    <!--Локаль элемента простого справочника «Причины отказа» -->
    <entity name="REF_REFITEMLNG" id="4004435" getMethod="admReferenceItemLngByID" createMethod="admReferenceItemAddLng" createKeyParam="SHORTVALUE" getKeyParam="SHORTVALUE" updateMethod="admReferenceItemUpdateLng"  service="adminws" silent="true">
        <attribute name="CharLocale" valueType="java.lang.String" create="true" search="true">ru        </attribute>
        <attribute name="LOCALE" valueType="java.lang.String" create="true" search="true">ru</attribute>
        <attribute name="REFITEMID" valueType="java.lang.Long" search="true" create="true" entityID="3004435"/>
        <attribute name="SHORTVALUE" valueType="java.lang.String" create="true" postSearch="true">Указанный рабочий номер телефона "заряжен" на предоставление недостоверной и ненадёжной информации</attribute>
        <attribute name="FULLVALUE" valueType="java.lang.String" create="true">Указанный рабочий номер телефона "заряжен" на предоставление недостоверной и ненадёжной информации</attribute>
        <attribute name="RICOMMENT" valueType="java.lang.String" create="true"/>
    </entity>
    <!--Элемент простого справочника «Причины отказа» -->
    <entity name="REF_REFITEM" id="3004436" createMethod="admReferenceItemAdd" getMethod="admReferenceItems" createKeyParam="REFITEMID" getKeyParam="REFITEMID" service="adminws">
        <attribute name="REFERENCEID" valueType="java.lang.Long" create="true" search="true" entityID="2003021"/>
        <attribute name="CODE" valueType="java.lang.String" postSearch="true" create="true">SB_10</attribute>
        <attribute name="LOCALE" valueType="java.lang.String" create="true" search="true">ru</attribute>
        <attribute name="SHORTVALUE" valueType="java.lang.String">В ходе телефонной верификации клиент/представитель работодателя предоставляет информацию, противоречащую информации, подтвержденной вендором</attribute>
        <attribute name="FULLVALUE" valueType="java.lang.String">В ходе телефонной верификации клиент/представитель работодателя предоставляет информацию, противоречащую информации, подтвержденной вендором</attribute>
        <attribute name="RICOMMENT" valueType="java.lang.String"/>
    </entity>

    <!--Локаль элемента простого справочника «Причины отказа» -->
    <entity name="REF_REFITEMLNG" id="4004436" getMethod="admReferenceItemLngByID" createMethod="admReferenceItemAddLng" createKeyParam="SHORTVALUE" getKeyParam="SHORTVALUE" updateMethod="admReferenceItemUpdateLng"  service="adminws" silent="true">
        <attribute name="CharLocale" valueType="java.lang.String" create="true" search="true">ru        </attribute>
        <attribute name="LOCALE" valueType="java.lang.String" create="true" search="true">ru</attribute>
        <attribute name="REFITEMID" valueType="java.lang.Long" search="true" create="true" entityID="3004436"/>
        <attribute name="SHORTVALUE" valueType="java.lang.String" create="true" postSearch="true">В ходе телефонной верификации клиент/представитель работодателя предоставляет информацию, противоречащую информации, подтвержденной вендором</attribute>
        <attribute name="FULLVALUE" valueType="java.lang.String" create="true">В ходе телефонной верификации клиент/представитель работодателя предоставляет информацию, противоречащую информации, подтвержденной вендором</attribute>
        <attribute name="RICOMMENT" valueType="java.lang.String" create="true"/>
    </entity>
    <!--Элемент простого справочника «Причины отказа» -->
    <entity name="REF_REFITEM" id="3004437" createMethod="admReferenceItemAdd" getMethod="admReferenceItems" createKeyParam="REFITEMID" getKeyParam="REFITEMID" service="adminws">
        <attribute name="REFERENCEID" valueType="java.lang.Long" create="true" search="true" entityID="2003021"/>
        <attribute name="CODE" valueType="java.lang.String" postSearch="true" create="true">SB_11</attribute>
        <attribute name="LOCALE" valueType="java.lang.String" create="true" search="true">ru</attribute>
        <attribute name="SHORTVALUE" valueType="java.lang.String">В ходе телефонной верификации представители работодателя клиента затрудняются предоставить информацию об основных направлениях деятельности работодателя</attribute>
        <attribute name="FULLVALUE" valueType="java.lang.String">В ходе телефонной верификации представители работодателя клиента затрудняются предоставить информацию об основных направлениях деятельности работодателя</attribute>
        <attribute name="RICOMMENT" valueType="java.lang.String"/>
    </entity>

    <!--Локаль элемента простого справочника «Причины отказа» -->
    <entity name="REF_REFITEMLNG" id="4004437" getMethod="admReferenceItemLngByID" createMethod="admReferenceItemAddLng" createKeyParam="SHORTVALUE" getKeyParam="SHORTVALUE" updateMethod="admReferenceItemUpdateLng"  service="adminws" silent="true">
        <attribute name="CharLocale" valueType="java.lang.String" create="true" search="true">ru        </attribute>
        <attribute name="LOCALE" valueType="java.lang.String" create="true" search="true">ru</attribute>
        <attribute name="REFITEMID" valueType="java.lang.Long" search="true" create="true" entityID="3004437"/>
        <attribute name="SHORTVALUE" valueType="java.lang.String" create="true" postSearch="true">В ходе телефонной верификации представители работодателя клиента затрудняются предоставить информацию об основных направлениях деятельности работодателя</attribute>
        <attribute name="FULLVALUE" valueType="java.lang.String" create="true">В ходе телефонной верификации представители работодателя клиента затрудняются предоставить информацию об основных направлениях деятельности работодателя</attribute>
        <attribute name="RICOMMENT" valueType="java.lang.String" create="true"/>
    </entity>
    <!--Элемент простого справочника «Причины отказа» -->
    <entity name="REF_REFITEM" id="3004438" createMethod="admReferenceItemAdd" getMethod="admReferenceItems" createKeyParam="REFITEMID" getKeyParam="REFITEMID" service="adminws">
        <attribute name="REFERENCEID" valueType="java.lang.Long" create="true" search="true" entityID="2003021"/>
        <attribute name="CODE" valueType="java.lang.String" postSearch="true" create="true">SB_12</attribute>
        <attribute name="LOCALE" valueType="java.lang.String" create="true" search="true">ru</attribute>
        <attribute name="SHORTVALUE" valueType="java.lang.String">Несоответствие информации, указанной  в заявлении информации и информации полученной в ходе телефонной верификации или кросс-чека</attribute>
        <attribute name="FULLVALUE" valueType="java.lang.String">Несоответствие информации, указанной  в заявлении информации и информации полученной в ходе телефонной верификации или кросс-чека</attribute>
        <attribute name="RICOMMENT" valueType="java.lang.String"/>
    </entity>

    <!--Локаль элемента простого справочника «Причины отказа» -->
    <entity name="REF_REFITEMLNG" id="4004438" getMethod="admReferenceItemLngByID" createMethod="admReferenceItemAddLng" createKeyParam="SHORTVALUE" getKeyParam="SHORTVALUE" updateMethod="admReferenceItemUpdateLng"  service="adminws" silent="true">
        <attribute name="CharLocale" valueType="java.lang.String" create="true" search="true">ru        </attribute>
        <attribute name="LOCALE" valueType="java.lang.String" create="true" search="true">ru</attribute>
        <attribute name="REFITEMID" valueType="java.lang.Long" search="true" create="true" entityID="3004438"/>
        <attribute name="SHORTVALUE" valueType="java.lang.String" create="true" postSearch="true">Несоответствие информации, указанной  в заявлении информации и информации полученной в ходе телефонной верификации или кросс-чека</attribute>
        <attribute name="FULLVALUE" valueType="java.lang.String" create="true">Несоответствие информации, указанной  в заявлении информации и информации полученной в ходе телефонной верификации или кросс-чека</attribute>
        <attribute name="RICOMMENT" valueType="java.lang.String" create="true"/>
    </entity>
    <!--Элемент простого справочника «Причины отказа» -->
    <entity name="REF_REFITEM" id="3004439" createMethod="admReferenceItemAdd" getMethod="admReferenceItems" createKeyParam="REFITEMID" getKeyParam="REFITEMID" service="adminws">
        <attribute name="REFERENCEID" valueType="java.lang.Long" create="true" search="true" entityID="2003021"/>
        <attribute name="CODE" valueType="java.lang.String" postSearch="true" create="true">SB_13</attribute>
        <attribute name="LOCALE" valueType="java.lang.String" create="true" search="true">ru</attribute>
        <attribute name="SHORTVALUE" valueType="java.lang.String">Компания-работодатель ликвидирована или находится в процессе ликвидации</attribute>
        <attribute name="FULLVALUE" valueType="java.lang.String">Компания-работодатель ликвидирована или находится в процессе ликвидации</attribute>
        <attribute name="RICOMMENT" valueType="java.lang.String"/>
    </entity>

    <!--Локаль элемента простого справочника «Причины отказа» -->
    <entity name="REF_REFITEMLNG" id="4004439" getMethod="admReferenceItemLngByID" createMethod="admReferenceItemAddLng" createKeyParam="SHORTVALUE" getKeyParam="SHORTVALUE" updateMethod="admReferenceItemUpdateLng"  service="adminws" silent="true">
        <attribute name="CharLocale" valueType="java.lang.String" create="true" search="true">ru        </attribute>
        <attribute name="LOCALE" valueType="java.lang.String" create="true" search="true">ru</attribute>
        <attribute name="REFITEMID" valueType="java.lang.Long" search="true" create="true" entityID="3004439"/>
        <attribute name="SHORTVALUE" valueType="java.lang.String" create="true" postSearch="true">Компания-работодатель ликвидирована или находится в процессе ликвидации</attribute>
        <attribute name="FULLVALUE" valueType="java.lang.String" create="true">Компания-работодатель ликвидирована или находится в процессе ликвидации</attribute>
        <attribute name="RICOMMENT" valueType="java.lang.String" create="true"/>
    </entity>
    <!--Элемент простого справочника «Причины отказа» -->
    <entity name="REF_REFITEM" id="3004440" createMethod="admReferenceItemAdd" getMethod="admReferenceItems" createKeyParam="REFITEMID" getKeyParam="REFITEMID" service="adminws">
        <attribute name="REFERENCEID" valueType="java.lang.Long" create="true" search="true" entityID="2003021"/>
        <attribute name="CODE" valueType="java.lang.String" postSearch="true" create="true">SB_14</attribute>
        <attribute name="LOCALE" valueType="java.lang.String" create="true" search="true">ru</attribute>
        <attribute name="SHORTVALUE" valueType="java.lang.String">Адрес регистрации является адресом массовой регистрации</attribute>
        <attribute name="FULLVALUE" valueType="java.lang.String">Адрес регистрации является адресом массовой регистрации</attribute>
        <attribute name="RICOMMENT" valueType="java.lang.String"/>
    </entity>

    <!--Локаль элемента простого справочника «Причины отказа» -->
    <entity name="REF_REFITEMLNG" id="4004440" getMethod="admReferenceItemLngByID" createMethod="admReferenceItemAddLng" createKeyParam="SHORTVALUE" getKeyParam="SHORTVALUE" updateMethod="admReferenceItemUpdateLng"  service="adminws" silent="true">
        <attribute name="CharLocale" valueType="java.lang.String" create="true" search="true">ru        </attribute>
        <attribute name="LOCALE" valueType="java.lang.String" create="true" search="true">ru</attribute>
        <attribute name="REFITEMID" valueType="java.lang.Long" search="true" create="true" entityID="3004440"/>
        <attribute name="SHORTVALUE" valueType="java.lang.String" create="true" postSearch="true">Адрес регистрации является адресом массовой регистрации</attribute>
        <attribute name="FULLVALUE" valueType="java.lang.String" create="true">Адрес регистрации является адресом массовой регистрации</attribute>
        <attribute name="RICOMMENT" valueType="java.lang.String" create="true"/>
    </entity>
    <!--Элемент простого справочника «Причины отказа» -->
    <entity name="REF_REFITEM" id="3004441" createMethod="admReferenceItemAdd" getMethod="admReferenceItems" createKeyParam="REFITEMID" getKeyParam="REFITEMID" service="adminws">
        <attribute name="REFERENCEID" valueType="java.lang.Long" create="true" search="true" entityID="2003021"/>
        <attribute name="CODE" valueType="java.lang.String" postSearch="true" create="true">SB_15</attribute>
        <attribute name="LOCALE" valueType="java.lang.String" create="true" search="true">ru</attribute>
        <attribute name="SHORTVALUE" valueType="java.lang.String">Регистрация куплена</attribute>
        <attribute name="FULLVALUE" valueType="java.lang.String">Регистрация куплена</attribute>
        <attribute name="RICOMMENT" valueType="java.lang.String"/>
    </entity>

    <!--Локаль элемента простого справочника «Причины отказа» -->
    <entity name="REF_REFITEMLNG" id="4004441" getMethod="admReferenceItemLngByID" createMethod="admReferenceItemAddLng" createKeyParam="SHORTVALUE" getKeyParam="SHORTVALUE" updateMethod="admReferenceItemUpdateLng"  service="adminws" silent="true">
        <attribute name="CharLocale" valueType="java.lang.String" create="true" search="true">ru        </attribute>
        <attribute name="LOCALE" valueType="java.lang.String" create="true" search="true">ru</attribute>
        <attribute name="REFITEMID" valueType="java.lang.Long" search="true" create="true" entityID="3004441"/>
        <attribute name="SHORTVALUE" valueType="java.lang.String" create="true" postSearch="true">Регистрация куплена</attribute>
        <attribute name="FULLVALUE" valueType="java.lang.String" create="true">Регистрация куплена</attribute>
        <attribute name="RICOMMENT" valueType="java.lang.String" create="true"/>
    </entity>
    <!--Элемент простого справочника «Причины отказа» -->
    <entity name="REF_REFITEM" id="3004442" createMethod="admReferenceItemAdd" getMethod="admReferenceItems" createKeyParam="REFITEMID" getKeyParam="REFITEMID" service="adminws">
        <attribute name="REFERENCEID" valueType="java.lang.Long" create="true" search="true" entityID="2003021"/>
        <attribute name="CODE" valueType="java.lang.String" postSearch="true" create="true">SB_16</attribute>
        <attribute name="LOCALE" valueType="java.lang.String" create="true" search="true">ru</attribute>
        <attribute name="SHORTVALUE" valueType="java.lang.String">Клиент фактически не проживает не по одному из указанных адресов</attribute>
        <attribute name="FULLVALUE" valueType="java.lang.String">Клиент фактически не проживает не по одному из указанных адресов</attribute>
        <attribute name="RICOMMENT" valueType="java.lang.String"/>
    </entity>

    <!--Локаль элемента простого справочника «Причины отказа» -->
    <entity name="REF_REFITEMLNG" id="4004442" getMethod="admReferenceItemLngByID" createMethod="admReferenceItemAddLng" createKeyParam="SHORTVALUE" getKeyParam="SHORTVALUE" updateMethod="admReferenceItemUpdateLng"  service="adminws" silent="true">
        <attribute name="CharLocale" valueType="java.lang.String" create="true" search="true">ru        </attribute>
        <attribute name="LOCALE" valueType="java.lang.String" create="true" search="true">ru</attribute>
        <attribute name="REFITEMID" valueType="java.lang.Long" search="true" create="true" entityID="3004442"/>
        <attribute name="SHORTVALUE" valueType="java.lang.String" create="true" postSearch="true">Клиент фактически не проживает не по одному из указанных адресов</attribute>
        <attribute name="FULLVALUE" valueType="java.lang.String" create="true">Клиент фактически не проживает не по одному из указанных адресов</attribute>
        <attribute name="RICOMMENT" valueType="java.lang.String" create="true"/>
    </entity>
    <!--Элемент простого справочника «Причины отказа» -->
    <entity name="REF_REFITEM" id="3004443" createMethod="admReferenceItemAdd" getMethod="admReferenceItems" createKeyParam="REFITEMID" getKeyParam="REFITEMID" service="adminws">
        <attribute name="REFERENCEID" valueType="java.lang.Long" create="true" search="true" entityID="2003021"/>
        <attribute name="CODE" valueType="java.lang.String" postSearch="true" create="true">SB_17</attribute>
        <attribute name="LOCALE" valueType="java.lang.String" create="true" search="true">ru</attribute>
        <attribute name="SHORTVALUE" valueType="java.lang.String">Паспорт (или другой документ, подтверждающий личность) числится утерянным или украденным</attribute>
        <attribute name="FULLVALUE" valueType="java.lang.String">Паспорт (или другой документ, подтверждающий личность) числится утерянным или украденным</attribute>
        <attribute name="RICOMMENT" valueType="java.lang.String"/>
    </entity>

    <!--Локаль элемента простого справочника «Причины отказа» -->
    <entity name="REF_REFITEMLNG" id="4004443" getMethod="admReferenceItemLngByID" createMethod="admReferenceItemAddLng" createKeyParam="SHORTVALUE" getKeyParam="SHORTVALUE" updateMethod="admReferenceItemUpdateLng"  service="adminws" silent="true">
        <attribute name="CharLocale" valueType="java.lang.String" create="true" search="true">ru        </attribute>
        <attribute name="LOCALE" valueType="java.lang.String" create="true" search="true">ru</attribute>
        <attribute name="REFITEMID" valueType="java.lang.Long" search="true" create="true" entityID="3004443"/>
        <attribute name="SHORTVALUE" valueType="java.lang.String" create="true" postSearch="true">Паспорт (или другой документ, подтверждающий личность) числится утерянным или украденным</attribute>
        <attribute name="FULLVALUE" valueType="java.lang.String" create="true">Паспорт (или другой документ, подтверждающий личность) числится утерянным или украденным</attribute>
        <attribute name="RICOMMENT" valueType="java.lang.String" create="true"/>
    </entity>
    <!--Элемент простого справочника «Причины отказа» -->
    <entity name="REF_REFITEM" id="3004444" createMethod="admReferenceItemAdd" getMethod="admReferenceItems" createKeyParam="REFITEMID" getKeyParam="REFITEMID" service="adminws">
        <attribute name="REFERENCEID" valueType="java.lang.Long" create="true" search="true" entityID="2003021"/>
        <attribute name="CODE" valueType="java.lang.String" postSearch="true" create="true">SB_18</attribute>
        <attribute name="LOCALE" valueType="java.lang.String" create="true" search="true">ru</attribute>
        <attribute name="SHORTVALUE" valueType="java.lang.String">Признаки подделки документов, подтверждающих личность, стаж или доход</attribute>
        <attribute name="FULLVALUE" valueType="java.lang.String">Признаки подделки документов, подтверждающих личность, стаж или доход</attribute>
        <attribute name="RICOMMENT" valueType="java.lang.String"/>
    </entity>

    <!--Локаль элемента простого справочника «Причины отказа» -->
    <entity name="REF_REFITEMLNG" id="4004444" getMethod="admReferenceItemLngByID" createMethod="admReferenceItemAddLng" createKeyParam="SHORTVALUE" getKeyParam="SHORTVALUE" updateMethod="admReferenceItemUpdateLng"  service="adminws" silent="true">
        <attribute name="CharLocale" valueType="java.lang.String" create="true" search="true">ru        </attribute>
        <attribute name="LOCALE" valueType="java.lang.String" create="true" search="true">ru</attribute>
        <attribute name="REFITEMID" valueType="java.lang.Long" search="true" create="true" entityID="3004444"/>
        <attribute name="SHORTVALUE" valueType="java.lang.String" create="true" postSearch="true">Признаки подделки документов, подтверждающих личность, стаж или доход</attribute>
        <attribute name="FULLVALUE" valueType="java.lang.String" create="true">Признаки подделки документов, подтверждающих личность, стаж или доход</attribute>
        <attribute name="RICOMMENT" valueType="java.lang.String" create="true"/>
    </entity>
    <!--Элемент простого справочника «Причины отказа» -->
    <entity name="REF_REFITEM" id="3004445" createMethod="admReferenceItemAdd" getMethod="admReferenceItems" createKeyParam="REFITEMID" getKeyParam="REFITEMID" service="adminws">
        <attribute name="REFERENCEID" valueType="java.lang.Long" create="true" search="true" entityID="2003021"/>
        <attribute name="CODE" valueType="java.lang.String" postSearch="true" create="true">SB_19</attribute>
        <attribute name="LOCALE" valueType="java.lang.String" create="true" search="true">ru</attribute>
        <attribute name="SHORTVALUE" valueType="java.lang.String">Документы, подтверждающие доход и/или стаж, содержат недостоверную информацию</attribute>
        <attribute name="FULLVALUE" valueType="java.lang.String">Документы, подтверждающие доход и/или стаж, содержат недостоверную информацию</attribute>
        <attribute name="RICOMMENT" valueType="java.lang.String"/>
    </entity>

    <!--Локаль элемента простого справочника «Причины отказа» -->
    <entity name="REF_REFITEMLNG" id="4004445" getMethod="admReferenceItemLngByID" createMethod="admReferenceItemAddLng" createKeyParam="SHORTVALUE" getKeyParam="SHORTVALUE" updateMethod="admReferenceItemUpdateLng"  service="adminws" silent="true">
        <attribute name="CharLocale" valueType="java.lang.String" create="true" search="true">ru        </attribute>
        <attribute name="LOCALE" valueType="java.lang.String" create="true" search="true">ru</attribute>
        <attribute name="REFITEMID" valueType="java.lang.Long" search="true" create="true" entityID="3004445"/>
        <attribute name="SHORTVALUE" valueType="java.lang.String" create="true" postSearch="true">Документы, подтверждающие доход и/или стаж, содержат недостоверную информацию</attribute>
        <attribute name="FULLVALUE" valueType="java.lang.String" create="true">Документы, подтверждающие доход и/или стаж, содержат недостоверную информацию</attribute>
        <attribute name="RICOMMENT" valueType="java.lang.String" create="true"/>
    </entity>
    <!--Элемент простого справочника «Причины отказа» -->
    <entity name="REF_REFITEM" id="3004446" createMethod="admReferenceItemAdd" getMethod="admReferenceItems" createKeyParam="REFITEMID" getKeyParam="REFITEMID" service="adminws">
        <attribute name="REFERENCEID" valueType="java.lang.Long" create="true" search="true" entityID="2003021"/>
        <attribute name="CODE" valueType="java.lang.String" postSearch="true" create="true">SB_20</attribute>
        <attribute name="LOCALE" valueType="java.lang.String" create="true" search="true">ru</attribute>
        <attribute name="SHORTVALUE" valueType="java.lang.String">Паспорт (или другой документ, подтверждающий личность) не соответствует требованиям действующего законодательства или отражает недостоверную информацию</attribute>
        <attribute name="FULLVALUE" valueType="java.lang.String">Паспорт (или другой документ, подтверждающий личность) не соответствует требованиям действующего законодательства или отражает недостоверную информацию</attribute>
        <attribute name="RICOMMENT" valueType="java.lang.String"/>
    </entity>

    <!--Локаль элемента простого справочника «Причины отказа» -->
    <entity name="REF_REFITEMLNG" id="4004446" getMethod="admReferenceItemLngByID" createMethod="admReferenceItemAddLng" createKeyParam="SHORTVALUE" getKeyParam="SHORTVALUE" updateMethod="admReferenceItemUpdateLng"  service="adminws" silent="true">
        <attribute name="CharLocale" valueType="java.lang.String" create="true" search="true">ru        </attribute>
        <attribute name="LOCALE" valueType="java.lang.String" create="true" search="true">ru</attribute>
        <attribute name="REFITEMID" valueType="java.lang.Long" search="true" create="true" entityID="3004446"/>
        <attribute name="SHORTVALUE" valueType="java.lang.String" create="true" postSearch="true">Паспорт (или другой документ, подтверждающий личность) не соответствует требованиям действующего законодательства или отражает недостоверную информацию</attribute>
        <attribute name="FULLVALUE" valueType="java.lang.String" create="true">Паспорт (или другой документ, подтверждающий личность) не соответствует требованиям действующего законодательства или отражает недостоверную информацию</attribute>
        <attribute name="RICOMMENT" valueType="java.lang.String" create="true"/>
    </entity>
    <!--Элемент простого справочника «Причины отказа» -->
    <entity name="REF_REFITEM" id="3004447" createMethod="admReferenceItemAdd" getMethod="admReferenceItems" createKeyParam="REFITEMID" getKeyParam="REFITEMID" service="adminws">
        <attribute name="REFERENCEID" valueType="java.lang.Long" create="true" search="true" entityID="2003021"/>
        <attribute name="CODE" valueType="java.lang.String" postSearch="true" create="true">SB_21</attribute>
        <attribute name="LOCALE" valueType="java.lang.String" create="true" search="true">ru</attribute>
        <attribute name="SHORTVALUE" valueType="java.lang.String">Все контактные телефоны клиента оказались мобильными</attribute>
        <attribute name="FULLVALUE" valueType="java.lang.String">Все контактные телефоны клиента оказались мобильными</attribute>
        <attribute name="RICOMMENT" valueType="java.lang.String"/>
    </entity>

    <!--Локаль элемента простого справочника «Причины отказа» -->
    <entity name="REF_REFITEMLNG" id="4004447" getMethod="admReferenceItemLngByID" createMethod="admReferenceItemAddLng" createKeyParam="SHORTVALUE" getKeyParam="SHORTVALUE" updateMethod="admReferenceItemUpdateLng"  service="adminws" silent="true">
        <attribute name="CharLocale" valueType="java.lang.String" create="true" search="true">ru        </attribute>
        <attribute name="LOCALE" valueType="java.lang.String" create="true" search="true">ru</attribute>
        <attribute name="REFITEMID" valueType="java.lang.Long" search="true" create="true" entityID="3004447"/>
        <attribute name="SHORTVALUE" valueType="java.lang.String" create="true" postSearch="true">Все контактные телефоны клиента оказались мобильными</attribute>
        <attribute name="FULLVALUE" valueType="java.lang.String" create="true">Все контактные телефоны клиента оказались мобильными</attribute>
        <attribute name="RICOMMENT" valueType="java.lang.String" create="true"/>
    </entity>
    <!--Элемент простого справочника «Причины отказа» -->
    <entity name="REF_REFITEM" id="3004448" createMethod="admReferenceItemAdd" getMethod="admReferenceItems" createKeyParam="REFITEMID" getKeyParam="REFITEMID" service="adminws">
        <attribute name="REFERENCEID" valueType="java.lang.Long" create="true" search="true" entityID="2003021"/>
        <attribute name="CODE" valueType="java.lang.String" postSearch="true" create="true">SB_22</attribute>
        <attribute name="LOCALE" valueType="java.lang.String" create="true" search="true">ru</attribute>
        <attribute name="SHORTVALUE" valueType="java.lang.String">Не удалось дозвониться до работодателя</attribute>
        <attribute name="FULLVALUE" valueType="java.lang.String">Не удалось дозвониться до работодателя</attribute>
        <attribute name="RICOMMENT" valueType="java.lang.String"/>
    </entity>

    <!--Локаль элемента простого справочника «Причины отказа» -->
    <entity name="REF_REFITEMLNG" id="4004448" getMethod="admReferenceItemLngByID" createMethod="admReferenceItemAddLng" createKeyParam="SHORTVALUE" getKeyParam="SHORTVALUE" updateMethod="admReferenceItemUpdateLng"  service="adminws" silent="true">
        <attribute name="CharLocale" valueType="java.lang.String" create="true" search="true">ru        </attribute>
        <attribute name="LOCALE" valueType="java.lang.String" create="true" search="true">ru</attribute>
        <attribute name="REFITEMID" valueType="java.lang.Long" search="true" create="true" entityID="3004448"/>
        <attribute name="SHORTVALUE" valueType="java.lang.String" create="true" postSearch="true">Не удалось дозвониться до работодателя</attribute>
        <attribute name="FULLVALUE" valueType="java.lang.String" create="true">Не удалось дозвониться до работодателя</attribute>
        <attribute name="RICOMMENT" valueType="java.lang.String" create="true"/>
    </entity>
    <!--Элемент простого справочника «Причины отказа» -->
    <entity name="REF_REFITEM" id="3004449" createMethod="admReferenceItemAdd" getMethod="admReferenceItems" createKeyParam="REFITEMID" getKeyParam="REFITEMID" service="adminws">
        <attribute name="REFERENCEID" valueType="java.lang.Long" create="true" search="true" entityID="2003021"/>
        <attribute name="CODE" valueType="java.lang.String" postSearch="true" create="true">SB_23</attribute>
        <attribute name="LOCALE" valueType="java.lang.String" create="true" search="true">ru</attribute>
        <attribute name="SHORTVALUE" valueType="java.lang.String">Отказ при наличии 3-х и более факторов из группы 2</attribute>
        <attribute name="FULLVALUE" valueType="java.lang.String">Отказ при наличии 3-х и более факторов из группы 2</attribute>
        <attribute name="RICOMMENT" valueType="java.lang.String"/>
    </entity>

    <!--Локаль элемента простого справочника «Причины отказа» -->
    <entity name="REF_REFITEMLNG" id="4004449" getMethod="admReferenceItemLngByID" createMethod="admReferenceItemAddLng" createKeyParam="SHORTVALUE" getKeyParam="SHORTVALUE" updateMethod="admReferenceItemUpdateLng"  service="adminws" silent="true">
        <attribute name="CharLocale" valueType="java.lang.String" create="true" search="true">ru        </attribute>
        <attribute name="LOCALE" valueType="java.lang.String" create="true" search="true">ru</attribute>
        <attribute name="REFITEMID" valueType="java.lang.Long" search="true" create="true" entityID="3004449"/>
        <attribute name="SHORTVALUE" valueType="java.lang.String" create="true" postSearch="true">Отказ при наличии 3-х и более факторов из группы 2</attribute>
        <attribute name="FULLVALUE" valueType="java.lang.String" create="true">Отказ при наличии 3-х и более факторов из группы 2</attribute>
        <attribute name="RICOMMENT" valueType="java.lang.String" create="true"/>
    </entity>
    <!--Элемент простого справочника «Причины отказа» -->
    <entity name="REF_REFITEM" id="3004450" createMethod="admReferenceItemAdd" getMethod="admReferenceItems" createKeyParam="REFITEMID" getKeyParam="REFITEMID" service="adminws">
        <attribute name="REFERENCEID" valueType="java.lang.Long" create="true" search="true" entityID="2003021"/>
        <attribute name="CODE" valueType="java.lang.String" postSearch="true" create="true">SB_24</attribute>
        <attribute name="LOCALE" valueType="java.lang.String" create="true" search="true">ru</attribute>
        <attribute name="SHORTVALUE" valueType="java.lang.String">Другое</attribute>
        <attribute name="FULLVALUE" valueType="java.lang.String">Другое</attribute>
        <attribute name="RICOMMENT" valueType="java.lang.String"/>
    </entity>

    <!--Локаль элемента простого справочника «Причины отказа» -->
    <entity name="REF_REFITEMLNG" id="4004450" getMethod="admReferenceItemLngByID" createMethod="admReferenceItemAddLng" createKeyParam="SHORTVALUE" getKeyParam="SHORTVALUE" updateMethod="admReferenceItemUpdateLng"  service="adminws" silent="true">
        <attribute name="CharLocale" valueType="java.lang.String" create="true" search="true">ru        </attribute>
        <attribute name="LOCALE" valueType="java.lang.String" create="true" search="true">ru</attribute>
        <attribute name="REFITEMID" valueType="java.lang.Long" search="true" create="true" entityID="3004450"/>
        <attribute name="SHORTVALUE" valueType="java.lang.String" create="true" postSearch="true">Другое</attribute>
        <attribute name="FULLVALUE" valueType="java.lang.String" create="true">Другое</attribute>
        <attribute name="RICOMMENT" valueType="java.lang.String" create="true"/>
    </entity>
    <!--Элемент простого справочника «Причины отказа» -->
    <entity name="REF_REFITEM" id="3004451" createMethod="admReferenceItemAdd" getMethod="admReferenceItems" createKeyParam="REFITEMID" getKeyParam="REFITEMID" service="adminws">
        <attribute name="REFERENCEID" valueType="java.lang.Long" create="true" search="true" entityID="2003021"/>
        <attribute name="CODE" valueType="java.lang.String" postSearch="true" create="true">UND_01</attribute>
        <attribute name="LOCALE" valueType="java.lang.String" create="true" search="true">ru</attribute>
        <attribute name="SHORTVALUE" valueType="java.lang.String">Недостаточный доход</attribute>
        <attribute name="FULLVALUE" valueType="java.lang.String">Недостаточный доход</attribute>
        <attribute name="RICOMMENT" valueType="java.lang.String"/>
    </entity>

    <!--Локаль элемента простого справочника «Причины отказа» -->
    <entity name="REF_REFITEMLNG" id="4004451" getMethod="admReferenceItemLngByID" createMethod="admReferenceItemAddLng" createKeyParam="SHORTVALUE" getKeyParam="SHORTVALUE" updateMethod="admReferenceItemUpdateLng"  service="adminws" silent="true">
        <attribute name="CharLocale" valueType="java.lang.String" create="true" search="true">ru        </attribute>
        <attribute name="LOCALE" valueType="java.lang.String" create="true" search="true">ru</attribute>
        <attribute name="REFITEMID" valueType="java.lang.Long" search="true" create="true" entityID="3004451"/>
        <attribute name="SHORTVALUE" valueType="java.lang.String" create="true" postSearch="true">Недостаточный доход</attribute>
        <attribute name="FULLVALUE" valueType="java.lang.String" create="true">Недостаточный доход</attribute>
        <attribute name="RICOMMENT" valueType="java.lang.String" create="true"/>
    </entity>
    <!--Элемент простого справочника «Причины отказа» -->
    <entity name="REF_REFITEM" id="3004452" createMethod="admReferenceItemAdd" getMethod="admReferenceItems" createKeyParam="REFITEMID" getKeyParam="REFITEMID" service="adminws">
        <attribute name="REFERENCEID" valueType="java.lang.Long" create="true" search="true" entityID="2003021"/>
        <attribute name="CODE" valueType="java.lang.String" postSearch="true" create="true">UND_02</attribute>
        <attribute name="LOCALE" valueType="java.lang.String" create="true" search="true">ru</attribute>
        <attribute name="SHORTVALUE" valueType="java.lang.String">Проблемы с занятостью</attribute>
        <attribute name="FULLVALUE" valueType="java.lang.String">Проблемы с занятостью</attribute>
        <attribute name="RICOMMENT" valueType="java.lang.String"/>
    </entity>

    <!--Локаль элемента простого справочника «Причины отказа» -->
    <entity name="REF_REFITEMLNG" id="4004452" getMethod="admReferenceItemLngByID" createMethod="admReferenceItemAddLng" createKeyParam="SHORTVALUE" getKeyParam="SHORTVALUE" updateMethod="admReferenceItemUpdateLng"  service="adminws" silent="true">
        <attribute name="CharLocale" valueType="java.lang.String" create="true" search="true">ru        </attribute>
        <attribute name="LOCALE" valueType="java.lang.String" create="true" search="true">ru</attribute>
        <attribute name="REFITEMID" valueType="java.lang.Long" search="true" create="true" entityID="3004452"/>
        <attribute name="SHORTVALUE" valueType="java.lang.String" create="true" postSearch="true">Проблемы с занятостью</attribute>
        <attribute name="FULLVALUE" valueType="java.lang.String" create="true">Проблемы с занятостью</attribute>
        <attribute name="RICOMMENT" valueType="java.lang.String" create="true"/>
    </entity>
    <!--Элемент простого справочника «Причины отказа» -->
    <entity name="REF_REFITEM" id="3004453" createMethod="admReferenceItemAdd" getMethod="admReferenceItems" createKeyParam="REFITEMID" getKeyParam="REFITEMID" service="adminws">
        <attribute name="REFERENCEID" valueType="java.lang.Long" create="true" search="true" entityID="2003021"/>
        <attribute name="CODE" valueType="java.lang.String" postSearch="true" create="true">UND_03</attribute>
        <attribute name="LOCALE" valueType="java.lang.String" create="true" search="true">ru</attribute>
        <attribute name="SHORTVALUE" valueType="java.lang.String">Проблемы с работодатлем</attribute>
        <attribute name="FULLVALUE" valueType="java.lang.String">Проблемы с работодатлем</attribute>
        <attribute name="RICOMMENT" valueType="java.lang.String"/>
    </entity>

    <!--Локаль элемента простого справочника «Причины отказа» -->
    <entity name="REF_REFITEMLNG" id="4004453" getMethod="admReferenceItemLngByID" createMethod="admReferenceItemAddLng" createKeyParam="SHORTVALUE" getKeyParam="SHORTVALUE" updateMethod="admReferenceItemUpdateLng"  service="adminws" silent="true">
        <attribute name="CharLocale" valueType="java.lang.String" create="true" search="true">ru        </attribute>
        <attribute name="LOCALE" valueType="java.lang.String" create="true" search="true">ru</attribute>
        <attribute name="REFITEMID" valueType="java.lang.Long" search="true" create="true" entityID="3004453"/>
        <attribute name="SHORTVALUE" valueType="java.lang.String" create="true" postSearch="true">Проблемы с работодатлем</attribute>
        <attribute name="FULLVALUE" valueType="java.lang.String" create="true">Проблемы с работодатлем</attribute>
        <attribute name="RICOMMENT" valueType="java.lang.String" create="true"/>
    </entity>
    <!--Элемент простого справочника «Причины отказа» -->
    <entity name="REF_REFITEM" id="3004454" createMethod="admReferenceItemAdd" getMethod="admReferenceItems" createKeyParam="REFITEMID" getKeyParam="REFITEMID" service="adminws">
        <attribute name="REFERENCEID" valueType="java.lang.Long" create="true" search="true" entityID="2003021"/>
        <attribute name="CODE" valueType="java.lang.String" postSearch="true" create="true">UND_04</attribute>
        <attribute name="LOCALE" valueType="java.lang.String" create="true" search="true">ru</attribute>
        <attribute name="SHORTVALUE" valueType="java.lang.String">Кредитная история</attribute>
        <attribute name="FULLVALUE" valueType="java.lang.String">Кредитная история</attribute>
        <attribute name="RICOMMENT" valueType="java.lang.String"/>
    </entity>

    <!--Локаль элемента простого справочника «Причины отказа» -->
    <entity name="REF_REFITEMLNG" id="4004454" getMethod="admReferenceItemLngByID" createMethod="admReferenceItemAddLng" createKeyParam="SHORTVALUE" getKeyParam="SHORTVALUE" updateMethod="admReferenceItemUpdateLng"  service="adminws" silent="true">
        <attribute name="CharLocale" valueType="java.lang.String" create="true" search="true">ru        </attribute>
        <attribute name="LOCALE" valueType="java.lang.String" create="true" search="true">ru</attribute>
        <attribute name="REFITEMID" valueType="java.lang.Long" search="true" create="true" entityID="3004454"/>
        <attribute name="SHORTVALUE" valueType="java.lang.String" create="true" postSearch="true">Кредитная история</attribute>
        <attribute name="FULLVALUE" valueType="java.lang.String" create="true">Кредитная история</attribute>
        <attribute name="RICOMMENT" valueType="java.lang.String" create="true"/>
    </entity>
    <!--Элемент простого справочника «Причины отказа» -->
    <entity name="REF_REFITEM" id="3004455" createMethod="admReferenceItemAdd" getMethod="admReferenceItems" createKeyParam="REFITEMID" getKeyParam="REFITEMID" service="adminws">
        <attribute name="REFERENCEID" valueType="java.lang.Long" create="true" search="true" entityID="2003021"/>
        <attribute name="CODE" valueType="java.lang.String" postSearch="true" create="true">UND_05</attribute>
        <attribute name="LOCALE" valueType="java.lang.String" create="true" search="true">ru</attribute>
        <attribute name="SHORTVALUE" valueType="java.lang.String">Заведомо недостоверные сведения анкеты</attribute>
        <attribute name="FULLVALUE" valueType="java.lang.String">Заведомо недостоверные сведения анкеты</attribute>
        <attribute name="RICOMMENT" valueType="java.lang.String"/>
    </entity>

    <!--Локаль элемента простого справочника «Причины отказа» -->
    <entity name="REF_REFITEMLNG" id="4004455" getMethod="admReferenceItemLngByID" createMethod="admReferenceItemAddLng" createKeyParam="SHORTVALUE" getKeyParam="SHORTVALUE" updateMethod="admReferenceItemUpdateLng"  service="adminws" silent="true">
        <attribute name="CharLocale" valueType="java.lang.String" create="true" search="true">ru        </attribute>
        <attribute name="LOCALE" valueType="java.lang.String" create="true" search="true">ru</attribute>
        <attribute name="REFITEMID" valueType="java.lang.Long" search="true" create="true" entityID="3004455"/>
        <attribute name="SHORTVALUE" valueType="java.lang.String" create="true" postSearch="true">Заведомо недостоверные сведения анкеты</attribute>
        <attribute name="FULLVALUE" valueType="java.lang.String" create="true">Заведомо недостоверные сведения анкеты</attribute>
        <attribute name="RICOMMENT" valueType="java.lang.String" create="true"/>
    </entity>
    <!--Элемент простого справочника «Причины отказа» -->
    <entity name="REF_REFITEM" id="3004456" createMethod="admReferenceItemAdd" getMethod="admReferenceItems" createKeyParam="REFITEMID" getKeyParam="REFITEMID" service="adminws">
        <attribute name="REFERENCEID" valueType="java.lang.Long" create="true" search="true" entityID="2003021"/>
        <attribute name="CODE" valueType="java.lang.String" postSearch="true" create="true">UND_06</attribute>
        <attribute name="LOCALE" valueType="java.lang.String" create="true" search="true">ru</attribute>
        <attribute name="SHORTVALUE" valueType="java.lang.String">Несоответствие данных анкеты требованиям банка</attribute>
        <attribute name="FULLVALUE" valueType="java.lang.String">Несоответствие данных анкеты требованиям банка</attribute>
        <attribute name="RICOMMENT" valueType="java.lang.String"/>
    </entity>

    <!--Локаль элемента простого справочника «Причины отказа» -->
    <entity name="REF_REFITEMLNG" id="4004456" getMethod="admReferenceItemLngByID" createMethod="admReferenceItemAddLng" createKeyParam="SHORTVALUE" getKeyParam="SHORTVALUE" updateMethod="admReferenceItemUpdateLng"  service="adminws" silent="true">
        <attribute name="CharLocale" valueType="java.lang.String" create="true" search="true">ru        </attribute>
        <attribute name="LOCALE" valueType="java.lang.String" create="true" search="true">ru</attribute>
        <attribute name="REFITEMID" valueType="java.lang.Long" search="true" create="true" entityID="3004456"/>
        <attribute name="SHORTVALUE" valueType="java.lang.String" create="true" postSearch="true">Несоответствие данных анкеты требованиям банка</attribute>
        <attribute name="FULLVALUE" valueType="java.lang.String" create="true">Несоответствие данных анкеты требованиям банка</attribute>
        <attribute name="RICOMMENT" valueType="java.lang.String" create="true"/>
    </entity>
    <!--Элемент простого справочника «Причины отказа» -->
    <entity name="REF_REFITEM" id="3004457" createMethod="admReferenceItemAdd" getMethod="admReferenceItems" createKeyParam="REFITEMID" getKeyParam="REFITEMID" service="adminws">
        <attribute name="REFERENCEID" valueType="java.lang.Long" create="true" search="true" entityID="2003021"/>
        <attribute name="CODE" valueType="java.lang.String" postSearch="true" create="true">UND_07</attribute>
        <attribute name="LOCALE" valueType="java.lang.String" create="true" search="true">ru</attribute>
        <attribute name="SHORTVALUE" valueType="java.lang.String">Другое</attribute>
        <attribute name="FULLVALUE" valueType="java.lang.String">Другое</attribute>
        <attribute name="RICOMMENT" valueType="java.lang.String"/>
    </entity>

    <!--Локаль элемента простого справочника «Причины отказа» -->
    <entity name="REF_REFITEMLNG" id="4004457" getMethod="admReferenceItemLngByID" createMethod="admReferenceItemAddLng" createKeyParam="SHORTVALUE" getKeyParam="SHORTVALUE" updateMethod="admReferenceItemUpdateLng"  service="adminws" silent="true">
        <attribute name="CharLocale" valueType="java.lang.String" create="true" search="true">ru        </attribute>
        <attribute name="LOCALE" valueType="java.lang.String" create="true" search="true">ru</attribute>
        <attribute name="REFITEMID" valueType="java.lang.Long" search="true" create="true" entityID="3004457"/>
        <attribute name="SHORTVALUE" valueType="java.lang.String" create="true" postSearch="true">Другое</attribute>
        <attribute name="FULLVALUE" valueType="java.lang.String" create="true">Другое</attribute>
        <attribute name="RICOMMENT" valueType="java.lang.String" create="true"/>
    </entity>

</root>